file_name,lat,lon,start,end,season,chunk_size,crps
eta_lat_m61p508057_lon_p84p989594.npy,-61.508057,84.989594,170,180,winter,10,0.10466737393289804
eta_lat_m40p414062_lon_m35p010422.npy,-40.414062,-35.010422,120,130,winter,10,0.10265855025500059
eta_lat_m51p994694_lon_m17p010422.npy,-51.994694,-17.010422,140,150,winter,10,0.11250839754939079
eta_lat_m55p389462_lon_p126p989594.npy,-55.389462,126.989594,180,190,winter,10,0.2626904007047415
eta_lat_m40p414062_lon_m125p010414.npy,-40.414062,-125.010414,160,170,winter,10,0.12242521019652486
eta_lat_m5p545479_lon_m95p010414.npy,-5.545479,-95.010414,120,130,winter,10,0.25163062289357185
eta_lat_m21p610189_lon_p78p989594.npy,-21.610189,78.989594,170,180,winter,10,0.14712453074753284
eta_lat_m58p574665_lon_m11p010422.npy,-58.574665,-11.010422,130,140,winter,10,0.21266206540167332
eta_lat_m68p928383_lon_m161p010422.npy,-68.928383,-161.010422,120,130,winter,10,1.4000089392066002
eta_lat_m55p389462_lon_p84p989594.npy,-55.389462,84.989594,110,120,winter,10,0.5704465545713902
eta_lat_m55p400803_lon_p36p989578.npy,-55.400803,36.989578,180,190,winter,10,0.10204702243208885
eta_lat_m21p610189_lon_p90p989594.npy,-21.610189,90.989594,150,160,winter,10,0.09978006593883038
eta_lat_p55p389462_lon_m143p010422.npy,55.389462,-143.010422,140,150,winter,10,0.15718398708850145
eta_lat_m44p523903_lon_m41p010422.npy,-44.523903,-41.010422,190,200,winter,10,0.0964056383818388
eta_lat_m55p389462_lon_m113p010414.npy,-55.389462,-113.010414,120,130,winter,10,0.26770391408354044
eta_lat_m68p928383_lon_m149p010422.npy,-68.928383,-149.010422,110,120,winter,10,0.386551134288311
eta_lat_p40p414062_lon_m143p010422.npy,40.414062,-143.010422,110,120,winter,10,0.08055013790726662
eta_lat_p21p610189_lon_m131p010422.npy,21.610189,-131.010422,150,160,winter,10,0.15316642075777054
eta_lat_p21p610189_lon_m35p010422.npy,21.610189,-35.010422,140,150,winter,10,0.10400192718952894
eta_lat_p31p463802_lon_m41p010422.npy,31.463802,-41.010422,180,190,winter,10,0.1536965686827898
eta_lat_m44p523903_lon_m53p010422.npy,-44.523903,-53.010422,150,160,winter,10,0.2798039820045233
eta_lat_m52p006847_lon_p114p989594.npy,-52.006847,114.989594,110,120,winter,10,0.0987574802711606
eta_lat_m36p058659_lon_m35p010422.npy,-36.058659,-35.010422,190,200,winter,10,0.07138379849493504
eta_lat_m21p610189_lon_m5p010422.npy,-21.610189,-5.010422,110,120,winter,10,0.09362170612439513
eta_lat_m66p662788_lon_m155p010422.npy,-66.662788,-155.010422,150,160,winter,10,0.5665624551475048
eta_lat_m55p389462_lon_m47p010422.npy,-55.389462,-47.010422,160,170,winter,10,0.1408790834248066
eta_lat_p36p058659_lon_p168p989563.npy,36.058659,168.989563,130,140,winter,10,0.19539370946586132
eta_lat_m58p574665_lon_m77p010414.npy,-58.574665,-77.010414,190,200,winter,10,0.16727509908378124
eta_lat_m58p574665_lon_m161p010422.npy,-58.574665,-161.010422,130,140,winter,10,0.14414050243794918
eta_lat_m44p523903_lon_p96p989594.npy,-44.523903,96.989594,120,130,winter,10,0.11317359283566475
eta_lat_m58p574665_lon_p36p989578.npy,-58.574665,36.989578,140,150,winter,10,0.07385847717523575
eta_lat_p0p009682_lon_m113p010414.npy,0.009682,-113.010414,180,190,winter,10,0.24646290577948093
eta_lat_m66p662788_lon_m137p010422.npy,-66.662788,-137.010422,150,160,winter,10,0.07895309617742896
eta_lat_m51p994694_lon_p84p989594.npy,-51.994694,84.989594,160,170,winter,10,0.29028342105448246
eta_lat_m52p006847_lon_p138p989563.npy,-52.006847,138.989563,180,190,winter,10,0.194886090233922
eta_lat_m48p374134_lon_m107p010414.npy,-48.374134,-107.010414,170,180,winter,10,0.06487888423725963
eta_lat_m66p662788_lon_p36p989578.npy,-66.662788,36.989578,190,200,winter,10,0.07879749312996864
eta_lat_m55p400803_lon_m161p010422.npy,-55.400803,-161.010422,130,140,winter,10,0.14824059884995222
eta_lat_m68p928383_lon_m137p010422.npy,-68.928383,-137.010422,110,120,winter,10,0.27190134301781654
eta_lat_m16p395037_lon_m107p010414.npy,-16.395037,-107.010414,110,120,winter,10,0.08685469068586826
eta_lat_m21p610189_lon_p90p989594.npy,-21.610189,90.989594,170,180,winter,10,0.1294427178800106
eta_lat_m44p523903_lon_p18p989578.npy,-44.523903,18.989578,150,160,winter,10,0.10308608412742615
eta_lat_p21p610189_lon_m65p010414.npy,21.610189,-65.010414,150,160,winter,10,0.15650998894125223
eta_lat_m61p508057_lon_p138p989563.npy,-61.508057,138.989563,120,130,winter,10,0.20557016599923372
eta_lat_m73p888268_lon_m29p051193.npy,-73.888268,-29.051193,160,170,winter,10,1.4197641983628273
eta_lat_m48p374134_lon_m155p010422.npy,-48.374134,-155.010422,180,190,winter,10,0.08264962211251259
eta_lat_m66p662788_lon_m107p010414.npy,-66.662788,-107.010414,150,160,winter,10,0.1200852170586586
eta_lat_p36p058659_lon_p150p989563.npy,36.058659,150.989563,150,160,winter,10,0.388401011005044
eta_lat_m58p574665_lon_p102p989594.npy,-58.574665,102.989594,120,130,winter,10,0.12958950456231833
eta_lat_p11p027672_lon_m161p010422.npy,11.027672,-161.010422,150,160,winter,10,0.18717151507735252
eta_lat_m52p006847_lon_p144p989563.npy,-52.006847,144.989563,170,180,winter,10,0.30305374041199684
eta_lat_m16p395037_lon_m29p010422.npy,-16.395037,-29.010422,150,160,winter,10,0.18399322871118784
eta_lat_m48p374134_lon_m119p010414.npy,-48.374134,-119.010414,110,120,winter,10,0.14360455702990294
eta_lat_m55p389462_lon_p72p989594.npy,-55.389462,72.989594,110,120,winter,10,0.11038913624361157
eta_lat_m48p374134_lon_m101p010414.npy,-48.374134,-101.010414,180,190,winter,10,0.07689180737361312
eta_lat_m64p202515_lon_m41p010422.npy,-64.202515,-41.010422,110,120,winter,10,1.2430149465799332
eta_lat_m11p027672_lon_m89p010414.npy,-11.027672,-89.010414,180,190,winter,10,0.2731138449162245
eta_lat_m71p260567_lon_p175p038208.npy,-71.260567,175.038208,170,180,winter,10,0.39964896254241467
eta_lat_m48p374134_lon_m143p010422.npy,-48.374134,-143.010422,150,160,winter,10,0.05866446299478412
eta_lat_m66p662788_lon_p30p989578.npy,-66.662788,30.989578,170,180,winter,10,0.16866247449070215
eta_lat_m0p009682_lon_m29p010422.npy,-0.009682,-29.010422,110,120,winter,10,0.12088699918240309
eta_lat_p36p058659_lon_m173p010422.npy,36.058659,-173.010422,120,130,winter,10,0.17505738511681557
eta_lat_p26p641497_lon_p156p989563.npy,26.641497,156.989563,120,130,winter,10,0.11613822914659977
eta_lat_p31p463802_lon_m35p010422.npy,31.463802,-35.010422,190,200,winter,10,0.08348337467759848
eta_lat_p36p058659_lon_p174p989563.npy,36.058659,174.989563,150,160,winter,10,0.13882431015372276
eta_lat_m48p374134_lon_m143p010422.npy,-48.374134,-143.010422,170,180,winter,10,0.0882588503882289
eta_lat_m51p994694_lon_p108p989594.npy,-51.994694,108.989594,120,130,winter,10,0.3148552570492029
eta_lat_m26p641497_lon_p90p989594.npy,-26.641497,90.989594,110,120,winter,10,0.08487484231591225
eta_lat_m16p395037_lon_p84p989594.npy,-16.395037,84.989594,160,170,winter,10,0.09624260570853949
eta_lat_m64p202515_lon_p0p989578.npy,-64.202515,0.989578,160,170,winter,10,0.07959638675674796
eta_lat_m58p574665_lon_m131p010422.npy,-58.574665,-131.010422,150,160,winter,10,0.16725517064332962
eta_lat_m73p291496_lon_m160p547073.npy,-73.291496,-160.547073,110,120,winter,10,0.8769309297204018
eta_lat_m26p641497_lon_m161p010422.npy,-26.641497,-161.010422,140,150,winter,10,0.1330535989254713
eta_lat_m58p574665_lon_p42p989578.npy,-58.574665,42.989578,170,180,winter,10,0.061520043294876814
eta_lat_m58p574665_lon_m137p010422.npy,-58.574665,-137.010422,110,120,winter,10,0.18178162537515163
eta_lat_m58p574665_lon_m137p010422.npy,-58.574665,-137.010422,160,170,winter,10,0.1700347736477852
eta_lat_p48p374134_lon_m161p010422.npy,48.374134,-161.010422,140,150,winter,10,0.17163063772022724
eta_lat_p16p395037_lon_m35p010422.npy,16.395037,-35.010422,130,140,winter,10,0.12316735740751028
eta_lat_m44p523903_lon_p84p989594.npy,-44.523903,84.989594,180,190,winter,10,0.3467298224568367
eta_lat_m61p508057_lon_m89p010414.npy,-61.508057,-89.010414,130,140,winter,10,0.12544791586697102
eta_lat_m64p202515_lon_p78p989594.npy,-64.202515,78.989594,170,180,winter,10,0.06208514282479882
eta_lat_m21p610189_lon_m95p010414.npy,-21.610189,-95.010414,160,170,winter,10,0.06881986139342189
eta_lat_m61p508057_lon_p42p989578.npy,-61.508057,42.989578,130,140,winter,10,0.09087327821180224
eta_lat_m31p463802_lon_m119p010414.npy,-31.463802,-119.010414,190,200,winter,10,0.08116906974464655
eta_lat_m64p202515_lon_m101p010414.npy,-64.202515,-101.010414,140,150,winter,10,0.0928191221319139
eta_lat_m52p006847_lon_p30p989578.npy,-52.006847,30.989578,170,180,winter,10,0.17109591234475374
eta_lat_m61p508057_lon_m29p010422.npy,-61.508057,-29.010422,180,190,winter,10,0.07220497634261847
eta_lat_m55p400803_lon_p168p989563.npy,-55.400803,168.989563,170,180,winter,10,0.558903157711029
eta_lat_m68p928383_lon_m107p010414.npy,-68.928383,-107.010414,110,120,winter,10,0.20280076656490564
eta_lat_m72p569344_lon_m130p758957.npy,-72.569344,-130.758957,110,120,winter,10,2.430264785885811
eta_lat_m48p374134_lon_m17p010422.npy,-48.374134,-17.010422,180,190,winter,10,0.1363865314051509
eta_lat_m68p928383_lon_m173p010422.npy,-68.928383,-173.010422,180,190,winter,10,0.815280094742775
eta_lat_p36p058659_lon_p168p989563.npy,36.058659,168.989563,180,190,winter,10,0.23811408691108227
eta_lat_m51p994694_lon_m149p010422.npy,-51.994694,-149.010422,110,120,winter,10,0.14523277804255486
eta_lat_m52p006847_lon_p90p989594.npy,-52.006847,90.989594,130,140,winter,10,0.19121963996440172
eta_lat_m52p006847_lon_m167p010422.npy,-52.006847,-167.010422,170,180,winter,10,0.1783719463273883
eta_lat_m55p400803_lon_p114p989594.npy,-55.400803,114.989594,190,200,winter,10,0.1205212902277708
eta_lat_m11p027672_lon_p0p989578.npy,-11.027672,0.989578,120,130,winter,10,0.11396028473973274
eta_lat_m48p374134_lon_p126p989594.npy,-48.374134,126.989594,120,130,winter,10,0.27540784049779177
eta_lat_m26p641497_lon_m167p010422.npy,-26.641497,-167.010422,160,170,winter,10,0.09267042018473148
eta_lat_m58p574665_lon_p108p989594.npy,-58.574665,108.989594,150,160,winter,10,0.16381417121738195
eta_lat_m11p027672_lon_p72p989594.npy,-11.027672,72.989594,180,190,winter,10,0.12000578455626965
eta_lat_m55p389462_lon_p162p989563.npy,-55.389462,162.989563,150,160,winter,10,0.5075067672878504
eta_lat_m40p414062_lon_m131p010422.npy,-40.414062,-131.010422,140,150,winter,10,0.06272410415112972
eta_lat_m58p574665_lon_m95p010414.npy,-58.574665,-95.010414,140,150,winter,10,0.09619915671646595
eta_lat_m31p463802_lon_m167p010422.npy,-31.463802,-167.010422,160,170,winter,10,0.09581652283668518
eta_lat_p21p610189_lon_m35p010422.npy,21.610189,-35.010422,160,170,winter,10,0.09393964381888509
eta_lat_p51p994694_lon_m41p010422.npy,51.994694,-41.010422,160,170,winter,10,0.14756131544709206
eta_lat_p36p058659_lon_m155p010422.npy,36.058659,-155.010422,160,170,winter,10,0.07646606210619211
eta_lat_m66p662788_lon_p12p989578.npy,-66.662788,12.989578,180,190,winter,10,0.5876959562301636
eta_lat_m36p058659_lon_m119p010414.npy,-36.058659,-119.010414,120,130,winter,10,0.06433838047087193
eta_lat_m55p400803_lon_m101p010414.npy,-55.400803,-101.010414,180,190,winter,10,0.14447322767227888
eta_lat_m64p202515_lon_m5p010422.npy,-64.202515,-5.010422,150,160,winter,10,0.42020798474550247
eta_lat_m55p389462_lon_m125p010414.npy,-55.389462,-125.010414,150,160,winter,10,0.33878355100750923
eta_lat_m55p389462_lon_m53p010422.npy,-55.389462,-53.010422,180,190,winter,10,0.8355508409440517
eta_lat_p0p009682_lon_m167p010422.npy,0.009682,-167.010422,170,180,winter,10,0.15519151836633682
eta_lat_m48p374134_lon_m131p010422.npy,-48.374134,-131.010422,190,200,winter,10,0.0796722206287086
eta_lat_m68p928383_lon_m41p010422.npy,-68.928383,-41.010422,160,170,winter,10,0.6341009475290775
eta_lat_p0p009682_lon_p162p989563.npy,0.009682,162.989563,170,180,winter,10,0.13626059517264366
eta_lat_m44p523903_lon_m113p010414.npy,-44.523903,-113.010414,180,190,winter,10,0.12331955041736364
eta_lat_m58p574665_lon_p24p989578.npy,-58.574665,24.989578,170,180,winter,10,0.08118057064712048
eta_lat_m58p574665_lon_p108p989594.npy,-58.574665,108.989594,160,170,winter,10,0.12382429093122482
eta_lat_m51p994694_lon_m29p010422.npy,-51.994694,-29.010422,160,170,winter,10,0.21327505074441433
eta_lat_m58p574665_lon_m149p010422.npy,-58.574665,-149.010422,130,140,winter,10,0.15446764510124922
eta_lat_m51p994694_lon_m119p010414.npy,-51.994694,-119.010414,180,190,winter,10,0.22470313496887684
eta_lat_m52p006847_lon_m113p010414.npy,-52.006847,-113.010414,130,140,winter,10,0.1488596498966217
eta_lat_p21p610189_lon_m149p010422.npy,21.610189,-149.010422,130,140,winter,10,0.09588272590190172
eta_lat_m64p202515_lon_m5p010422.npy,-64.202515,-5.010422,160,170,winter,10,0.25726659782230854
eta_lat_m64p202515_lon_m17p010422.npy,-64.202515,-17.010422,120,130,winter,10,1.0827130004763603
eta_lat_m48p374134_lon_p120p989594.npy,-48.374134,120.989594,150,160,winter,10,0.6508109252899885
eta_lat_m31p463802_lon_m161p010422.npy,-31.463802,-161.010422,170,180,winter,10,0.08430274343118072
eta_lat_m36p058659_lon_m17p010422.npy,-36.058659,-17.010422,130,140,winter,10,0.10210111644119024
eta_lat_m66p662788_lon_m35p010422.npy,-66.662788,-35.010422,120,130,winter,10,0.6361407935619354
eta_lat_m40p414062_lon_m41p010422.npy,-40.414062,-41.010422,140,150,winter,10,0.14984226506203413
eta_lat_m58p574665_lon_m149p010422.npy,-58.574665,-149.010422,160,170,winter,10,0.16475436557084322
eta_lat_m31p463802_lon_p84p989594.npy,-31.463802,84.989594,190,200,winter,10,0.09581683995202184
eta_lat_m64p202515_lon_p42p989578.npy,-64.202515,42.989578,110,120,winter,10,0.24817122519016266
eta_lat_m44p523903_lon_p12p989578.npy,-44.523903,12.989578,170,180,winter,10,0.08537985477596521
eta_lat_m61p508057_lon_p156p989563.npy,-61.508057,156.989563,120,130,winter,10,0.10051132319495082
eta_lat_m64p202515_lon_p72p989594.npy,-64.202515,72.989594,170,180,winter,10,0.07123818155378103
eta_lat_m26p641497_lon_p0p989578.npy,-26.641497,0.989578,130,140,winter,10,0.12443592771887779
eta_lat_m64p202515_lon_p54p989578.npy,-64.202515,54.989578,110,120,winter,10,0.5519239977002144
eta_lat_m55p400803_lon_m167p010422.npy,-55.400803,-167.010422,180,190,winter,10,0.09451704798266292
eta_lat_m58p574665_lon_m155p010422.npy,-58.574665,-155.010422,130,140,winter,10,0.08538070600479841
eta_lat_p40p414062_lon_m35p010422.npy,40.414062,-35.010422,130,140,winter,10,0.11936900392174721
eta_lat_m61p508057_lon_m137p010422.npy,-61.508057,-137.010422,120,130,winter,10,0.09656949993222952
eta_lat_p0p009682_lon_m101p010414.npy,0.009682,-101.010414,170,180,winter,10,0.15794607251882553
eta_lat_m55p389462_lon_p144p989563.npy,-55.389462,144.989563,120,130,winter,10,0.12185885012149811
eta_lat_p61p082935_lon_m35p089630.npy,61.082935,-35.08963,140,150,winter,10,0.16517456900328398
eta_lat_m64p202515_lon_m155p010422.npy,-64.202515,-155.010422,130,140,winter,10,0.6915986128151417
eta_lat_m52p006847_lon_p84p989594.npy,-52.006847,84.989594,130,140,winter,10,0.43286244198679924
eta_lat_m26p641497_lon_m167p010422.npy,-26.641497,-167.010422,170,180,winter,10,0.08460152568295598
eta_lat_m66p662788_lon_m125p010414.npy,-66.662788,-125.010414,170,180,winter,10,0.09487748099491
eta_lat_p31p463802_lon_m149p010422.npy,31.463802,-149.010422,160,170,winter,10,0.08478602161630988
eta_lat_p31p463802_lon_m143p010422.npy,31.463802,-143.010422,190,200,winter,10,0.088463319465518
eta_lat_m51p994694_lon_m107p010414.npy,-51.994694,-107.010414,170,180,winter,10,0.07803113898262382
eta_lat_p48p374134_lon_p162p989563.npy,48.374134,162.989563,150,160,winter,10,0.13487995136529207
eta_lat_p40p414062_lon_p150p989563.npy,40.414062,150.989563,150,160,winter,10,0.1399210412055254
eta_lat_p16p395037_lon_p66p989594.npy,16.395037,66.989594,120,130,winter,10,0.15021916944533587
eta_lat_m52p006847_lon_p60p989578.npy,-52.006847,60.989578,150,160,winter,10,0.07820035517215729
eta_lat_p63p507416_lon_m35p256088.npy,63.507416,-35.256088,160,170,winter,10,0.2307321522384882
eta_lat_m64p202515_lon_m71p010414.npy,-64.202515,-71.010414,130,140,winter,10,0.2302821958437562
eta_lat_p48p374134_lon_m161p010422.npy,48.374134,-161.010422,190,200,winter,10,0.11561351083219051
eta_lat_m51p994694_lon_p30p989578.npy,-51.994694,30.989578,190,200,winter,10,0.16971484571695328
eta_lat_m40p414062_lon_p60p989578.npy,-40.414062,60.989578,190,200,winter,10,0.11001511011272669
eta_lat_m21p610189_lon_m17p010422.npy,-21.610189,-17.010422,120,130,winter,10,0.19426592346280813
eta_lat_m55p389462_lon_m17p010422.npy,-55.389462,-17.010422,140,150,winter,10,0.106232900172472
eta_lat_p21p610189_lon_m53p010422.npy,21.610189,-53.010422,180,190,winter,10,0.19012719299644232
eta_lat_m48p374134_lon_p60p989578.npy,-48.374134,60.989578,160,170,winter,10,0.08392012817785144
eta_lat_m31p463802_lon_m149p010422.npy,-31.463802,-149.010422,180,190,winter,10,0.11366808693856001
eta_lat_m48p374134_lon_m95p010414.npy,-48.374134,-95.010414,160,170,winter,10,0.1838906123302877
eta_lat_m64p202515_lon_p72p989594.npy,-64.202515,72.989594,130,140,winter,10,0.2534131594002247
eta_lat_m64p202515_lon_m11p010422.npy,-64.202515,-11.010422,120,130,winter,10,0.8031890094280243
eta_lat_m51p994694_lon_p36p989578.npy,-51.994694,36.989578,170,180,winter,10,0.12174258194863796
eta_lat_m26p641497_lon_p102p989594.npy,-26.641497,102.989594,170,180,winter,10,0.1910246293991804
eta_lat_m21p610189_lon_m17p010422.npy,-21.610189,-17.010422,110,120,winter,10,0.08268608059734106
eta_lat_m0p009682_lon_p84p989594.npy,-0.009682,84.989594,190,200,winter,10,0.17848273180425167
eta_lat_m51p994694_lon_m125p010414.npy,-51.994694,-125.010414,110,120,winter,10,0.12396108917891979
eta_lat_m58p574665_lon_p120p989594.npy,-58.574665,120.989594,120,130,winter,10,0.4710810761898756
eta_lat_m64p202515_lon_p36p989578.npy,-64.202515,36.989578,160,170,winter,10,0.07914212578907609
eta_lat_m5p545479_lon_m23p010422.npy,-5.545479,-23.010422,140,150,winter,10,0.10534133575856686
eta_lat_m58p574665_lon_p150p989563.npy,-58.574665,150.989563,190,200,winter,10,0.13204013835638762
eta_lat_m48p374134_lon_p132p989563.npy,-48.374134,132.989563,170,180,winter,10,0.23238368704915047
eta_lat_p40p414062_lon_p168p989563.npy,40.414062,168.989563,130,140,winter,10,0.1600008998066187
eta_lat_p31p463802_lon_p144p989563.npy,31.463802,144.989563,110,120,winter,10,0.11742789763957262
eta_lat_m36p058659_lon_p36p989578.npy,-36.058659,36.989578,170,180,winter,10,0.10083468724042177
eta_lat_m71p260567_lon_p175p038208.npy,-71.260567,175.038208,190,200,winter,10,0.32228779420256615
eta_lat_m36p058659_lon_p60p989578.npy,-36.058659,60.989578,160,170,winter,10,0.06542772334069014
eta_lat_m48p374134_lon_m143p010422.npy,-48.374134,-143.010422,160,170,winter,10,0.05348763009533286
eta_lat_m36p058659_lon_p60p989578.npy,-36.058659,60.989578,190,200,winter,10,0.10124570364132524
eta_lat_m51p994694_lon_p132p989563.npy,-51.994694,132.989563,140,150,winter,10,0.25244215317070484
eta_lat_m21p610189_lon_m89p010414.npy,-21.610189,-89.010414,130,140,winter,10,0.0691264308989048
eta_lat_m66p662788_lon_m5p010422.npy,-66.662788,-5.010422,130,140,winter,10,0.7019316032528877
eta_lat_m40p414062_lon_m131p010422.npy,-40.414062,-131.010422,110,120,winter,10,0.10460285469889641
eta_lat_m58p574665_lon_p138p989563.npy,-58.574665,138.989563,180,190,winter,10,0.1565100559964776
eta_lat_m40p414062_lon_m23p010422.npy,-40.414062,-23.010422,150,160,winter,10,0.13003597222268581
eta_lat_m0p009682_lon_m35p010422.npy,-0.009682,-35.010422,150,160,winter,10,0.12384104635566473
eta_lat_m40p414062_lon_m173p010422.npy,-40.414062,-173.010422,160,170,winter,10,0.12265896424651146
eta_lat_m31p463802_lon_p60p989578.npy,-31.463802,60.989578,110,120,winter,10,0.08063714299350977
eta_lat_m58p574665_lon_p168p989563.npy,-58.574665,168.989563,170,180,winter,10,0.14991109631955624
eta_lat_m58p574665_lon_p78p989594.npy,-58.574665,78.989594,170,180,winter,10,0.11668546870350838
eta_lat_p21p610189_lon_m125p010414.npy,21.610189,-125.010414,170,180,winter,10,0.13199392799288034
eta_lat_m58p574665_lon_p90p989594.npy,-58.574665,90.989594,130,140,winter,10,0.1488300170749426
eta_lat_m72p830154_lon_m142p626068.npy,-72.830154,-142.626068,110,120,winter,10,1.6815847605466843
eta_lat_p31p463802_lon_p174p989563.npy,31.463802,174.989563,150,160,winter,10,0.09261118900030851
eta_lat_p40p414062_lon_p156p989563.npy,40.414062,156.989563,160,170,winter,10,0.16240228805691004
eta_lat_m75p785980_lon_m171p738495.npy,-75.78598,-171.738495,190,200,winter,10,1.5245374292135239
eta_lat_m58p574665_lon_p0p989578.npy,-58.574665,0.989578,180,190,winter,10,0.09580997657030821
eta_lat_m64p202515_lon_p150p989563.npy,-64.202515,150.989563,140,150,winter,10,0.1781777273863554
eta_lat_m36p058659_lon_m17p010422.npy,-36.058659,-17.010422,190,200,winter,10,0.10831351205706596
eta_lat_m66p662788_lon_m167p010422.npy,-66.662788,-167.010422,130,140,winter,10,0.8244480527937412
eta_lat_p48p374134_lon_m143p010422.npy,48.374134,-143.010422,190,200,winter,10,0.09922705218195915
eta_lat_m55p400803_lon_p60p989578.npy,-55.400803,60.989578,170,180,winter,10,0.08544195396825671
eta_lat_m51p994694_lon_p24p989578.npy,-51.994694,24.989578,190,200,winter,10,0.5900970175862312
eta_lat_p58p499409_lon_m52p959564.npy,58.499409,-52.959564,140,150,winter,10,0.22930891998112202
eta_lat_m55p389462_lon_m101p010414.npy,-55.389462,-101.010414,130,140,winter,10,0.2164797317236662
eta_lat_p11p027672_lon_m53p010422.npy,11.027672,-53.010422,110,120,winter,10,0.11928647104650736
eta_lat_p11p027672_lon_p66p989594.npy,11.027672,66.989594,120,130,winter,10,0.15749287605285645
eta_lat_p5p545479_lon_m113p010414.npy,5.545479,-113.010414,160,170,winter,10,0.1693102139979601
eta_lat_p40p414062_lon_m53p010422.npy,40.414062,-53.010422,110,120,winter,10,0.11324588302522898
eta_lat_m36p058659_lon_m41p010422.npy,-36.058659,-41.010422,120,130,winter,10,0.09632360097020864
eta_lat_m31p463802_lon_p66p989594.npy,-31.463802,66.989594,120,130,winter,10,0.09650156553834677
eta_lat_m40p414062_lon_p42p989578.npy,-40.414062,42.989578,140,150,winter,10,0.18368246406316757
eta_lat_m66p662788_lon_m149p010422.npy,-66.662788,-149.010422,130,140,winter,10,0.3838699162006378
eta_lat_m21p610189_lon_p84p989594.npy,-21.610189,84.989594,160,170,winter,10,0.09431322710588574
eta_lat_m55p389462_lon_m47p010422.npy,-55.389462,-47.010422,120,130,winter,10,0.21365798078477383
eta_lat_m44p523903_lon_p24p989578.npy,-44.523903,24.989578,120,130,winter,10,0.1285366052761674
eta_lat_m68p928383_lon_m131p010422.npy,-68.928383,-131.010422,160,170,winter,10,0.14165182691067457
eta_lat_m58p574665_lon_m161p010422.npy,-58.574665,-161.010422,110,120,winter,10,0.09765211027115583
eta_lat_m40p414062_lon_p84p989594.npy,-40.414062,84.989594,160,170,winter,10,0.10470774164423347
eta_lat_m55p400803_lon_m173p010422.npy,-55.400803,-173.010422,190,200,winter,10,0.10036140959709883
eta_lat_m40p414062_lon_m89p010414.npy,-40.414062,-89.010414,160,170,winter,10,0.13112139236181974
eta_lat_m61p508057_lon_p138p989563.npy,-61.508057,138.989563,180,190,winter,10,0.6078446693718433
eta_lat_p61p367260_lon_m23p297623.npy,61.36726,-23.297623,110,120,winter,10,0.13598238304257393
eta_lat_m68p928383_lon_m167p010422.npy,-68.928383,-167.010422,140,150,winter,10,1.8653651177883148
eta_lat_m66p662788_lon_m41p010422.npy,-66.662788,-41.010422,190,200,winter,10,0.605682298541069
eta_lat_m76p178772_lon_m41p740692.npy,-76.178772,-41.740692,160,170,winter,10,0.7304195463657379
eta_lat_p16p395037_lon_m59p010422.npy,16.395037,-59.010422,190,200,winter,10,0.11916875187307596
eta_lat_m31p463802_lon_m173p010422.npy,-31.463802,-173.010422,170,180,winter,10,0.0793422656133771
eta_lat_m71p250717_lon_m47p040466.npy,-71.250717,-47.040466,130,140,winter,10,1.3437087163329124
eta_lat_m51p994694_lon_m53p010422.npy,-51.994694,-53.010422,150,160,winter,10,0.2157501010224223
eta_lat_p26p641497_lon_m35p010422.npy,26.641497,-35.010422,180,190,winter,10,0.183262063190341
eta_lat_m64p202515_lon_m71p010414.npy,-64.202515,-71.010414,120,130,winter,10,0.28057927265763283
eta_lat_m70p897415_lon_m136p959152.npy,-70.897415,-136.959152,120,130,winter,10,0.6147855594754219
eta_lat_p0p009682_lon_m113p010414.npy,0.009682,-113.010414,130,140,winter,10,0.19698631390929222
eta_lat_p11p027672_lon_m143p010422.npy,11.027672,-143.010422,120,130,winter,10,0.1621398851275444
eta_lat_m52p006847_lon_p30p989578.npy,-52.006847,30.989578,190,200,winter,10,0.1832622131332755
eta_lat_m11p027672_lon_m95p010414.npy,-11.027672,-95.010414,110,120,winter,10,0.11620436049997807
eta_lat_m64p202515_lon_m77p010414.npy,-64.202515,-77.010414,160,170,winter,10,0.1020567798987031
eta_lat_m66p662788_lon_m5p010422.npy,-66.662788,-5.010422,190,200,winter,10,0.39758647978305817
eta_lat_m16p395037_lon_p72p989594.npy,-16.395037,72.989594,120,130,winter,10,0.1343700522556901
eta_lat_m64p202515_lon_m131p010422.npy,-64.202515,-131.010422,120,130,winter,10,0.09393640048801899
eta_lat_p21p610189_lon_m149p010422.npy,21.610189,-149.010422,110,120,winter,10,0.093610561452806
eta_lat_p16p395037_lon_p174p989563.npy,16.395037,174.989563,150,160,winter,10,0.1442518224939704
eta_lat_m51p994694_lon_m137p010422.npy,-51.994694,-137.010422,130,140,winter,10,0.08706748997792602
eta_lat_m75p355705_lon_m159p614578.npy,-75.355705,-159.614578,190,200,winter,10,1.7583864778280258
eta_lat_p31p463802_lon_p168p989563.npy,31.463802,168.989563,130,140,winter,10,0.10973107861354947
eta_lat_m61p508057_lon_p60p989578.npy,-61.508057,60.989578,190,200,winter,10,0.0803297539241612
eta_lat_m31p463802_lon_m161p010422.npy,-31.463802,-161.010422,140,150,winter,10,0.11722094193100929
eta_lat_m55p400803_lon_m47p010422.npy,-55.400803,-47.010422,130,140,winter,10,0.1682211495935917
eta_lat_m44p523903_lon_p18p989578.npy,-44.523903,18.989578,140,150,winter,10,0.2722189426422119
eta_lat_m48p374134_lon_m95p010414.npy,-48.374134,-95.010414,120,130,winter,10,0.0813973881304264
eta_lat_m40p414062_lon_p6p989578.npy,-40.414062,6.989578,190,200,winter,10,0.06786382850259542
eta_lat_m40p414062_lon_m41p010422.npy,-40.414062,-41.010422,110,120,winter,10,0.15203643962740898
eta_lat_p31p463802_lon_p144p989563.npy,31.463802,144.989563,130,140,winter,10,0.1457947427406907
eta_lat_m73p545830_lon_m172p573288.npy,-73.54583,-172.573288,110,120,winter,10,3.534136563539505
eta_lat_p5p545479_lon_m119p010414.npy,5.545479,-119.010414,160,170,winter,10,0.18010867573320866
eta_lat_m64p202515_lon_p24p989578.npy,-64.202515,24.989578,130,140,winter,10,0.12246066704392433
eta_lat_m36p058659_lon_m131p010422.npy,-36.058659,-131.010422,130,140,winter,10,0.10609245765954256
eta_lat_m44p523903_lon_p78p989594.npy,-44.523903,78.989594,130,140,winter,10,0.30147048830986023
eta_lat_m44p523903_lon_m41p010422.npy,-44.523903,-41.010422,170,180,winter,10,0.08960659801959991
eta_lat_p11p027672_lon_m23p010422.npy,11.027672,-23.010422,180,190,winter,10,0.21392585895955563
eta_lat_m44p523903_lon_p102p989594.npy,-44.523903,102.989594,150,160,winter,10,0.2508557438850403
eta_lat_m31p463802_lon_p72p989594.npy,-31.463802,72.989594,180,190,winter,10,0.09182733250781894
eta_lat_m52p006847_lon_m29p010422.npy,-52.006847,-29.010422,180,190,winter,10,0.2789457608014345
eta_lat_m66p662788_lon_m11p010422.npy,-66.662788,-11.010422,190,200,winter,10,0.42092806100845337
eta_lat_p31p463802_lon_m29p010422.npy,31.463802,-29.010422,120,130,winter,10,0.2222772091627121
eta_lat_m21p610189_lon_p72p989594.npy,-21.610189,72.989594,160,170,winter,10,0.10596083849668503
eta_lat_p26p641497_lon_m125p010414.npy,26.641497,-125.010414,170,180,winter,10,0.12392683420330286
eta_lat_m55p400803_lon_m17p010422.npy,-55.400803,-17.010422,110,120,winter,10,0.13704895600676537
eta_lat_p0p009682_lon_m143p010422.npy,0.009682,-143.010422,130,140,winter,10,0.1778134535998106
eta_lat_m58p574665_lon_p132p989563.npy,-58.574665,132.989563,110,120,winter,10,0.15027870517224073
eta_lat_m51p994694_lon_p0p989578.npy,-51.994694,0.989578,110,120,winter,10,0.06036493740975857
eta_lat_m31p463802_lon_m35p010422.npy,-31.463802,-35.010422,120,130,winter,10,0.2037331387400627
eta_lat_m58p574665_lon_p102p989594.npy,-58.574665,102.989594,140,150,winter,10,0.09665986429899931
eta_lat_m40p414062_lon_m137p010422.npy,-40.414062,-137.010422,150,160,winter,10,0.07665677415207028
eta_lat_p26p641497_lon_m47p010422.npy,26.641497,-47.010422,120,130,winter,10,0.1296397391706705
eta_lat_m21p610189_lon_m17p010422.npy,-21.610189,-17.010422,190,200,winter,10,0.09800306102260947
eta_lat_p26p641497_lon_m143p010422.npy,26.641497,-143.010422,110,120,winter,10,0.08073641639202833
eta_lat_m21p610189_lon_m11p010422.npy,-21.610189,-11.010422,140,150,winter,10,0.12395417038351297
eta_lat_m55p400803_lon_p12p989578.npy,-55.400803,12.989578,110,120,winter,10,0.058332940097898245
eta_lat_m55p400803_lon_m119p010414.npy,-55.400803,-119.010414,120,130,winter,10,0.1668295245617628
eta_lat_m55p400803_lon_p24p989578.npy,-55.400803,24.989578,110,120,winter,10,0.10071378434076905
eta_lat_m61p508057_lon_m101p010414.npy,-61.508057,-101.010414,160,170,winter,10,0.1474166726693511
eta_lat_m44p523903_lon_p72p989594.npy,-44.523903,72.989594,110,120,winter,10,0.1511817779392004
eta_lat_m58p574665_lon_m101p010414.npy,-58.574665,-101.010414,180,190,winter,10,0.14919773489236832
eta_lat_m51p994694_lon_m53p010422.npy,-51.994694,-53.010422,120,130,winter,10,0.2574136555194855
eta_lat_p40p414062_lon_m17p010422.npy,40.414062,-17.010422,120,130,winter,10,0.14480096101760864
eta_lat_p11p027672_lon_m167p010422.npy,11.027672,-167.010422,130,140,winter,10,0.19425290264189243
eta_lat_p5p545479_lon_m125p010414.npy,5.545479,-125.010414,180,190,winter,10,0.13337442371994257
eta_lat_m44p523903_lon_m167p010422.npy,-44.523903,-167.010422,170,180,winter,10,0.10370085528120399
eta_lat_p44p523903_lon_m137p010422.npy,44.523903,-137.010422,120,130,winter,10,0.20752041041851044
eta_lat_m66p662788_lon_m107p010414.npy,-66.662788,-107.010414,170,180,winter,10,0.09513156255707145
eta_lat_m26p641497_lon_m119p010414.npy,-26.641497,-119.010414,140,150,winter,10,0.07904819678515196
eta_lat_p40p414062_lon_p150p989563.npy,40.414062,150.989563,110,120,winter,10,0.15419342648237944
eta_lat_p21p610189_lon_m29p010422.npy,21.610189,-29.010422,150,160,winter,10,0.2746817581355572
eta_lat_p31p463802_lon_p168p989563.npy,31.463802,168.989563,110,120,winter,10,0.10649192566052079
eta_lat_m16p395037_lon_m95p010414.npy,-16.395037,-95.010414,160,170,winter,10,0.10244200145825744
eta_lat_m55p389462_lon_p12p989578.npy,-55.389462,12.989578,120,130,winter,10,0.06778593827039003
eta_lat_m52p006847_lon_p102p989594.npy,-52.006847,102.989594,180,190,winter,10,0.2430169116705656
eta_lat_p31p463802_lon_p174p989563.npy,31.463802,174.989563,130,140,winter,10,0.12209395039826632
eta_lat_m51p994694_lon_m17p010422.npy,-51.994694,-17.010422,130,140,winter,10,0.12208374869078398
eta_lat_m31p463802_lon_m173p010422.npy,-31.463802,-173.010422,110,120,winter,10,0.07977775670588017
eta_lat_p40p414062_lon_m47p010422.npy,40.414062,-47.010422,190,200,winter,10,0.14140514470636845
eta_lat_m36p058659_lon_m113p010414.npy,-36.058659,-113.010414,130,140,winter,10,0.1334589645266533
eta_lat_m55p389462_lon_m17p010422.npy,-55.389462,-17.010422,160,170,winter,10,0.09118309011682868
eta_lat_p36p058659_lon_m41p010422.npy,36.058659,-41.010422,180,190,winter,10,0.11838756501674652
eta_lat_m55p389462_lon_p12p989578.npy,-55.389462,12.989578,180,190,winter,10,0.1315069952979684
eta_lat_m36p058659_lon_m155p010422.npy,-36.058659,-155.010422,160,170,winter,10,0.10341611597687006
eta_lat_m55p400803_lon_m5p010422.npy,-55.400803,-5.010422,120,130,winter,10,0.099839529953897
eta_lat_m55p389462_lon_m113p010414.npy,-55.389462,-113.010414,130,140,winter,10,0.21161949448287487
eta_lat_m16p395037_lon_p96p989594.npy,-16.395037,96.989594,180,190,winter,10,0.12663500849157572
eta_lat_p11p027672_lon_m47p010422.npy,11.027672,-47.010422,180,190,winter,10,0.20180002879351377
eta_lat_p55p389462_lon_m143p010422.npy,55.389462,-143.010422,120,130,winter,10,0.21807038970291615
eta_lat_m36p058659_lon_m95p010414.npy,-36.058659,-95.010414,130,140,winter,10,0.08361270185559988
eta_lat_m26p641497_lon_p54p989578.npy,-26.641497,54.989578,120,130,winter,10,0.16861948650330305
eta_lat_m64p202515_lon_m107p010414.npy,-64.202515,-107.010414,140,150,winter,10,0.0751770636998117
eta_lat_m66p662788_lon_m107p010414.npy,-66.662788,-107.010414,140,150,winter,10,0.11325223883613944
eta_lat_m66p662788_lon_m101p010414.npy,-66.662788,-101.010414,120,130,winter,10,0.06920522172003984
eta_lat_p51p994694_lon_m41p010422.npy,51.994694,-41.010422,170,180,winter,10,0.18835338111966848
eta_lat_m52p006847_lon_m11p010422.npy,-52.006847,-11.010422,170,180,winter,10,0.18422631453722715
eta_lat_m51p994694_lon_m5p010422.npy,-51.994694,-5.010422,180,190,winter,10,0.09597920253872871
eta_lat_m66p662788_lon_m131p010422.npy,-66.662788,-131.010422,180,190,winter,10,0.12404194567352533
eta_lat_m55p389462_lon_p6p989578.npy,-55.389462,6.989578,140,150,winter,10,0.06591196078807116
eta_lat_m44p523903_lon_p108p989594.npy,-44.523903,108.989594,120,130,winter,10,0.28986359387636185
eta_lat_p58p499409_lon_m23p040436.npy,58.499409,-23.040436,140,150,winter,10,0.28623280487954617
eta_lat_m51p994694_lon_m5p010422.npy,-51.994694,-5.010422,130,140,winter,10,0.09143909718841314
eta_lat_m11p027672_lon_p90p989594.npy,-11.027672,90.989594,130,140,winter,10,0.12009050138294697
eta_lat_m44p523903_lon_m35p010422.npy,-44.523903,-35.010422,170,180,winter,10,0.10174568369984627
eta_lat_p21p610189_lon_m53p010422.npy,21.610189,-53.010422,150,160,winter,10,0.18091952428221703
eta_lat_m61p508057_lon_m23p010422.npy,-61.508057,-23.010422,120,130,winter,10,0.6532843820750713
eta_lat_m51p994694_lon_p36p989578.npy,-51.994694,36.989578,150,160,winter,10,0.12801134074106812
eta_lat_p40p414062_lon_p162p989563.npy,40.414062,162.989563,150,160,winter,10,0.12748950347304344
eta_lat_m61p508057_lon_p12p989578.npy,-61.508057,12.989578,130,140,winter,10,0.1610661093145609
eta_lat_m36p058659_lon_m29p010422.npy,-36.058659,-29.010422,160,170,winter,10,0.07492866041138768
eta_lat_m51p994694_lon_m161p010422.npy,-51.994694,-161.010422,180,190,winter,10,0.09354008734226227
eta_lat_m61p508057_lon_m161p010422.npy,-61.508057,-161.010422,140,150,winter,10,0.15947999525815248
eta_lat_m58p574665_lon_m167p010422.npy,-58.574665,-167.010422,190,200,winter,10,0.09163338039070368
eta_lat_m51p994694_lon_p174p989563.npy,-51.994694,174.989563,120,130,winter,10,0.41512552089989185
eta_lat_m11p027672_lon_p78p989594.npy,-11.027672,78.989594,180,190,winter,10,0.12676579970866442
eta_lat_m52p006847_lon_p156p989563.npy,-52.006847,156.989563,190,200,winter,10,0.40344108268618584
eta_lat_m64p202515_lon_p72p989594.npy,-64.202515,72.989594,150,160,winter,10,0.06707445764914155
eta_lat_p26p641497_lon_p162p989563.npy,26.641497,162.989563,110,120,winter,10,0.09615858271718025
eta_lat_m66p662788_lon_m113p010414.npy,-66.662788,-113.010414,150,160,winter,10,0.0941597162745893
eta_lat_m58p574665_lon_m23p010422.npy,-58.574665,-23.010422,120,130,winter,10,0.18671460542827845
eta_lat_m48p374134_lon_p84p989594.npy,-48.374134,84.989594,190,200,winter,10,0.2640603668987751
eta_lat_m48p374134_lon_p138p989563.npy,-48.374134,138.989563,170,180,winter,10,0.1423846473917365
eta_lat_m31p463802_lon_p54p989578.npy,-31.463802,54.989578,120,130,winter,10,0.1414652932435274
eta_lat_m64p202515_lon_p36p989578.npy,-64.202515,36.989578,150,160,winter,10,0.09332377556711435
eta_lat_m61p508057_lon_p120p989594.npy,-61.508057,120.989594,170,180,winter,10,0.22074328176677227
eta_lat_m31p463802_lon_m125p010414.npy,-31.463802,-125.010414,130,140,winter,10,0.1518998658284545
eta_lat_m51p994694_lon_m161p010422.npy,-51.994694,-161.010422,190,200,winter,10,0.10546988667920232
eta_lat_m48p374134_lon_m119p010414.npy,-48.374134,-119.010414,150,160,winter,10,0.11837115418165922
eta_lat_m40p414062_lon_m107p010414.npy,-40.414062,-107.010414,150,160,winter,10,0.10402216017246246
eta_lat_m40p414062_lon_p120p989594.npy,-40.414062,120.989594,180,190,winter,10,0.05355384014546871
eta_lat_p51p994694_lon_m143p010422.npy,51.994694,-143.010422,120,130,winter,10,0.19972484465688467
eta_lat_m68p928383_lon_m161p010422.npy,-68.928383,-161.010422,140,150,winter,10,1.648300290107727
eta_lat_m11p027672_lon_m119p010414.npy,-11.027672,-119.010414,140,150,winter,10,0.11596942227333784
eta_lat_m70p897415_lon_m136p959152.npy,-70.897415,-136.959152,190,200,winter,10,0.3465141039341688
eta_lat_m11p027672_lon_m131p010422.npy,-11.027672,-131.010422,190,200,winter,10,0.10430072527378798
eta_lat_p5p545479_lon_m35p010422.npy,5.545479,-35.010422,130,140,winter,10,0.15292893256992102
eta_lat_p40p414062_lon_m137p010422.npy,40.414062,-137.010422,130,140,winter,10,0.16243167035281658
eta_lat_m21p610189_lon_p96p989594.npy,-21.610189,96.989594,130,140,winter,10,0.10016358364373446
eta_lat_m31p463802_lon_p0p989578.npy,-31.463802,0.989578,140,150,winter,10,0.12173510622233152
eta_lat_m31p463802_lon_m137p010422.npy,-31.463802,-137.010422,120,130,winter,10,0.14264952577650547
eta_lat_m44p523903_lon_p90p989594.npy,-44.523903,90.989594,150,160,winter,10,0.12326654884964228
eta_lat_m40p414062_lon_m95p010414.npy,-40.414062,-95.010414,160,170,winter,10,0.11004863400012255
eta_lat_p65p913406_lon_m30p464722.npy,65.913406,-30.464722,120,130,winter,10,1.908442735671997
eta_lat_m48p374134_lon_p132p989563.npy,-48.374134,132.989563,180,190,winter,10,0.19534329418092966
eta_lat_m61p508057_lon_p54p989578.npy,-61.508057,54.989578,150,160,winter,10,0.15689033083617687
eta_lat_p36p058659_lon_m137p010422.npy,36.058659,-137.010422,180,190,winter,10,0.15233531687408686
eta_lat_p36p058659_lon_p150p989563.npy,36.058659,150.989563,130,140,winter,10,0.3586870301514864
eta_lat_m64p202515_lon_p120p989594.npy,-64.202515,120.989594,130,140,winter,10,0.14878252986818552
eta_lat_m44p523903_lon_p36p989578.npy,-44.523903,36.989578,140,150,winter,10,0.10330473259091377
eta_lat_p31p463802_lon_m71p010414.npy,31.463802,-71.010414,190,200,winter,10,0.15081289410591125
eta_lat_m31p463802_lon_p72p989594.npy,-31.463802,72.989594,140,150,winter,10,0.08157888194546103
eta_lat_p5p545479_lon_p54p989578.npy,5.545479,54.989578,110,120,winter,10,0.2051283186301589
eta_lat_p21p610189_lon_p126p989594.npy,21.610189,126.989594,120,130,winter,10,0.22175235114991665
eta_lat_p21p610189_lon_m119p010414.npy,21.610189,-119.010414,190,200,winter,10,0.11626101937144995
eta_lat_m61p508057_lon_p144p989563.npy,-61.508057,144.989563,120,130,winter,10,0.15512965619564056
eta_lat_p44p523903_lon_m167p010422.npy,44.523903,-167.010422,190,200,winter,10,0.1447583856061101
eta_lat_m44p523903_lon_p42p989578.npy,-44.523903,42.989578,170,180,winter,10,0.08513279352337122
eta_lat_m61p508057_lon_m95p010414.npy,-61.508057,-95.010414,190,200,winter,10,0.1499664420261979
eta_lat_p11p027672_lon_p156p989563.npy,11.027672,156.989563,160,170,winter,10,0.22747748903930187
eta_lat_m51p994694_lon_m125p010414.npy,-51.994694,-125.010414,160,170,winter,10,0.13439700659364462
eta_lat_m55p400803_lon_p120p989594.npy,-55.400803,120.989594,140,150,winter,10,0.24645429104566574
eta_lat_m73p888268_lon_m29p051193.npy,-73.888268,-29.051193,110,120,winter,10,0.7297616563737392
eta_lat_m64p202515_lon_p156p989563.npy,-64.202515,156.989563,150,160,winter,10,0.10246371245011687
eta_lat_m48p374134_lon_p84p989594.npy,-48.374134,84.989594,140,150,winter,10,0.367403008043766
eta_lat_m48p374134_lon_m137p010422.npy,-48.374134,-137.010422,140,150,winter,10,0.055157330352813005
eta_lat_m64p202515_lon_m35p010422.npy,-64.202515,-35.010422,180,190,winter,10,0.30983608961105347
eta_lat_m66p662788_lon_m47p010422.npy,-66.662788,-47.010422,130,140,winter,10,0.5621970444917679
eta_lat_m31p463802_lon_m17p010422.npy,-31.463802,-17.010422,140,150,winter,10,0.09699918888509274
eta_lat_m31p463802_lon_m101p010414.npy,-31.463802,-101.010414,180,190,winter,10,0.06991311302408576
eta_lat_p11p027672_lon_m29p010422.npy,11.027672,-29.010422,140,150,winter,10,0.11620544735342264
eta_lat_m44p523903_lon_m161p010422.npy,-44.523903,-161.010422,110,120,winter,10,0.08519495883956552
eta_lat_p36p058659_lon_p168p989563.npy,36.058659,168.989563,140,150,winter,10,0.14772758726030588
eta_lat_m55p400803_lon_p120p989594.npy,-55.400803,120.989594,160,170,winter,10,0.2976962332613766
eta_lat_m21p610189_lon_m131p010422.npy,-21.610189,-131.010422,110,120,winter,10,0.06884851446375251
eta_lat_m58p574665_lon_p156p989563.npy,-58.574665,156.989563,140,150,winter,10,0.1670849733054638
eta_lat_p51p994694_lon_m137p010422.npy,51.994694,-137.010422,140,150,winter,10,0.1564140021800995
eta_lat_m55p400803_lon_m17p010422.npy,-55.400803,-17.010422,120,130,winter,10,0.09879530221223831
eta_lat_m64p202515_lon_m137p010422.npy,-64.202515,-137.010422,150,160,winter,10,0.06640785606577992
eta_lat_m55p400803_lon_m83p010414.npy,-55.400803,-83.010414,130,140,winter,10,0.13198888255283237
eta_lat_m48p374134_lon_m29p010422.npy,-48.374134,-29.010422,190,200,winter,10,0.1324181007221341
eta_lat_m68p928383_lon_m149p010422.npy,-68.928383,-149.010422,150,160,winter,10,0.2930573523044586
eta_lat_m58p574665_lon_p126p989594.npy,-58.574665,126.989594,120,130,winter,10,0.3670977056026459
eta_lat_p16p395037_lon_m59p010422.npy,16.395037,-59.010422,170,180,winter,10,0.1384167168289423
eta_lat_m58p574665_lon_p102p989594.npy,-58.574665,102.989594,110,120,winter,10,0.11224234756082296
eta_lat_m51p994694_lon_p30p989578.npy,-51.994694,30.989578,150,160,winter,10,0.31973770447075367
eta_lat_m58p574665_lon_p60p989578.npy,-58.574665,60.989578,130,140,winter,10,0.15227830223739147
eta_lat_m66p662788_lon_p24p989578.npy,-66.662788,24.989578,140,150,winter,10,0.16681282967329025
eta_lat_p11p027672_lon_m53p010422.npy,11.027672,-53.010422,180,190,winter,10,0.2115305121988058
eta_lat_p5p545479_lon_m101p010414.npy,5.545479,-101.010414,150,160,winter,10,0.4097436349838972
eta_lat_p36p058659_lon_m29p010422.npy,36.058659,-29.010422,110,120,winter,10,0.10327001009136438
eta_lat_m55p400803_lon_m119p010414.npy,-55.400803,-119.010414,160,170,winter,10,0.18496064096689224
eta_lat_m55p400803_lon_p30p989578.npy,-55.400803,30.989578,140,150,winter,10,0.13128014840185642
eta_lat_m36p058659_lon_m143p010422.npy,-36.058659,-143.010422,110,120,winter,10,0.10072563821449876
eta_lat_m31p463802_lon_p48p989578.npy,-31.463802,48.989578,190,200,winter,10,0.08925506006926298
eta_lat_m55p400803_lon_m83p010414.npy,-55.400803,-83.010414,150,160,winter,10,0.1406902470625937
eta_lat_m71p260567_lon_p175p038208.npy,-71.260567,175.038208,120,130,winter,10,0.17536775022745132
eta_lat_m61p508057_lon_p72p989594.npy,-61.508057,72.989594,150,160,winter,10,0.09369040047749877
eta_lat_m55p400803_lon_p168p989563.npy,-55.400803,168.989563,110,120,winter,10,1.3005704879760742
eta_lat_m44p523903_lon_m119p010414.npy,-44.523903,-119.010414,150,160,winter,10,0.09288630075752735
eta_lat_p68p049988_lon_p6p988419.npy,68.049988,6.988419,170,180,winter,10,0.17906406801193953
eta_lat_p31p463802_lon_m53p010422.npy,31.463802,-53.010422,190,200,winter,10,0.13162267673760653
eta_lat_m66p662788_lon_p24p989578.npy,-66.662788,24.989578,170,180,winter,10,0.07969946414232254
eta_lat_m61p508057_lon_p36p989578.npy,-61.508057,36.989578,170,180,winter,10,0.07710540294647217
eta_lat_m36p058659_lon_m113p010414.npy,-36.058659,-113.010414,120,130,winter,10,0.08166218781843781
eta_lat_p51p994694_lon_m23p010422.npy,51.994694,-23.010422,170,180,winter,10,0.2613643128424883
eta_lat_m52p006847_lon_p96p989594.npy,-52.006847,96.989594,140,150,winter,10,0.4057774282991886
eta_lat_m55p400803_lon_p132p989563.npy,-55.400803,132.989563,120,130,winter,10,0.2588183870539069
eta_lat_m51p994694_lon_m89p010414.npy,-51.994694,-89.010414,120,130,winter,10,0.10172975761815906
eta_lat_m58p574665_lon_p84p989594.npy,-58.574665,84.989594,140,150,winter,10,0.4272537399083376
eta_lat_m40p414062_lon_p6p989578.npy,-40.414062,6.989578,110,120,winter,10,0.06583449896425009
eta_lat_m55p389462_lon_m101p010414.npy,-55.389462,-101.010414,180,190,winter,10,0.13540793489664793
eta_lat_m48p374134_lon_p96p989594.npy,-48.374134,96.989594,150,160,winter,10,0.1117833461612463
eta_lat_m5p545479_lon_p78p989594.npy,-5.545479,78.989594,150,160,winter,10,0.1721236165612936
eta_lat_p16p395037_lon_m131p010422.npy,16.395037,-131.010422,110,120,winter,10,0.10608500987291336
eta_lat_m21p610189_lon_m17p010422.npy,-21.610189,-17.010422,150,160,winter,10,0.24024801887571812
eta_lat_m64p202515_lon_p120p989594.npy,-64.202515,120.989594,190,200,winter,10,0.13218453573063016
eta_lat_m70p897415_lon_m136p959152.npy,-70.897415,-136.959152,170,180,winter,10,0.4769889861345291
eta_lat_m40p414062_lon_m107p010414.npy,-40.414062,-107.010414,120,130,winter,10,0.06138338102027774
eta_lat_m44p523903_lon_m107p010414.npy,-44.523903,-107.010414,180,190,winter,10,0.09775937395170331
eta_lat_m55p389462_lon_p84p989594.npy,-55.389462,84.989594,190,200,winter,10,0.22794975992292166
eta_lat_m70p831284_lon_m107p022827.npy,-70.831284,-107.022827,170,180,winter,10,0.40307772904634476
eta_lat_p5p545479_lon_m143p010422.npy,5.545479,-143.010422,160,170,winter,10,0.1361226849257946
eta_lat_m64p202515_lon_m29p010422.npy,-64.202515,-29.010422,160,170,winter,10,0.2918475680053234
eta_lat_p63p507416_lon_m35p256088.npy,63.507416,-35.256088,140,150,winter,10,0.22488436289131641
eta_lat_p31p463802_lon_m137p010422.npy,31.463802,-137.010422,150,160,winter,10,0.16280341241508722
eta_lat_p16p395037_lon_m131p010422.npy,16.395037,-131.010422,140,150,winter,10,0.12027308158576488
eta_lat_m61p508057_lon_p54p989578.npy,-61.508057,54.989578,180,190,winter,10,0.1887835869565606
eta_lat_m52p006847_lon_p126p989594.npy,-52.006847,126.989594,150,160,winter,10,0.22629662789404392
eta_lat_p48p374134_lon_m173p010422.npy,48.374134,-173.010422,110,120,winter,10,0.2219466920942068
eta_lat_m51p994694_lon_m125p010414.npy,-51.994694,-125.010414,120,130,winter,10,0.0718281208537519
eta_lat_m66p662788_lon_m23p010422.npy,-66.662788,-23.010422,180,190,winter,10,0.7310567572712898
eta_lat_m16p395037_lon_m131p010422.npy,-16.395037,-131.010422,110,120,winter,10,0.08491905871778727
eta_lat_m55p400803_lon_p18p989578.npy,-55.400803,18.989578,110,120,winter,10,0.1032575061544776
eta_lat_p11p027672_lon_m125p010414.npy,11.027672,-125.010414,190,200,winter,10,0.15350753720849752
eta_lat_m52p006847_lon_m95p010414.npy,-52.006847,-95.010414,180,190,winter,10,0.15521885361522436
eta_lat_m16p395037_lon_p54p989578.npy,-16.395037,54.989578,130,140,winter,10,0.1683879755437374
eta_lat_m75p355705_lon_m159p614578.npy,-75.355705,-159.614578,170,180,winter,10,2.8131445348262787
eta_lat_p11p027672_lon_m143p010422.npy,11.027672,-143.010422,150,160,winter,10,0.17577981483191252
eta_lat_m61p508057_lon_m35p010422.npy,-61.508057,-35.010422,170,180,winter,10,0.11959553696215153
eta_lat_m11p027672_lon_p66p989594.npy,-11.027672,66.989594,150,160,winter,10,0.18885994981974363
eta_lat_m64p202515_lon_p24p989578.npy,-64.202515,24.989578,170,180,winter,10,0.06531053874641657
eta_lat_p16p395037_lon_m41p010422.npy,16.395037,-41.010422,150,160,winter,10,0.26838768646121025
eta_lat_m68p928383_lon_m11p010422.npy,-68.928383,-11.010422,180,190,winter,10,0.42885613441467285
eta_lat_m21p610189_lon_m113p010414.npy,-21.610189,-113.010414,190,200,winter,10,0.08999015763401985
eta_lat_p11p027672_lon_m95p010414.npy,11.027672,-95.010414,170,180,winter,10,0.13272961042821407
eta_lat_p11p027672_lon_m59p010422.npy,11.027672,-59.010422,150,160,winter,10,0.2755231810733676
eta_lat_m48p374134_lon_p90p989594.npy,-48.374134,90.989594,110,120,winter,10,0.3292190171778202
eta_lat_p44p523903_lon_m23p010422.npy,44.523903,-23.010422,150,160,winter,10,0.197364566847682
eta_lat_m51p994694_lon_m17p010422.npy,-51.994694,-17.010422,110,120,winter,10,0.09414847567677498
eta_lat_m55p389462_lon_m173p010422.npy,-55.389462,-173.010422,110,120,winter,10,0.16682599671185017
eta_lat_m55p389462_lon_m107p010414.npy,-55.389462,-107.010414,140,150,winter,10,0.13392601534724236
eta_lat_m61p508057_lon_m173p010422.npy,-61.508057,-173.010422,170,180,winter,10,0.11374032031744719
eta_lat_m52p006847_lon_p144p989563.npy,-52.006847,144.989563,130,140,winter,10,0.15035416511818767
eta_lat_m52p006847_lon_m125p010414.npy,-52.006847,-125.010414,160,170,winter,10,0.12305763456970453
eta_lat_p0p009682_lon_m119p010414.npy,0.009682,-119.010414,120,130,winter,10,0.1437186375260353
eta_lat_m58p574665_lon_p138p989563.npy,-58.574665,138.989563,190,200,winter,10,0.19570464920252562
eta_lat_m52p006847_lon_p150p989563.npy,-52.006847,150.989563,130,140,winter,10,0.6539911478757858
eta_lat_m71p306725_lon_m29p016449.npy,-71.306725,-29.016449,170,180,winter,10,1.0233153030276299
eta_lat_m66p662788_lon_m137p010422.npy,-66.662788,-137.010422,170,180,winter,10,0.07513049058616161
eta_lat_p26p641497_lon_m35p010422.npy,26.641497,-35.010422,160,170,winter,10,0.07613366842269897
eta_lat_m44p523903_lon_p120p989594.npy,-44.523903,120.989594,160,170,winter,10,0.1709141288883984
eta_lat_p21p610189_lon_p150p989563.npy,21.610189,150.989563,190,200,winter,10,0.16095361206680536
eta_lat_m64p202515_lon_m35p010422.npy,-64.202515,-35.010422,120,130,winter,10,1.412951499223709
eta_lat_p26p641497_lon_m59p010422.npy,26.641497,-59.010422,140,150,winter,10,0.09079393884167075
eta_lat_m58p574665_lon_m17p010422.npy,-58.574665,-17.010422,110,120,winter,10,0.22901856526732445
eta_lat_m55p400803_lon_p84p989594.npy,-55.400803,84.989594,120,130,winter,10,0.4040835611522198
eta_lat_p31p463802_lon_m173p010422.npy,31.463802,-173.010422,140,150,winter,10,0.11551783327013254
eta_lat_p44p523903_lon_p168p989563.npy,44.523903,168.989563,140,150,winter,10,0.08799157105386257
eta_lat_p21p610189_lon_m65p010414.npy,21.610189,-65.010414,110,120,winter,10,0.10400128923356533
eta_lat_p0p009682_lon_m113p010414.npy,0.009682,-113.010414,110,120,winter,10,0.22017725370824337
eta_lat_m64p202515_lon_m155p010422.npy,-64.202515,-155.010422,190,200,winter,10,0.12128062034025788
eta_lat_m70p821320_lon_m118p983330.npy,-70.82132,-118.98333,160,170,winter,10,0.7922447025775909
eta_lat_m61p508057_lon_p30p989578.npy,-61.508057,30.989578,190,200,winter,10,0.08210256835445762
eta_lat_m55p389462_lon_m161p010422.npy,-55.389462,-161.010422,190,200,winter,10,0.12579151708632708
eta_lat_p26p641497_lon_m53p010422.npy,26.641497,-53.010422,180,190,winter,10,0.12125823181122541
eta_lat_m68p928383_lon_m41p010422.npy,-68.928383,-41.010422,170,180,winter,10,0.5415927357971668
eta_lat_m36p058659_lon_m167p010422.npy,-36.058659,-167.010422,170,180,winter,10,0.11087849270552397
eta_lat_m44p523903_lon_p12p989578.npy,-44.523903,12.989578,130,140,winter,10,0.10129143809899688
eta_lat_m52p006847_lon_m5p010422.npy,-52.006847,-5.010422,170,180,winter,10,0.16405898332595825
eta_lat_m61p508057_lon_m23p010422.npy,-61.508057,-23.010422,170,180,winter,10,0.2675340622663498
eta_lat_p26p641497_lon_m41p010422.npy,26.641497,-41.010422,170,180,winter,10,0.08399479556828737
eta_lat_m48p374134_lon_m137p010422.npy,-48.374134,-137.010422,120,130,winter,10,0.07315787486732006
eta_lat_m16p395037_lon_m95p010414.npy,-16.395037,-95.010414,150,160,winter,10,0.2056664703413844
eta_lat_m68p928383_lon_m167p010422.npy,-68.928383,-167.010422,160,170,winter,10,1.8700034469366074
eta_lat_m55p389462_lon_p120p989594.npy,-55.389462,120.989594,170,180,winter,10,0.1951606124639511
eta_lat_m58p574665_lon_m131p010422.npy,-58.574665,-131.010422,180,190,winter,10,0.2085803933441639
eta_lat_m55p400803_lon_p24p989578.npy,-55.400803,24.989578,120,130,winter,10,0.12761089205741882
eta_lat_p36p058659_lon_m47p010422.npy,36.058659,-47.010422,130,140,winter,10,0.10934667056426406
eta_lat_m58p574665_lon_p90p989594.npy,-58.574665,90.989594,150,160,winter,10,0.31082822009921074
eta_lat_m21p610189_lon_m125p010414.npy,-21.610189,-125.010414,110,120,winter,10,0.06325527606531978
eta_lat_m61p508057_lon_m131p010422.npy,-61.508057,-131.010422,130,140,winter,10,0.1057648048736155
eta_lat_m55p400803_lon_p54p989578.npy,-55.400803,54.989578,120,130,winter,10,0.11782466154545546
eta_lat_p21p610189_lon_p174p989563.npy,21.610189,174.989563,160,170,winter,10,0.177365280687809
eta_lat_m68p928383_lon_m47p010422.npy,-68.928383,-47.010422,130,140,winter,10,0.6685350462794304
eta_lat_m61p508057_lon_p168p989563.npy,-61.508057,168.989563,170,180,winter,10,0.2849563043564558
eta_lat_m31p463802_lon_m161p010422.npy,-31.463802,-161.010422,160,170,winter,10,0.09739647340029478
eta_lat_m36p058659_lon_m89p010414.npy,-36.058659,-89.010414,150,160,winter,10,0.09210669016465545
eta_lat_m16p395037_lon_m113p010414.npy,-16.395037,-113.010414,140,150,winter,10,0.08417531289160252
eta_lat_m58p574665_lon_m11p010422.npy,-58.574665,-11.010422,170,180,winter,10,0.1418213564902544
eta_lat_m26p641497_lon_m161p010422.npy,-26.641497,-161.010422,130,140,winter,10,0.11673715244978666
eta_lat_m52p006847_lon_m17p010422.npy,-52.006847,-17.010422,160,170,winter,10,0.1982762459665537
eta_lat_m58p574665_lon_m173p010422.npy,-58.574665,-173.010422,170,180,winter,10,0.15693982131779194
eta_lat_m51p994694_lon_p156p989563.npy,-51.994694,156.989563,150,160,winter,10,0.40701090916991234
eta_lat_p16p395037_lon_p174p989563.npy,16.395037,174.989563,190,200,winter,10,0.159527531825006
eta_lat_m26p641497_lon_p90p989594.npy,-26.641497,90.989594,180,190,winter,10,0.16184182651340961
eta_lat_p68p049988_lon_p6p988419.npy,68.049988,6.988419,190,200,winter,10,0.14060986507683992
eta_lat_m16p395037_lon_m131p010422.npy,-16.395037,-131.010422,170,180,winter,10,0.08689629239961505
eta_lat_m40p414062_lon_m29p010422.npy,-40.414062,-29.010422,170,180,winter,10,0.09814462484791875
eta_lat_p11p027672_lon_m167p010422.npy,11.027672,-167.010422,110,120,winter,10,0.15264113154262304
eta_lat_m40p414062_lon_p132p989563.npy,-40.414062,132.989563,160,170,winter,10,0.09701945446431637
eta_lat_m55p389462_lon_p72p989594.npy,-55.389462,72.989594,130,140,winter,10,0.14322369825094938
eta_lat_m66p662788_lon_m95p010414.npy,-66.662788,-95.010414,160,170,winter,10,0.15185141935944557
eta_lat_m5p545479_lon_m167p010422.npy,-5.545479,-167.010422,110,120,winter,10,0.14600643888115883
eta_lat_m31p463802_lon_m5p010422.npy,-31.463802,-5.010422,180,190,winter,10,0.13612833619117737
eta_lat_m71p057938_lon_m154p945801.npy,-71.057938,-154.945801,130,140,winter,10,0.5779578797519207
eta_lat_m64p202515_lon_p78p989594.npy,-64.202515,78.989594,160,170,winter,10,0.1307561257854104
eta_lat_m51p994694_lon_m11p010422.npy,-51.994694,-11.010422,110,120,winter,10,0.11759368609637022
eta_lat_m64p202515_lon_m77p010414.npy,-64.202515,-77.010414,120,130,winter,10,0.2573140636086464
eta_lat_m21p610189_lon_m11p010422.npy,-21.610189,-11.010422,180,190,winter,10,0.21646024845540524
eta_lat_m55p389462_lon_p114p989594.npy,-55.389462,114.989594,140,150,winter,10,0.07722163992002606
eta_lat_m61p508057_lon_m89p010414.npy,-61.508057,-89.010414,180,190,winter,10,0.09749028692021966
eta_lat_p55p389462_lon_m143p010422.npy,55.389462,-143.010422,160,170,winter,10,0.13144240248948336
eta_lat_m26p641497_lon_m29p010422.npy,-26.641497,-29.010422,110,120,winter,10,0.06024516746401787
eta_lat_p36p058659_lon_m131p010422.npy,36.058659,-131.010422,170,180,winter,10,0.13944228366017342
eta_lat_m55p400803_lon_m125p010414.npy,-55.400803,-125.010414,140,150,winter,10,0.2952621281147003
eta_lat_m64p202515_lon_m101p010414.npy,-64.202515,-101.010414,130,140,winter,10,0.09592920914292336
eta_lat_m58p574665_lon_m59p010422.npy,-58.574665,-59.010422,170,180,winter,10,0.32906355522572994
eta_lat_m61p508057_lon_m35p010422.npy,-61.508057,-35.010422,140,150,winter,10,0.23708599247038364
eta_lat_m26p641497_lon_p78p989594.npy,-26.641497,78.989594,170,180,winter,10,0.10713258245959878
eta_lat_m68p928383_lon_m35p010422.npy,-68.928383,-35.010422,150,160,winter,10,0.9867229759693146
eta_lat_m73p621971_lon_m53p396431.npy,-73.621971,-53.396431,180,190,winter,10,1.044525846838951
eta_lat_m55p400803_lon_m113p010414.npy,-55.400803,-113.010414,190,200,winter,10,0.4300876185297966
eta_lat_p36p058659_lon_m137p010422.npy,36.058659,-137.010422,190,200,winter,10,0.10067916661500931
eta_lat_m52p006847_lon_p36p989578.npy,-52.006847,36.989578,110,120,winter,10,0.09208283293992281
eta_lat_m75p355705_lon_m159p614578.npy,-75.355705,-159.614578,110,120,winter,10,3.347882941365242
eta_lat_m61p508057_lon_p66p989594.npy,-61.508057,66.989594,120,130,winter,10,0.3563849702477455
eta_lat_m58p574665_lon_m71p010414.npy,-58.574665,-71.010414,190,200,winter,10,0.11872013192623854
eta_lat_m26p641497_lon_m35p010422.npy,-26.641497,-35.010422,110,120,winter,10,0.07546052243560553
eta_lat_p21p610189_lon_m125p010414.npy,21.610189,-125.010414,190,200,winter,10,0.13432978373020887
eta_lat_m55p389462_lon_m161p010422.npy,-55.389462,-161.010422,130,140,winter,10,0.16533959563821554
eta_lat_p55p389462_lon_m47p010422.npy,55.389462,-47.010422,140,150,winter,10,0.1999359568580985
eta_lat_m61p508057_lon_p162p989563.npy,-61.508057,162.989563,120,130,winter,10,0.10678156279027462
eta_lat_p36p058659_lon_p174p989563.npy,36.058659,174.989563,170,180,winter,10,0.2139208223670721
eta_lat_m61p508057_lon_p90p989594.npy,-61.508057,90.989594,130,140,winter,10,0.254077410325408
eta_lat_m36p058659_lon_p36p989578.npy,-36.058659,36.989578,140,150,winter,10,0.089887416921556
eta_lat_m0p009682_lon_m23p010422.npy,-0.009682,-23.010422,110,120,winter,10,0.15531650371849537
eta_lat_m61p508057_lon_p120p989594.npy,-61.508057,120.989594,130,140,winter,10,0.25398000702261925
eta_lat_m16p395037_lon_m131p010422.npy,-16.395037,-131.010422,140,150,winter,10,0.07907510921359062
eta_lat_m52p006847_lon_p108p989594.npy,-52.006847,108.989594,180,190,winter,10,0.1733485357835889
eta_lat_m31p463802_lon_p162p989563.npy,-31.463802,162.989563,190,200,winter,10,0.31504103168845177
eta_lat_m51p994694_lon_m173p010422.npy,-51.994694,-173.010422,110,120,winter,10,0.1788047244772315
eta_lat_p51p994694_lon_m149p010422.npy,51.994694,-149.010422,180,190,winter,10,0.11618445441126823
eta_lat_m44p523903_lon_p12p989578.npy,-44.523903,12.989578,190,200,winter,10,0.11698183510452509
eta_lat_m64p202515_lon_m113p010414.npy,-64.202515,-113.010414,130,140,winter,10,0.1085201483219862
eta_lat_p31p463802_lon_p168p989563.npy,31.463802,168.989563,180,190,winter,10,0.14163587242364883
eta_lat_m36p058659_lon_m101p010414.npy,-36.058659,-101.010414,190,200,winter,10,0.10370215820148587
eta_lat_m31p463802_lon_m155p010422.npy,-31.463802,-155.010422,160,170,winter,10,0.1062224474735558
eta_lat_m58p574665_lon_p18p989578.npy,-58.574665,18.989578,130,140,winter,10,0.07547977333888412
eta_lat_p48p374134_lon_m41p010422.npy,48.374134,-41.010422,120,130,winter,10,0.31118050776422024
eta_lat_m51p994694_lon_m107p010414.npy,-51.994694,-107.010414,130,140,winter,10,0.09099437389522791
eta_lat_m55p400803_lon_p150p989563.npy,-55.400803,150.989563,110,120,winter,10,0.5588304214179516
eta_lat_m40p414062_lon_p66p989594.npy,-40.414062,66.989594,170,180,winter,10,0.1399565157480538
eta_lat_m52p006847_lon_p18p989578.npy,-52.006847,18.989578,150,160,winter,10,0.1479802136309445
eta_lat_m51p994694_lon_p0p989578.npy,-51.994694,0.989578,150,160,winter,10,0.11634621396660805
eta_lat_m11p027672_lon_m125p010414.npy,-11.027672,-125.010414,120,130,winter,10,0.11814282648265362
eta_lat_m64p202515_lon_m173p010422.npy,-64.202515,-173.010422,180,190,winter,10,0.09329051803797483
eta_lat_p48p374134_lon_p168p989563.npy,48.374134,168.989563,190,200,winter,10,0.12156776245683432
eta_lat_m21p610189_lon_p84p989594.npy,-21.610189,84.989594,180,190,winter,10,0.10005287360399961
eta_lat_m61p508057_lon_m71p010414.npy,-61.508057,-71.010414,110,120,winter,10,0.42812684923410416
eta_lat_m52p006847_lon_p120p989594.npy,-52.006847,120.989594,190,200,winter,10,0.12316945008933544
eta_lat_m11p027672_lon_m119p010414.npy,-11.027672,-119.010414,120,130,winter,10,0.10262355115264654
eta_lat_m58p574665_lon_m83p010414.npy,-58.574665,-83.010414,190,200,winter,10,0.13790234178304672
eta_lat_p26p641497_lon_m137p010422.npy,26.641497,-137.010422,190,200,winter,10,0.07906884513795376
eta_lat_p11p027672_lon_m47p010422.npy,11.027672,-47.010422,160,170,winter,10,0.10912324860692024
eta_lat_m44p523903_lon_p96p989594.npy,-44.523903,96.989594,130,140,winter,10,0.08981082448735833
eta_lat_m68p928383_lon_m47p010422.npy,-68.928383,-47.010422,110,120,winter,10,0.9371865838766098
eta_lat_m61p508057_lon_p84p989594.npy,-61.508057,84.989594,180,190,winter,10,0.10205830354243517
eta_lat_m66p662788_lon_m131p010422.npy,-66.662788,-131.010422,140,150,winter,10,0.08961179060861468
eta_lat_p51p994694_lon_m143p010422.npy,51.994694,-143.010422,110,120,winter,10,0.1666319938376546
eta_lat_p36p058659_lon_m35p010422.npy,36.058659,-35.010422,150,160,winter,10,0.11950190551578999
eta_lat_p21p610189_lon_m59p010422.npy,21.610189,-59.010422,150,160,winter,10,0.14606019109487534
eta_lat_p16p395037_lon_p156p989563.npy,16.395037,156.989563,170,180,winter,10,0.1847203616052866
eta_lat_m55p400803_lon_m125p010414.npy,-55.400803,-125.010414,110,120,winter,10,0.23970739170908928
eta_lat_m48p374134_lon_m23p010422.npy,-48.374134,-23.010422,120,130,winter,10,0.19334589503705502
eta_lat_m58p574665_lon_m35p010422.npy,-58.574665,-35.010422,190,200,winter,10,0.10342884343117476
eta_lat_m36p058659_lon_p96p989594.npy,-36.058659,96.989594,130,140,winter,10,0.0927753746509552
eta_lat_m61p508057_lon_m137p010422.npy,-61.508057,-137.010422,140,150,winter,10,0.09569820109754801
eta_lat_m40p414062_lon_p54p989578.npy,-40.414062,54.989578,170,180,winter,10,0.25685865990817547
eta_lat_m44p523903_lon_m17p010422.npy,-44.523903,-17.010422,170,180,winter,10,0.12492614332586527
eta_lat_m44p523903_lon_p30p989578.npy,-44.523903,30.989578,170,180,winter,10,0.08344248402863741
eta_lat_m31p463802_lon_m29p010422.npy,-31.463802,-29.010422,140,150,winter,10,0.1137668788433075
eta_lat_m36p058659_lon_m143p010422.npy,-36.058659,-143.010422,160,170,winter,10,0.08396705705672503
eta_lat_m26p641497_lon_m173p010422.npy,-26.641497,-173.010422,160,170,winter,10,0.10122829116880894
eta_lat_m5p545479_lon_m167p010422.npy,-5.545479,-167.010422,150,160,winter,10,0.17309461813420057
eta_lat_m31p463802_lon_p54p989578.npy,-31.463802,54.989578,140,150,winter,10,0.09079752955585718
eta_lat_m31p463802_lon_m101p010414.npy,-31.463802,-101.010414,170,180,winter,10,0.09704222669824958
eta_lat_m31p463802_lon_m41p010422.npy,-31.463802,-41.010422,120,130,winter,10,0.09361294750124216
eta_lat_p61p082935_lon_m35p089630.npy,61.082935,-35.08963,150,160,winter,10,0.25238675251603127
eta_lat_m36p058659_lon_p30p989578.npy,-36.058659,30.989578,110,120,winter,10,0.11843681801110506
eta_lat_m44p523903_lon_p12p989578.npy,-44.523903,12.989578,140,150,winter,10,0.10136651992797852
eta_lat_m16p395037_lon_m119p010414.npy,-16.395037,-119.010414,180,190,winter,10,0.09660174511373043
eta_lat_m11p027672_lon_m95p010414.npy,-11.027672,-95.010414,130,140,winter,10,0.17775775864720345
eta_lat_p5p545479_lon_m149p010422.npy,5.545479,-149.010422,110,120,winter,10,0.1412965590134263
eta_lat_p16p395037_lon_m131p010422.npy,16.395037,-131.010422,170,180,winter,10,0.11421092227101326
eta_lat_p44p523903_lon_p162p989563.npy,44.523903,162.989563,170,180,winter,10,0.14251167699694633
eta_lat_m55p400803_lon_m95p010414.npy,-55.400803,-95.010414,130,140,winter,10,0.13958159368485212
eta_lat_m48p374134_lon_m89p010414.npy,-48.374134,-89.010414,150,160,winter,10,0.11851079296320677
eta_lat_m70p818817_lon_m112p992744.npy,-70.818817,-112.992744,180,190,winter,10,0.12745865620672703
eta_lat_m31p463802_lon_p66p989594.npy,-31.463802,66.989594,110,120,winter,10,0.07109136087819934
eta_lat_m55p389462_lon_m173p010422.npy,-55.389462,-173.010422,150,160,winter,10,0.13755449606105685
eta_lat_m61p508057_lon_p90p989594.npy,-61.508057,90.989594,190,200,winter,10,0.16700420435518026
eta_lat_p44p523903_lon_m17p010422.npy,44.523903,-17.010422,110,120,winter,10,0.14157893881201744
eta_lat_p61p082935_lon_m35p089630.npy,61.082935,-35.08963,180,190,winter,10,0.2098857220262289
eta_lat_m51p994694_lon_p144p989563.npy,-51.994694,144.989563,110,120,winter,10,0.2464922796934843
eta_lat_m61p508057_lon_m95p010414.npy,-61.508057,-95.010414,180,190,winter,10,0.16247370280325413
eta_lat_m21p610189_lon_p108p989594.npy,-21.610189,108.989594,160,170,winter,10,0.14058717153966427
eta_lat_m71p306725_lon_m29p016449.npy,-71.306725,-29.016449,130,140,winter,10,0.5493175387382507
eta_lat_m16p395037_lon_p84p989594.npy,-16.395037,84.989594,150,160,winter,10,0.11869387421756983
eta_lat_m64p202515_lon_p60p989578.npy,-64.202515,60.989578,160,170,winter,10,0.13714323099702597
eta_lat_p16p395037_lon_m53p010422.npy,16.395037,-53.010422,150,160,winter,10,0.2170870453119278
eta_lat_m55p400803_lon_m5p010422.npy,-55.400803,-5.010422,110,120,winter,10,0.09084409102797508
eta_lat_m68p928383_lon_m59p010422.npy,-68.928383,-59.010422,170,180,winter,10,0.7733607739210129
eta_lat_m21p610189_lon_m107p010414.npy,-21.610189,-107.010414,160,170,winter,10,0.08840514719486237
eta_lat_m5p545479_lon_p66p989594.npy,-5.545479,66.989594,190,200,winter,10,0.2021735068410635
eta_lat_m44p523903_lon_p138p989563.npy,-44.523903,138.989563,110,120,winter,10,0.1194124105386436
eta_lat_m51p994694_lon_p150p989563.npy,-51.994694,150.989563,110,120,winter,10,0.221529271453619
eta_lat_m55p400803_lon_p78p989594.npy,-55.400803,78.989594,140,150,winter,10,0.09223405364900827
eta_lat_p26p641497_lon_m131p010422.npy,26.641497,-131.010422,190,200,winter,10,0.10309519618749619
eta_lat_m40p414062_lon_p120p989594.npy,-40.414062,120.989594,160,170,winter,10,0.08394608926028013
eta_lat_p11p027672_lon_m161p010422.npy,11.027672,-161.010422,110,120,winter,10,0.1489314427599311
eta_lat_m51p994694_lon_p18p989578.npy,-51.994694,18.989578,140,150,winter,10,0.13470007060095668
eta_lat_p51p994694_lon_m29p010422.npy,51.994694,-29.010422,150,160,winter,10,0.22306187078356743
eta_lat_m0p009682_lon_p66p989594.npy,-0.009682,66.989594,140,150,winter,10,0.2532960344105959
eta_lat_m58p574665_lon_m95p010414.npy,-58.574665,-95.010414,190,200,winter,10,0.10793894249945879
eta_lat_m51p994694_lon_m89p010414.npy,-51.994694,-89.010414,170,180,winter,10,0.15163010731339455
eta_lat_m44p523903_lon_m23p010422.npy,-44.523903,-23.010422,180,190,winter,10,0.13474062085151672
eta_lat_m55p389462_lon_m95p010414.npy,-55.389462,-95.010414,120,130,winter,10,0.1257354123517871
eta_lat_m61p508057_lon_p66p989594.npy,-61.508057,66.989594,180,190,winter,10,0.13178795902058482
eta_lat_p5p545479_lon_m29p010422.npy,5.545479,-29.010422,120,130,winter,10,0.18318555690348148
eta_lat_m51p994694_lon_m167p010422.npy,-51.994694,-167.010422,130,140,winter,10,0.1991261513903737
eta_lat_p11p027672_lon_p84p989594.npy,11.027672,84.989594,120,130,winter,10,0.28216259740293026
eta_lat_m40p414062_lon_p120p989594.npy,-40.414062,120.989594,170,180,winter,10,0.08445068122819066
eta_lat_m40p414062_lon_m101p010414.npy,-40.414062,-101.010414,190,200,winter,10,0.11765887262299657
eta_lat_p5p545479_lon_m95p010414.npy,5.545479,-95.010414,180,190,winter,10,0.3505825363099575
eta_lat_m52p006847_lon_m53p010422.npy,-52.006847,-53.010422,130,140,winter,10,0.22274998761713505
eta_lat_m40p414062_lon_p96p989594.npy,-40.414062,96.989594,160,170,winter,10,0.0815799180418253
eta_lat_p21p610189_lon_m65p010414.npy,21.610189,-65.010414,120,130,winter,10,0.12997951917350292
eta_lat_m55p400803_lon_p174p989563.npy,-55.400803,174.989563,120,130,winter,10,0.6127583906054497
eta_lat_p11p027672_lon_m95p010414.npy,11.027672,-95.010414,160,170,winter,10,0.1604240983724594
eta_lat_m52p006847_lon_m167p010422.npy,-52.006847,-167.010422,160,170,winter,10,0.13005299400538206
eta_lat_m61p508057_lon_p12p989578.npy,-61.508057,12.989578,190,200,winter,10,0.06598505843430758
eta_lat_m58p574665_lon_m89p010414.npy,-58.574665,-89.010414,150,160,winter,10,0.11355584673583508
eta_lat_m26p641497_lon_p66p989594.npy,-26.641497,66.989594,170,180,winter,10,0.13370152935385704
eta_lat_m61p508057_lon_p24p989578.npy,-61.508057,24.989578,160,170,winter,10,0.11381042469292879
eta_lat_m52p006847_lon_m101p010414.npy,-52.006847,-101.010414,150,160,winter,10,0.08913512248545885
eta_lat_m26p641497_lon_p174p989563.npy,-26.641497,174.989563,130,140,winter,10,0.25920091662555933
eta_lat_p26p641497_lon_m41p010422.npy,26.641497,-41.010422,110,120,winter,10,0.07074496615678072
eta_lat_m40p414062_lon_m23p010422.npy,-40.414062,-23.010422,140,150,winter,10,0.08841263968497515
eta_lat_m26p641497_lon_p66p989594.npy,-26.641497,66.989594,160,170,winter,10,0.10456953570246696
eta_lat_p11p027672_lon_m149p010422.npy,11.027672,-149.010422,160,170,winter,10,0.15447273012250662
eta_lat_m58p574665_lon_m41p010422.npy,-58.574665,-41.010422,190,200,winter,10,0.20912683382630348
eta_lat_m31p463802_lon_p78p989594.npy,-31.463802,78.989594,160,170,winter,10,0.126991075463593
eta_lat_m31p463802_lon_m17p010422.npy,-31.463802,-17.010422,160,170,winter,10,0.09545487957075238
eta_lat_m58p574665_lon_p150p989563.npy,-58.574665,150.989563,140,150,winter,10,0.12381529249250889
eta_lat_m40p414062_lon_p126p989594.npy,-40.414062,126.989594,120,130,winter,10,0.07770582009106874
eta_lat_m68p928383_lon_m11p010422.npy,-68.928383,-11.010422,160,170,winter,10,0.49953052401542664
eta_lat_m44p523903_lon_m161p010422.npy,-44.523903,-161.010422,140,150,winter,10,0.09286068473011255
eta_lat_m68p928383_lon_m95p010414.npy,-68.928383,-95.010414,130,140,winter,10,0.9100786820054054
eta_lat_m52p006847_lon_m137p010422.npy,-52.006847,-137.010422,120,130,winter,10,0.1733478643000126
eta_lat_m48p374134_lon_p114p989594.npy,-48.374134,114.989594,110,120,winter,10,0.4433497115969658
eta_lat_m55p389462_lon_p54p989578.npy,-55.389462,54.989578,190,200,winter,10,0.10613981261849403
eta_lat_m64p202515_lon_p78p989594.npy,-64.202515,78.989594,150,160,winter,10,0.05922102462500334
eta_lat_m55p389462_lon_m143p010422.npy,-55.389462,-143.010422,160,170,winter,10,0.18899770360440016
eta_lat_m51p994694_lon_m47p010422.npy,-51.994694,-47.010422,130,140,winter,10,0.2001555897295475
eta_lat_p36p058659_lon_m143p010422.npy,36.058659,-143.010422,190,200,winter,10,0.08698469586670399
eta_lat_m55p400803_lon_p144p989563.npy,-55.400803,144.989563,150,160,winter,10,0.09582128608599305
eta_lat_p51p994694_lon_p150p989563.npy,51.994694,150.989563,110,120,winter,10,0.057093781884759665
eta_lat_m31p463802_lon_p72p989594.npy,-31.463802,72.989594,190,200,winter,10,0.08753751683980227
eta_lat_p40p414062_lon_m59p010422.npy,40.414062,-59.010422,120,130,winter,10,0.1373184248805046
eta_lat_p11p027672_lon_m167p010422.npy,11.027672,-167.010422,170,180,winter,10,0.14288023114204407
eta_lat_m51p994694_lon_p144p989563.npy,-51.994694,144.989563,150,160,winter,10,0.204108577221632
eta_lat_m68p928383_lon_m149p010422.npy,-68.928383,-149.010422,140,150,winter,10,0.3328845575451851
eta_lat_m11p027672_lon_m17p010422.npy,-11.027672,-17.010422,130,140,winter,10,0.12695908825844526
eta_lat_p40p414062_lon_m149p010422.npy,40.414062,-149.010422,170,180,winter,10,0.1933300457894802
eta_lat_m58p574665_lon_m65p010414.npy,-58.574665,-65.010414,140,150,winter,10,0.4127604737877846
eta_lat_m58p574665_lon_p84p989594.npy,-58.574665,84.989594,170,180,winter,10,0.13819168414920568
eta_lat_m55p400803_lon_m131p010422.npy,-55.400803,-131.010422,140,150,winter,10,0.20293655805289745
eta_lat_m16p395037_lon_p108p989594.npy,-16.395037,108.989594,170,180,winter,10,0.13029336463660002
eta_lat_m51p994694_lon_p90p989594.npy,-51.994694,90.989594,150,160,winter,10,0.235327685251832
eta_lat_p61p579643_lon_m58p686073.npy,61.579643,-58.686073,120,130,winter,10,0.38320239447057247
eta_lat_m61p508057_lon_m101p010414.npy,-61.508057,-101.010414,140,150,winter,10,0.18143046554178
eta_lat_p31p463802_lon_m167p010422.npy,31.463802,-167.010422,130,140,winter,10,0.09977789735421538
eta_lat_m5p545479_lon_m23p010422.npy,-5.545479,-23.010422,180,190,winter,10,0.12828862480819225
eta_lat_p21p610189_lon_m35p010422.npy,21.610189,-35.010422,180,190,winter,10,0.24000837840139866
eta_lat_m64p202515_lon_m119p010414.npy,-64.202515,-119.010414,140,150,winter,10,0.09338635578751564
eta_lat_m66p662788_lon_p174p989563.npy,-66.662788,174.989563,140,150,winter,10,0.08077689493075013
eta_lat_m68p928383_lon_m101p010414.npy,-68.928383,-101.010414,160,170,winter,10,0.31768402829766273
eta_lat_m68p928383_lon_m47p010422.npy,-68.928383,-47.010422,140,150,winter,10,0.9053662717342377
eta_lat_m66p662788_lon_m77p010414.npy,-66.662788,-77.010414,180,190,winter,10,0.14482652954757214
eta_lat_m55p400803_lon_p6p989578.npy,-55.400803,6.989578,140,150,winter,10,0.0657620974816382
eta_lat_m55p389462_lon_p30p989578.npy,-55.389462,30.989578,130,140,winter,10,0.19618129171431065
eta_lat_p67p966568_lon_p0p326355.npy,67.966568,0.326355,180,190,winter,10,0.13771746680140495
eta_lat_m31p463802_lon_m89p010414.npy,-31.463802,-89.010414,170,180,winter,10,0.11543768178671598
eta_lat_m66p662788_lon_m119p010414.npy,-66.662788,-119.010414,160,170,winter,10,0.09806645335629582
eta_lat_p61p579643_lon_m58p686073.npy,61.579643,-58.686073,190,200,winter,10,1.246931105852127
eta_lat_m40p414062_lon_m131p010422.npy,-40.414062,-131.010422,190,200,winter,10,0.08624440990388393
eta_lat_m40p414062_lon_m125p010414.npy,-40.414062,-125.010414,170,180,winter,10,0.07941569248214364
eta_lat_m71p152878_lon_m166p947037.npy,-71.152878,-166.947037,170,180,winter,10,1.4718384891748428
eta_lat_m21p610189_lon_m119p010414.npy,-21.610189,-119.010414,110,120,winter,10,0.06444135960191488
eta_lat_m40p414062_lon_p126p989594.npy,-40.414062,126.989594,150,160,winter,10,0.07187877921387553
eta_lat_m40p414062_lon_p84p989594.npy,-40.414062,84.989594,120,130,winter,10,0.08575095981359482
eta_lat_m72p438423_lon_m118p949417.npy,-72.438423,-118.949417,180,190,winter,10,0.5294313281774521
eta_lat_p31p463802_lon_m131p010422.npy,31.463802,-131.010422,170,180,winter,10,0.17298593278974295
eta_lat_p68p049988_lon_p6p988419.npy,68.049988,6.988419,120,130,winter,10,0.2046650629490614
eta_lat_m21p610189_lon_p84p989594.npy,-21.610189,84.989594,110,120,winter,10,0.09318026201799512
eta_lat_m64p202515_lon_m113p010414.npy,-64.202515,-113.010414,190,200,winter,10,0.09029422560706735
eta_lat_p16p395037_lon_p138p989563.npy,16.395037,138.989563,150,160,winter,10,0.21355852577835321
eta_lat_m51p994694_lon_p60p989578.npy,-51.994694,60.989578,110,120,winter,10,0.08321991749107838
eta_lat_m58p574665_lon_p84p989594.npy,-58.574665,84.989594,120,130,winter,10,0.32394435442984104
eta_lat_m61p508057_lon_m155p010422.npy,-61.508057,-155.010422,160,170,winter,10,0.1097838943824172
eta_lat_m36p058659_lon_p162p989563.npy,-36.058659,162.989563,150,160,winter,10,0.23043822962790728
eta_lat_p40p414062_lon_m143p010422.npy,40.414062,-143.010422,150,160,winter,10,0.15274160774424672
eta_lat_m64p202515_lon_m137p010422.npy,-64.202515,-137.010422,140,150,winter,10,0.10214308928698301
eta_lat_p21p610189_lon_m29p010422.npy,21.610189,-29.010422,190,200,winter,10,0.11799853201955557
eta_lat_m36p058659_lon_p72p989594.npy,-36.058659,72.989594,180,190,winter,10,0.08103479770943522
eta_lat_m64p202515_lon_m119p010414.npy,-64.202515,-119.010414,160,170,winter,10,0.09261594898998737
eta_lat_p58p499409_lon_m23p040436.npy,58.499409,-23.040436,180,190,winter,10,0.29490187019109726
eta_lat_m51p994694_lon_p132p989563.npy,-51.994694,132.989563,180,190,winter,10,0.1730862269178033
eta_lat_m26p641497_lon_p78p989594.npy,-26.641497,78.989594,150,160,winter,10,0.08159689698368311
eta_lat_m58p574665_lon_p0p989578.npy,-58.574665,0.989578,140,150,winter,10,0.07207719096913934
eta_lat_m55p389462_lon_p138p989563.npy,-55.389462,138.989563,170,180,winter,10,0.10186796728521585
eta_lat_m16p395037_lon_m89p010414.npy,-16.395037,-89.010414,120,130,winter,10,0.17945696786046028
eta_lat_m21p610189_lon_m113p010414.npy,-21.610189,-113.010414,120,130,winter,10,0.05979754589498043
eta_lat_m58p574665_lon_m23p010422.npy,-58.574665,-23.010422,110,120,winter,10,0.30978077091276646
eta_lat_m51p994694_lon_p96p989594.npy,-51.994694,96.989594,190,200,winter,10,0.2013661591336131
eta_lat_m71p317345_lon_m23p007370.npy,-71.317345,-23.00737,180,190,winter,10,0.5762242525815964
eta_lat_p0p009682_lon_p162p989563.npy,0.009682,162.989563,120,130,winter,10,0.15218312852084637
eta_lat_m64p202515_lon_m113p010414.npy,-64.202515,-113.010414,120,130,winter,10,0.12107130419462919
eta_lat_m52p006847_lon_p174p989563.npy,-52.006847,174.989563,190,200,winter,10,0.24649414792656898
eta_lat_m68p928383_lon_m137p010422.npy,-68.928383,-137.010422,190,200,winter,10,0.08242647349834442
eta_lat_m44p523903_lon_m161p010422.npy,-44.523903,-161.010422,130,140,winter,10,0.07051617279648781
eta_lat_m40p414062_lon_p84p989594.npy,-40.414062,84.989594,140,150,winter,10,0.09794107777997851
eta_lat_p68p049988_lon_p6p988419.npy,68.049988,6.988419,160,170,winter,10,0.1324403304606676
eta_lat_m55p400803_lon_m17p010422.npy,-55.400803,-17.010422,180,190,winter,10,0.12641943665221334
eta_lat_m36p058659_lon_m173p010422.npy,-36.058659,-173.010422,180,190,winter,10,0.10616290709003806
eta_lat_p11p027672_lon_p174p989563.npy,11.027672,174.989563,180,190,winter,10,0.1692691659554839
eta_lat_m26p641497_lon_p90p989594.npy,-26.641497,90.989594,170,180,winter,10,0.12113737687468529
eta_lat_p26p641497_lon_p174p989563.npy,26.641497,174.989563,130,140,winter,10,0.13486837968230247
eta_lat_m40p414062_lon_m137p010422.npy,-40.414062,-137.010422,130,140,winter,10,0.08800206379964948
eta_lat_m61p508057_lon_m5p010422.npy,-61.508057,-5.010422,130,140,winter,10,0.41134513914585114
eta_lat_m68p928383_lon_p174p989563.npy,-68.928383,174.989563,170,180,winter,10,0.13948962837457657
eta_lat_m64p202515_lon_m77p010414.npy,-64.202515,-77.010414,110,120,winter,10,0.24669909477233887
eta_lat_p21p610189_lon_p126p989594.npy,21.610189,126.989594,150,160,winter,10,0.21104343980550766
eta_lat_m51p994694_lon_p114p989594.npy,-51.994694,114.989594,120,130,winter,10,0.08580330945551395
eta_lat_p36p058659_lon_m173p010422.npy,36.058659,-173.010422,190,200,winter,10,0.13422936759889126
eta_lat_m70p827019_lon_m124p974617.npy,-70.827019,-124.974617,190,200,winter,10,0.7331354394555092
eta_lat_m31p463802_lon_m107p010414.npy,-31.463802,-107.010414,170,180,winter,10,0.08094823127612472
eta_lat_m58p574665_lon_p6p989578.npy,-58.574665,6.989578,140,150,winter,10,0.06618224550038576
eta_lat_m55p400803_lon_p108p989594.npy,-55.400803,108.989594,120,130,winter,10,0.13375001959502697
eta_lat_m58p574665_lon_m155p010422.npy,-58.574665,-155.010422,110,120,winter,10,0.12871147925034165
eta_lat_p44p523903_lon_m17p010422.npy,44.523903,-17.010422,190,200,winter,10,0.16668003425002098
eta_lat_p11p027672_lon_m59p010422.npy,11.027672,-59.010422,110,120,winter,10,0.09474792703986168
eta_lat_m48p374134_lon_p120p989594.npy,-48.374134,120.989594,160,170,winter,10,0.6100177709013224
eta_lat_m55p389462_lon_m119p010414.npy,-55.389462,-119.010414,160,170,winter,10,0.19540704879909754
eta_lat_m5p545479_lon_m167p010422.npy,-5.545479,-167.010422,130,140,winter,10,0.17445605713874102
eta_lat_m64p202515_lon_p6p989578.npy,-64.202515,6.989578,120,130,winter,10,0.3181009218096733
eta_lat_m11p027672_lon_p84p989594.npy,-11.027672,84.989594,170,180,winter,10,0.1394905624911189
eta_lat_m58p574665_lon_p6p989578.npy,-58.574665,6.989578,170,180,winter,10,0.06246359879150987
eta_lat_m31p463802_lon_p0p989578.npy,-31.463802,0.989578,110,120,winter,10,0.10223326180130243
eta_lat_m52p006847_lon_p126p989594.npy,-52.006847,126.989594,180,190,winter,10,0.524435494095087
eta_lat_p36p058659_lon_p156p989563.npy,36.058659,156.989563,130,140,winter,10,0.23137349542230368
eta_lat_m21p610189_lon_p84p989594.npy,-21.610189,84.989594,190,200,winter,10,0.08813334023579955
eta_lat_m31p463802_lon_p66p989594.npy,-31.463802,66.989594,140,150,winter,10,0.07492013368755579
eta_lat_m51p994694_lon_p132p989563.npy,-51.994694,132.989563,150,160,winter,10,0.10152604291215539
eta_lat_p21p610189_lon_m137p010422.npy,21.610189,-137.010422,110,120,winter,10,0.10326699446886778
eta_lat_m55p389462_lon_p144p989563.npy,-55.389462,144.989563,110,120,winter,10,0.07463008025661111
eta_lat_m55p389462_lon_p102p989594.npy,-55.389462,102.989594,140,150,winter,10,0.22461575828492641
eta_lat_m48p374134_lon_p174p989563.npy,-48.374134,174.989563,180,190,winter,10,0.32511466927826405
eta_lat_p48p374134_lon_m149p010422.npy,48.374134,-149.010422,150,160,winter,10,0.23651708476245403
eta_lat_m21p610189_lon_m95p010414.npy,-21.610189,-95.010414,190,200,winter,10,0.06835843250155449
eta_lat_m21p610189_lon_p72p989594.npy,-21.610189,72.989594,150,160,winter,10,0.11407914385199547
eta_lat_m58p574665_lon_m173p010422.npy,-58.574665,-173.010422,180,190,winter,10,0.16105758491903543
eta_lat_p26p641497_lon_m71p010414.npy,26.641497,-71.010414,160,170,winter,10,0.10663924925029278
eta_lat_m52p006847_lon_m119p010414.npy,-52.006847,-119.010414,140,150,winter,10,0.15430593490600586
eta_lat_m73p796959_lon_m41p244324.npy,-73.796959,-41.244324,150,160,winter,10,0.9153281003236771
eta_lat_p40p414062_lon_m167p010422.npy,40.414062,-167.010422,150,160,winter,10,0.16389164421707392
eta_lat_m51p994694_lon_m101p010414.npy,-51.994694,-101.010414,120,130,winter,10,0.10118861310184002
eta_lat_m58p574665_lon_m119p010414.npy,-58.574665,-119.010414,170,180,winter,10,0.1473710504360497
eta_lat_p51p994694_lon_m35p010422.npy,51.994694,-35.010422,160,170,winter,10,0.23784167785197496
eta_lat_m68p928383_lon_m11p010422.npy,-68.928383,-11.010422,170,180,winter,10,0.639763742685318
eta_lat_p51p994694_lon_m47p010422.npy,51.994694,-47.010422,150,160,winter,10,0.2231730124913156
eta_lat_m51p994694_lon_p102p989594.npy,-51.994694,102.989594,180,190,winter,10,0.2422889806330204
eta_lat_p36p058659_lon_p150p989563.npy,36.058659,150.989563,160,170,winter,10,0.35978814214468
eta_lat_m64p202515_lon_p30p989578.npy,-64.202515,30.989578,150,160,winter,10,0.09153970121406019
eta_lat_m71p197975_lon_m172p950165.npy,-71.197975,-172.950165,160,170,winter,10,2.073861926794052
eta_lat_m40p414062_lon_p102p989594.npy,-40.414062,102.989594,140,150,winter,10,0.08865494187921286
eta_lat_m31p463802_lon_m155p010422.npy,-31.463802,-155.010422,190,200,winter,10,0.11596489604562521
eta_lat_m52p006847_lon_p84p989594.npy,-52.006847,84.989594,150,160,winter,10,0.40029753372073174
eta_lat_m44p523903_lon_p78p989594.npy,-44.523903,78.989594,140,150,winter,10,0.5286870393902063
eta_lat_m55p400803_lon_m125p010414.npy,-55.400803,-125.010414,190,200,winter,10,0.48252660408616066
eta_lat_p31p463802_lon_p150p989563.npy,31.463802,150.989563,170,180,winter,10,0.16674612183123827
eta_lat_m31p463802_lon_m35p010422.npy,-31.463802,-35.010422,130,140,winter,10,0.14895069133490324
eta_lat_p0p009682_lon_m167p010422.npy,0.009682,-167.010422,160,170,winter,10,0.18597328569740057
eta_lat_m61p508057_lon_p54p989578.npy,-61.508057,54.989578,130,140,winter,10,0.11113365739583969
eta_lat_p48p374134_lon_m41p010422.npy,48.374134,-41.010422,170,180,winter,10,0.20932301599532366
eta_lat_m52p006847_lon_m11p010422.npy,-52.006847,-11.010422,150,160,winter,10,0.1209219777956605
eta_lat_p0p009682_lon_m119p010414.npy,0.009682,-119.010414,180,190,winter,10,0.155597273260355
eta_lat_p40p414062_lon_m59p010422.npy,40.414062,-59.010422,190,200,winter,10,0.16054284293204546
eta_lat_p51p994694_lon_p150p989563.npy,51.994694,150.989563,140,150,winter,10,0.13143200147897005
eta_lat_p16p395037_lon_m143p010422.npy,16.395037,-143.010422,140,150,winter,10,0.10452543012797832
eta_lat_m61p508057_lon_m149p010422.npy,-61.508057,-149.010422,160,170,winter,10,0.07667629141360521
eta_lat_m51p994694_lon_p84p989594.npy,-51.994694,84.989594,150,160,winter,10,0.3720220625400543
eta_lat_m40p414062_lon_m119p010414.npy,-40.414062,-119.010414,180,190,winter,10,0.060104725416749716
eta_lat_m58p574665_lon_p96p989594.npy,-58.574665,96.989594,140,150,winter,10,0.30996038392186165
eta_lat_m64p202515_lon_p156p989563.npy,-64.202515,156.989563,140,150,winter,10,0.10080328467302024
eta_lat_m73p796959_lon_m41p244324.npy,-73.796959,-41.244324,130,140,winter,10,0.9410277232527733
eta_lat_p31p463802_lon_m23p010422.npy,31.463802,-23.010422,190,200,winter,10,0.12479308620095253
eta_lat_p64p927673_lon_m5p599991.npy,64.927673,-5.599991,110,120,winter,10,0.15135842189192772
eta_lat_m11p027672_lon_m17p010422.npy,-11.027672,-17.010422,120,130,winter,10,0.24937747046351433
eta_lat_m64p202515_lon_p120p989594.npy,-64.202515,120.989594,140,150,winter,10,0.07140212832018733
eta_lat_m66p662788_lon_m161p010422.npy,-66.662788,-161.010422,130,140,winter,10,1.1516540050506592
eta_lat_m68p928383_lon_p168p989563.npy,-68.928383,168.989563,110,120,winter,10,0.3561487700790167
eta_lat_m68p928383_lon_m107p010414.npy,-68.928383,-107.010414,170,180,winter,10,0.15436271112412214
eta_lat_m61p508057_lon_p18p989578.npy,-61.508057,18.989578,170,180,winter,10,0.06691163266077638
eta_lat_m40p414062_lon_m143p010422.npy,-40.414062,-143.010422,160,170,winter,10,0.08518770895898342
eta_lat_m36p058659_lon_m89p010414.npy,-36.058659,-89.010414,120,130,winter,10,0.12186699826270342
eta_lat_p11p027672_lon_m41p010422.npy,11.027672,-41.010422,130,140,winter,10,0.16840515285730362
eta_lat_m16p395037_lon_p0p989578.npy,-16.395037,0.989578,120,130,winter,10,0.08928334712982178
eta_lat_p26p641497_lon_m71p010414.npy,26.641497,-71.010414,180,190,winter,10,0.11881155334413052
eta_lat_m61p508057_lon_m119p010414.npy,-61.508057,-119.010414,180,190,winter,10,0.09732381347566843
eta_lat_m68p928383_lon_m113p010414.npy,-68.928383,-113.010414,160,170,winter,10,0.15901617566123605
eta_lat_p26p641497_lon_m23p010422.npy,26.641497,-23.010422,190,200,winter,10,0.09051209362223744
eta_lat_m36p058659_lon_m149p010422.npy,-36.058659,-149.010422,160,170,winter,10,0.0993523495271802
eta_lat_m40p414062_lon_m17p010422.npy,-40.414062,-17.010422,140,150,winter,10,0.12939618434756994
eta_lat_p21p610189_lon_m119p010414.npy,21.610189,-119.010414,170,180,winter,10,0.11256454512476921
eta_lat_m31p463802_lon_m11p010422.npy,-31.463802,-11.010422,170,180,winter,10,0.14641098305583
eta_lat_p5p545479_lon_m101p010414.npy,5.545479,-101.010414,130,140,winter,10,0.25699178874492645
eta_lat_m55p389462_lon_p108p989594.npy,-55.389462,108.989594,180,190,winter,10,0.168796356767416
eta_lat_m11p027672_lon_m23p010422.npy,-11.027672,-23.010422,110,120,winter,10,0.0790667925029993
eta_lat_p16p395037_lon_m149p010422.npy,16.395037,-149.010422,140,150,winter,10,0.11675081495195627
eta_lat_m0p009682_lon_m17p010422.npy,-0.009682,-17.010422,120,130,winter,10,0.20398380886763334
eta_lat_m31p463802_lon_p60p989578.npy,-31.463802,60.989578,180,190,winter,10,0.10058981459587812
eta_lat_m61p508057_lon_p6p989578.npy,-61.508057,6.989578,120,130,winter,10,0.189996974542737
eta_lat_m48p374134_lon_m95p010414.npy,-48.374134,-95.010414,150,160,winter,10,0.09559330204501748
eta_lat_m71p011032_lon_m148p947784.npy,-71.011032,-148.947784,190,200,winter,10,0.2999959345906973
eta_lat_m44p523903_lon_m143p010422.npy,-44.523903,-143.010422,120,130,winter,10,0.086166653316468
eta_lat_p16p395037_lon_m41p010422.npy,16.395037,-41.010422,130,140,winter,10,0.13337307143956423
eta_lat_m52p006847_lon_m155p010422.npy,-52.006847,-155.010422,150,160,winter,10,0.11131189856678247
eta_lat_m0p009682_lon_p54p989578.npy,-0.009682,54.989578,140,150,winter,10,0.2257381808012724
eta_lat_m52p006847_lon_m5p010422.npy,-52.006847,-5.010422,150,160,winter,10,0.12077964097261429
eta_lat_m61p508057_lon_p84p989594.npy,-61.508057,84.989594,140,150,winter,10,0.07786534493789077
eta_lat_m36p058659_lon_p108p989594.npy,-36.058659,108.989594,160,170,winter,10,0.08717595133930445
eta_lat_m64p202515_lon_p18p989578.npy,-64.202515,18.989578,160,170,winter,10,0.06301019480451941
eta_lat_m58p574665_lon_m143p010422.npy,-58.574665,-143.010422,170,180,winter,10,0.12041904218494892
eta_lat_m11p027672_lon_m11p010422.npy,-11.027672,-11.010422,130,140,winter,10,0.16196815576404333
eta_lat_p5p545479_lon_m107p010414.npy,5.545479,-107.010414,140,150,winter,10,0.16139095090329647
eta_lat_m61p508057_lon_p18p989578.npy,-61.508057,18.989578,110,120,winter,10,0.32137840427458286
eta_lat_m58p574665_lon_m77p010414.npy,-58.574665,-77.010414,120,130,winter,10,0.09774153493344784
eta_lat_p0p009682_lon_m149p010422.npy,0.009682,-149.010422,130,140,winter,10,0.1851435163989663
eta_lat_m48p374134_lon_m149p010422.npy,-48.374134,-149.010422,190,200,winter,10,0.05838008504360914
eta_lat_m11p027672_lon_p66p989594.npy,-11.027672,66.989594,110,120,winter,10,0.14079744555056095
eta_lat_m5p545479_lon_m11p010422.npy,-5.545479,-11.010422,170,180,winter,10,0.22372189350426197
eta_lat_m55p400803_lon_m47p010422.npy,-55.400803,-47.010422,110,120,winter,10,0.1618771804496646
eta_lat_m0p009682_lon_m17p010422.npy,-0.009682,-17.010422,170,180,winter,10,0.20204132702201605
eta_lat_p16p395037_lon_m35p010422.npy,16.395037,-35.010422,170,180,winter,10,0.12084982264786959
eta_lat_m0p009682_lon_m35p010422.npy,-0.009682,-35.010422,120,130,winter,10,0.12598136626183987
eta_lat_m64p202515_lon_p168p989563.npy,-64.202515,168.989563,170,180,winter,10,0.18077750504016876
eta_lat_p40p414062_lon_m161p010422.npy,40.414062,-161.010422,130,140,winter,10,0.10644138045608997
eta_lat_p36p058659_lon_p162p989563.npy,36.058659,162.989563,140,150,winter,10,0.2142584342509508
eta_lat_p5p545479_lon_m23p010422.npy,5.545479,-23.010422,150,160,winter,10,0.156243490986526
eta_lat_m48p374134_lon_m119p010414.npy,-48.374134,-119.010414,130,140,winter,10,0.06166534312069416
eta_lat_m11p027672_lon_m17p010422.npy,-11.027672,-17.010422,180,190,winter,10,0.21464620903134346
eta_lat_p26p641497_lon_p174p989563.npy,26.641497,174.989563,140,150,winter,10,0.11456322018057108
eta_lat_m68p928383_lon_p168p989563.npy,-68.928383,168.989563,130,140,winter,10,0.14976013265550137
eta_lat_m40p414062_lon_p72p989594.npy,-40.414062,72.989594,130,140,winter,10,0.10385886952280998
eta_lat_m66p662788_lon_m53p010422.npy,-66.662788,-53.010422,110,120,winter,10,3.108061671257019
eta_lat_p11p027672_lon_p84p989594.npy,11.027672,84.989594,140,150,winter,10,0.2368328021839261
eta_lat_m58p574665_lon_p84p989594.npy,-58.574665,84.989594,150,160,winter,10,0.6573392450809479
eta_lat_p21p610189_lon_m149p010422.npy,21.610189,-149.010422,150,160,winter,10,0.09936249256134033
eta_lat_m48p374134_lon_m17p010422.npy,-48.374134,-17.010422,160,170,winter,10,0.11182546429336071
eta_lat_m55p389462_lon_m143p010422.npy,-55.389462,-143.010422,130,140,winter,10,0.13769053481519222
eta_lat_p11p027672_lon_m35p010422.npy,11.027672,-35.010422,130,140,winter,10,0.13500216230750084
eta_lat_p48p374134_lon_m41p010422.npy,48.374134,-41.010422,130,140,winter,10,0.23990380577743053
eta_lat_m58p574665_lon_p48p989578.npy,-58.574665,48.989578,110,120,winter,10,0.0789220230653882
eta_lat_m52p006847_lon_p174p989563.npy,-52.006847,174.989563,130,140,winter,10,0.32460820861160755
eta_lat_m75p355705_lon_m159p614578.npy,-75.355705,-159.614578,140,150,winter,10,3.7222697734832764
eta_lat_m40p414062_lon_m167p010422.npy,-40.414062,-167.010422,120,130,winter,10,0.10231623332947493
eta_lat_m55p400803_lon_m11p010422.npy,-55.400803,-11.010422,180,190,winter,10,0.13114707451313734
eta_lat_m55p389462_lon_m5p010422.npy,-55.389462,-5.010422,120,130,winter,10,0.11053676856681705
eta_lat_m55p400803_lon_m119p010414.npy,-55.400803,-119.010414,150,160,winter,10,0.579572755843401
eta_lat_m55p400803_lon_m83p010414.npy,-55.400803,-83.010414,160,170,winter,10,0.1174582690000534
eta_lat_p16p395037_lon_m137p010422.npy,16.395037,-137.010422,110,120,winter,10,0.11759500112384558
eta_lat_m71p317345_lon_m23p007370.npy,-71.317345,-23.00737,120,130,winter,10,0.7943065166473389
eta_lat_m64p202515_lon_m125p010414.npy,-64.202515,-125.010414,130,140,winter,10,0.08097848203033209
eta_lat_m58p574665_lon_m35p010422.npy,-58.574665,-35.010422,170,180,winter,10,0.07305709831416607
eta_lat_p21p610189_lon_m173p010422.npy,21.610189,-173.010422,130,140,winter,10,0.19833820965141058
eta_lat_m58p574665_lon_m65p010414.npy,-58.574665,-65.010414,190,200,winter,10,0.26430918276309967
eta_lat_m61p508057_lon_m143p010422.npy,-61.508057,-143.010422,140,150,winter,10,0.099407272413373
eta_lat_m52p006847_lon_p96p989594.npy,-52.006847,96.989594,170,180,winter,10,0.4644933585077524
eta_lat_m55p400803_lon_m53p010422.npy,-55.400803,-53.010422,160,170,winter,10,0.510738555341959
eta_lat_m26p641497_lon_m155p010422.npy,-26.641497,-155.010422,170,180,winter,10,0.10051060281693935
eta_lat_m31p463802_lon_m5p010422.npy,-31.463802,-5.010422,160,170,winter,10,0.09463406447321177
eta_lat_m64p202515_lon_m71p010414.npy,-64.202515,-71.010414,160,170,winter,10,0.4122698996216059
eta_lat_m58p574665_lon_m89p010414.npy,-58.574665,-89.010414,170,180,winter,10,0.14565177354961634
eta_lat_m55p389462_lon_p132p989563.npy,-55.389462,132.989563,170,180,winter,10,0.25275331269949675
eta_lat_m11p027672_lon_m23p010422.npy,-11.027672,-23.010422,130,140,winter,10,0.11792676337063313
eta_lat_p21p610189_lon_m149p010422.npy,21.610189,-149.010422,180,190,winter,10,0.08284351415932178
eta_lat_m48p374134_lon_p108p989594.npy,-48.374134,108.989594,120,130,winter,10,0.11285165464505553
eta_lat_p26p641497_lon_m59p010422.npy,26.641497,-59.010422,110,120,winter,10,0.08847079891711473
eta_lat_m55p400803_lon_m23p010422.npy,-55.400803,-23.010422,140,150,winter,10,0.11741639394313097
eta_lat_m55p389462_lon_m11p010422.npy,-55.389462,-11.010422,180,190,winter,10,0.15670717880129814
eta_lat_m68p928383_lon_m95p010414.npy,-68.928383,-95.010414,110,120,winter,10,1.0049476623535156
eta_lat_m61p508057_lon_m113p010414.npy,-61.508057,-113.010414,190,200,winter,10,0.12242260202765465
eta_lat_m61p508057_lon_p132p989563.npy,-61.508057,132.989563,110,120,winter,10,0.16291702911257744
eta_lat_m16p395037_lon_m23p010422.npy,-16.395037,-23.010422,170,180,winter,10,0.08747592382133007
eta_lat_m40p414062_lon_p42p989578.npy,-40.414062,42.989578,150,160,winter,10,0.26323762349784374
eta_lat_m73p859009_lon_m35p162323.npy,-73.859009,-35.162323,190,200,winter,10,1.0913862995803356
eta_lat_m36p058659_lon_p102p989594.npy,-36.058659,102.989594,110,120,winter,10,0.10453225672245026
eta_lat_p16p395037_lon_m47p010422.npy,16.395037,-47.010422,110,120,winter,10,0.09932211227715015
eta_lat_m51p994694_lon_p36p989578.npy,-51.994694,36.989578,140,150,winter,10,0.15289051551371813
eta_lat_p11p027672_lon_p156p989563.npy,11.027672,156.989563,190,200,winter,10,0.2578892447054386
eta_lat_m58p574665_lon_m83p010414.npy,-58.574665,-83.010414,180,190,winter,10,0.0951216104440391
eta_lat_m44p523903_lon_p114p989594.npy,-44.523903,114.989594,140,150,winter,10,0.2945987582206726
eta_lat_p16p395037_lon_m131p010422.npy,16.395037,-131.010422,160,170,winter,10,0.1285789655521512
eta_lat_m52p006847_lon_p108p989594.npy,-52.006847,108.989594,110,120,winter,10,0.151814722456038
eta_lat_p36p058659_lon_m149p010422.npy,36.058659,-149.010422,150,160,winter,10,0.09176646173000336
eta_lat_m48p374134_lon_m89p010414.npy,-48.374134,-89.010414,140,150,winter,10,0.11580637330189347
eta_lat_m58p574665_lon_p144p989563.npy,-58.574665,144.989563,190,200,winter,10,0.13645763229578733
eta_lat_m21p610189_lon_p72p989594.npy,-21.610189,72.989594,170,180,winter,10,0.1329608066007495
eta_lat_m48p374134_lon_m11p010422.npy,-48.374134,-11.010422,170,180,winter,10,0.10639174468815327
eta_lat_m52p006847_lon_m47p010422.npy,-52.006847,-47.010422,150,160,winter,10,0.15462696459144354
eta_lat_p55p389462_lon_m35p010422.npy,55.389462,-35.010422,190,200,winter,10,0.15566425770521164
eta_lat_m55p400803_lon_m17p010422.npy,-55.400803,-17.010422,170,180,winter,10,0.12620709836483002
eta_lat_m36p058659_lon_m173p010422.npy,-36.058659,-173.010422,190,200,winter,10,0.07505383249372244
eta_lat_p44p523903_lon_m167p010422.npy,44.523903,-167.010422,170,180,winter,10,0.17106161173433065
eta_lat_m66p662788_lon_m149p010422.npy,-66.662788,-149.010422,160,170,winter,10,0.09556416235864162
eta_lat_p0p009682_lon_p162p989563.npy,0.009682,162.989563,190,200,winter,10,0.1792025212198496
eta_lat_p21p610189_lon_m173p010422.npy,21.610189,-173.010422,160,170,winter,10,0.15108869038522243
eta_lat_m71p011032_lon_m148p947784.npy,-71.011032,-148.947784,160,170,winter,10,0.3860790729522705
eta_lat_m40p414062_lon_m17p010422.npy,-40.414062,-17.010422,190,200,winter,10,0.10038292268291116
eta_lat_m55p400803_lon_p120p989594.npy,-55.400803,120.989594,180,190,winter,10,0.2311572590842843
eta_lat_m52p006847_lon_p24p989578.npy,-52.006847,24.989578,170,180,winter,10,0.20238028280436993
eta_lat_m40p414062_lon_p102p989594.npy,-40.414062,102.989594,150,160,winter,10,0.06756408791989088
eta_lat_m66p662788_lon_m41p010422.npy,-66.662788,-41.010422,140,150,winter,10,0.4112750329077244
eta_lat_m44p523903_lon_p120p989594.npy,-44.523903,120.989594,190,200,winter,10,0.10570947034284472
eta_lat_m31p463802_lon_m89p010414.npy,-31.463802,-89.010414,180,190,winter,10,0.11302652955055237
eta_lat_m26p641497_lon_m161p010422.npy,-26.641497,-161.010422,190,200,winter,10,0.08807233907282352
eta_lat_m66p662788_lon_m113p010414.npy,-66.662788,-113.010414,190,200,winter,10,0.11317121796309948
eta_lat_m16p395037_lon_m11p010422.npy,-16.395037,-11.010422,170,180,winter,10,0.18458600901067257
eta_lat_p51p994694_lon_m29p010422.npy,51.994694,-29.010422,160,170,winter,10,0.1791127109900117
eta_lat_m36p058659_lon_p66p989594.npy,-36.058659,66.989594,150,160,winter,10,0.07994844065979123
eta_lat_p40p414062_lon_m155p010422.npy,40.414062,-155.010422,140,150,winter,10,0.14462281484156847
eta_lat_m55p389462_lon_m101p010414.npy,-55.389462,-101.010414,150,160,winter,10,0.16505612805485725
eta_lat_m48p374134_lon_m5p010422.npy,-48.374134,-5.010422,130,140,winter,10,0.1124292341992259
eta_lat_m21p610189_lon_m23p010422.npy,-21.610189,-23.010422,150,160,winter,10,0.15415616799145937
eta_lat_p21p610189_lon_m173p010422.npy,21.610189,-173.010422,190,200,winter,10,0.1382800005376339
eta_lat_m21p610189_lon_p0p989578.npy,-21.610189,0.989578,170,180,winter,10,0.07528259232640266
eta_lat_p51p994694_lon_m29p010422.npy,51.994694,-29.010422,140,150,winter,10,0.20085966773331165
eta_lat_m66p662788_lon_m167p010422.npy,-66.662788,-167.010422,140,150,winter,10,0.23036104813218117
eta_lat_m64p202515_lon_m155p010422.npy,-64.202515,-155.010422,170,180,winter,10,0.07349678222090006
eta_lat_m36p058659_lon_m155p010422.npy,-36.058659,-155.010422,130,140,winter,10,0.12635320611298084
eta_lat_m55p400803_lon_m113p010414.npy,-55.400803,-113.010414,170,180,winter,10,0.19958248548209667
eta_lat_m66p662788_lon_m143p010422.npy,-66.662788,-143.010422,140,150,winter,10,0.3315447308123112
eta_lat_m51p994694_lon_m161p010422.npy,-51.994694,-161.010422,160,170,winter,10,0.12764590233564377
eta_lat_m55p389462_lon_m47p010422.npy,-55.389462,-47.010422,180,190,winter,10,0.18698859587311745
eta_lat_p51p994694_lon_m29p010422.npy,51.994694,-29.010422,110,120,winter,10,0.16183141712099314
eta_lat_m5p545479_lon_m107p010414.npy,-5.545479,-107.010414,130,140,winter,10,0.21276405081152916
eta_lat_p36p058659_lon_m29p010422.npy,36.058659,-29.010422,140,150,winter,10,0.1670826356858015
eta_lat_p26p641497_lon_m143p010422.npy,26.641497,-143.010422,150,160,winter,10,0.12916375882923603
eta_lat_m51p994694_lon_m53p010422.npy,-51.994694,-53.010422,170,180,winter,10,0.2874443419277668
eta_lat_m40p414062_lon_p66p989594.npy,-40.414062,66.989594,150,160,winter,10,0.10407415498048067
eta_lat_m44p523903_lon_m17p010422.npy,-44.523903,-17.010422,160,170,winter,10,0.08518429519608617
eta_lat_p48p374134_lon_m137p010422.npy,48.374134,-137.010422,140,150,winter,10,0.12671126797795296
eta_lat_m0p009682_lon_p60p989578.npy,-0.009682,60.989578,140,150,winter,10,0.22318682819604874
eta_lat_m64p202515_lon_p150p989563.npy,-64.202515,150.989563,130,140,winter,10,0.10948737524449825
eta_lat_p11p027672_lon_m101p010414.npy,11.027672,-101.010414,170,180,winter,10,0.13313229102641344
eta_lat_m70p857033_lon_m130p966385.npy,-70.857033,-130.966385,130,140,winter,10,1.4810881614685059
eta_lat_m55p400803_lon_p12p989578.npy,-55.400803,12.989578,120,130,winter,10,0.06957535352557898
eta_lat_m66p662788_lon_m53p010422.npy,-66.662788,-53.010422,170,180,winter,10,0.8180786073207855
eta_lat_p5p545479_lon_m95p010414.npy,5.545479,-95.010414,120,130,winter,10,0.3018678920343518
eta_lat_m64p202515_lon_p24p989578.npy,-64.202515,24.989578,110,120,winter,10,0.2465660534799099
eta_lat_m75p785980_lon_m171p738495.npy,-75.78598,-171.738495,130,140,winter,10,2.583482652902603
eta_lat_p55p389462_lon_m35p010422.npy,55.389462,-35.010422,110,120,winter,10,0.12646683817729354
eta_lat_m36p058659_lon_m17p010422.npy,-36.058659,-17.010422,150,160,winter,10,0.1870516799390316
eta_lat_m68p928383_lon_m83p010414.npy,-68.928383,-83.010414,110,120,winter,10,0.11176200024783611
eta_lat_p11p027672_lon_p60p989578.npy,11.027672,60.989578,190,200,winter,10,0.22138898074626923
eta_lat_m55p400803_lon_m161p010422.npy,-55.400803,-161.010422,120,130,winter,10,0.22621730342507362
eta_lat_m52p006847_lon_m131p010422.npy,-52.006847,-131.010422,140,150,winter,10,0.07662121765315533
eta_lat_m55p389462_lon_p138p989563.npy,-55.389462,138.989563,150,160,winter,10,0.14077077992260456
eta_lat_m31p463802_lon_p84p989594.npy,-31.463802,84.989594,150,160,winter,10,0.08098218310624361
eta_lat_p61p367260_lon_m23p297623.npy,61.36726,-23.297623,120,130,winter,10,0.19276997447013855
eta_lat_p31p463802_lon_m155p010422.npy,31.463802,-155.010422,140,150,winter,10,0.11630116170272231
eta_lat_p40p414062_lon_m167p010422.npy,40.414062,-167.010422,160,170,winter,10,0.09453357569873333
eta_lat_p40p414062_lon_m173p010422.npy,40.414062,-173.010422,150,160,winter,10,0.1636243872344494
eta_lat_m61p508057_lon_p126p989594.npy,-61.508057,126.989594,160,170,winter,10,0.5112390741705894
eta_lat_m58p574665_lon_p156p989563.npy,-58.574665,156.989563,120,130,winter,10,0.07886286545544863
eta_lat_m58p574665_lon_p90p989594.npy,-58.574665,90.989594,140,150,winter,10,0.152108209207654
eta_lat_m21p610189_lon_p0p989578.npy,-21.610189,0.989578,130,140,winter,10,0.16992146661505103
eta_lat_p11p027672_lon_m137p010422.npy,11.027672,-137.010422,130,140,winter,10,0.13649897556751966
eta_lat_m64p202515_lon_p78p989594.npy,-64.202515,78.989594,180,190,winter,10,0.07567598251625896
eta_lat_p26p641497_lon_m59p010422.npy,26.641497,-59.010422,170,180,winter,10,0.07819210505113006
eta_lat_p16p395037_lon_m35p010422.npy,16.395037,-35.010422,140,150,winter,10,0.11127148102968931
eta_lat_m0p009682_lon_p84p989594.npy,-0.009682,84.989594,160,170,winter,10,0.1704257521778345
eta_lat_p31p463802_lon_m143p010422.npy,31.463802,-143.010422,120,130,winter,10,0.1092089032754302
eta_lat_m58p574665_lon_p60p989578.npy,-58.574665,60.989578,190,200,winter,10,0.08820253750309348
eta_lat_m64p202515_lon_m17p010422.npy,-64.202515,-17.010422,160,170,winter,10,0.5369700044393539
eta_lat_m51p994694_lon_m17p010422.npy,-51.994694,-17.010422,180,190,winter,10,0.18597561120986938
eta_lat_m55p389462_lon_p18p989578.npy,-55.389462,18.989578,130,140,winter,10,0.10089989751577377
eta_lat_m61p508057_lon_m17p010422.npy,-61.508057,-17.010422,130,140,winter,10,0.4577059969305992
eta_lat_m64p202515_lon_p6p989578.npy,-64.202515,6.989578,190,200,winter,10,0.1366606866940856
eta_lat_m36p058659_lon_m155p010422.npy,-36.058659,-155.010422,110,120,winter,10,0.08466997602954507
eta_lat_p16p395037_lon_m125p010414.npy,16.395037,-125.010414,170,180,winter,10,0.13410345651209354
eta_lat_m5p545479_lon_m89p010414.npy,-5.545479,-89.010414,150,160,winter,10,0.2298759100958705
eta_lat_m68p928383_lon_m59p010422.npy,-68.928383,-59.010422,150,160,winter,10,1.2031932175159454
eta_lat_m58p574665_lon_p24p989578.npy,-58.574665,24.989578,120,130,winter,10,0.10240653902292252
eta_lat_p21p610189_lon_m47p010422.npy,21.610189,-47.010422,160,170,winter,10,0.09951441222801805
eta_lat_m48p374134_lon_p30p989578.npy,-48.374134,30.989578,120,130,winter,10,0.12594282068312168
eta_lat_p5p545479_lon_m131p010422.npy,5.545479,-131.010422,150,160,winter,10,0.1349132303148508
eta_lat_m40p414062_lon_m95p010414.npy,-40.414062,-95.010414,180,190,winter,10,0.08815762028098106
eta_lat_p21p610189_lon_m143p010422.npy,21.610189,-143.010422,150,160,winter,10,0.11836485005915165
eta_lat_m55p389462_lon_m107p010414.npy,-55.389462,-107.010414,160,170,winter,10,0.1282652043737471
eta_lat_m58p574665_lon_p60p989578.npy,-58.574665,60.989578,140,150,winter,10,0.10684675723314285
eta_lat_m51p994694_lon_p90p989594.npy,-51.994694,90.989594,140,150,winter,10,0.2976644616574049
eta_lat_p48p374134_lon_p168p989563.npy,48.374134,168.989563,170,180,winter,10,0.15577566530555487
eta_lat_m68p928383_lon_m47p010422.npy,-68.928383,-47.010422,120,130,winter,10,0.8036052510142326
eta_lat_m16p395037_lon_m89p010414.npy,-16.395037,-89.010414,160,170,winter,10,0.09313916694372892
eta_lat_m51p994694_lon_p132p989563.npy,-51.994694,132.989563,170,180,winter,10,0.10951902391389012
eta_lat_m55p389462_lon_p84p989594.npy,-55.389462,84.989594,130,140,winter,10,0.3389932755380869
eta_lat_p51p994694_lon_p150p989563.npy,51.994694,150.989563,160,170,winter,10,0.21139970049262047
eta_lat_m64p202515_lon_m95p010414.npy,-64.202515,-95.010414,180,190,winter,10,0.08577819913625717
eta_lat_m40p414062_lon_p66p989594.npy,-40.414062,66.989594,120,130,winter,10,0.1446840837597847
eta_lat_m51p994694_lon_p96p989594.npy,-51.994694,96.989594,170,180,winter,10,0.4575223736464977
eta_lat_p40p414062_lon_m173p010422.npy,40.414062,-173.010422,120,130,winter,10,0.08823666395619512
eta_lat_m44p523903_lon_p108p989594.npy,-44.523903,108.989594,150,160,winter,10,0.16659450344741344
eta_lat_m71p306725_lon_m29p016449.npy,-71.306725,-29.016449,110,120,winter,10,0.4681928753852844
eta_lat_m66p662788_lon_m173p010422.npy,-66.662788,-173.010422,140,150,winter,10,0.1336270123720169
eta_lat_m55p389462_lon_p174p989563.npy,-55.389462,174.989563,160,170,winter,10,0.4832841921597719
eta_lat_m64p202515_lon_m119p010414.npy,-64.202515,-119.010414,130,140,winter,10,0.1127140261232853
eta_lat_m40p414062_lon_p24p989578.npy,-40.414062,24.989578,130,140,winter,10,0.11021392419934273
eta_lat_p11p027672_lon_m59p010422.npy,11.027672,-59.010422,140,150,winter,10,0.10825216863304377
eta_lat_p36p058659_lon_p168p989563.npy,36.058659,168.989563,170,180,winter,10,0.23235608637332916
eta_lat_p36p058659_lon_m137p010422.npy,36.058659,-137.010422,170,180,winter,10,0.13083331007510424
eta_lat_m52p006847_lon_m167p010422.npy,-52.006847,-167.010422,130,140,winter,10,0.20858194958418608
eta_lat_m16p395037_lon_m11p010422.npy,-16.395037,-11.010422,120,130,winter,10,0.2515294048935175
eta_lat_m48p374134_lon_p102p989594.npy,-48.374134,102.989594,110,120,winter,10,0.14533906057476997
eta_lat_p16p395037_lon_m131p010422.npy,16.395037,-131.010422,180,190,winter,10,0.15312697179615498
eta_lat_m61p508057_lon_p174p989563.npy,-61.508057,174.989563,140,150,winter,10,0.25201813131570816
eta_lat_m61p508057_lon_p126p989594.npy,-61.508057,126.989594,170,180,winter,10,0.40378881059587
eta_lat_p0p009682_lon_m161p010422.npy,0.009682,-161.010422,150,160,winter,10,0.16348839737474918
eta_lat_m66p662788_lon_m161p010422.npy,-66.662788,-161.010422,170,180,winter,10,0.7113532051444054
eta_lat_p44p523903_lon_m17p010422.npy,44.523903,-17.010422,140,150,winter,10,0.12357490789145231
eta_lat_m52p006847_lon_p84p989594.npy,-52.006847,84.989594,110,120,winter,10,0.6126884873956442
eta_lat_m48p374134_lon_p84p989594.npy,-48.374134,84.989594,180,190,winter,10,0.22618305683135986
eta_lat_m64p202515_lon_p126p989594.npy,-64.202515,126.989594,170,180,winter,10,0.10311187012121081
eta_lat_m48p374134_lon_p144p989563.npy,-48.374134,144.989563,150,160,winter,10,0.24908845871686935
eta_lat_m40p414062_lon_m95p010414.npy,-40.414062,-95.010414,130,140,winter,10,0.08619851525872946
eta_lat_m36p058659_lon_p42p989578.npy,-36.058659,42.989578,180,190,winter,10,0.16857944428920746
eta_lat_m31p463802_lon_m107p010414.npy,-31.463802,-107.010414,130,140,winter,10,0.10479720029979944
eta_lat_p31p463802_lon_m125p010414.npy,31.463802,-125.010414,150,160,winter,10,0.21022389642894268
eta_lat_m51p994694_lon_p24p989578.npy,-51.994694,24.989578,150,160,winter,10,0.3028503619134426
eta_lat_m68p928383_lon_m23p010422.npy,-68.928383,-23.010422,120,130,winter,10,0.5695951133966446
eta_lat_m68p928383_lon_p168p989563.npy,-68.928383,168.989563,180,190,winter,10,0.1559048080816865
eta_lat_m61p508057_lon_p138p989563.npy,-61.508057,138.989563,190,200,winter,10,0.260158171877265
eta_lat_m61p508057_lon_p144p989563.npy,-61.508057,144.989563,160,170,winter,10,0.20033146627247334
eta_lat_m70p827019_lon_m124p974617.npy,-70.827019,-124.974617,130,140,winter,10,1.182368777692318
eta_lat_m61p508057_lon_p144p989563.npy,-61.508057,144.989563,110,120,winter,10,0.09614304173737764
eta_lat_p0p009682_lon_m107p010414.npy,0.009682,-107.010414,130,140,winter,10,0.20708133839070797
eta_lat_p51p994694_lon_m155p010422.npy,51.994694,-155.010422,180,190,winter,10,0.16318337991833687
eta_lat_m52p006847_lon_m137p010422.npy,-52.006847,-137.010422,150,160,winter,10,0.11703415121883154
eta_lat_m48p374134_lon_m161p010422.npy,-48.374134,-161.010422,180,190,winter,10,0.09677665447816253
eta_lat_m68p928383_lon_m101p010414.npy,-68.928383,-101.010414,170,180,winter,10,0.5644846707582474
eta_lat_m55p400803_lon_m101p010414.npy,-55.400803,-101.010414,110,120,winter,10,0.16052265092730522
eta_lat_m11p027672_lon_p84p989594.npy,-11.027672,84.989594,110,120,winter,10,0.13360796123743057
eta_lat_m31p463802_lon_p54p989578.npy,-31.463802,54.989578,180,190,winter,10,0.1045149015262723
eta_lat_m58p574665_lon_m167p010422.npy,-58.574665,-167.010422,160,170,winter,10,0.11066831229254603
eta_lat_m44p523903_lon_m41p010422.npy,-44.523903,-41.010422,130,140,winter,10,0.07452082401141524
eta_lat_p48p374134_lon_m173p010422.npy,48.374134,-173.010422,180,190,winter,10,0.10924071120098233
eta_lat_m48p374134_lon_p114p989594.npy,-48.374134,114.989594,130,140,winter,10,0.8225960917770863
eta_lat_m52p006847_lon_p18p989578.npy,-52.006847,18.989578,160,170,winter,10,0.17416165117174387
eta_lat_p31p463802_lon_m149p010422.npy,31.463802,-149.010422,110,120,winter,10,0.08452295185998082
eta_lat_m31p463802_lon_m41p010422.npy,-31.463802,-41.010422,160,170,winter,10,0.07365184975787997
eta_lat_m58p574665_lon_m131p010422.npy,-58.574665,-131.010422,110,120,winter,10,0.17392930388450623
eta_lat_p26p641497_lon_m29p010422.npy,26.641497,-29.010422,180,190,winter,10,0.20831293612718582
eta_lat_m51p994694_lon_m131p010422.npy,-51.994694,-131.010422,140,150,winter,10,0.07885174872353673
eta_lat_p16p395037_lon_p138p989563.npy,16.395037,138.989563,190,200,winter,10,0.26270559802651405
eta_lat_m61p508057_lon_m149p010422.npy,-61.508057,-149.010422,150,160,winter,10,0.0759580540470779
eta_lat_m64p202515_lon_p36p989578.npy,-64.202515,36.989578,120,130,winter,10,0.27840172685682774
eta_lat_m0p009682_lon_m17p010422.npy,-0.009682,-17.010422,190,200,winter,10,0.14952237717807293
eta_lat_m44p523903_lon_p18p989578.npy,-44.523903,18.989578,180,190,winter,10,0.1395666003227234
eta_lat_m68p928383_lon_m101p010414.npy,-68.928383,-101.010414,130,140,winter,10,0.1983452197164297
eta_lat_p11p027672_lon_p66p989594.npy,11.027672,66.989594,130,140,winter,10,0.21159150265157223
eta_lat_p36p058659_lon_m53p010422.npy,36.058659,-53.010422,110,120,winter,10,0.12163373921066523
eta_lat_m40p414062_lon_m101p010414.npy,-40.414062,-101.010414,150,160,winter,10,0.09684025961905718
eta_lat_m26p641497_lon_m137p010422.npy,-26.641497,-137.010422,130,140,winter,10,0.12368977628648281
eta_lat_p48p374134_lon_m155p010422.npy,48.374134,-155.010422,120,130,winter,10,0.11045302264392376
eta_lat_m55p389462_lon_m23p010422.npy,-55.389462,-23.010422,140,150,winter,10,0.1515237195417285
eta_lat_m66p662788_lon_p6p989578.npy,-66.662788,6.989578,190,200,winter,10,0.37474841997027397
eta_lat_m51p994694_lon_m161p010422.npy,-51.994694,-161.010422,110,120,winter,10,0.14532415149733424
eta_lat_p26p641497_lon_p156p989563.npy,26.641497,156.989563,150,160,winter,10,0.1429782249033451
eta_lat_m31p463802_lon_m155p010422.npy,-31.463802,-155.010422,180,190,winter,10,0.11678345268592238
eta_lat_m55p400803_lon_m161p010422.npy,-55.400803,-161.010422,150,160,winter,10,0.17815392650663853
eta_lat_m61p508057_lon_m167p010422.npy,-61.508057,-167.010422,140,150,winter,10,0.12737990077584982
eta_lat_m48p374134_lon_p12p989578.npy,-48.374134,12.989578,170,180,winter,10,0.2080394485965371
eta_lat_m11p027672_lon_m11p010422.npy,-11.027672,-11.010422,190,200,winter,10,0.1450062980875373
eta_lat_m44p523903_lon_p108p989594.npy,-44.523903,108.989594,130,140,winter,10,0.33577280677855015
eta_lat_m40p414062_lon_p6p989578.npy,-40.414062,6.989578,170,180,winter,10,0.08338691620156169
eta_lat_m51p994694_lon_p150p989563.npy,-51.994694,150.989563,130,140,winter,10,0.6766000110656023
eta_lat_m64p202515_lon_p18p989578.npy,-64.202515,18.989578,130,140,winter,10,0.2386038675904274
eta_lat_m26p641497_lon_p6p989578.npy,-26.641497,6.989578,190,200,winter,10,0.09189105872064829
eta_lat_p5p545479_lon_m119p010414.npy,5.545479,-119.010414,130,140,winter,10,0.19820668920874596
eta_lat_m44p523903_lon_m47p010422.npy,-44.523903,-47.010422,180,190,winter,10,0.16871799156069756
eta_lat_p40p414062_lon_m131p010422.npy,40.414062,-131.010422,150,160,winter,10,0.21750906016677618
eta_lat_m31p463802_lon_m167p010422.npy,-31.463802,-167.010422,150,160,winter,10,0.0931813521310687
eta_lat_p31p463802_lon_m71p010414.npy,31.463802,-71.010414,110,120,winter,10,0.11422324646264315
eta_lat_m44p523903_lon_p84p989594.npy,-44.523903,84.989594,160,170,winter,10,0.2728964723646641
eta_lat_m55p400803_lon_p162p989563.npy,-55.400803,162.989563,130,140,winter,10,0.39429305866360664
eta_lat_m72p698387_lon_m136p683899.npy,-72.698387,-136.683899,120,130,winter,10,1.1944004893302917
eta_lat_m61p508057_lon_p48p989578.npy,-61.508057,48.989578,120,130,winter,10,0.09975396702066064
eta_lat_m52p006847_lon_p126p989594.npy,-52.006847,126.989594,120,130,winter,10,0.26602702774107456
eta_lat_m31p463802_lon_p48p989578.npy,-31.463802,48.989578,150,160,winter,10,0.17609131056815386
eta_lat_m52p006847_lon_p24p989578.npy,-52.006847,24.989578,120,130,winter,10,0.17955175694078207
eta_lat_p40p414062_lon_m161p010422.npy,40.414062,-161.010422,190,200,winter,10,0.10848271055147052
eta_lat_m51p994694_lon_m155p010422.npy,-51.994694,-155.010422,170,180,winter,10,0.12328825192525983
eta_lat_p21p610189_lon_m47p010422.npy,21.610189,-47.010422,150,160,winter,10,0.2091144174337387
eta_lat_m61p508057_lon_p96p989594.npy,-61.508057,96.989594,180,190,winter,10,0.680816201493144
eta_lat_m71p277649_lon_m41p033340.npy,-71.277649,-41.03334,170,180,winter,10,0.5051415599882603
eta_lat_m58p574665_lon_m71p010414.npy,-58.574665,-71.010414,140,150,winter,10,0.24190394021570683
eta_lat_m51p994694_lon_p138p989563.npy,-51.994694,138.989563,170,180,winter,10,0.11292400537058711
eta_lat_p36p058659_lon_m41p010422.npy,36.058659,-41.010422,120,130,winter,10,0.09884661249816418
eta_lat_m21p610189_lon_p108p989594.npy,-21.610189,108.989594,180,190,winter,10,0.1958684865385294
eta_lat_m51p994694_lon_m173p010422.npy,-51.994694,-173.010422,130,140,winter,10,0.18320594541728497
eta_lat_m16p395037_lon_m95p010414.npy,-16.395037,-95.010414,190,200,winter,10,0.09685995662584901
eta_lat_m16p395037_lon_p96p989594.npy,-16.395037,96.989594,150,160,winter,10,0.10630770400166512
eta_lat_p48p374134_lon_m41p010422.npy,48.374134,-41.010422,110,120,winter,10,0.17201033979654312
eta_lat_p5p545479_lon_m23p010422.npy,5.545479,-23.010422,120,130,winter,10,0.14628633111715317
eta_lat_m0p009682_lon_m5p010422.npy,-0.009682,-5.010422,140,150,winter,10,0.14323087874799967
eta_lat_m40p414062_lon_p30p989578.npy,-40.414062,30.989578,120,130,winter,10,0.5255839414894581
eta_lat_p55p389462_lon_m23p010422.npy,55.389462,-23.010422,110,120,winter,10,0.09388675540685654
eta_lat_m48p374134_lon_p42p989578.npy,-48.374134,42.989578,130,140,winter,10,0.1781688593327999
eta_lat_p26p641497_lon_m155p010422.npy,26.641497,-155.010422,130,140,winter,10,0.08102371590211987
eta_lat_p31p463802_lon_p150p989563.npy,31.463802,150.989563,140,150,winter,10,0.09423380997031927
eta_lat_p40p414062_lon_m143p010422.npy,40.414062,-143.010422,120,130,winter,10,0.11126535944640636
eta_lat_p67p749512_lon_m6p266800.npy,67.749512,-6.2668,140,150,winter,10,0.07210065750405192
eta_lat_m61p508057_lon_m155p010422.npy,-61.508057,-155.010422,140,150,winter,10,0.09203684283420444
eta_lat_m58p574665_lon_p168p989563.npy,-58.574665,168.989563,110,120,winter,10,0.2084039505571127
eta_lat_p31p463802_lon_m59p010422.npy,31.463802,-59.010422,140,150,winter,10,0.12403795029968023
eta_lat_p36p058659_lon_p162p989563.npy,36.058659,162.989563,150,160,winter,10,0.35028062015771866
eta_lat_m61p508057_lon_m173p010422.npy,-61.508057,-173.010422,130,140,winter,10,0.15755117731168866
eta_lat_p31p463802_lon_m131p010422.npy,31.463802,-131.010422,140,150,winter,10,0.13194862101227045
eta_lat_m48p374134_lon_p144p989563.npy,-48.374134,144.989563,190,200,winter,10,0.17766525130718946
eta_lat_m52p006847_lon_m155p010422.npy,-52.006847,-155.010422,110,120,winter,10,0.15552699845284224
eta_lat_p5p545479_lon_p60p989578.npy,5.545479,60.989578,130,140,winter,10,0.34148503467440605
eta_lat_m52p006847_lon_p18p989578.npy,-52.006847,18.989578,180,190,winter,10,0.12803305499255657
eta_lat_p11p027672_lon_m173p010422.npy,11.027672,-173.010422,160,170,winter,10,0.15279778186231852
eta_lat_p26p641497_lon_m155p010422.npy,26.641497,-155.010422,110,120,winter,10,0.07552860211580992
eta_lat_m5p545479_lon_m113p010414.npy,-5.545479,-113.010414,140,150,winter,10,0.1140853501856327
eta_lat_m51p994694_lon_p18p989578.npy,-51.994694,18.989578,180,190,winter,10,0.09646758902817965
eta_lat_p26p641497_lon_p168p989563.npy,26.641497,168.989563,180,190,winter,10,0.14310382306575775
eta_lat_p21p610189_lon_m125p010414.npy,21.610189,-125.010414,120,130,winter,10,0.13448038697242737
eta_lat_m58p574665_lon_m119p010414.npy,-58.574665,-119.010414,110,120,winter,10,0.2298979666084051
eta_lat_m52p006847_lon_m131p010422.npy,-52.006847,-131.010422,190,200,winter,10,0.19374873116612434
eta_lat_m31p463802_lon_p66p989594.npy,-31.463802,66.989594,150,160,winter,10,0.09961985517293215
eta_lat_m36p058659_lon_m173p010422.npy,-36.058659,-173.010422,150,160,winter,10,0.14828658942133188
eta_lat_m40p414062_lon_m35p010422.npy,-40.414062,-35.010422,140,150,winter,10,0.06862964387983084
eta_lat_m71p317345_lon_m23p007370.npy,-71.317345,-23.00737,150,160,winter,10,1.0517897978425026
eta_lat_m68p928383_lon_m101p010414.npy,-68.928383,-101.010414,140,150,winter,10,0.35549102164804935
eta_lat_p26p641497_lon_m125p010414.npy,26.641497,-125.010414,190,200,winter,10,0.11852552741765976
eta_lat_m55p389462_lon_p120p989594.npy,-55.389462,120.989594,110,120,winter,10,0.18954393174499273
eta_lat_m21p610189_lon_m89p010414.npy,-21.610189,-89.010414,170,180,winter,10,0.09563278453424573
eta_lat_m55p389462_lon_m161p010422.npy,-55.389462,-161.010422,120,130,winter,10,0.21441385801881552
eta_lat_m58p574665_lon_m107p010414.npy,-58.574665,-107.010414,130,140,winter,10,0.21034321282058954
eta_lat_m55p389462_lon_p168p989563.npy,-55.389462,168.989563,150,160,winter,10,0.9204877465963364
eta_lat_m52p006847_lon_p156p989563.npy,-52.006847,156.989563,170,180,winter,10,0.390263095498085
eta_lat_m51p994694_lon_m155p010422.npy,-51.994694,-155.010422,110,120,winter,10,0.14931374695152044
eta_lat_m11p027672_lon_m119p010414.npy,-11.027672,-119.010414,160,170,winter,10,0.10789237171411514
eta_lat_m51p994694_lon_m155p010422.npy,-51.994694,-155.010422,160,170,winter,10,0.12516064289957285
eta_lat_p21p610189_lon_p132p989563.npy,21.610189,132.989563,140,150,winter,10,0.23530174233019352
eta_lat_p44p523903_lon_m167p010422.npy,44.523903,-167.010422,160,170,winter,10,0.10390181466937065
eta_lat_m52p006847_lon_m23p010422.npy,-52.006847,-23.010422,110,120,winter,10,0.15403807256370783
eta_lat_p21p610189_lon_m53p010422.npy,21.610189,-53.010422,130,140,winter,10,0.09567219484597445
eta_lat_m36p058659_lon_p12p989578.npy,-36.058659,12.989578,140,150,winter,10,0.25785844773054123
eta_lat_m11p027672_lon_m29p010422.npy,-11.027672,-29.010422,120,130,winter,10,0.14059641119092703
eta_lat_m64p202515_lon_m47p010422.npy,-64.202515,-47.010422,150,160,winter,10,0.9047237485647202
eta_lat_m64p202515_lon_p126p989594.npy,-64.202515,126.989594,120,130,winter,10,0.15020816214382648
eta_lat_m61p508057_lon_m89p010414.npy,-61.508057,-89.010414,160,170,winter,10,0.06464474508538842
eta_lat_m68p928383_lon_m137p010422.npy,-68.928383,-137.010422,130,140,winter,10,0.15246515814214945
eta_lat_m64p202515_lon_p66p989594.npy,-64.202515,66.989594,180,190,winter,10,0.14870158210396767
eta_lat_p48p374134_lon_m35p010422.npy,48.374134,-35.010422,190,200,winter,10,0.11421830300241709
eta_lat_m61p508057_lon_p6p989578.npy,-61.508057,6.989578,170,180,winter,10,0.050210685934871435
eta_lat_m58p574665_lon_m53p010422.npy,-58.574665,-53.010422,170,180,winter,10,0.20241850893944502
eta_lat_p31p463802_lon_p168p989563.npy,31.463802,168.989563,140,150,winter,10,0.12289769854396582
eta_lat_m36p058659_lon_p36p989578.npy,-36.058659,36.989578,180,190,winter,10,0.1344581162557006
eta_lat_p5p545479_lon_m107p010414.npy,5.545479,-107.010414,120,130,winter,10,0.26469627767801285
eta_lat_p48p374134_lon_m161p010422.npy,48.374134,-161.010422,150,160,winter,10,0.15421759989112616
eta_lat_m55p389462_lon_m59p010422.npy,-55.389462,-59.010422,180,190,winter,10,0.5667037963867188
eta_lat_m48p374134_lon_p96p989594.npy,-48.374134,96.989594,140,150,winter,10,0.08605557400733232
eta_lat_m5p545479_lon_m131p010422.npy,-5.545479,-131.010422,120,130,winter,10,0.15351353120058775
eta_lat_p36p058659_lon_m35p010422.npy,36.058659,-35.010422,120,130,winter,10,0.1124134324491024
eta_lat_m44p523903_lon_p96p989594.npy,-44.523903,96.989594,190,200,winter,10,0.12833345867693424
eta_lat_m36p058659_lon_p102p989594.npy,-36.058659,102.989594,170,180,winter,10,0.10827078158035874
eta_lat_p36p058659_lon_m149p010422.npy,36.058659,-149.010422,140,150,winter,10,0.10778604494407773
eta_lat_m58p574665_lon_p30p989578.npy,-58.574665,30.989578,180,190,winter,10,0.09675470739603043
eta_lat_p21p610189_lon_m59p010422.npy,21.610189,-59.010422,170,180,winter,10,0.0830550380051136
eta_lat_m52p006847_lon_p150p989563.npy,-52.006847,150.989563,160,170,winter,10,0.5641001760959625
eta_lat_m55p400803_lon_p168p989563.npy,-55.400803,168.989563,180,190,winter,10,0.3501594662666321
eta_lat_m48p374134_lon_m149p010422.npy,-48.374134,-149.010422,130,140,winter,10,0.11818692553788424
eta_lat_m44p523903_lon_m149p010422.npy,-44.523903,-149.010422,110,120,winter,10,0.07125562848523259
eta_lat_p16p395037_lon_m149p010422.npy,16.395037,-149.010422,150,160,winter,10,0.12978519033640623
eta_lat_m55p400803_lon_m101p010414.npy,-55.400803,-101.010414,170,180,winter,10,0.0981240700930357
eta_lat_m55p400803_lon_m89p010414.npy,-55.400803,-89.010414,110,120,winter,10,0.0746171735227108
eta_lat_m64p202515_lon_m107p010414.npy,-64.202515,-107.010414,170,180,winter,10,0.09740567253902555
eta_lat_p44p523903_lon_m29p010422.npy,44.523903,-29.010422,170,180,winter,10,0.22415541484951973
eta_lat_m58p574665_lon_p18p989578.npy,-58.574665,18.989578,190,200,winter,10,0.08651108480989933
eta_lat_m5p545479_lon_p90p989594.npy,-5.545479,90.989594,110,120,winter,10,0.1341456137597561
eta_lat_m64p202515_lon_m11p010422.npy,-64.202515,-11.010422,170,180,winter,10,0.6065502762794495
eta_lat_m66p662788_lon_m29p010422.npy,-66.662788,-29.010422,110,120,winter,10,0.9787478595972061
eta_lat_m55p389462_lon_m11p010422.npy,-55.389462,-11.010422,140,150,winter,10,0.07183162868022919
eta_lat_m31p463802_lon_m167p010422.npy,-31.463802,-167.010422,120,130,winter,10,0.08665164699777961
eta_lat_m40p414062_lon_m143p010422.npy,-40.414062,-143.010422,120,130,winter,10,0.07598562212660909
eta_lat_m52p006847_lon_p102p989594.npy,-52.006847,102.989594,160,170,winter,10,0.1950585190206766
eta_lat_m55p389462_lon_p78p989594.npy,-55.389462,78.989594,110,120,winter,10,0.0792050575837493
eta_lat_p11p027672_lon_m95p010414.npy,11.027672,-95.010414,120,130,winter,10,0.2943076714873314
eta_lat_m26p641497_lon_p108p989594.npy,-26.641497,108.989594,140,150,winter,10,0.23611054196953773
eta_lat_m51p994694_lon_p84p989594.npy,-51.994694,84.989594,140,150,winter,10,0.6811120621860027
eta_lat_m16p395037_lon_p6p989578.npy,-16.395037,6.989578,140,150,winter,10,0.137144953943789
eta_lat_m16p395037_lon_m29p010422.npy,-16.395037,-29.010422,180,190,winter,10,0.13865283224731684
eta_lat_m36p058659_lon_p72p989594.npy,-36.058659,72.989594,170,180,winter,10,0.09012438589707017
eta_lat_m36p058659_lon_p102p989594.npy,-36.058659,102.989594,160,170,winter,10,0.0953717352822423
eta_lat_m66p662788_lon_m113p010414.npy,-66.662788,-113.010414,140,150,winter,10,0.09194343350827694
eta_lat_m70p857033_lon_m130p966385.npy,-70.857033,-130.966385,140,150,winter,10,1.0921908169984818
eta_lat_m66p662788_lon_m47p010422.npy,-66.662788,-47.010422,150,160,winter,10,0.5770666748285294
eta_lat_p58p499409_lon_m23p040436.npy,58.499409,-23.040436,170,180,winter,10,0.3046800084412098
eta_lat_m36p058659_lon_m23p010422.npy,-36.058659,-23.010422,180,190,winter,10,0.13490085117518902
eta_lat_m61p508057_lon_p102p989594.npy,-61.508057,102.989594,190,200,winter,10,0.18531481362879276
eta_lat_m64p202515_lon_p12p989578.npy,-64.202515,12.989578,190,200,winter,10,0.22596819512546062
eta_lat_p31p463802_lon_p174p989563.npy,31.463802,174.989563,180,190,winter,10,0.1202871510758996
eta_lat_m11p027672_lon_m107p010414.npy,-11.027672,-107.010414,180,190,winter,10,0.21892121247947216
eta_lat_m31p463802_lon_m89p010414.npy,-31.463802,-89.010414,160,170,winter,10,0.06978867435827851
eta_lat_p55p389462_lon_m23p010422.npy,55.389462,-23.010422,170,180,winter,10,0.18286974914371967
eta_lat_m58p574665_lon_m119p010414.npy,-58.574665,-119.010414,130,140,winter,10,0.1456785323098302
eta_lat_m55p389462_lon_m125p010414.npy,-55.389462,-125.010414,110,120,winter,10,0.24695772491395473
eta_lat_m51p994694_lon_p12p989578.npy,-51.994694,12.989578,190,200,winter,10,0.14311311393976212
eta_lat_m36p058659_lon_p12p989578.npy,-36.058659,12.989578,170,180,winter,10,0.2925147134810686
eta_lat_m52p006847_lon_p132p989563.npy,-52.006847,132.989563,120,130,winter,10,0.14009833708405495
eta_lat_m0p009682_lon_p90p989594.npy,-0.009682,90.989594,120,130,winter,10,0.2302554389461875
eta_lat_m61p508057_lon_m101p010414.npy,-61.508057,-101.010414,180,190,winter,10,0.10720128379762173
eta_lat_m61p508057_lon_m131p010422.npy,-61.508057,-131.010422,110,120,winter,10,0.11590976733714342
eta_lat_m61p508057_lon_p60p989578.npy,-61.508057,60.989578,180,190,winter,10,0.13250717613846064
eta_lat_p58p499409_lon_m23p040436.npy,58.499409,-23.040436,110,120,winter,10,0.2049001194536686
eta_lat_m58p574665_lon_p66p989594.npy,-58.574665,66.989594,130,140,winter,10,0.12593906838446856
eta_lat_m48p374134_lon_m167p010422.npy,-48.374134,-167.010422,130,140,winter,10,0.19085638783872128
eta_lat_m11p027672_lon_m101p010414.npy,-11.027672,-101.010414,170,180,winter,10,0.10686030238866806
eta_lat_m11p027672_lon_m11p010422.npy,-11.027672,-11.010422,150,160,winter,10,0.2512986119836569
eta_lat_m31p463802_lon_m167p010422.npy,-31.463802,-167.010422,110,120,winter,10,0.08863631030544639
eta_lat_m58p574665_lon_m125p010414.npy,-58.574665,-125.010414,190,200,winter,10,0.7468928508460522
eta_lat_m55p400803_lon_p60p989578.npy,-55.400803,60.989578,180,190,winter,10,0.1471372926607728
eta_lat_m51p994694_lon_p96p989594.npy,-51.994694,96.989594,140,150,winter,10,0.43101001903414726
eta_lat_m21p610189_lon_p84p989594.npy,-21.610189,84.989594,150,160,winter,10,0.0955670215189457
eta_lat_m21p610189_lon_p96p989594.npy,-21.610189,96.989594,190,200,winter,10,0.13720625638961792
eta_lat_m64p202515_lon_m41p010422.npy,-64.202515,-41.010422,140,150,winter,10,0.5362607352435589
eta_lat_m61p508057_lon_p174p989563.npy,-61.508057,174.989563,160,170,winter,10,0.18291618488729
eta_lat_m66p662788_lon_p12p989578.npy,-66.662788,12.989578,170,180,winter,10,0.31060347706079483
eta_lat_p40p414062_lon_m149p010422.npy,40.414062,-149.010422,190,200,winter,10,0.08716925699263811
eta_lat_m61p508057_lon_m11p010422.npy,-61.508057,-11.010422,160,170,winter,10,0.11218100460246205
eta_lat_m26p641497_lon_m137p010422.npy,-26.641497,-137.010422,110,120,winter,10,0.09695886727422476
eta_lat_p11p027672_lon_p156p989563.npy,11.027672,156.989563,170,180,winter,10,0.19959731213748455
eta_lat_m31p463802_lon_p162p989563.npy,-31.463802,162.989563,140,150,winter,10,0.38706726767122746
eta_lat_m61p508057_lon_p42p989578.npy,-61.508057,42.989578,150,160,winter,10,0.09070066036656499
eta_lat_m70p941582_lon_m89p045937.npy,-70.941582,-89.045937,150,160,winter,10,0.2019143346697092
eta_lat_p44p523903_lon_p156p989563.npy,44.523903,156.989563,110,120,winter,10,0.14019662886857986
eta_lat_m40p414062_lon_p132p989563.npy,-40.414062,132.989563,190,200,winter,10,0.09258740209043026
eta_lat_m68p928383_lon_m5p010422.npy,-68.928383,-5.010422,190,200,winter,10,0.7197365164756775
eta_lat_m61p508057_lon_m107p010414.npy,-61.508057,-107.010414,110,120,winter,10,0.1335607012733817
eta_lat_m36p058659_lon_m143p010422.npy,-36.058659,-143.010422,120,130,winter,10,0.08833749126642942
eta_lat_p21p610189_lon_p174p989563.npy,21.610189,174.989563,140,150,winter,10,0.15915924683213234
eta_lat_m61p508057_lon_p18p989578.npy,-61.508057,18.989578,190,200,winter,10,0.05353564606048167
eta_lat_m11p027672_lon_p72p989594.npy,-11.027672,72.989594,120,130,winter,10,0.17756408173590899
eta_lat_m55p389462_lon_m95p010414.npy,-55.389462,-95.010414,130,140,winter,10,0.13216284103691578
eta_lat_m51p994694_lon_p102p989594.npy,-51.994694,102.989594,150,160,winter,10,0.14880269952118397
eta_lat_m5p545479_lon_p168p989563.npy,-5.545479,168.989563,130,140,winter,10,0.1845328938215971
eta_lat_m55p400803_lon_p12p989578.npy,-55.400803,12.989578,130,140,winter,10,0.07217199308797717
eta_lat_m5p545479_lon_m29p010422.npy,-5.545479,-29.010422,150,160,winter,10,0.14425633661448956
eta_lat_p48p374134_lon_m29p010422.npy,48.374134,-29.010422,170,180,winter,10,0.21413473784923553
eta_lat_m40p414062_lon_m35p010422.npy,-40.414062,-35.010422,110,120,winter,10,0.08343245787546039
eta_lat_m31p463802_lon_p36p989578.npy,-31.463802,36.989578,160,170,winter,10,0.17729857191443443
eta_lat_m72p569344_lon_m130p758957.npy,-72.569344,-130.758957,190,200,winter,10,1.2889794558286667
eta_lat_m55p389462_lon_p30p989578.npy,-55.389462,30.989578,160,170,winter,10,0.22999164182692766
eta_lat_p40p414062_lon_m53p010422.npy,40.414062,-53.010422,120,130,winter,10,0.22446230426430702
eta_lat_p58p669430_lon_p174p969116.npy,58.66943,174.969116,160,170,winter,10,0.10916079860180616
eta_lat_m64p202515_lon_m113p010414.npy,-64.202515,-113.010414,150,160,winter,10,0.11138626979663968
eta_lat_p40p414062_lon_m41p010422.npy,40.414062,-41.010422,110,120,winter,10,0.11470241565257311
eta_lat_m55p389462_lon_p174p989563.npy,-55.389462,174.989563,120,130,winter,10,0.6244821697473526
eta_lat_p0p009682_lon_p162p989563.npy,0.009682,162.989563,110,120,winter,10,0.14259293489158154
eta_lat_m52p006847_lon_p24p989578.npy,-52.006847,24.989578,130,140,winter,10,0.19846894405782223
eta_lat_m66p662788_lon_m83p010414.npy,-66.662788,-83.010414,170,180,winter,10,0.18059035204350948
eta_lat_m48p374134_lon_p60p989578.npy,-48.374134,60.989578,130,140,winter,10,0.06841847812756896
eta_lat_m36p058659_lon_m89p010414.npy,-36.058659,-89.010414,160,170,winter,10,0.1004487806931138
eta_lat_m66p662788_lon_m83p010414.npy,-66.662788,-83.010414,110,120,winter,10,0.1902008531615138
eta_lat_p11p027672_lon_m119p010414.npy,11.027672,-119.010414,140,150,winter,10,0.1322404658421874
eta_lat_m16p395037_lon_p78p989594.npy,-16.395037,78.989594,180,190,winter,10,0.10711714439094067
eta_lat_m68p928383_lon_m113p010414.npy,-68.928383,-113.010414,140,150,winter,10,0.09357972256839275
eta_lat_p31p463802_lon_m143p010422.npy,31.463802,-143.010422,170,180,winter,10,0.1091919420287013
eta_lat_m0p009682_lon_m5p010422.npy,-0.009682,-5.010422,120,130,winter,10,0.2163023166358471
eta_lat_m5p545479_lon_m95p010414.npy,-5.545479,-95.010414,130,140,winter,10,0.21472137235105038
eta_lat_p16p395037_lon_p132p989563.npy,16.395037,132.989563,190,200,winter,10,0.20668011624366045
eta_lat_m26p641497_lon_p66p989594.npy,-26.641497,66.989594,140,150,winter,10,0.0864516138099134
eta_lat_m52p006847_lon_m95p010414.npy,-52.006847,-95.010414,150,160,winter,10,0.07769968174397945
eta_lat_p40p414062_lon_p162p989563.npy,40.414062,162.989563,130,140,winter,10,0.1657108562067151
eta_lat_m55p400803_lon_p66p989594.npy,-55.400803,66.989594,140,150,winter,10,0.06198566546663642
eta_lat_m55p400803_lon_p90p989594.npy,-55.400803,90.989594,110,120,winter,10,0.2277694083750248
eta_lat_p21p610189_lon_m29p010422.npy,21.610189,-29.010422,160,170,winter,10,0.10974818374961615
eta_lat_p36p058659_lon_m167p010422.npy,36.058659,-167.010422,170,180,winter,10,0.10582380928099155
eta_lat_m55p389462_lon_p66p989594.npy,-55.389462,66.989594,130,140,winter,10,0.14898202195763588
eta_lat_m51p994694_lon_m29p010422.npy,-51.994694,-29.010422,130,140,winter,10,0.21201958507299423
eta_lat_p26p641497_lon_m71p010414.npy,26.641497,-71.010414,170,180,winter,10,0.10378537978976965
eta_lat_m36p058659_lon_m17p010422.npy,-36.058659,-17.010422,140,150,winter,10,0.12873067008331418
eta_lat_m52p006847_lon_m155p010422.npy,-52.006847,-155.010422,120,130,winter,10,0.11892218608409166
eta_lat_m55p400803_lon_m155p010422.npy,-55.400803,-155.010422,140,150,winter,10,0.11735723167657852
eta_lat_m73p433556_lon_m166p559235.npy,-73.433556,-166.559235,110,120,winter,10,2.268184646964073
eta_lat_m21p610189_lon_m77p010414.npy,-21.610189,-77.010414,130,140,winter,10,0.08906839601695538
eta_lat_m61p508057_lon_p114p989594.npy,-61.508057,114.989594,140,150,winter,10,0.1820226740092039
eta_lat_m48p374134_lon_p30p989578.npy,-48.374134,30.989578,170,180,winter,10,0.1180936386808753
eta_lat_m66p662788_lon_m95p010414.npy,-66.662788,-95.010414,140,150,winter,10,0.09567857906222343
eta_lat_m64p202515_lon_m29p010422.npy,-64.202515,-29.010422,190,200,winter,10,0.3375461623072624
eta_lat_m58p574665_lon_p18p989578.npy,-58.574665,18.989578,160,170,winter,10,0.08969497168436646
eta_lat_m66p662788_lon_m107p010414.npy,-66.662788,-107.010414,190,200,winter,10,0.08293997589498758
eta_lat_m31p463802_lon_m143p010422.npy,-31.463802,-143.010422,150,160,winter,10,0.10597128979861736
eta_lat_m36p058659_lon_p90p989594.npy,-36.058659,90.989594,120,130,winter,10,0.07622055336833
eta_lat_m61p508057_lon_m83p010414.npy,-61.508057,-83.010414,190,200,winter,10,0.19050260819494724
eta_lat_m31p463802_lon_p174p989563.npy,-31.463802,174.989563,110,120,winter,10,0.3004988133907318
eta_lat_m66p662788_lon_m113p010414.npy,-66.662788,-113.010414,170,180,winter,10,0.11120986333116889
eta_lat_m44p523903_lon_m113p010414.npy,-44.523903,-113.010414,110,120,winter,10,0.14542483119294047
eta_lat_m31p463802_lon_m11p010422.npy,-31.463802,-11.010422,160,170,winter,10,0.08547756168991327
eta_lat_m11p027672_lon_p90p989594.npy,-11.027672,90.989594,170,180,winter,10,0.13583130203187466
eta_lat_m51p994694_lon_p144p989563.npy,-51.994694,144.989563,190,200,winter,10,0.3150919582694769
eta_lat_m26p641497_lon_m119p010414.npy,-26.641497,-119.010414,170,180,winter,10,0.07944910228252411
eta_lat_m16p395037_lon_m119p010414.npy,-16.395037,-119.010414,160,170,winter,10,0.08783756289631128
eta_lat_m40p414062_lon_p162p989563.npy,-40.414062,162.989563,120,130,winter,10,0.17734046839177608
eta_lat_p31p463802_lon_p168p989563.npy,31.463802,168.989563,150,160,winter,10,0.09994551632553339
eta_lat_m44p523903_lon_p108p989594.npy,-44.523903,108.989594,140,150,winter,10,0.22796758450567722
eta_lat_p51p994694_lon_m29p010422.npy,51.994694,-29.010422,130,140,winter,10,0.16355076152831316
eta_lat_m52p006847_lon_p18p989578.npy,-52.006847,18.989578,130,140,winter,10,0.09201766969636083
eta_lat_m66p662788_lon_m77p010414.npy,-66.662788,-77.010414,110,120,winter,10,0.16850103810429573
eta_lat_p40p414062_lon_m23p010422.npy,40.414062,-23.010422,150,160,winter,10,0.1612577447667718
eta_lat_m61p508057_lon_p102p989594.npy,-61.508057,102.989594,130,140,winter,10,0.22503529023379087
eta_lat_m16p395037_lon_m17p010422.npy,-16.395037,-17.010422,150,160,winter,10,0.2618681890890002
eta_lat_m55p389462_lon_p132p989563.npy,-55.389462,132.989563,150,160,winter,10,0.3150669578462839
eta_lat_p58p499409_lon_m52p959564.npy,58.499409,-52.959564,130,140,winter,10,0.28336707316339016
eta_lat_p0p009682_lon_m167p010422.npy,0.009682,-167.010422,110,120,winter,10,0.14333494286984205
eta_lat_m71p277649_lon_m41p033340.npy,-71.277649,-41.03334,190,200,winter,10,0.6804005689918995
eta_lat_m48p374134_lon_m23p010422.npy,-48.374134,-23.010422,150,160,winter,10,0.14972775056958199
eta_lat_p5p545479_lon_m23p010422.npy,5.545479,-23.010422,130,140,winter,10,0.19640627969056368
eta_lat_m40p414062_lon_m119p010414.npy,-40.414062,-119.010414,140,150,winter,10,0.0808127373456955
eta_lat_m16p395037_lon_p96p989594.npy,-16.395037,96.989594,120,130,winter,10,0.1278765518218279
eta_lat_m64p202515_lon_m155p010422.npy,-64.202515,-155.010422,110,120,winter,10,0.833647184073925
eta_lat_p31p463802_lon_m137p010422.npy,31.463802,-137.010422,170,180,winter,10,0.10134583944454789
eta_lat_m55p400803_lon_m119p010414.npy,-55.400803,-119.010414,180,190,winter,10,0.4464482460170984
eta_lat_m66p662788_lon_m17p010422.npy,-66.662788,-17.010422,150,160,winter,10,0.7810975909233093
eta_lat_m58p574665_lon_m119p010414.npy,-58.574665,-119.010414,180,190,winter,10,0.2435285486280918
eta_lat_m55p389462_lon_m155p010422.npy,-55.389462,-155.010422,160,170,winter,10,0.1088930144906044
eta_lat_p31p463802_lon_m131p010422.npy,31.463802,-131.010422,120,130,winter,10,0.1693865554407239
eta_lat_m58p574665_lon_m107p010414.npy,-58.574665,-107.010414,170,180,winter,10,0.1973963975906372
eta_lat_m58p574665_lon_m47p010422.npy,-58.574665,-47.010422,110,120,winter,10,0.1599347461014986
eta_lat_m44p523903_lon_m143p010422.npy,-44.523903,-143.010422,170,180,winter,10,0.08896267553791404
