file_name,lat,lon,start,end,season,chunk_size,crps,group,lower_bound,upper_bound
eta_lat_m75p355705_lon_m159p614578.npy,-75.355705,-159.614578,10,20,summer,10,4.592978239059448,chunk10_summer,-0.0914365359349176,0.45923050318378944
eta_lat_m71p216316_lon_m53p046265.npy,-71.216316,-53.046265,20,30,summer,10,4.434174627065659,chunk10_summer,-0.0914365359349176,0.45923050318378944
eta_lat_m75p785980_lon_m171p738495.npy,-75.78598,-171.738495,400,410,summer,10,2.071302190423012,chunk10_summer,-0.0914365359349176,0.45923050318378944
eta_lat_m71p306725_lon_m29p016449.npy,-71.306725,-29.016449,340,350,summer,10,0.6629804074764252,chunk10_summer,-0.0914365359349176,0.45923050318378944
eta_lat_m68p928383_lon_m173p010422.npy,-68.928383,-173.010422,40,50,summer,10,0.879643015563488,chunk10_summer,-0.0914365359349176,0.45923050318378944
eta_lat_m72p830154_lon_m142p626068.npy,-72.830154,-142.626068,350,360,summer,10,2.330514147877693,chunk10_summer,-0.0914365359349176,0.45923050318378944
eta_lat_m64p202515_lon_p48p989578.npy,-64.202515,48.989578,390,400,summer,10,0.5779072009027004,chunk10_summer,-0.0914365359349176,0.45923050318378944
eta_lat_m71p057938_lon_m154p945801.npy,-71.057938,-154.945801,350,360,summer,10,1.398823767900467,chunk10_summer,-0.0914365359349176,0.45923050318378944
eta_lat_m68p928383_lon_m83p010414.npy,-68.928383,-83.010414,10,20,summer,10,1.1503268033266068,chunk10_summer,-0.0914365359349176,0.45923050318378944
eta_lat_m68p928383_lon_m41p010422.npy,-68.928383,-41.010422,20,30,summer,10,0.6547545567154884,chunk10_summer,-0.0914365359349176,0.45923050318378944
eta_lat_m55p400803_lon_m53p010422.npy,-55.400803,-53.010422,370,380,summer,10,0.7681075595319271,chunk10_summer,-0.0914365359349176,0.45923050318378944
eta_lat_m68p928383_lon_m23p010422.npy,-68.928383,-23.010422,10,20,summer,10,0.8343511894345284,chunk10_summer,-0.0914365359349176,0.45923050318378944
eta_lat_m72p438423_lon_m118p949417.npy,-72.438423,-118.949417,20,30,summer,10,0.6427208818495274,chunk10_summer,-0.0914365359349176,0.45923050318378944
eta_lat_m68p928383_lon_m11p010422.npy,-68.928383,-11.010422,30,40,summer,10,0.917049802839756,chunk10_summer,-0.0914365359349176,0.45923050318378944
eta_lat_m64p202515_lon_p60p989578.npy,-64.202515,60.989578,340,350,summer,10,0.7060738056898117,chunk10_summer,-0.0914365359349176,0.45923050318378944
eta_lat_m66p662788_lon_m11p010422.npy,-66.662788,-11.010422,20,30,summer,10,2.849514812231064,chunk10_summer,-0.0914365359349176,0.45923050318378944
eta_lat_m73p291496_lon_m160p547073.npy,-73.291496,-160.547073,390,400,summer,10,1.0708116292953491,chunk10_summer,-0.0914365359349176,0.45923050318378944
eta_lat_m61p508057_lon_p102p989594.npy,-61.508057,102.989594,410,420,summer,10,0.7487979680299759,chunk10_summer,-0.0914365359349176,0.45923050318378944
eta_lat_m66p662788_lon_m161p010422.npy,-66.662788,-161.010422,10,20,summer,10,0.5060487315058708,chunk10_summer,-0.0914365359349176,0.45923050318378944
eta_lat_m40p414062_lon_p30p989578.npy,-40.414062,30.989578,400,410,summer,10,0.5333976149559021,chunk10_summer,-0.0914365359349176,0.45923050318378944
eta_lat_m66p662788_lon_p24p989578.npy,-66.662788,24.989578,40,50,summer,10,0.8443126827478409,chunk10_summer,-0.0914365359349176,0.45923050318378944
eta_lat_m71p197975_lon_m172p950165.npy,-71.197975,-172.950165,30,40,summer,10,1.2635620757937431,chunk10_summer,-0.0914365359349176,0.45923050318378944
eta_lat_m64p202515_lon_p168p989563.npy,-64.202515,168.989563,400,410,summer,10,0.6064788550138474,chunk10_summer,-0.0914365359349176,0.45923050318378944
eta_lat_m61p508057_lon_m23p010422.npy,-61.508057,-23.010422,370,380,summer,10,1.5765330642461777,chunk10_summer,-0.0914365359349176,0.45923050318378944
eta_lat_m73p433556_lon_m166p559235.npy,-73.433556,-166.559235,360,370,summer,10,1.167275719344616,chunk10_summer,-0.0914365359349176,0.45923050318378944
eta_lat_m64p202515_lon_p168p989563.npy,-64.202515,168.989563,390,400,summer,10,0.4818191863596439,chunk10_summer,-0.0914365359349176,0.45923050318378944
eta_lat_m68p928383_lon_m101p010414.npy,-68.928383,-101.010414,0,10,summer,10,0.5368823185563087,chunk10_summer,-0.0914365359349176,0.45923050318378944
eta_lat_m66p662788_lon_m17p010422.npy,-66.662788,-17.010422,400,410,summer,10,0.6397446990013123,chunk10_summer,-0.0914365359349176,0.45923050318378944
eta_lat_m58p574665_lon_p0p989578.npy,-58.574665,0.989578,340,350,summer,10,0.5065568946301937,chunk10_summer,-0.0914365359349176,0.45923050318378944
eta_lat_m64p202515_lon_p156p989563.npy,-64.202515,156.989563,390,400,summer,10,0.8177492693066597,chunk10_summer,-0.0914365359349176,0.45923050318378944
eta_lat_m71p011032_lon_m148p947784.npy,-71.011032,-148.947784,360,370,summer,10,1.2970278784632685,chunk10_summer,-0.0914365359349176,0.45923050318378944
eta_lat_m64p202515_lon_p48p989578.npy,-64.202515,48.989578,30,40,summer,10,0.5068221166729927,chunk10_summer,-0.0914365359349176,0.45923050318378944
eta_lat_m66p662788_lon_m47p010422.npy,-66.662788,-47.010422,20,30,summer,10,3.723962515592575,chunk10_summer,-0.0914365359349176,0.45923050318378944
eta_lat_m64p202515_lon_p144p989563.npy,-64.202515,144.989563,360,370,summer,10,1.4482370167970655,chunk10_summer,-0.0914365359349176,0.45923050318378944
eta_lat_m72p698387_lon_m136p683899.npy,-72.698387,-136.683899,0,10,summer,10,0.6647854894399643,chunk10_summer,-0.0914365359349176,0.45923050318378944
eta_lat_m64p202515_lon_m29p010422.npy,-64.202515,-29.010422,40,50,summer,10,1.4447744637727735,chunk10_summer,-0.0914365359349176,0.45923050318378944
eta_lat_m73p291496_lon_m160p547073.npy,-73.291496,-160.547073,30,40,summer,10,2.9460175037384038,chunk10_summer,-0.0914365359349176,0.45923050318378944
eta_lat_m64p202515_lon_m23p010422.npy,-64.202515,-23.010422,400,410,summer,10,0.8255337402224541,chunk10_summer,-0.0914365359349176,0.45923050318378944
eta_lat_m66p662788_lon_m53p010422.npy,-66.662788,-53.010422,340,350,summer,10,1.0348771139979362,chunk10_summer,-0.0914365359349176,0.45923050318378944
eta_lat_m55p389462_lon_m53p010422.npy,-55.389462,-53.010422,330,340,summer,10,0.5234100911766291,chunk10_summer,-0.0914365359349176,0.45923050318378944
eta_lat_m73p433556_lon_m166p559235.npy,-73.433556,-166.559235,350,360,summer,10,1.5352261513471603,chunk10_summer,-0.0914365359349176,0.45923050318378944
eta_lat_m72p698387_lon_m136p683899.npy,-72.698387,-136.683899,400,410,summer,10,0.5107220932841301,chunk10_summer,-0.0914365359349176,0.45923050318378944
eta_lat_m73p859009_lon_m35p162323.npy,-73.859009,-35.162323,20,30,summer,10,2.039354830980301,chunk10_summer,-0.0914365359349176,0.45923050318378944
eta_lat_m68p928383_lon_m137p010422.npy,-68.928383,-137.010422,360,370,summer,10,1.152431696653366,chunk10_summer,-0.0914365359349176,0.45923050318378944
eta_lat_m64p202515_lon_p78p989594.npy,-64.202515,78.989594,330,340,summer,10,0.7957990169525146,chunk10_summer,-0.0914365359349176,0.45923050318378944
eta_lat_m66p662788_lon_m5p010422.npy,-66.662788,-5.010422,390,400,summer,10,2.26293919980526,chunk10_summer,-0.0914365359349176,0.45923050318378944
eta_lat_m61p508057_lon_p66p989594.npy,-61.508057,66.989594,20,30,summer,10,0.5183015950024128,chunk10_summer,-0.0914365359349176,0.45923050318378944
eta_lat_m51p994694_lon_p84p989594.npy,-51.994694,84.989594,20,30,summer,10,0.585840243846178,chunk10_summer,-0.0914365359349176,0.45923050318378944
eta_lat_m61p508057_lon_m35p010422.npy,-61.508057,-35.010422,40,50,summer,10,2.08583202958107,chunk10_summer,-0.0914365359349176,0.45923050318378944
eta_lat_m48p374134_lon_m47p010422.npy,-48.374134,-47.010422,330,340,summer,10,0.4810442123562097,chunk10_summer,-0.0914365359349176,0.45923050318378944
eta_lat_m64p202515_lon_p150p989563.npy,-64.202515,150.989563,350,360,summer,10,0.5538645051419735,chunk10_summer,-0.0914365359349176,0.45923050318378944
eta_lat_m58p574665_lon_p0p989578.npy,-58.574665,0.989578,400,410,summer,10,1.1159167662262917,chunk10_summer,-0.0914365359349176,0.45923050318378944
eta_lat_m61p508057_lon_p72p989594.npy,-61.508057,72.989594,20,30,summer,10,0.5697947293519974,chunk10_summer,-0.0914365359349176,0.45923050318378944
eta_lat_p36p058659_lon_p144p989563.npy,36.058659,144.989563,350,360,summer,10,0.5282533690333366,chunk10_summer,-0.0914365359349176,0.45923050318378944
eta_lat_m71p296463_lon_m35p025223.npy,-71.296463,-35.025223,340,350,summer,10,0.5328197814524174,chunk10_summer,-0.0914365359349176,0.45923050318378944
eta_lat_m61p508057_lon_m35p010422.npy,-61.508057,-35.010422,410,420,summer,10,1.0583745166659355,chunk10_summer,-0.0914365359349176,0.45923050318378944
eta_lat_m64p202515_lon_m35p010422.npy,-64.202515,-35.010422,360,370,summer,10,1.3348087221384048,chunk10_summer,-0.0914365359349176,0.45923050318378944
eta_lat_m68p928383_lon_m47p010422.npy,-68.928383,-47.010422,400,410,summer,10,1.642639309167862,chunk10_summer,-0.0914365359349176,0.45923050318378944
eta_lat_m75p355705_lon_m159p614578.npy,-75.355705,-159.614578,410,420,summer,10,1.4176120162010193,chunk10_summer,-0.0914365359349176,0.45923050318378944
eta_lat_m75p355705_lon_m159p614578.npy,-75.355705,-159.614578,330,340,summer,10,1.7117598205804825,chunk10_summer,-0.0914365359349176,0.45923050318378944
eta_lat_m55p400803_lon_p168p989563.npy,-55.400803,168.989563,400,410,summer,10,0.7586189657449722,chunk10_summer,-0.0914365359349176,0.45923050318378944
eta_lat_m73p888268_lon_m29p051193.npy,-73.888268,-29.051193,390,400,summer,10,2.8413672745227814,chunk10_summer,-0.0914365359349176,0.45923050318378944
eta_lat_m73p118896_lon_m154p539932.npy,-73.118896,-154.539932,30,40,summer,10,1.8023866638541224,chunk10_summer,-0.0914365359349176,0.45923050318378944
eta_lat_m71p011032_lon_m148p947784.npy,-71.011032,-148.947784,400,410,summer,10,0.9737274199724196,chunk10_summer,-0.0914365359349176,0.45923050318378944
eta_lat_m66p662788_lon_m41p010422.npy,-66.662788,-41.010422,330,340,summer,10,0.7238290831446648,chunk10_summer,-0.0914365359349176,0.45923050318378944
eta_lat_m73p859009_lon_m35p162323.npy,-73.859009,-35.162323,350,360,summer,10,1.139936849474907,chunk10_summer,-0.0914365359349176,0.45923050318378944
eta_lat_m64p202515_lon_m11p010422.npy,-64.202515,-11.010422,380,390,summer,10,1.2719110250473022,chunk10_summer,-0.0914365359349176,0.45923050318378944
eta_lat_m66p662788_lon_m53p010422.npy,-66.662788,-53.010422,370,380,summer,10,1.173461839556694,chunk10_summer,-0.0914365359349176,0.45923050318378944
eta_lat_m51p994694_lon_p150p989563.npy,-51.994694,150.989563,360,370,summer,10,0.598796958103776,chunk10_summer,-0.0914365359349176,0.45923050318378944
eta_lat_m71p317345_lon_m23p007370.npy,-71.317345,-23.00737,370,380,summer,10,0.6529714167118073,chunk10_summer,-0.0914365359349176,0.45923050318378944
eta_lat_m51p994694_lon_p150p989563.npy,-51.994694,150.989563,400,410,summer,10,0.6192734465003014,chunk10_summer,-0.0914365359349176,0.45923050318378944
eta_lat_m48p374134_lon_m173p010422.npy,-48.374134,-173.010422,350,360,summer,10,0.4624732248485088,chunk10_summer,-0.0914365359349176,0.45923050318378944
eta_lat_m73p888268_lon_m29p051193.npy,-73.888268,-29.051193,400,410,summer,10,2.736983895301819,chunk10_summer,-0.0914365359349176,0.45923050318378944
eta_lat_m75p574257_lon_m165p651382.npy,-75.574257,-165.651382,20,30,summer,10,4.507488787174225,chunk10_summer,-0.0914365359349176,0.45923050318378944
eta_lat_m68p928383_lon_m137p010422.npy,-68.928383,-137.010422,400,410,summer,10,0.7649467960000038,chunk10_summer,-0.0914365359349176,0.45923050318378944
eta_lat_m73p433556_lon_m166p559235.npy,-73.433556,-166.559235,40,50,summer,10,6.065693080425263,chunk10_summer,-0.0914365359349176,0.45923050318378944
eta_lat_m68p928383_lon_m83p010414.npy,-68.928383,-83.010414,400,410,summer,10,0.6682719066739082,chunk10_summer,-0.0914365359349176,0.45923050318378944
eta_lat_m51p994694_lon_p126p989594.npy,-51.994694,126.989594,330,340,summer,10,0.475800160318613,chunk10_summer,-0.0914365359349176,0.45923050318378944
eta_lat_m64p202515_lon_p162p989563.npy,-64.202515,162.989563,380,390,summer,10,0.6509431228041649,chunk10_summer,-0.0914365359349176,0.45923050318378944
eta_lat_m68p928383_lon_m161p010422.npy,-68.928383,-161.010422,390,400,summer,10,0.784097395837307,chunk10_summer,-0.0914365359349176,0.45923050318378944
eta_lat_m64p202515_lon_m47p010422.npy,-64.202515,-47.010422,340,350,summer,10,0.8587955012917519,chunk10_summer,-0.0914365359349176,0.45923050318378944
eta_lat_m68p928383_lon_m173p010422.npy,-68.928383,-173.010422,380,390,summer,10,0.5658342093229294,chunk10_summer,-0.0914365359349176,0.45923050318378944
eta_lat_m68p928383_lon_m47p010422.npy,-68.928383,-47.010422,350,360,summer,10,0.7895465642213821,chunk10_summer,-0.0914365359349176,0.45923050318378944
eta_lat_m58p574665_lon_m5p010422.npy,-58.574665,-5.010422,350,360,summer,10,1.0221344530582428,chunk10_summer,-0.0914365359349176,0.45923050318378944
eta_lat_m72p830154_lon_m142p626068.npy,-72.830154,-142.626068,20,30,summer,10,1.6358666867017746,chunk10_summer,-0.0914365359349176,0.45923050318378944
eta_lat_m61p508057_lon_m29p010422.npy,-61.508057,-29.010422,40,50,summer,10,1.7289265394210815,chunk10_summer,-0.0914365359349176,0.45923050318378944
eta_lat_m73p796959_lon_m41p244324.npy,-73.796959,-41.244324,410,420,summer,10,0.6881422773003578,chunk10_summer,-0.0914365359349176,0.45923050318378944
eta_lat_m48p374134_lon_p18p989578.npy,-48.374134,18.989578,330,340,summer,10,0.709694555029273,chunk10_summer,-0.0914365359349176,0.45923050318378944
eta_lat_m58p574665_lon_m35p010422.npy,-58.574665,-35.010422,40,50,summer,10,1.141690380871296,chunk10_summer,-0.0914365359349176,0.45923050318378944
eta_lat_m71p152878_lon_m166p947037.npy,-71.152878,-166.947037,340,350,summer,10,1.255504660308361,chunk10_summer,-0.0914365359349176,0.45923050318378944
eta_lat_m64p202515_lon_m143p010422.npy,-64.202515,-143.010422,350,360,summer,10,1.2515420764684675,chunk10_summer,-0.0914365359349176,0.45923050318378944
eta_lat_m72p979408_lon_m148p561707.npy,-72.979408,-148.561707,30,40,summer,10,1.2752092815935612,chunk10_summer,-0.0914365359349176,0.45923050318378944
eta_lat_m64p202515_lon_p60p989578.npy,-64.202515,60.989578,370,380,summer,10,1.0528259724378586,chunk10_summer,-0.0914365359349176,0.45923050318378944
eta_lat_m61p508057_lon_m29p010422.npy,-61.508057,-29.010422,390,400,summer,10,1.9329870641231537,chunk10_summer,-0.0914365359349176,0.45923050318378944
eta_lat_m55p389462_lon_p6p989578.npy,-55.389462,6.989578,400,410,summer,10,0.5820910930633545,chunk10_summer,-0.0914365359349176,0.45923050318378944
eta_lat_m70p821320_lon_m118p983330.npy,-70.82132,-118.98333,30,40,summer,10,1.59828657284379,chunk10_summer,-0.0914365359349176,0.45923050318378944
eta_lat_m64p202515_lon_m155p010422.npy,-64.202515,-155.010422,350,360,summer,10,1.295892059803009,chunk10_summer,-0.0914365359349176,0.45923050318378944
eta_lat_m66p662788_lon_p30p989578.npy,-66.662788,30.989578,370,380,summer,10,1.009140245616436,chunk10_summer,-0.0914365359349176,0.45923050318378944
eta_lat_m64p202515_lon_m41p010422.npy,-64.202515,-41.010422,30,40,summer,10,2.867048591375351,chunk10_summer,-0.0914365359349176,0.45923050318378944
eta_lat_m68p928383_lon_m143p010422.npy,-68.928383,-143.010422,350,360,summer,10,1.1410257890820503,chunk10_summer,-0.0914365359349176,0.45923050318378944
eta_lat_m72p830154_lon_m142p626068.npy,-72.830154,-142.626068,400,410,summer,10,0.6067652180790901,chunk10_summer,-0.0914365359349176,0.45923050318378944
eta_lat_m72p438423_lon_m118p949417.npy,-72.438423,-118.949417,10,20,summer,10,2.284949406981468,chunk10_summer,-0.0914365359349176,0.45923050318378944
eta_lat_m66p662788_lon_p30p989578.npy,-66.662788,30.989578,0,10,summer,10,0.6990343779325485,chunk10_summer,-0.0914365359349176,0.45923050318378944
eta_lat_m64p202515_lon_m29p010422.npy,-64.202515,-29.010422,370,380,summer,10,1.0771156698465347,chunk10_summer,-0.0914365359349176,0.45923050318378944
eta_lat_m73p796959_lon_m41p244324.npy,-73.796959,-41.244324,390,400,summer,10,1.513260968029499,chunk10_summer,-0.0914365359349176,0.45923050318378944
eta_lat_m66p662788_lon_m35p010422.npy,-66.662788,-35.010422,30,40,summer,10,1.311541736125946,chunk10_summer,-0.0914365359349176,0.45923050318378944
eta_lat_m66p662788_lon_m131p010422.npy,-66.662788,-131.010422,340,350,summer,10,0.6120695769786835,chunk10_summer,-0.0914365359349176,0.45923050318378944
eta_lat_m72p569344_lon_m130p758957.npy,-72.569344,-130.758957,0,10,summer,10,2.025606572628021,chunk10_summer,-0.0914365359349176,0.45923050318378944
eta_lat_m55p389462_lon_p168p989563.npy,-55.389462,168.989563,340,350,summer,10,0.75207301042974,chunk10_summer,-0.0914365359349176,0.45923050318378944
eta_lat_m68p928383_lon_m47p010422.npy,-68.928383,-47.010422,410,420,summer,10,1.632839933037758,chunk10_summer,-0.0914365359349176,0.45923050318378944
eta_lat_m75p574257_lon_m165p651382.npy,-75.574257,-165.651382,330,340,summer,10,1.1237429231405258,chunk10_summer,-0.0914365359349176,0.45923050318378944
eta_lat_m66p662788_lon_m29p010422.npy,-66.662788,-29.010422,0,10,summer,10,0.5137444548308849,chunk10_summer,-0.0914365359349176,0.45923050318378944
eta_lat_m68p928383_lon_m35p010422.npy,-68.928383,-35.010422,20,30,summer,10,0.5189353749155998,chunk10_summer,-0.0914365359349176,0.45923050318378944
eta_lat_m61p508057_lon_p102p989594.npy,-61.508057,102.989594,350,360,summer,10,0.616270899772644,chunk10_summer,-0.0914365359349176,0.45923050318378944
eta_lat_m64p202515_lon_m17p010422.npy,-64.202515,-17.010422,0,10,summer,10,0.7006672099232674,chunk10_summer,-0.0914365359349176,0.45923050318378944
eta_lat_m76p178772_lon_m41p740692.npy,-76.178772,-41.740692,20,30,summer,10,1.0660626366734505,chunk10_summer,-0.0914365359349176,0.45923050318378944
eta_lat_m72p569344_lon_m130p758957.npy,-72.569344,-130.758957,410,420,summer,10,0.4647990092635155,chunk10_summer,-0.0914365359349176,0.45923050318378944
eta_lat_m61p508057_lon_m5p010422.npy,-61.508057,-5.010422,350,360,summer,10,0.7109426334500313,chunk10_summer,-0.0914365359349176,0.45923050318378944
eta_lat_m71p110893_lon_m160p945129.npy,-71.110893,-160.945129,370,380,summer,10,1.04037344455719,chunk10_summer,-0.0914365359349176,0.45923050318378944
eta_lat_m66p662788_lon_m47p010422.npy,-66.662788,-47.010422,410,420,summer,10,1.4606258124113085,chunk10_summer,-0.0914365359349176,0.45923050318378944
eta_lat_m75p574257_lon_m165p651382.npy,-75.574257,-165.651382,350,360,summer,10,1.178811490535736,chunk10_summer,-0.0914365359349176,0.45923050318378944
eta_lat_m71p296463_lon_m35p025223.npy,-71.296463,-35.025223,380,390,summer,10,1.9824819266796112,chunk10_summer,-0.0914365359349176,0.45923050318378944
eta_lat_m68p928383_lon_m17p010422.npy,-68.928383,-17.010422,40,50,summer,10,0.9983366429805756,chunk10_summer,-0.0914365359349176,0.45923050318378944
eta_lat_m64p202515_lon_m41p010422.npy,-64.202515,-41.010422,10,20,summer,10,1.3661139905452728,chunk10_summer,-0.0914365359349176,0.45923050318378944
eta_lat_m64p202515_lon_m17p010422.npy,-64.202515,-17.010422,350,360,summer,10,0.7372857332229614,chunk10_summer,-0.0914365359349176,0.45923050318378944
eta_lat_m75p574257_lon_m165p651382.npy,-75.574257,-165.651382,370,380,summer,10,1.1029303669929504,chunk10_summer,-0.0914365359349176,0.45923050318378944
eta_lat_m66p662788_lon_m167p010422.npy,-66.662788,-167.010422,10,20,summer,10,1.1818657889962196,chunk10_summer,-0.0914365359349176,0.45923050318378944
eta_lat_m68p928383_lon_m23p010422.npy,-68.928383,-23.010422,380,390,summer,10,1.3561028391122818,chunk10_summer,-0.0914365359349176,0.45923050318378944
eta_lat_m40p414062_lon_p18p989578.npy,-40.414062,18.989578,350,360,summer,10,0.4699018523097038,chunk10_summer,-0.0914365359349176,0.45923050318378944
eta_lat_m64p202515_lon_m41p010422.npy,-64.202515,-41.010422,340,350,summer,10,1.1185984313488009,chunk10_summer,-0.0914365359349176,0.45923050318378944
eta_lat_m64p202515_lon_p0p989578.npy,-64.202515,0.989578,350,360,summer,10,0.671242244541645,chunk10_summer,-0.0914365359349176,0.45923050318378944
eta_lat_m70p818817_lon_m112p992744.npy,-70.818817,-112.992744,0,10,summer,10,0.6302219852805138,chunk10_summer,-0.0914365359349176,0.45923050318378944
eta_lat_m55p389462_lon_p126p989594.npy,-55.389462,126.989594,10,20,summer,10,0.4700400121510029,chunk10_summer,-0.0914365359349176,0.45923050318378944
eta_lat_m73p291496_lon_m160p547073.npy,-73.291496,-160.547073,380,390,summer,10,1.4447121024131775,chunk10_summer,-0.0914365359349176,0.45923050318378944
eta_lat_m70p818817_lon_m112p992744.npy,-70.818817,-112.992744,30,40,summer,10,1.3274448961019516,chunk10_summer,-0.0914365359349176,0.45923050318378944
eta_lat_m68p928383_lon_m41p010422.npy,-68.928383,-41.010422,360,370,summer,10,0.8360120058059692,chunk10_summer,-0.0914365359349176,0.45923050318378944
eta_lat_m40p414062_lon_p24p989578.npy,-40.414062,24.989578,40,50,summer,10,0.7392641007900238,chunk10_summer,-0.0914365359349176,0.45923050318378944
eta_lat_m66p662788_lon_m41p010422.npy,-66.662788,-41.010422,350,360,summer,10,0.4604429788887501,chunk10_summer,-0.0914365359349176,0.45923050318378944
eta_lat_m66p662788_lon_p30p989578.npy,-66.662788,30.989578,380,390,summer,10,0.528002891689539,chunk10_summer,-0.0914365359349176,0.45923050318378944
eta_lat_m64p202515_lon_p66p989594.npy,-64.202515,66.989594,400,410,summer,10,1.358513131737709,chunk10_summer,-0.0914365359349176,0.45923050318378944
eta_lat_m66p662788_lon_p0p989578.npy,-66.662788,0.989578,350,360,summer,10,2.7908306568861008,chunk10_summer,-0.0914365359349176,0.45923050318378944
eta_lat_m55p389462_lon_p168p989563.npy,-55.389462,168.989563,400,410,summer,10,0.7649454288184643,chunk10_summer,-0.0914365359349176,0.45923050318378944
eta_lat_m70p831284_lon_m107p022827.npy,-70.831284,-107.022827,30,40,summer,10,1.1513166427612305,chunk10_summer,-0.0914365359349176,0.45923050318378944
eta_lat_m68p928383_lon_m47p010422.npy,-68.928383,-47.010422,0,10,summer,10,1.259316559880972,chunk10_summer,-0.0914365359349176,0.45923050318378944
eta_lat_m64p202515_lon_p174p989563.npy,-64.202515,174.989563,40,50,summer,10,0.5127217508852482,chunk10_summer,-0.0914365359349176,0.45923050318378944
eta_lat_m40p414062_lon_p18p989578.npy,-40.414062,18.989578,10,20,summer,10,0.4713839143514633,chunk10_summer,-0.0914365359349176,0.45923050318378944
eta_lat_m73p433556_lon_m166p559235.npy,-73.433556,-166.559235,410,420,summer,10,1.2303490787744522,chunk10_summer,-0.0914365359349176,0.45923050318378944
eta_lat_m61p508057_lon_p78p989594.npy,-61.508057,78.989594,410,420,summer,10,0.4783379435539245,chunk10_summer,-0.0914365359349176,0.45923050318378944
eta_lat_m68p928383_lon_m101p010414.npy,-68.928383,-101.010414,400,410,summer,10,0.6112882345914841,chunk10_summer,-0.0914365359349176,0.45923050318378944
eta_lat_m68p928383_lon_m41p010422.npy,-68.928383,-41.010422,400,410,summer,10,1.6437203139066696,chunk10_summer,-0.0914365359349176,0.45923050318378944
eta_lat_m70p857033_lon_m130p966385.npy,-70.857033,-130.966385,410,420,summer,10,0.60165224224329,chunk10_summer,-0.0914365359349176,0.45923050318378944
eta_lat_m73p545830_lon_m172p573288.npy,-73.54583,-172.573288,370,380,summer,10,0.7417537719011307,chunk10_summer,-0.0914365359349176,0.45923050318378944
eta_lat_m68p928383_lon_m143p010422.npy,-68.928383,-143.010422,400,410,summer,10,0.5416879616677761,chunk10_summer,-0.0914365359349176,0.45923050318378944
eta_lat_m71p277649_lon_m41p033340.npy,-71.277649,-41.03334,370,380,summer,10,1.0347384847700596,chunk10_summer,-0.0914365359349176,0.45923050318378944
eta_lat_m71p011032_lon_m148p947784.npy,-71.011032,-148.947784,390,400,summer,10,1.0196559950709343,chunk10_summer,-0.0914365359349176,0.45923050318378944
eta_lat_m55p400803_lon_p174p989563.npy,-55.400803,174.989563,360,370,summer,10,0.6079266369342804,chunk10_summer,-0.0914365359349176,0.45923050318378944
eta_lat_m73p545830_lon_m172p573288.npy,-73.54583,-172.573288,410,420,summer,10,1.5246912688016891,chunk10_summer,-0.0914365359349176,0.45923050318378944
eta_lat_m68p928383_lon_m53p010422.npy,-68.928383,-53.010422,40,50,summer,10,1.634153164923191,chunk10_summer,-0.0914365359349176,0.45923050318378944
eta_lat_m71p317345_lon_m23p007370.npy,-71.317345,-23.00737,10,20,summer,10,0.959687940776348,chunk10_summer,-0.0914365359349176,0.45923050318378944
eta_lat_m52p006847_lon_p126p989594.npy,-52.006847,126.989594,20,30,summer,10,0.516159176826477,chunk10_summer,-0.0914365359349176,0.45923050318378944
eta_lat_m66p662788_lon_p24p989578.npy,-66.662788,24.989578,370,380,summer,10,0.4693848565220833,chunk10_summer,-0.0914365359349176,0.45923050318378944
eta_lat_m66p662788_lon_m11p010422.npy,-66.662788,-11.010422,370,380,summer,10,1.2286095544695854,chunk10_summer,-0.0914365359349176,0.45923050318378944
eta_lat_m64p202515_lon_p174p989563.npy,-64.202515,174.989563,380,390,summer,10,0.4607920330017805,chunk10_summer,-0.0914365359349176,0.45923050318378944
eta_lat_m68p928383_lon_m161p010422.npy,-68.928383,-161.010422,370,380,summer,10,0.9777329489588736,chunk10_summer,-0.0914365359349176,0.45923050318378944
eta_lat_m66p662788_lon_m29p010422.npy,-66.662788,-29.010422,20,30,summer,10,0.5454232655465603,chunk10_summer,-0.0914365359349176,0.45923050318378944
eta_lat_m68p928383_lon_m173p010422.npy,-68.928383,-173.010422,330,340,summer,10,1.2109589502215383,chunk10_summer,-0.0914365359349176,0.45923050318378944
eta_lat_m61p508057_lon_p72p989594.npy,-61.508057,72.989594,40,50,summer,10,0.5544552765786648,chunk10_summer,-0.0914365359349176,0.45923050318378944
eta_lat_m55p389462_lon_m53p010422.npy,-55.389462,-53.010422,20,30,summer,10,0.4772030040621757,chunk10_summer,-0.0914365359349176,0.45923050318378944
eta_lat_m66p662788_lon_p12p989578.npy,-66.662788,12.989578,340,350,summer,10,0.4672214202582836,chunk10_summer,-0.0914365359349176,0.45923050318378944
eta_lat_m64p202515_lon_m125p010414.npy,-64.202515,-125.010414,380,390,summer,10,0.6187027841806412,chunk10_summer,-0.0914365359349176,0.45923050318378944
eta_lat_m58p574665_lon_m5p010422.npy,-58.574665,-5.010422,410,420,summer,10,1.017735168337822,chunk10_summer,-0.0914365359349176,0.45923050318378944
eta_lat_m64p202515_lon_p84p989594.npy,-64.202515,84.989594,330,340,summer,10,0.7877401784062386,chunk10_summer,-0.0914365359349176,0.45923050318378944
eta_lat_m55p389462_lon_p162p989563.npy,-55.389462,162.989563,20,30,summer,10,0.6636588349938393,chunk10_summer,-0.0914365359349176,0.45923050318378944
eta_lat_m71p216316_lon_m53p046265.npy,-71.216316,-53.046265,410,420,summer,10,2.6268457621335983,chunk10_summer,-0.0914365359349176,0.45923050318378944
eta_lat_m73p621971_lon_m53p396431.npy,-73.621971,-53.396431,350,360,summer,10,1.45675528049469,chunk10_summer,-0.0914365359349176,0.45923050318378944
eta_lat_m61p508057_lon_m23p010422.npy,-61.508057,-23.010422,330,340,summer,10,0.9644586443901062,chunk10_summer,-0.0914365359349176,0.45923050318378944
eta_lat_m68p928383_lon_m161p010422.npy,-68.928383,-161.010422,380,390,summer,10,0.9252377897500992,chunk10_summer,-0.0914365359349176,0.45923050318378944
eta_lat_m71p110893_lon_m160p945129.npy,-71.110893,-160.945129,410,420,summer,10,0.9157016426324844,chunk10_summer,-0.0914365359349176,0.45923050318378944
eta_lat_m58p574665_lon_m65p010414.npy,-58.574665,-65.010414,370,380,summer,10,0.551223112270236,chunk10_summer,-0.0914365359349176,0.45923050318378944
eta_lat_m66p662788_lon_m143p010422.npy,-66.662788,-143.010422,360,370,summer,10,0.91402355581522,chunk10_summer,-0.0914365359349176,0.45923050318378944
eta_lat_m55p400803_lon_m59p010422.npy,-55.400803,-59.010422,20,30,summer,10,0.6553195547312498,chunk10_summer,-0.0914365359349176,0.45923050318378944
eta_lat_m66p662788_lon_m143p010422.npy,-66.662788,-143.010422,380,390,summer,10,0.7931285873055458,chunk10_summer,-0.0914365359349176,0.45923050318378944
eta_lat_m58p574665_lon_m71p010414.npy,-58.574665,-71.010414,40,50,summer,10,0.4877500534057617,chunk10_summer,-0.0914365359349176,0.45923050318378944
eta_lat_m61p508057_lon_m23p010422.npy,-61.508057,-23.010422,400,410,summer,10,1.4143723398447037,chunk10_summer,-0.0914365359349176,0.45923050318378944
eta_lat_m66p662788_lon_m149p010422.npy,-66.662788,-149.010422,330,340,summer,10,1.1259907633066175,chunk10_summer,-0.0914365359349176,0.45923050318378944
eta_lat_m73p859009_lon_m35p162323.npy,-73.859009,-35.162323,10,20,summer,10,1.354003794491291,chunk10_summer,-0.0914365359349176,0.45923050318378944
eta_lat_m76p178772_lon_m41p740692.npy,-76.178772,-41.740692,390,400,summer,10,2.0932212620973587,chunk10_summer,-0.0914365359349176,0.45923050318378944
eta_lat_m61p508057_lon_m137p010422.npy,-61.508057,-137.010422,350,360,summer,10,0.5667941607534885,chunk10_summer,-0.0914365359349176,0.45923050318378944
eta_lat_m58p574665_lon_p84p989594.npy,-58.574665,84.989594,330,340,summer,10,0.5534688103944063,chunk10_summer,-0.0914365359349176,0.45923050318378944
eta_lat_m64p202515_lon_m17p010422.npy,-64.202515,-17.010422,340,350,summer,10,1.034319519996643,chunk10_summer,-0.0914365359349176,0.45923050318378944
eta_lat_m71p250717_lon_m47p040466.npy,-71.250717,-47.040466,360,370,summer,10,1.6233124881982803,chunk10_summer,-0.0914365359349176,0.45923050318378944
eta_lat_m66p662788_lon_m41p010422.npy,-66.662788,-41.010422,410,420,summer,10,0.8719218447804451,chunk10_summer,-0.0914365359349176,0.45923050318378944
eta_lat_m68p928383_lon_m5p010422.npy,-68.928383,-5.010422,360,370,summer,10,1.0136873722076416,chunk10_summer,-0.0914365359349176,0.45923050318378944
eta_lat_m40p414062_lon_p18p989578.npy,-40.414062,18.989578,20,30,summer,10,0.5386213660240173,chunk10_summer,-0.0914365359349176,0.45923050318378944
eta_lat_m70p827019_lon_m124p974617.npy,-70.827019,-124.974617,400,410,summer,10,0.4816291034221649,chunk10_summer,-0.0914365359349176,0.45923050318378944
eta_lat_m73p888268_lon_m29p051193.npy,-73.888268,-29.051193,360,370,summer,10,1.7794123888015747,chunk10_summer,-0.0914365359349176,0.45923050318378944
eta_lat_m51p994694_lon_p126p989594.npy,-51.994694,126.989594,20,30,summer,10,0.5291592851281166,chunk10_summer,-0.0914365359349176,0.45923050318378944
eta_lat_m68p928383_lon_m143p010422.npy,-68.928383,-143.010422,330,340,summer,10,0.8576238676905632,chunk10_summer,-0.0914365359349176,0.45923050318378944
eta_lat_m52p006847_lon_p156p989563.npy,-52.006847,156.989563,30,40,summer,10,0.6595559474080801,chunk10_summer,-0.0914365359349176,0.45923050318378944
eta_lat_m58p574665_lon_p84p989594.npy,-58.574665,84.989594,360,370,summer,10,0.9137327373027802,chunk10_summer,-0.0914365359349176,0.45923050318378944
eta_lat_m72p979408_lon_m148p561707.npy,-72.979408,-148.561707,400,410,summer,10,1.134795106947422,chunk10_summer,-0.0914365359349176,0.45923050318378944
eta_lat_m55p400803_lon_p168p989563.npy,-55.400803,168.989563,30,40,summer,10,0.8779867477715015,chunk10_summer,-0.0914365359349176,0.45923050318378944
eta_lat_m66p662788_lon_p174p989563.npy,-66.662788,174.989563,20,30,summer,10,0.5493231751024723,chunk10_summer,-0.0914365359349176,0.45923050318378944
eta_lat_m40p414062_lon_p24p989578.npy,-40.414062,24.989578,380,390,summer,10,0.7181344032287598,chunk10_summer,-0.0914365359349176,0.45923050318378944
eta_lat_m55p400803_lon_p162p989563.npy,-55.400803,162.989563,20,30,summer,10,0.6367920935153961,chunk10_summer,-0.0914365359349176,0.45923050318378944
eta_lat_m68p928383_lon_m29p010422.npy,-68.928383,-29.010422,20,30,summer,10,0.9020896404981612,chunk10_summer,-0.0914365359349176,0.45923050318378944
eta_lat_m66p662788_lon_m53p010422.npy,-66.662788,-53.010422,0,10,summer,10,1.70925996825099,chunk10_summer,-0.0914365359349176,0.45923050318378944
eta_lat_m64p202515_lon_p150p989563.npy,-64.202515,150.989563,30,40,summer,10,0.4760858714580536,chunk10_summer,-0.0914365359349176,0.45923050318378944
eta_lat_m66p662788_lon_m173p010422.npy,-66.662788,-173.010422,350,360,summer,10,0.535959891974926,chunk10_summer,-0.0914365359349176,0.45923050318378944
eta_lat_m55p389462_lon_m59p010422.npy,-55.389462,-59.010422,340,350,summer,10,0.5839882902801037,chunk10_summer,-0.0914365359349176,0.45923050318378944
eta_lat_m64p202515_lon_m119p010414.npy,-64.202515,-119.010414,340,350,summer,10,0.5492025092244148,chunk10_summer,-0.0914365359349176,0.45923050318378944
eta_lat_m64p202515_lon_p72p989594.npy,-64.202515,72.989594,20,30,summer,10,0.6775693148374557,chunk10_summer,-0.0914365359349176,0.45923050318378944
eta_lat_m71p250717_lon_m47p040466.npy,-71.250717,-47.040466,40,50,summer,10,0.8053352609276772,chunk10_summer,-0.0914365359349176,0.45923050318378944
eta_lat_m72p569344_lon_m130p758957.npy,-72.569344,-130.758957,10,20,summer,10,3.477571383118629,chunk10_summer,-0.0914365359349176,0.45923050318378944
eta_lat_m66p662788_lon_m17p010422.npy,-66.662788,-17.010422,370,380,summer,10,1.2698638290166857,chunk10_summer,-0.0914365359349176,0.45923050318378944
eta_lat_m66p662788_lon_m47p010422.npy,-66.662788,-47.010422,360,370,summer,10,0.869631327688694,chunk10_summer,-0.0914365359349176,0.45923050318378944
eta_lat_m64p202515_lon_p126p989594.npy,-64.202515,126.989594,360,370,summer,10,0.6198329739272594,chunk10_summer,-0.0914365359349176,0.45923050318378944
eta_lat_m61p508057_lon_p96p989594.npy,-61.508057,96.989594,380,390,summer,10,0.5217694193124771,chunk10_summer,-0.0914365359349176,0.45923050318378944
eta_lat_m68p928383_lon_m83p010414.npy,-68.928383,-83.010414,40,50,summer,10,0.7218802869319916,chunk10_summer,-0.0914365359349176,0.45923050318378944
eta_lat_m64p202515_lon_p72p989594.npy,-64.202515,72.989594,380,390,summer,10,1.0595786273479462,chunk10_summer,-0.0914365359349176,0.45923050318378944
eta_lat_m61p508057_lon_p90p989594.npy,-61.508057,90.989594,380,390,summer,10,0.6846435964107513,chunk10_summer,-0.0914365359349176,0.45923050318378944
eta_lat_m61p508057_lon_m17p010422.npy,-61.508057,-17.010422,30,40,summer,10,1.272121101617813,chunk10_summer,-0.0914365359349176,0.45923050318378944
eta_lat_m61p508057_lon_m71p010414.npy,-61.508057,-71.010414,0,10,summer,10,0.51978949457407,chunk10_summer,-0.0914365359349176,0.45923050318378944
eta_lat_m64p202515_lon_p126p989594.npy,-64.202515,126.989594,330,340,summer,10,0.4782168045639992,chunk10_summer,-0.0914365359349176,0.45923050318378944
eta_lat_m64p202515_lon_m23p010422.npy,-64.202515,-23.010422,10,20,summer,10,0.6484351828694344,chunk10_summer,-0.0914365359349176,0.45923050318378944
eta_lat_m71p306725_lon_m29p016449.npy,-71.306725,-29.016449,370,380,summer,10,0.7171320542693138,chunk10_summer,-0.0914365359349176,0.45923050318378944
eta_lat_m48p374134_lon_p78p989594.npy,-48.374134,78.989594,30,40,summer,10,0.7832221910357475,chunk10_summer,-0.0914365359349176,0.45923050318378944
eta_lat_m64p202515_lon_m143p010422.npy,-64.202515,-143.010422,380,390,summer,10,1.0255286321043968,chunk10_summer,-0.0914365359349176,0.45923050318378944
eta_lat_m66p662788_lon_p0p989578.npy,-66.662788,0.989578,40,50,summer,10,0.8415258564054966,chunk10_summer,-0.0914365359349176,0.45923050318378944
eta_lat_m68p928383_lon_m149p010422.npy,-68.928383,-149.010422,370,380,summer,10,0.7013655081391335,chunk10_summer,-0.0914365359349176,0.45923050318378944
eta_lat_m68p928383_lon_p174p989563.npy,-68.928383,174.989563,30,40,summer,10,0.6314960271120071,chunk10_summer,-0.0914365359349176,0.45923050318378944
eta_lat_m73p118896_lon_m154p539932.npy,-73.118896,-154.539932,10,20,summer,10,0.7266594506800175,chunk10_summer,-0.0914365359349176,0.45923050318378944
eta_lat_m66p662788_lon_m161p010422.npy,-66.662788,-161.010422,370,380,summer,10,0.615509495139122,chunk10_summer,-0.0914365359349176,0.45923050318378944
eta_lat_m71p317345_lon_m23p007370.npy,-71.317345,-23.00737,20,30,summer,10,1.1886449940502644,chunk10_summer,-0.0914365359349176,0.45923050318378944
eta_lat_m64p202515_lon_m125p010414.npy,-64.202515,-125.010414,340,350,summer,10,0.5613325573503971,chunk10_summer,-0.0914365359349176,0.45923050318378944
eta_lat_m55p400803_lon_p168p989563.npy,-55.400803,168.989563,370,380,summer,10,1.0844242572784424,chunk10_summer,-0.0914365359349176,0.45923050318378944
eta_lat_m44p523903_lon_m53p010422.npy,-44.523903,-53.010422,410,420,summer,10,0.5435853246599436,chunk10_summer,-0.0914365359349176,0.45923050318378944
eta_lat_m61p508057_lon_p84p989594.npy,-61.508057,84.989594,370,380,summer,10,0.5755605921149254,chunk10_summer,-0.0914365359349176,0.45923050318378944
eta_lat_m73p621971_lon_m53p396431.npy,-73.621971,-53.396431,340,350,summer,10,1.2588846310973167,chunk10_summer,-0.0914365359349176,0.45923050318378944
eta_lat_m64p202515_lon_p48p989578.npy,-64.202515,48.989578,400,410,summer,10,0.753787949681282,chunk10_summer,-0.0914365359349176,0.45923050318378944
eta_lat_m55p389462_lon_p168p989563.npy,-55.389462,168.989563,410,420,summer,10,1.0886775590479374,chunk10_summer,-0.0914365359349176,0.45923050318378944
eta_lat_m66p662788_lon_m17p010422.npy,-66.662788,-17.010422,340,350,summer,10,1.1712699383497238,chunk10_summer,-0.0914365359349176,0.45923050318378944
eta_lat_m61p508057_lon_m29p010422.npy,-61.508057,-29.010422,0,10,summer,10,1.2520833536982536,chunk10_summer,-0.0914365359349176,0.45923050318378944
eta_lat_m72p698387_lon_m136p683899.npy,-72.698387,-136.683899,410,420,summer,10,0.477041769772768,chunk10_summer,-0.0914365359349176,0.45923050318378944
eta_lat_m68p928383_lon_m59p010422.npy,-68.928383,-59.010422,0,10,summer,10,2.683390997350216,chunk10_summer,-0.0914365359349176,0.45923050318378944
eta_lat_m55p389462_lon_p168p989563.npy,-55.389462,168.989563,10,20,summer,10,0.6361438855528831,chunk10_summer,-0.0914365359349176,0.45923050318378944
eta_lat_m72p830154_lon_m142p626068.npy,-72.830154,-142.626068,410,420,summer,10,0.7236430570483208,chunk10_summer,-0.0914365359349176,0.45923050318378944
eta_lat_m72p569344_lon_m130p758957.npy,-72.569344,-130.758957,390,400,summer,10,0.741582877933979,chunk10_summer,-0.0914365359349176,0.45923050318378944
eta_lat_m61p508057_lon_p0p989578.npy,-61.508057,0.989578,410,420,summer,10,0.766774021089077,chunk10_summer,-0.0914365359349176,0.45923050318378944
eta_lat_m73p888268_lon_m29p051193.npy,-73.888268,-29.051193,30,40,summer,10,1.8599927574396131,chunk10_summer,-0.0914365359349176,0.45923050318378944
eta_lat_m64p202515_lon_m17p010422.npy,-64.202515,-17.010422,370,380,summer,10,0.9669832289218904,chunk10_summer,-0.0914365359349176,0.45923050318378944
eta_lat_m64p202515_lon_m149p010422.npy,-64.202515,-149.010422,380,390,summer,10,0.7282997779548168,chunk10_summer,-0.0914365359349176,0.45923050318378944
eta_lat_m68p928383_lon_m53p010422.npy,-68.928383,-53.010422,340,350,summer,10,0.8764181658625603,chunk10_summer,-0.0914365359349176,0.45923050318378944
eta_lat_m64p202515_lon_p0p989578.npy,-64.202515,0.989578,340,350,summer,10,0.5320320650935173,chunk10_summer,-0.0914365359349176,0.45923050318378944
eta_lat_m64p202515_lon_p48p989578.npy,-64.202515,48.989578,20,30,summer,10,0.5548318326473236,chunk10_summer,-0.0914365359349176,0.45923050318378944
eta_lat_m61p508057_lon_p102p989594.npy,-61.508057,102.989594,330,340,summer,10,0.6483226791024208,chunk10_summer,-0.0914365359349176,0.45923050318378944
eta_lat_m64p202515_lon_m5p010422.npy,-64.202515,-5.010422,380,390,summer,10,0.7085355222225189,chunk10_summer,-0.0914365359349176,0.45923050318378944
eta_lat_m68p928383_lon_m125p010414.npy,-68.928383,-125.010414,370,380,summer,10,0.4989194199442863,chunk10_summer,-0.0914365359349176,0.45923050318378944
eta_lat_m61p508057_lon_p60p989578.npy,-61.508057,60.989578,370,380,summer,10,0.5407708398997784,chunk10_summer,-0.0914365359349176,0.45923050318378944
eta_lat_m58p574665_lon_m125p010414.npy,-58.574665,-125.010414,360,370,summer,10,0.4976248145103454,chunk10_summer,-0.0914365359349176,0.45923050318378944
eta_lat_m55p400803_lon_m131p010422.npy,-55.400803,-131.010422,10,20,summer,10,0.8801229260861874,chunk10_summer,-0.0914365359349176,0.45923050318378944
eta_lat_m70p857033_lon_m130p966385.npy,-70.857033,-130.966385,330,340,summer,10,1.232869632542133,chunk10_summer,-0.0914365359349176,0.45923050318378944
eta_lat_m58p574665_lon_m23p010422.npy,-58.574665,-23.010422,370,380,summer,10,0.6265840493142605,chunk10_summer,-0.0914365359349176,0.45923050318378944
eta_lat_m58p574665_lon_m23p010422.npy,-58.574665,-23.010422,410,420,summer,10,0.7294103838503361,chunk10_summer,-0.0914365359349176,0.45923050318378944
eta_lat_m68p928383_lon_m137p010422.npy,-68.928383,-137.010422,380,390,summer,10,0.8574554026126862,chunk10_summer,-0.0914365359349176,0.45923050318378944
eta_lat_m58p574665_lon_p0p989578.npy,-58.574665,0.989578,350,360,summer,10,0.5636098645627499,chunk10_summer,-0.0914365359349176,0.45923050318378944
eta_lat_m64p202515_lon_p78p989594.npy,-64.202515,78.989594,390,400,summer,10,0.9853336811065674,chunk10_summer,-0.0914365359349176,0.45923050318378944
eta_lat_m68p928383_lon_m167p010422.npy,-68.928383,-167.010422,40,50,summer,10,0.746937982738018,chunk10_summer,-0.0914365359349176,0.45923050318378944
eta_lat_m73p859009_lon_m35p162323.npy,-73.859009,-35.162323,340,350,summer,10,0.6686094105243683,chunk10_summer,-0.0914365359349176,0.45923050318378944
eta_lat_m68p928383_lon_m137p010422.npy,-68.928383,-137.010422,340,350,summer,10,1.1540321931242945,chunk10_summer,-0.0914365359349176,0.45923050318378944
eta_lat_m71p260567_lon_p175p038208.npy,-71.260567,175.038208,40,50,summer,10,1.9391262456774712,chunk10_summer,-0.0914365359349176,0.45923050318378944
eta_lat_m61p508057_lon_m17p010422.npy,-61.508057,-17.010422,410,420,summer,10,0.9681248813867568,chunk10_summer,-0.0914365359349176,0.45923050318378944
eta_lat_m68p928383_lon_m161p010422.npy,-68.928383,-161.010422,120,130,winter,10,1.4000089392066002,chunk10_winter,-0.06751267518848195,0.38257064763456594
eta_lat_m55p389462_lon_p84p989594.npy,-55.389462,84.989594,110,120,winter,10,0.5704465545713902,chunk10_winter,-0.06751267518848195,0.38257064763456594
eta_lat_m68p928383_lon_m149p010422.npy,-68.928383,-149.010422,110,120,winter,10,0.386551134288311,chunk10_winter,-0.06751267518848195,0.38257064763456594
eta_lat_m66p662788_lon_m155p010422.npy,-66.662788,-155.010422,150,160,winter,10,0.5665624551475048,chunk10_winter,-0.06751267518848195,0.38257064763456594
eta_lat_m73p888268_lon_m29p051193.npy,-73.888268,-29.051193,160,170,winter,10,1.4197641983628273,chunk10_winter,-0.06751267518848195,0.38257064763456594
eta_lat_p36p058659_lon_p150p989563.npy,36.058659,150.989563,150,160,winter,10,0.388401011005044,chunk10_winter,-0.06751267518848195,0.38257064763456594
eta_lat_m64p202515_lon_m41p010422.npy,-64.202515,-41.010422,110,120,winter,10,1.2430149465799332,chunk10_winter,-0.06751267518848195,0.38257064763456594
eta_lat_m71p260567_lon_p175p038208.npy,-71.260567,175.038208,170,180,winter,10,0.3996489625424146,chunk10_winter,-0.06751267518848195,0.38257064763456594
eta_lat_m73p291496_lon_m160p547073.npy,-73.291496,-160.547073,110,120,winter,10,0.8769309297204018,chunk10_winter,-0.06751267518848195,0.38257064763456594
eta_lat_m55p400803_lon_p168p989563.npy,-55.400803,168.989563,170,180,winter,10,0.558903157711029,chunk10_winter,-0.06751267518848195,0.38257064763456594
eta_lat_m72p569344_lon_m130p758957.npy,-72.569344,-130.758957,110,120,winter,10,2.430264785885811,chunk10_winter,-0.06751267518848195,0.38257064763456594
eta_lat_m68p928383_lon_m173p010422.npy,-68.928383,-173.010422,180,190,winter,10,0.815280094742775,chunk10_winter,-0.06751267518848195,0.38257064763456594
eta_lat_m55p389462_lon_p162p989563.npy,-55.389462,162.989563,150,160,winter,10,0.5075067672878504,chunk10_winter,-0.06751267518848195,0.38257064763456594
eta_lat_m66p662788_lon_p12p989578.npy,-66.662788,12.989578,180,190,winter,10,0.5876959562301636,chunk10_winter,-0.06751267518848195,0.38257064763456594
eta_lat_m64p202515_lon_m5p010422.npy,-64.202515,-5.010422,150,160,winter,10,0.4202079847455024,chunk10_winter,-0.06751267518848195,0.38257064763456594
eta_lat_m55p389462_lon_m53p010422.npy,-55.389462,-53.010422,180,190,winter,10,0.8355508409440517,chunk10_winter,-0.06751267518848195,0.38257064763456594
eta_lat_m68p928383_lon_m41p010422.npy,-68.928383,-41.010422,160,170,winter,10,0.6341009475290775,chunk10_winter,-0.06751267518848195,0.38257064763456594
eta_lat_m64p202515_lon_m17p010422.npy,-64.202515,-17.010422,120,130,winter,10,1.0827130004763603,chunk10_winter,-0.06751267518848195,0.38257064763456594
eta_lat_m48p374134_lon_p120p989594.npy,-48.374134,120.989594,150,160,winter,10,0.6508109252899885,chunk10_winter,-0.06751267518848195,0.38257064763456594
eta_lat_m66p662788_lon_m35p010422.npy,-66.662788,-35.010422,120,130,winter,10,0.6361407935619354,chunk10_winter,-0.06751267518848195,0.38257064763456594
eta_lat_m64p202515_lon_p54p989578.npy,-64.202515,54.989578,110,120,winter,10,0.5519239977002144,chunk10_winter,-0.06751267518848195,0.38257064763456594
eta_lat_m64p202515_lon_m155p010422.npy,-64.202515,-155.010422,130,140,winter,10,0.6915986128151417,chunk10_winter,-0.06751267518848195,0.38257064763456594
eta_lat_m52p006847_lon_p84p989594.npy,-52.006847,84.989594,130,140,winter,10,0.4328624419867992,chunk10_winter,-0.06751267518848195,0.38257064763456594
eta_lat_m64p202515_lon_m11p010422.npy,-64.202515,-11.010422,120,130,winter,10,0.8031890094280243,chunk10_winter,-0.06751267518848195,0.38257064763456594
eta_lat_m58p574665_lon_p120p989594.npy,-58.574665,120.989594,120,130,winter,10,0.4710810761898756,chunk10_winter,-0.06751267518848195,0.38257064763456594
eta_lat_m66p662788_lon_m5p010422.npy,-66.662788,-5.010422,130,140,winter,10,0.7019316032528877,chunk10_winter,-0.06751267518848195,0.38257064763456594
eta_lat_m72p830154_lon_m142p626068.npy,-72.830154,-142.626068,110,120,winter,10,1.6815847605466845,chunk10_winter,-0.06751267518848195,0.38257064763456594
eta_lat_m75p785980_lon_m171p738495.npy,-75.78598,-171.738495,190,200,winter,10,1.524537429213524,chunk10_winter,-0.06751267518848195,0.38257064763456594
eta_lat_m66p662788_lon_m167p010422.npy,-66.662788,-167.010422,130,140,winter,10,0.8244480527937412,chunk10_winter,-0.06751267518848195,0.38257064763456594
eta_lat_m51p994694_lon_p24p989578.npy,-51.994694,24.989578,190,200,winter,10,0.5900970175862312,chunk10_winter,-0.06751267518848195,0.38257064763456594
eta_lat_m66p662788_lon_m149p010422.npy,-66.662788,-149.010422,130,140,winter,10,0.3838699162006378,chunk10_winter,-0.06751267518848195,0.38257064763456594
eta_lat_m61p508057_lon_p138p989563.npy,-61.508057,138.989563,180,190,winter,10,0.6078446693718433,chunk10_winter,-0.06751267518848195,0.38257064763456594
eta_lat_m68p928383_lon_m167p010422.npy,-68.928383,-167.010422,140,150,winter,10,1.8653651177883148,chunk10_winter,-0.06751267518848195,0.38257064763456594
eta_lat_m66p662788_lon_m41p010422.npy,-66.662788,-41.010422,190,200,winter,10,0.605682298541069,chunk10_winter,-0.06751267518848195,0.38257064763456594
eta_lat_m76p178772_lon_m41p740692.npy,-76.178772,-41.740692,160,170,winter,10,0.7304195463657379,chunk10_winter,-0.06751267518848195,0.38257064763456594
eta_lat_m71p250717_lon_m47p040466.npy,-71.250717,-47.040466,130,140,winter,10,1.3437087163329124,chunk10_winter,-0.06751267518848195,0.38257064763456594
eta_lat_m70p897415_lon_m136p959152.npy,-70.897415,-136.959152,120,130,winter,10,0.6147855594754219,chunk10_winter,-0.06751267518848195,0.38257064763456594
eta_lat_m66p662788_lon_m5p010422.npy,-66.662788,-5.010422,190,200,winter,10,0.3975864797830581,chunk10_winter,-0.06751267518848195,0.38257064763456594
eta_lat_m75p355705_lon_m159p614578.npy,-75.355705,-159.614578,190,200,winter,10,1.7583864778280258,chunk10_winter,-0.06751267518848195,0.38257064763456594
eta_lat_m73p545830_lon_m172p573288.npy,-73.54583,-172.573288,110,120,winter,10,3.534136563539505,chunk10_winter,-0.06751267518848195,0.38257064763456594
eta_lat_m66p662788_lon_m11p010422.npy,-66.662788,-11.010422,190,200,winter,10,0.4209280610084533,chunk10_winter,-0.06751267518848195,0.38257064763456594
eta_lat_m61p508057_lon_m23p010422.npy,-61.508057,-23.010422,120,130,winter,10,0.6532843820750713,chunk10_winter,-0.06751267518848195,0.38257064763456594
eta_lat_m51p994694_lon_p174p989563.npy,-51.994694,174.989563,120,130,winter,10,0.4151255208998918,chunk10_winter,-0.06751267518848195,0.38257064763456594
eta_lat_m52p006847_lon_p156p989563.npy,-52.006847,156.989563,190,200,winter,10,0.4034410826861858,chunk10_winter,-0.06751267518848195,0.38257064763456594
eta_lat_m68p928383_lon_m161p010422.npy,-68.928383,-161.010422,140,150,winter,10,1.648300290107727,chunk10_winter,-0.06751267518848195,0.38257064763456594
eta_lat_p65p913406_lon_m30p464722.npy,65.913406,-30.464722,120,130,winter,10,1.908442735671997,chunk10_winter,-0.06751267518848195,0.38257064763456594
eta_lat_m73p888268_lon_m29p051193.npy,-73.888268,-29.051193,110,120,winter,10,0.7297616563737392,chunk10_winter,-0.06751267518848195,0.38257064763456594
eta_lat_m66p662788_lon_m47p010422.npy,-66.662788,-47.010422,130,140,winter,10,0.5621970444917679,chunk10_winter,-0.06751267518848195,0.38257064763456594
eta_lat_p5p545479_lon_m101p010414.npy,5.545479,-101.010414,150,160,winter,10,0.4097436349838972,chunk10_winter,-0.06751267518848195,0.38257064763456594
eta_lat_m55p400803_lon_p168p989563.npy,-55.400803,168.989563,110,120,winter,10,1.3005704879760742,chunk10_winter,-0.06751267518848195,0.38257064763456594
eta_lat_m52p006847_lon_p96p989594.npy,-52.006847,96.989594,140,150,winter,10,0.4057774282991886,chunk10_winter,-0.06751267518848195,0.38257064763456594
eta_lat_m58p574665_lon_p84p989594.npy,-58.574665,84.989594,140,150,winter,10,0.4272537399083376,chunk10_winter,-0.06751267518848195,0.38257064763456594
eta_lat_m70p897415_lon_m136p959152.npy,-70.897415,-136.959152,170,180,winter,10,0.4769889861345291,chunk10_winter,-0.06751267518848195,0.38257064763456594
eta_lat_m70p831284_lon_m107p022827.npy,-70.831284,-107.022827,170,180,winter,10,0.4030777290463447,chunk10_winter,-0.06751267518848195,0.38257064763456594
eta_lat_m66p662788_lon_m23p010422.npy,-66.662788,-23.010422,180,190,winter,10,0.7310567572712898,chunk10_winter,-0.06751267518848195,0.38257064763456594
eta_lat_m75p355705_lon_m159p614578.npy,-75.355705,-159.614578,170,180,winter,10,2.8131445348262787,chunk10_winter,-0.06751267518848195,0.38257064763456594
eta_lat_m68p928383_lon_m11p010422.npy,-68.928383,-11.010422,180,190,winter,10,0.4288561344146728,chunk10_winter,-0.06751267518848195,0.38257064763456594
eta_lat_m52p006847_lon_p150p989563.npy,-52.006847,150.989563,130,140,winter,10,0.6539911478757858,chunk10_winter,-0.06751267518848195,0.38257064763456594
eta_lat_m71p306725_lon_m29p016449.npy,-71.306725,-29.016449,170,180,winter,10,1.02331530302763,chunk10_winter,-0.06751267518848195,0.38257064763456594
eta_lat_m64p202515_lon_m35p010422.npy,-64.202515,-35.010422,120,130,winter,10,1.412951499223709,chunk10_winter,-0.06751267518848195,0.38257064763456594
eta_lat_m55p400803_lon_p84p989594.npy,-55.400803,84.989594,120,130,winter,10,0.4040835611522198,chunk10_winter,-0.06751267518848195,0.38257064763456594
eta_lat_m70p821320_lon_m118p983330.npy,-70.82132,-118.98333,160,170,winter,10,0.7922447025775909,chunk10_winter,-0.06751267518848195,0.38257064763456594
eta_lat_m68p928383_lon_m41p010422.npy,-68.928383,-41.010422,170,180,winter,10,0.5415927357971668,chunk10_winter,-0.06751267518848195,0.38257064763456594
eta_lat_m68p928383_lon_m167p010422.npy,-68.928383,-167.010422,160,170,winter,10,1.8700034469366076,chunk10_winter,-0.06751267518848195,0.38257064763456594
eta_lat_m68p928383_lon_m47p010422.npy,-68.928383,-47.010422,130,140,winter,10,0.6685350462794304,chunk10_winter,-0.06751267518848195,0.38257064763456594
eta_lat_m51p994694_lon_p156p989563.npy,-51.994694,156.989563,150,160,winter,10,0.4070109091699123,chunk10_winter,-0.06751267518848195,0.38257064763456594
eta_lat_m71p057938_lon_m154p945801.npy,-71.057938,-154.945801,130,140,winter,10,0.5779578797519207,chunk10_winter,-0.06751267518848195,0.38257064763456594
eta_lat_m68p928383_lon_m35p010422.npy,-68.928383,-35.010422,150,160,winter,10,0.9867229759693146,chunk10_winter,-0.06751267518848195,0.38257064763456594
eta_lat_m73p621971_lon_m53p396431.npy,-73.621971,-53.396431,180,190,winter,10,1.044525846838951,chunk10_winter,-0.06751267518848195,0.38257064763456594
eta_lat_m55p400803_lon_m113p010414.npy,-55.400803,-113.010414,190,200,winter,10,0.4300876185297966,chunk10_winter,-0.06751267518848195,0.38257064763456594
eta_lat_m75p355705_lon_m159p614578.npy,-75.355705,-159.614578,110,120,winter,10,3.347882941365242,chunk10_winter,-0.06751267518848195,0.38257064763456594
eta_lat_m55p400803_lon_p150p989563.npy,-55.400803,150.989563,110,120,winter,10,0.5588304214179516,chunk10_winter,-0.06751267518848195,0.38257064763456594
eta_lat_m61p508057_lon_m71p010414.npy,-61.508057,-71.010414,110,120,winter,10,0.4281268492341041,chunk10_winter,-0.06751267518848195,0.38257064763456594
eta_lat_m68p928383_lon_m47p010422.npy,-68.928383,-47.010422,110,120,winter,10,0.9371865838766098,chunk10_winter,-0.06751267518848195,0.38257064763456594
eta_lat_m71p306725_lon_m29p016449.npy,-71.306725,-29.016449,130,140,winter,10,0.5493175387382507,chunk10_winter,-0.06751267518848195,0.38257064763456594
eta_lat_m68p928383_lon_m59p010422.npy,-68.928383,-59.010422,170,180,winter,10,0.7733607739210129,chunk10_winter,-0.06751267518848195,0.38257064763456594
eta_lat_m55p400803_lon_p174p989563.npy,-55.400803,174.989563,120,130,winter,10,0.6127583906054497,chunk10_winter,-0.06751267518848195,0.38257064763456594
eta_lat_m68p928383_lon_m11p010422.npy,-68.928383,-11.010422,160,170,winter,10,0.4995305240154266,chunk10_winter,-0.06751267518848195,0.38257064763456594
eta_lat_m68p928383_lon_m95p010414.npy,-68.928383,-95.010414,130,140,winter,10,0.9100786820054054,chunk10_winter,-0.06751267518848195,0.38257064763456594
eta_lat_m48p374134_lon_p114p989594.npy,-48.374134,114.989594,110,120,winter,10,0.4433497115969658,chunk10_winter,-0.06751267518848195,0.38257064763456594
eta_lat_m58p574665_lon_m65p010414.npy,-58.574665,-65.010414,140,150,winter,10,0.4127604737877846,chunk10_winter,-0.06751267518848195,0.38257064763456594
eta_lat_p61p579643_lon_m58p686073.npy,61.579643,-58.686073,120,130,winter,10,0.3832023944705724,chunk10_winter,-0.06751267518848195,0.38257064763456594
eta_lat_m68p928383_lon_m47p010422.npy,-68.928383,-47.010422,140,150,winter,10,0.9053662717342376,chunk10_winter,-0.06751267518848195,0.38257064763456594
eta_lat_p61p579643_lon_m58p686073.npy,61.579643,-58.686073,190,200,winter,10,1.246931105852127,chunk10_winter,-0.06751267518848195,0.38257064763456594
eta_lat_m71p152878_lon_m166p947037.npy,-71.152878,-166.947037,170,180,winter,10,1.4718384891748428,chunk10_winter,-0.06751267518848195,0.38257064763456594
eta_lat_m72p438423_lon_m118p949417.npy,-72.438423,-118.949417,180,190,winter,10,0.5294313281774521,chunk10_winter,-0.06751267518848195,0.38257064763456594
eta_lat_m71p317345_lon_m23p007370.npy,-71.317345,-23.00737,180,190,winter,10,0.5762242525815964,chunk10_winter,-0.06751267518848195,0.38257064763456594
eta_lat_m61p508057_lon_m5p010422.npy,-61.508057,-5.010422,130,140,winter,10,0.4113451391458511,chunk10_winter,-0.06751267518848195,0.38257064763456594
eta_lat_m70p827019_lon_m124p974617.npy,-70.827019,-124.974617,190,200,winter,10,0.7331354394555092,chunk10_winter,-0.06751267518848195,0.38257064763456594
eta_lat_m48p374134_lon_p120p989594.npy,-48.374134,120.989594,160,170,winter,10,0.6100177709013224,chunk10_winter,-0.06751267518848195,0.38257064763456594
eta_lat_m52p006847_lon_p126p989594.npy,-52.006847,126.989594,180,190,winter,10,0.524435494095087,chunk10_winter,-0.06751267518848195,0.38257064763456594
eta_lat_m73p796959_lon_m41p244324.npy,-73.796959,-41.244324,150,160,winter,10,0.9153281003236772,chunk10_winter,-0.06751267518848195,0.38257064763456594
eta_lat_m68p928383_lon_m11p010422.npy,-68.928383,-11.010422,170,180,winter,10,0.639763742685318,chunk10_winter,-0.06751267518848195,0.38257064763456594
eta_lat_m71p197975_lon_m172p950165.npy,-71.197975,-172.950165,160,170,winter,10,2.073861926794052,chunk10_winter,-0.06751267518848195,0.38257064763456594
eta_lat_m52p006847_lon_p84p989594.npy,-52.006847,84.989594,150,160,winter,10,0.4002975337207317,chunk10_winter,-0.06751267518848195,0.38257064763456594
eta_lat_m44p523903_lon_p78p989594.npy,-44.523903,78.989594,140,150,winter,10,0.5286870393902063,chunk10_winter,-0.06751267518848195,0.38257064763456594
eta_lat_m55p400803_lon_m125p010414.npy,-55.400803,-125.010414,190,200,winter,10,0.4825266040861606,chunk10_winter,-0.06751267518848195,0.38257064763456594
eta_lat_m73p796959_lon_m41p244324.npy,-73.796959,-41.244324,130,140,winter,10,0.9410277232527732,chunk10_winter,-0.06751267518848195,0.38257064763456594
eta_lat_m66p662788_lon_m161p010422.npy,-66.662788,-161.010422,130,140,winter,10,1.1516540050506592,chunk10_winter,-0.06751267518848195,0.38257064763456594
eta_lat_m66p662788_lon_m53p010422.npy,-66.662788,-53.010422,110,120,winter,10,3.108061671257019,chunk10_winter,-0.06751267518848195,0.38257064763456594
eta_lat_m58p574665_lon_p84p989594.npy,-58.574665,84.989594,150,160,winter,10,0.6573392450809479,chunk10_winter,-0.06751267518848195,0.38257064763456594
eta_lat_m75p355705_lon_m159p614578.npy,-75.355705,-159.614578,140,150,winter,10,3.722269773483277,chunk10_winter,-0.06751267518848195,0.38257064763456594
eta_lat_m55p400803_lon_m119p010414.npy,-55.400803,-119.010414,150,160,winter,10,0.579572755843401,chunk10_winter,-0.06751267518848195,0.38257064763456594
eta_lat_m71p317345_lon_m23p007370.npy,-71.317345,-23.00737,120,130,winter,10,0.7943065166473389,chunk10_winter,-0.06751267518848195,0.38257064763456594
eta_lat_m52p006847_lon_p96p989594.npy,-52.006847,96.989594,170,180,winter,10,0.4644933585077524,chunk10_winter,-0.06751267518848195,0.38257064763456594
eta_lat_m55p400803_lon_m53p010422.npy,-55.400803,-53.010422,160,170,winter,10,0.510738555341959,chunk10_winter,-0.06751267518848195,0.38257064763456594
eta_lat_m64p202515_lon_m71p010414.npy,-64.202515,-71.010414,160,170,winter,10,0.4122698996216059,chunk10_winter,-0.06751267518848195,0.38257064763456594
eta_lat_m68p928383_lon_m95p010414.npy,-68.928383,-95.010414,110,120,winter,10,1.0049476623535156,chunk10_winter,-0.06751267518848195,0.38257064763456594
eta_lat_m73p859009_lon_m35p162323.npy,-73.859009,-35.162323,190,200,winter,10,1.0913862995803356,chunk10_winter,-0.06751267518848195,0.38257064763456594
eta_lat_m71p011032_lon_m148p947784.npy,-71.011032,-148.947784,160,170,winter,10,0.3860790729522705,chunk10_winter,-0.06751267518848195,0.38257064763456594
eta_lat_m66p662788_lon_m41p010422.npy,-66.662788,-41.010422,140,150,winter,10,0.4112750329077244,chunk10_winter,-0.06751267518848195,0.38257064763456594
eta_lat_m70p857033_lon_m130p966385.npy,-70.857033,-130.966385,130,140,winter,10,1.481088161468506,chunk10_winter,-0.06751267518848195,0.38257064763456594
eta_lat_m66p662788_lon_m53p010422.npy,-66.662788,-53.010422,170,180,winter,10,0.8180786073207855,chunk10_winter,-0.06751267518848195,0.38257064763456594
eta_lat_m75p785980_lon_m171p738495.npy,-75.78598,-171.738495,130,140,winter,10,2.583482652902603,chunk10_winter,-0.06751267518848195,0.38257064763456594
eta_lat_m61p508057_lon_p126p989594.npy,-61.508057,126.989594,160,170,winter,10,0.5112390741705894,chunk10_winter,-0.06751267518848195,0.38257064763456594
eta_lat_m64p202515_lon_m17p010422.npy,-64.202515,-17.010422,160,170,winter,10,0.5369700044393539,chunk10_winter,-0.06751267518848195,0.38257064763456594
eta_lat_m61p508057_lon_m17p010422.npy,-61.508057,-17.010422,130,140,winter,10,0.4577059969305992,chunk10_winter,-0.06751267518848195,0.38257064763456594
eta_lat_m68p928383_lon_m59p010422.npy,-68.928383,-59.010422,150,160,winter,10,1.2031932175159454,chunk10_winter,-0.06751267518848195,0.38257064763456594
eta_lat_m68p928383_lon_m47p010422.npy,-68.928383,-47.010422,120,130,winter,10,0.8036052510142326,chunk10_winter,-0.06751267518848195,0.38257064763456594
eta_lat_m51p994694_lon_p96p989594.npy,-51.994694,96.989594,170,180,winter,10,0.4575223736464977,chunk10_winter,-0.06751267518848195,0.38257064763456594
eta_lat_m71p306725_lon_m29p016449.npy,-71.306725,-29.016449,110,120,winter,10,0.4681928753852844,chunk10_winter,-0.06751267518848195,0.38257064763456594
eta_lat_m55p389462_lon_p174p989563.npy,-55.389462,174.989563,160,170,winter,10,0.4832841921597719,chunk10_winter,-0.06751267518848195,0.38257064763456594
eta_lat_m61p508057_lon_p126p989594.npy,-61.508057,126.989594,170,180,winter,10,0.40378881059587,chunk10_winter,-0.06751267518848195,0.38257064763456594
eta_lat_m66p662788_lon_m161p010422.npy,-66.662788,-161.010422,170,180,winter,10,0.7113532051444054,chunk10_winter,-0.06751267518848195,0.38257064763456594
eta_lat_m52p006847_lon_p84p989594.npy,-52.006847,84.989594,110,120,winter,10,0.6126884873956442,chunk10_winter,-0.06751267518848195,0.38257064763456594
eta_lat_m68p928383_lon_m23p010422.npy,-68.928383,-23.010422,120,130,winter,10,0.5695951133966446,chunk10_winter,-0.06751267518848195,0.38257064763456594
eta_lat_m70p827019_lon_m124p974617.npy,-70.827019,-124.974617,130,140,winter,10,1.182368777692318,chunk10_winter,-0.06751267518848195,0.38257064763456594
eta_lat_m68p928383_lon_m101p010414.npy,-68.928383,-101.010414,170,180,winter,10,0.5644846707582474,chunk10_winter,-0.06751267518848195,0.38257064763456594
eta_lat_m48p374134_lon_p114p989594.npy,-48.374134,114.989594,130,140,winter,10,0.8225960917770863,chunk10_winter,-0.06751267518848195,0.38257064763456594
eta_lat_m51p994694_lon_p150p989563.npy,-51.994694,150.989563,130,140,winter,10,0.6766000110656023,chunk10_winter,-0.06751267518848195,0.38257064763456594
eta_lat_m55p400803_lon_p162p989563.npy,-55.400803,162.989563,130,140,winter,10,0.3942930586636066,chunk10_winter,-0.06751267518848195,0.38257064763456594
eta_lat_m72p698387_lon_m136p683899.npy,-72.698387,-136.683899,120,130,winter,10,1.1944004893302915,chunk10_winter,-0.06751267518848195,0.38257064763456594
eta_lat_m61p508057_lon_p96p989594.npy,-61.508057,96.989594,180,190,winter,10,0.680816201493144,chunk10_winter,-0.06751267518848195,0.38257064763456594
eta_lat_m71p277649_lon_m41p033340.npy,-71.277649,-41.03334,170,180,winter,10,0.5051415599882603,chunk10_winter,-0.06751267518848195,0.38257064763456594
eta_lat_m40p414062_lon_p30p989578.npy,-40.414062,30.989578,120,130,winter,10,0.5255839414894581,chunk10_winter,-0.06751267518848195,0.38257064763456594
eta_lat_m71p317345_lon_m23p007370.npy,-71.317345,-23.00737,150,160,winter,10,1.0517897978425026,chunk10_winter,-0.06751267518848195,0.38257064763456594
eta_lat_m55p389462_lon_p168p989563.npy,-55.389462,168.989563,150,160,winter,10,0.9204877465963364,chunk10_winter,-0.06751267518848195,0.38257064763456594
eta_lat_m52p006847_lon_p156p989563.npy,-52.006847,156.989563,170,180,winter,10,0.390263095498085,chunk10_winter,-0.06751267518848195,0.38257064763456594
eta_lat_m64p202515_lon_m47p010422.npy,-64.202515,-47.010422,150,160,winter,10,0.9047237485647202,chunk10_winter,-0.06751267518848195,0.38257064763456594
eta_lat_m55p389462_lon_m59p010422.npy,-55.389462,-59.010422,180,190,winter,10,0.5667037963867188,chunk10_winter,-0.06751267518848195,0.38257064763456594
eta_lat_m52p006847_lon_p150p989563.npy,-52.006847,150.989563,160,170,winter,10,0.5641001760959625,chunk10_winter,-0.06751267518848195,0.38257064763456594
eta_lat_m64p202515_lon_m11p010422.npy,-64.202515,-11.010422,170,180,winter,10,0.6065502762794495,chunk10_winter,-0.06751267518848195,0.38257064763456594
eta_lat_m66p662788_lon_m29p010422.npy,-66.662788,-29.010422,110,120,winter,10,0.978747859597206,chunk10_winter,-0.06751267518848195,0.38257064763456594
eta_lat_m51p994694_lon_p84p989594.npy,-51.994694,84.989594,140,150,winter,10,0.6811120621860027,chunk10_winter,-0.06751267518848195,0.38257064763456594
eta_lat_m70p857033_lon_m130p966385.npy,-70.857033,-130.966385,140,150,winter,10,1.0921908169984818,chunk10_winter,-0.06751267518848195,0.38257064763456594
eta_lat_m66p662788_lon_m47p010422.npy,-66.662788,-47.010422,150,160,winter,10,0.5770666748285294,chunk10_winter,-0.06751267518848195,0.38257064763456594
eta_lat_m58p574665_lon_m125p010414.npy,-58.574665,-125.010414,190,200,winter,10,0.7468928508460522,chunk10_winter,-0.06751267518848195,0.38257064763456594
eta_lat_m51p994694_lon_p96p989594.npy,-51.994694,96.989594,140,150,winter,10,0.4310100190341472,chunk10_winter,-0.06751267518848195,0.38257064763456594
eta_lat_m64p202515_lon_m41p010422.npy,-64.202515,-41.010422,140,150,winter,10,0.5362607352435589,chunk10_winter,-0.06751267518848195,0.38257064763456594
eta_lat_m31p463802_lon_p162p989563.npy,-31.463802,162.989563,140,150,winter,10,0.3870672676712274,chunk10_winter,-0.06751267518848195,0.38257064763456594
eta_lat_m68p928383_lon_m5p010422.npy,-68.928383,-5.010422,190,200,winter,10,0.7197365164756775,chunk10_winter,-0.06751267518848195,0.38257064763456594
eta_lat_m72p569344_lon_m130p758957.npy,-72.569344,-130.758957,190,200,winter,10,1.288979455828667,chunk10_winter,-0.06751267518848195,0.38257064763456594
eta_lat_m55p389462_lon_p174p989563.npy,-55.389462,174.989563,120,130,winter,10,0.6244821697473526,chunk10_winter,-0.06751267518848195,0.38257064763456594
eta_lat_m73p433556_lon_m166p559235.npy,-73.433556,-166.559235,110,120,winter,10,2.268184646964073,chunk10_winter,-0.06751267518848195,0.38257064763456594
eta_lat_m71p277649_lon_m41p033340.npy,-71.277649,-41.03334,190,200,winter,10,0.6804005689918995,chunk10_winter,-0.06751267518848195,0.38257064763456594
eta_lat_m64p202515_lon_m155p010422.npy,-64.202515,-155.010422,110,120,winter,10,0.833647184073925,chunk10_winter,-0.06751267518848195,0.38257064763456594
eta_lat_m55p400803_lon_m119p010414.npy,-55.400803,-119.010414,180,190,winter,10,0.4464482460170984,chunk10_winter,-0.06751267518848195,0.38257064763456594
eta_lat_m66p662788_lon_m17p010422.npy,-66.662788,-17.010422,150,160,winter,10,0.7810975909233093,chunk10_winter,-0.06751267518848195,0.38257064763456594
eta_lat_m66p662788_lon_m47p010422.npy,-66.662788,-47.010422,21,42,summer,21,3.485764490930657,chunk21_summer,-0.16817939869667348,0.7000206775571169
eta_lat_m64p202515_lon_m35p010422.npy,-64.202515,-35.010422,21,42,summer,21,1.2906120576356586,chunk21_summer,-0.16817939869667348,0.7000206775571169
eta_lat_m73p796959_lon_m41p244324.npy,-73.796959,-41.244324,21,42,summer,21,1.654620371366802,chunk21_summer,-0.16817939869667348,0.7000206775571169
eta_lat_m64p202515_lon_p66p989594.npy,-64.202515,66.989594,399,420,summer,21,1.4593615782888312,chunk21_summer,-0.16817939869667348,0.7000206775571169
eta_lat_m66p662788_lon_m23p010422.npy,-66.662788,-23.010422,399,420,summer,21,0.8546287040961417,chunk21_summer,-0.16817939869667348,0.7000206775571169
eta_lat_m48p374134_lon_m35p010422.npy,-48.374134,-35.010422,336,357,summer,21,0.7417004406452179,chunk21_summer,-0.16817939869667348,0.7000206775571169
eta_lat_m72p979408_lon_m148p561707.npy,-72.979408,-148.561707,357,378,summer,21,1.1475463258592706,chunk21_summer,-0.16817939869667348,0.7000206775571169
eta_lat_m64p202515_lon_m5p010422.npy,-64.202515,-5.010422,357,378,summer,21,0.7138541654536599,chunk21_summer,-0.16817939869667348,0.7000206775571169
eta_lat_m61p508057_lon_p120p989594.npy,-61.508057,120.989594,21,42,summer,21,1.14163097425511,chunk21_summer,-0.16817939869667348,0.7000206775571169
eta_lat_m64p202515_lon_p78p989594.npy,-64.202515,78.989594,399,420,summer,21,0.947711069332926,chunk21_summer,-0.16817939869667348,0.7000206775571169
eta_lat_p36p058659_lon_p150p989563.npy,36.058659,150.989563,0,21,summer,21,0.8439068041349712,chunk21_summer,-0.16817939869667348,0.7000206775571169
eta_lat_m64p202515_lon_m47p010422.npy,-64.202515,-47.010422,399,420,summer,21,1.9370408560100356,chunk21_summer,-0.16817939869667348,0.7000206775571169
eta_lat_m66p662788_lon_m47p010422.npy,-66.662788,-47.010422,357,378,summer,21,1.2892645911166545,chunk21_summer,-0.16817939869667348,0.7000206775571169
eta_lat_m55p400803_lon_p168p989563.npy,-55.400803,168.989563,399,420,summer,21,1.3761141394314014,chunk21_summer,-0.16817939869667348,0.7000206775571169
eta_lat_m48p374134_lon_p84p989594.npy,-48.374134,84.989594,0,21,summer,21,0.969473721165406,chunk21_summer,-0.16817939869667348,0.7000206775571169
eta_lat_m66p662788_lon_m167p010422.npy,-66.662788,-167.010422,0,21,summer,21,1.0312282850867824,chunk21_summer,-0.16817939869667348,0.7000206775571169
eta_lat_m68p928383_lon_m53p010422.npy,-68.928383,-53.010422,0,21,summer,21,2.332030682187332,chunk21_summer,-0.16817939869667348,0.7000206775571169
eta_lat_m64p202515_lon_m11p010422.npy,-64.202515,-11.010422,378,399,summer,21,1.080520466754311,chunk21_summer,-0.16817939869667348,0.7000206775571169
eta_lat_m55p389462_lon_p168p989563.npy,-55.389462,168.989563,21,42,summer,21,1.1455845926937305,chunk21_summer,-0.16817939869667348,0.7000206775571169
eta_lat_m48p374134_lon_p84p989594.npy,-48.374134,84.989594,21,42,summer,21,0.7550264455770191,chunk21_summer,-0.16817939869667348,0.7000206775571169
eta_lat_m66p662788_lon_m11p010422.npy,-66.662788,-11.010422,399,420,summer,21,0.7303559748749984,chunk21_summer,-0.16817939869667348,0.7000206775571169
eta_lat_m66p662788_lon_m41p010422.npy,-66.662788,-41.010422,399,420,summer,21,0.9081601280915108,chunk21_summer,-0.16817939869667348,0.7000206775571169
eta_lat_m64p202515_lon_m23p010422.npy,-64.202515,-23.010422,357,378,summer,21,1.2673569917678833,chunk21_summer,-0.16817939869667348,0.7000206775571169
eta_lat_m71p197975_lon_m172p950165.npy,-71.197975,-172.950165,0,21,summer,21,0.9450235366821288,chunk21_summer,-0.16817939869667348,0.7000206775571169
eta_lat_m76p178772_lon_m41p740692.npy,-76.178772,-41.740692,378,399,summer,21,2.385695369620072,chunk21_summer,-0.16817939869667348,0.7000206775571169
eta_lat_m66p662788_lon_m41p010422.npy,-66.662788,-41.010422,378,399,summer,21,1.0174460913005627,chunk21_summer,-0.16817939869667348,0.7000206775571169
eta_lat_m61p508057_lon_m29p010422.npy,-61.508057,-29.010422,21,42,summer,21,1.8130755424499512,chunk21_summer,-0.16817939869667348,0.7000206775571169
eta_lat_m48p374134_lon_p120p989594.npy,-48.374134,120.989594,378,399,summer,21,0.7087184222120988,chunk21_summer,-0.16817939869667348,0.7000206775571169
eta_lat_m64p202515_lon_p174p989563.npy,-64.202515,174.989563,399,420,summer,21,0.8763997962600306,chunk21_summer,-0.16817939869667348,0.7000206775571169
eta_lat_m55p389462_lon_p174p989563.npy,-55.389462,174.989563,357,378,summer,21,1.239024734810779,chunk21_summer,-0.16817939869667348,0.7000206775571169
eta_lat_m64p202515_lon_m5p010422.npy,-64.202515,-5.010422,399,420,summer,21,1.0221338099554966,chunk21_summer,-0.16817939869667348,0.7000206775571169
eta_lat_m48p374134_lon_m47p010422.npy,-48.374134,-47.010422,378,399,summer,21,0.7982260435819626,chunk21_summer,-0.16817939869667348,0.7000206775571169
eta_lat_m75p574257_lon_m165p651382.npy,-75.574257,-165.651382,357,378,summer,21,1.3426360142858405,chunk21_summer,-0.16817939869667348,0.7000206775571169
eta_lat_m68p928383_lon_m47p010422.npy,-68.928383,-47.010422,399,420,summer,21,1.8088268418061104,chunk21_summer,-0.16817939869667348,0.7000206775571169
eta_lat_m64p202515_lon_m29p010422.npy,-64.202515,-29.010422,378,399,summer,21,1.180969752763447,chunk21_summer,-0.16817939869667348,0.7000206775571169
eta_lat_m55p400803_lon_p132p989563.npy,-55.400803,132.989563,399,420,summer,21,0.7009641849680951,chunk21_summer,-0.16817939869667348,0.7000206775571169
eta_lat_m40p414062_lon_m47p010422.npy,-40.414062,-47.010422,378,399,summer,21,2.0365859348522988,chunk21_summer,-0.16817939869667348,0.7000206775571169
eta_lat_m51p994694_lon_p156p989563.npy,-51.994694,156.989563,21,42,summer,21,0.8018343432953483,chunk21_summer,-0.16817939869667348,0.7000206775571169
eta_lat_m64p202515_lon_m23p010422.npy,-64.202515,-23.010422,378,399,summer,21,1.2757683929644132,chunk21_summer,-0.16817939869667348,0.7000206775571169
eta_lat_m72p979408_lon_m148p561707.npy,-72.979408,-148.561707,336,357,summer,21,2.141252511426022,chunk21_summer,-0.16817939869667348,0.7000206775571169
eta_lat_m61p508057_lon_m23p010422.npy,-61.508057,-23.010422,0,21,summer,21,0.9401749184257104,chunk21_summer,-0.16817939869667348,0.7000206775571169
eta_lat_m48p374134_lon_p84p989594.npy,-48.374134,84.989594,399,420,summer,21,0.8000452894913522,chunk21_summer,-0.16817939869667348,0.7000206775571169
eta_lat_m72p830154_lon_m142p626068.npy,-72.830154,-142.626068,0,21,summer,21,1.5952854093752409,chunk21_summer,-0.16817939869667348,0.7000206775571169
eta_lat_m51p994694_lon_p156p989563.npy,-51.994694,156.989563,378,399,summer,21,0.87652409233545,chunk21_summer,-0.16817939869667348,0.7000206775571169
eta_lat_m70p897415_lon_m136p959152.npy,-70.897415,-136.959152,357,378,summer,21,1.0002779866519729,chunk21_summer,-0.16817939869667348,0.7000206775571169
eta_lat_m66p662788_lon_m35p010422.npy,-66.662788,-35.010422,399,420,summer,21,0.7870883157378749,chunk21_summer,-0.16817939869667348,0.7000206775571169
eta_lat_m75p355705_lon_m159p614578.npy,-75.355705,-159.614578,357,378,summer,21,1.5569422746959485,chunk21_summer,-0.16817939869667348,0.7000206775571169
eta_lat_m44p523903_lon_m47p010422.npy,-44.523903,-47.010422,399,420,summer,21,0.7602928218088651,chunk21_summer,-0.16817939869667348,0.7000206775571169
eta_lat_m71p197975_lon_m172p950165.npy,-71.197975,-172.950165,399,420,summer,21,1.0291017011592265,chunk21_summer,-0.16817939869667348,0.7000206775571169
eta_lat_m75p574257_lon_m165p651382.npy,-75.574257,-165.651382,378,399,summer,21,1.6449083372166282,chunk21_summer,-0.16817939869667348,0.7000206775571169
eta_lat_m72p569344_lon_m130p758957.npy,-72.569344,-130.758957,21,42,summer,21,0.8443711180435983,chunk21_summer,-0.16817939869667348,0.7000206775571169
eta_lat_m58p574665_lon_m11p010422.npy,-58.574665,-11.010422,336,357,summer,21,0.7208941923944574,chunk21_summer,-0.16817939869667348,0.7000206775571169
eta_lat_m44p523903_lon_p60p989578.npy,-44.523903,60.989578,357,378,summer,21,0.8763032649692736,chunk21_summer,-0.16817939869667348,0.7000206775571169
eta_lat_m66p662788_lon_m29p010422.npy,-66.662788,-29.010422,357,378,summer,21,1.4534809150193866,chunk21_summer,-0.16817939869667348,0.7000206775571169
eta_lat_m66p662788_lon_p0p989578.npy,-66.662788,0.989578,357,378,summer,21,1.8326757675723029,chunk21_summer,-0.16817939869667348,0.7000206775571169
eta_lat_m61p508057_lon_p126p989594.npy,-61.508057,126.989594,21,42,summer,21,0.7447943405101174,chunk21_summer,-0.16817939869667348,0.7000206775571169
eta_lat_m73p433556_lon_m166p559235.npy,-73.433556,-166.559235,336,357,summer,21,1.4449381765566374,chunk21_summer,-0.16817939869667348,0.7000206775571169
eta_lat_m66p662788_lon_m35p010422.npy,-66.662788,-35.010422,378,399,summer,21,1.029116087838223,chunk21_summer,-0.16817939869667348,0.7000206775571169
eta_lat_m66p662788_lon_m23p010422.npy,-66.662788,-23.010422,0,21,summer,21,0.7930812365130374,chunk21_summer,-0.16817939869667348,0.7000206775571169
eta_lat_m48p374134_lon_p144p989563.npy,-48.374134,144.989563,378,399,summer,21,0.7179548536476336,chunk21_summer,-0.16817939869667348,0.7000206775571169
eta_lat_m64p202515_lon_m29p010422.npy,-64.202515,-29.010422,399,420,summer,21,1.0498787948959751,chunk21_summer,-0.16817939869667348,0.7000206775571169
eta_lat_m71p110893_lon_m160p945129.npy,-71.110893,-160.945129,399,420,summer,21,1.223712798796202,chunk21_summer,-0.16817939869667348,0.7000206775571169
eta_lat_m66p662788_lon_m17p010422.npy,-66.662788,-17.010422,399,420,summer,21,0.8474822452193812,chunk21_summer,-0.16817939869667348,0.7000206775571169
eta_lat_m73p118896_lon_m154p539932.npy,-73.118896,-154.539932,336,357,summer,21,1.809229436673616,chunk21_summer,-0.16817939869667348,0.7000206775571169
eta_lat_m75p574257_lon_m165p651382.npy,-75.574257,-165.651382,336,357,summer,21,1.0108281781798916,chunk21_summer,-0.16817939869667348,0.7000206775571169
eta_lat_m66p662788_lon_m131p010422.npy,-66.662788,-131.010422,399,420,summer,21,0.7239446734127245,chunk21_summer,-0.16817939869667348,0.7000206775571169
eta_lat_p36p058659_lon_m65p010414.npy,36.058659,-65.010414,399,420,summer,21,1.1270128457169784,chunk21_summer,-0.16817939869667348,0.7000206775571169
eta_lat_m64p202515_lon_m47p010422.npy,-64.202515,-47.010422,0,21,summer,21,1.7137688178765147,chunk21_summer,-0.16817939869667348,0.7000206775571169
eta_lat_m55p389462_lon_p168p989563.npy,-55.389462,168.989563,0,21,summer,21,0.7846565975954658,chunk21_summer,-0.16817939869667348,0.7000206775571169
eta_lat_m64p202515_lon_p60p989578.npy,-64.202515,60.989578,399,420,summer,21,0.8058261134122547,chunk21_summer,-0.16817939869667348,0.7000206775571169
eta_lat_m66p662788_lon_m23p010422.npy,-66.662788,-23.010422,336,357,summer,21,0.8755194921242563,chunk21_summer,-0.16817939869667348,0.7000206775571169
eta_lat_m68p928383_lon_m11p010422.npy,-68.928383,-11.010422,357,378,summer,21,0.8013841901954851,chunk21_summer,-0.16817939869667348,0.7000206775571169
eta_lat_m64p202515_lon_p144p989563.npy,-64.202515,144.989563,378,399,summer,21,1.0275918935474595,chunk21_summer,-0.16817939869667348,0.7000206775571169
eta_lat_m68p928383_lon_m5p010422.npy,-68.928383,-5.010422,399,420,summer,21,0.8101805856353358,chunk21_summer,-0.16817939869667348,0.7000206775571169
eta_lat_m73p291496_lon_m160p547073.npy,-73.291496,-160.547073,399,420,summer,21,1.0409847466569198,chunk21_summer,-0.16817939869667348,0.7000206775571169
eta_lat_m71p152878_lon_m166p947037.npy,-71.152878,-166.947037,378,399,summer,21,1.1355161604128383,chunk21_summer,-0.16817939869667348,0.7000206775571169
eta_lat_m64p202515_lon_m17p010422.npy,-64.202515,-17.010422,378,399,summer,21,1.0401579643550671,chunk21_summer,-0.16817939869667348,0.7000206775571169
eta_lat_m52p006847_lon_m167p010422.npy,-52.006847,-167.010422,399,420,summer,21,0.9171391474573236,chunk21_summer,-0.16817939869667348,0.7000206775571169
eta_lat_m73p720367_lon_m47p316681.npy,-73.720367,-47.316681,336,357,summer,21,1.6754288045983563,chunk21_summer,-0.16817939869667348,0.7000206775571169
eta_lat_m64p202515_lon_m155p010422.npy,-64.202515,-155.010422,336,357,summer,21,0.905250979097266,chunk21_summer,-0.16817939869667348,0.7000206775571169
eta_lat_m71p250717_lon_m47p040466.npy,-71.250717,-47.040466,21,42,summer,21,1.4061467631867055,chunk21_summer,-0.16817939869667348,0.7000206775571169
eta_lat_m68p928383_lon_m47p010422.npy,-68.928383,-47.010422,378,399,summer,21,1.827731546602751,chunk21_summer,-0.16817939869667348,0.7000206775571169
eta_lat_m61p508057_lon_m23p010422.npy,-61.508057,-23.010422,21,42,summer,21,1.5292543612028424,chunk21_summer,-0.16817939869667348,0.7000206775571169
eta_lat_m71p317345_lon_m23p007370.npy,-71.317345,-23.00737,336,357,summer,21,0.8803379065112064,chunk21_summer,-0.16817939869667348,0.7000206775571169
eta_lat_m64p202515_lon_p78p989594.npy,-64.202515,78.989594,378,399,summer,21,1.0972087791091518,chunk21_summer,-0.16817939869667348,0.7000206775571169
eta_lat_m52p006847_lon_p126p989594.npy,-52.006847,126.989594,0,21,summer,21,0.7939547033686387,chunk21_summer,-0.16817939869667348,0.7000206775571169
eta_lat_m70p941582_lon_m89p045937.npy,-70.941582,-89.045937,399,420,summer,21,2.084014456523092,chunk21_summer,-0.16817939869667348,0.7000206775571169
eta_lat_m66p662788_lon_m17p010422.npy,-66.662788,-17.010422,336,357,summer,21,1.0409576610514992,chunk21_summer,-0.16817939869667348,0.7000206775571169
eta_lat_m66p662788_lon_m23p010422.npy,-66.662788,-23.010422,378,399,summer,21,1.2957884763416492,chunk21_summer,-0.16817939869667348,0.7000206775571169
eta_lat_m55p400803_lon_p126p989594.npy,-55.400803,126.989594,168,189,winter,21,0.7657354583865718,chunk21_winter,-0.10632013426603468,0.5653498841841755
eta_lat_m61p508057_lon_m71p010414.npy,-61.508057,-71.010414,147,168,winter,21,0.7040337630008396,chunk21_winter,-0.10632013426603468,0.5653498841841755
eta_lat_m73p888268_lon_m29p051193.npy,-73.888268,-29.051193,189,210,winter,21,0.6000541589762035,chunk21_winter,-0.10632013426603468,0.5653498841841755
eta_lat_m52p006847_lon_p150p989563.npy,-52.006847,150.989563,189,210,winter,21,0.5716760566360072,chunk21_winter,-0.10632013426603468,0.5653498841841755
eta_lat_m48p374134_lon_m53p010422.npy,-48.374134,-53.010422,105,126,winter,21,0.8063479301176573,chunk21_winter,-0.10632013426603468,0.5653498841841755
eta_lat_m51p994694_lon_p126p989594.npy,-51.994694,126.989594,189,210,winter,21,0.7317505525915247,chunk21_winter,-0.10632013426603468,0.5653498841841755
eta_lat_m72p442223_lon_m113p020538.npy,-72.442223,-113.020538,126,147,winter,21,0.8502628740511442,chunk21_winter,-0.10632013426603468,0.5653498841841755
eta_lat_m68p928383_lon_m155p010422.npy,-68.928383,-155.010422,147,168,winter,21,0.8069525862994947,chunk21_winter,-0.10632013426603468,0.5653498841841755
eta_lat_p65p913406_lon_m30p464722.npy,65.913406,-30.464722,189,210,winter,21,1.6617909858101292,chunk21_winter,-0.10632013426603468,0.5653498841841755
eta_lat_p36p058659_lon_m65p010414.npy,36.058659,-65.010414,147,168,winter,21,0.8242010278137106,chunk21_winter,-0.10632013426603468,0.5653498841841755
eta_lat_m48p374134_lon_p114p989594.npy,-48.374134,114.989594,147,168,winter,21,0.6227321671812158,chunk21_winter,-0.10632013426603468,0.5653498841841755
eta_lat_m51p994694_lon_p120p989594.npy,-51.994694,120.989594,126,147,winter,21,0.7480253820356569,chunk21_winter,-0.10632013426603468,0.5653498841841755
eta_lat_m72p438423_lon_m118p949417.npy,-72.438423,-118.949417,126,147,winter,21,1.235427250987605,chunk21_winter,-0.10632013426603468,0.5653498841841755
eta_lat_m68p928383_lon_m173p010422.npy,-68.928383,-173.010422,126,147,winter,21,0.9097678222154316,chunk21_winter,-0.10632013426603468,0.5653498841841755
eta_lat_m68p928383_lon_m161p010422.npy,-68.928383,-161.010422,189,210,winter,21,1.0416046537851031,chunk21_winter,-0.10632013426603468,0.5653498841841755
eta_lat_m71p152878_lon_m166p947037.npy,-71.152878,-166.947037,168,189,winter,21,1.4153728924299542,chunk21_winter,-0.10632013426603468,0.5653498841841755
eta_lat_p36p058659_lon_p150p989563.npy,36.058659,150.989563,147,168,winter,21,0.7959491908550262,chunk21_winter,-0.10632013426603468,0.5653498841841755
eta_lat_m73p859009_lon_m35p162323.npy,-73.859009,-35.162323,105,126,winter,21,1.0668720681416362,chunk21_winter,-0.10632013426603468,0.5653498841841755
eta_lat_m55p389462_lon_m59p010422.npy,-55.389462,-59.010422,147,168,winter,21,0.8464417332097104,chunk21_winter,-0.10632013426603468,0.5653498841841755
eta_lat_m66p662788_lon_m29p010422.npy,-66.662788,-29.010422,126,147,winter,21,0.8571361522925528,chunk21_winter,-0.10632013426603468,0.5653498841841755
eta_lat_m75p355705_lon_m159p614578.npy,-75.355705,-159.614578,126,147,winter,21,5.50101029245477,chunk21_winter,-0.10632013426603468,0.5653498841841755
eta_lat_m71p296463_lon_m35p025223.npy,-71.296463,-35.025223,189,210,winter,21,1.710259004643089,chunk21_winter,-0.10632013426603468,0.5653498841841755
eta_lat_m58p574665_lon_m23p010422.npy,-58.574665,-23.010422,105,126,winter,21,0.9481448578207116,chunk21_winter,-0.10632013426603468,0.5653498841841755
eta_lat_m51p994694_lon_p156p989563.npy,-51.994694,156.989563,147,168,winter,21,1.0529368441355855,chunk21_winter,-0.10632013426603468,0.5653498841841755
eta_lat_m68p928383_lon_m173p010422.npy,-68.928383,-173.010422,105,126,winter,21,1.724255919456482,chunk21_winter,-0.10632013426603468,0.5653498841841755
eta_lat_m66p662788_lon_m29p010422.npy,-66.662788,-29.010422,189,210,winter,21,0.6934331451591692,chunk21_winter,-0.10632013426603468,0.5653498841841755
eta_lat_m72p830154_lon_m142p626068.npy,-72.830154,-142.626068,105,126,winter,21,1.786561407540974,chunk21_winter,-0.10632013426603468,0.5653498841841755
eta_lat_m55p389462_lon_m125p010414.npy,-55.389462,-125.010414,168,189,winter,21,0.6608235836029053,chunk21_winter,-0.10632013426603468,0.5653498841841755
eta_lat_m73p118896_lon_m154p539932.npy,-73.118896,-154.539932,105,126,winter,21,1.2264660283138875,chunk21_winter,-0.10632013426603468,0.5653498841841755
eta_lat_p65p913406_lon_m30p464722.npy,65.913406,-30.464722,126,147,winter,21,1.9104990896425749,chunk21_winter,-0.10632013426603468,0.5653498841841755
eta_lat_m71p250717_lon_m47p040466.npy,-71.250717,-47.040466,147,168,winter,21,0.8889601575700861,chunk21_winter,-0.10632013426603468,0.5653498841841755
eta_lat_m52p006847_lon_p30p989578.npy,-52.006847,30.989578,126,147,winter,21,0.6497317583937394,chunk21_winter,-0.10632013426603468,0.5653498841841755
eta_lat_m44p523903_lon_p108p989594.npy,-44.523903,108.989594,189,210,winter,21,0.6386472033826929,chunk21_winter,-0.10632013426603468,0.5653498841841755
eta_lat_m40p414062_lon_m41p010422.npy,-40.414062,-41.010422,168,189,winter,21,0.7569106142771872,chunk21_winter,-0.10632013426603468,0.5653498841841755
eta_lat_m76p178772_lon_m41p740692.npy,-76.178772,-41.740692,147,168,winter,21,0.8414930011096754,chunk21_winter,-0.10632013426603468,0.5653498841841755
eta_lat_m73p621971_lon_m53p396431.npy,-73.621971,-53.396431,168,189,winter,21,0.8982660644932797,chunk21_winter,-0.10632013426603468,0.5653498841841755
eta_lat_m68p928383_lon_m95p010414.npy,-68.928383,-95.010414,126,147,winter,21,0.974907282151674,chunk21_winter,-0.10632013426603468,0.5653498841841755
eta_lat_m58p574665_lon_p126p989594.npy,-58.574665,126.989594,147,168,winter,21,0.810917414332691,chunk21_winter,-0.10632013426603468,0.5653498841841755
eta_lat_p36p058659_lon_p144p989563.npy,36.058659,144.989563,147,168,winter,21,1.0253194899935472,chunk21_winter,-0.10632013426603468,0.5653498841841755
eta_lat_m55p400803_lon_p150p989563.npy,-55.400803,150.989563,147,168,winter,21,0.9265894623179184,chunk21_winter,-0.10632013426603468,0.5653498841841755
eta_lat_m68p928383_lon_m11p010422.npy,-68.928383,-11.010422,126,147,winter,21,0.9440997776232268,chunk21_winter,-0.10632013426603468,0.5653498841841755
eta_lat_m66p662788_lon_m41p010422.npy,-66.662788,-41.010422,168,189,winter,21,0.6184437698439548,chunk21_winter,-0.10632013426603468,0.5653498841841755
eta_lat_m44p523903_lon_p24p989578.npy,-44.523903,24.989578,189,210,winter,21,0.6503544183153855,chunk21_winter,-0.10632013426603468,0.5653498841841755
eta_lat_m68p928383_lon_m59p010422.npy,-68.928383,-59.010422,189,210,winter,21,0.9746235420829372,chunk21_winter,-0.10632013426603468,0.5653498841841755
eta_lat_m73p720367_lon_m47p316681.npy,-73.720367,-47.316681,126,147,winter,21,0.6411091591182508,chunk21_winter,-0.10632013426603468,0.5653498841841755
eta_lat_m58p574665_lon_m65p010414.npy,-58.574665,-65.010414,126,147,winter,21,0.5705401622935345,chunk21_winter,-0.10632013426603468,0.5653498841841755
eta_lat_m71p216316_lon_m53p046265.npy,-71.216316,-53.046265,147,168,winter,21,0.9501858573210868,chunk21_winter,-0.10632013426603468,0.5653498841841755
eta_lat_m55p389462_lon_p90p989594.npy,-55.389462,90.989594,126,147,winter,21,1.2112348769840442,chunk21_winter,-0.10632013426603468,0.5653498841841755
eta_lat_m55p389462_lon_p84p989594.npy,-55.389462,84.989594,126,147,winter,21,0.7355519690011677,chunk21_winter,-0.10632013426603468,0.5653498841841755
eta_lat_m55p400803_lon_m119p010414.npy,-55.400803,-119.010414,126,147,winter,21,0.575493933338868,chunk21_winter,-0.10632013426603468,0.5653498841841755
eta_lat_m64p202515_lon_m47p010422.npy,-64.202515,-47.010422,189,210,winter,21,0.8944226173978103,chunk21_winter,-0.10632013426603468,0.5653498841841755
eta_lat_m48p374134_lon_p84p989594.npy,-48.374134,84.989594,126,147,winter,21,0.889119090218293,chunk21_winter,-0.10632013426603468,0.5653498841841755
eta_lat_m48p374134_lon_p132p989563.npy,-48.374134,132.989563,189,210,winter,21,0.6668262246407961,chunk21_winter,-0.10632013426603468,0.5653498841841755
eta_lat_m55p389462_lon_p150p989563.npy,-55.389462,150.989563,189,210,winter,21,1.1077013596108083,chunk21_winter,-0.10632013426603468,0.5653498841841755
eta_lat_m61p508057_lon_m17p010422.npy,-61.508057,-17.010422,105,126,winter,21,0.617403529192272,chunk21_winter,-0.10632013426603468,0.5653498841841755
eta_lat_m71p317345_lon_m23p007370.npy,-71.317345,-23.00737,126,147,winter,21,1.707473475682108,chunk21_winter,-0.10632013426603468,0.5653498841841755
eta_lat_m75p785980_lon_m171p738495.npy,-75.78598,-171.738495,126,147,winter,21,3.035883257263585,chunk21_winter,-0.10632013426603468,0.5653498841841755
eta_lat_m55p389462_lon_p174p989563.npy,-55.389462,174.989563,105,126,winter,21,1.056127707424917,chunk21_winter,-0.10632013426603468,0.5653498841841755
eta_lat_m58p574665_lon_p96p989594.npy,-58.574665,96.989594,189,210,winter,21,0.8453137011904466,chunk21_winter,-0.10632013426603468,0.5653498841841755
eta_lat_m55p389462_lon_p126p989594.npy,-55.389462,126.989594,147,168,winter,21,0.6600571055161325,chunk21_winter,-0.10632013426603468,0.5653498841841755
eta_lat_m61p508057_lon_p174p989563.npy,-61.508057,174.989563,147,168,winter,21,0.667425695218538,chunk21_winter,-0.10632013426603468,0.5653498841841755
eta_lat_m61p508057_lon_m77p010414.npy,-61.508057,-77.010414,126,147,winter,21,0.847896756310212,chunk21_winter,-0.10632013426603468,0.5653498841841755
eta_lat_m51p994694_lon_p30p989578.npy,-51.994694,30.989578,126,147,winter,21,0.6668445954197332,chunk21_winter,-0.10632013426603468,0.5653498841841755
eta_lat_m73p291496_lon_m160p547073.npy,-73.291496,-160.547073,126,147,winter,21,0.8402511383357801,chunk21_winter,-0.10632013426603468,0.5653498841841755
eta_lat_m66p662788_lon_m17p010422.npy,-66.662788,-17.010422,168,189,winter,21,0.5676728032137218,chunk21_winter,-0.10632013426603468,0.5653498841841755
eta_lat_m64p202515_lon_m149p010422.npy,-64.202515,-149.010422,105,126,winter,21,0.6218754931500083,chunk21_winter,-0.10632013426603468,0.5653498841841755
eta_lat_m70p857033_lon_m130p966385.npy,-70.857033,-130.966385,105,126,winter,21,1.3564451368231525,chunk21_winter,-0.10632013426603468,0.5653498841841755
eta_lat_m55p400803_lon_p126p989594.npy,-55.400803,126.989594,126,147,winter,21,0.6695894661702608,chunk21_winter,-0.10632013426603468,0.5653498841841755
eta_lat_m66p662788_lon_m23p010422.npy,-66.662788,-23.010422,147,168,winter,21,1.1673902994708012,chunk21_winter,-0.10632013426603468,0.5653498841841755
eta_lat_m66p662788_lon_m5p010422.npy,-66.662788,-5.010422,105,126,winter,21,0.7935238574680529,chunk21_winter,-0.10632013426603468,0.5653498841841755
eta_lat_m73p545830_lon_m172p573288.npy,-73.54583,-172.573288,105,126,winter,21,2.7903810927742407,chunk21_winter,-0.10632013426603468,0.5653498841841755
eta_lat_m44p523903_lon_p84p989594.npy,-44.523903,84.989594,126,147,winter,21,1.1908262505343086,chunk21_winter,-0.10632013426603468,0.5653498841841755
eta_lat_m72p438423_lon_m118p949417.npy,-72.438423,-118.949417,105,126,winter,21,1.6761172445196857,chunk21_winter,-0.10632013426603468,0.5653498841841755
eta_lat_m44p523903_lon_m47p010422.npy,-44.523903,-47.010422,105,126,winter,21,0.6584445642013299,chunk21_winter,-0.10632013426603468,0.5653498841841755
eta_lat_m52p006847_lon_p150p989563.npy,-52.006847,150.989563,126,147,winter,21,2.226602355116292,chunk21_winter,-0.10632013426603468,0.5653498841841755
eta_lat_m52p006847_lon_p150p989563.npy,-52.006847,150.989563,168,189,winter,21,1.2177994000284296,chunk21_winter,-0.10632013426603468,0.5653498841841755
eta_lat_m68p928383_lon_m35p010422.npy,-68.928383,-35.010422,189,210,winter,21,0.626825815752933,chunk21_winter,-0.10632013426603468,0.5653498841841755
eta_lat_m55p400803_lon_m53p010422.npy,-55.400803,-53.010422,126,147,winter,21,1.0838543176651,chunk21_winter,-0.10632013426603468,0.5653498841841755
eta_lat_m51p994694_lon_p84p989594.npy,-51.994694,84.989594,126,147,winter,21,0.6658348778360769,chunk21_winter,-0.10632013426603468,0.5653498841841755
eta_lat_m51p994694_lon_p150p989563.npy,-51.994694,150.989563,126,147,winter,21,2.223883032798767,chunk21_winter,-0.10632013426603468,0.5653498841841755
eta_lat_m66p662788_lon_p36p989578.npy,-66.662788,36.989578,105,126,winter,21,0.6468114727421811,chunk21_winter,-0.10632013426603468,0.5653498841841755
eta_lat_p36p058659_lon_m65p010414.npy,36.058659,-65.010414,189,210,winter,21,0.9667975784916628,chunk21_winter,-0.10632013426603468,0.5653498841841755
eta_lat_m40p414062_lon_p18p989578.npy,-40.414062,18.989578,168,189,winter,21,0.57529290569456,chunk21_winter,-0.10632013426603468,0.5653498841841755
eta_lat_m68p928383_lon_m5p010422.npy,-68.928383,-5.010422,126,147,winter,21,0.6296411344879552,chunk21_winter,-0.10632013426603468,0.5653498841841755
eta_lat_m66p662788_lon_m167p010422.npy,-66.662788,-167.010422,126,147,winter,21,0.8489066017301459,chunk21_winter,-0.10632013426603468,0.5653498841841755
eta_lat_m52p006847_lon_p96p989594.npy,-52.006847,96.989594,105,126,winter,21,0.601162892423178,chunk21_winter,-0.10632013426603468,0.5653498841841755
eta_lat_m71p110893_lon_m160p945129.npy,-71.110893,-160.945129,126,147,winter,21,0.7715196264417548,chunk21_winter,-0.10632013426603468,0.5653498841841755
eta_lat_m51p994694_lon_p84p989594.npy,-51.994694,84.989594,189,210,winter,21,1.1273074291254346,chunk21_winter,-0.10632013426603468,0.5653498841841755
eta_lat_m64p202515_lon_m17p010422.npy,-64.202515,-17.010422,147,168,winter,21,0.8846189583602705,chunk21_winter,-0.10632013426603468,0.5653498841841755
eta_lat_m48p374134_lon_p120p989594.npy,-48.374134,120.989594,189,210,winter,21,0.613438102759813,chunk21_winter,-0.10632013426603468,0.5653498841841755
eta_lat_m66p662788_lon_m35p010422.npy,-66.662788,-35.010422,147,168,winter,21,0.5684152574915635,chunk21_winter,-0.10632013426603468,0.5653498841841755
eta_lat_m75p355705_lon_m159p614578.npy,-75.355705,-159.614578,147,168,winter,21,2.900602892825478,chunk21_winter,-0.10632013426603468,0.5653498841841755
eta_lat_m48p374134_lon_m35p010422.npy,-48.374134,-35.010422,189,210,winter,21,0.6865203992316598,chunk21_winter,-0.10632013426603468,0.5653498841841755
eta_lat_m58p574665_lon_m5p010422.npy,-58.574665,-5.010422,105,126,winter,21,0.7371752748363897,chunk21_winter,-0.10632013426603468,0.5653498841841755
eta_lat_m55p389462_lon_p174p989563.npy,-55.389462,174.989563,126,147,winter,21,0.7902949750423431,chunk21_winter,-0.10632013426603468,0.5653498841841755
eta_lat_m70p827019_lon_m124p974617.npy,-70.827019,-124.974617,168,189,winter,21,0.8005837829489457,chunk21_winter,-0.10632013426603468,0.5653498841841755
eta_lat_m48p374134_lon_m35p010422.npy,-48.374134,-35.010422,126,147,winter,21,0.5888817059366327,chunk21_winter,-0.10632013426603468,0.5653498841841755
eta_lat_m55p389462_lon_m131p010422.npy,-55.389462,-131.010422,105,126,winter,21,0.8812452515489176,chunk21_winter,-0.10632013426603468,0.5653498841841755
eta_lat_m75p355705_lon_m159p614578.npy,-75.355705,-159.614578,189,210,winter,21,1.6427522144819562,chunk21_winter,-0.10632013426603468,0.5653498841841755
eta_lat_m73p433556_lon_m166p559235.npy,-73.433556,-166.559235,147,168,winter,21,1.5427450192602057,chunk21_winter,-0.10632013426603468,0.5653498841841755
eta_lat_m72p442223_lon_m113p020538.npy,-72.442223,-113.020538,105,126,winter,21,1.0076273083686829,chunk21_winter,-0.10632013426603468,0.5653498841841755
eta_lat_m73p118896_lon_m154p539932.npy,-73.118896,-154.539932,126,147,winter,21,1.1308523761598688,chunk21_winter,-0.10632013426603468,0.5653498841841755
eta_lat_m48p374134_lon_m41p010422.npy,-48.374134,-41.010422,168,189,winter,21,0.6919509839070471,chunk21_winter,-0.10632013426603468,0.5653498841841755
eta_lat_m68p928383_lon_m41p010422.npy,-68.928383,-41.010422,390,395,summer,5,1.1316136916478474,chunk5_summer,-0.02029037289321438,0.23859592961768317
eta_lat_m66p662788_lon_p24p989578.npy,-66.662788,24.989578,325,330,summer,5,0.3477601210276286,chunk5_summer,-0.02029037289321438,0.23859592961768317
eta_lat_m64p202515_lon_m29p010422.npy,-64.202515,-29.010422,375,380,summer,5,1.1616636117299397,chunk5_summer,-0.02029037289321438,0.23859592961768317
eta_lat_m61p508057_lon_m11p010422.npy,-61.508057,-11.010422,5,10,summer,5,0.9327295621236166,chunk5_summer,-0.02029037289321438,0.23859592961768317
eta_lat_m58p574665_lon_p24p989578.npy,-58.574665,24.989578,395,400,summer,5,0.3079764544963836,chunk5_summer,-0.02029037289321438,0.23859592961768317
eta_lat_m70p818817_lon_m112p992744.npy,-70.818817,-112.992744,5,10,summer,5,0.5092345078786215,chunk5_summer,-0.02029037289321438,0.23859592961768317
eta_lat_m66p662788_lon_p12p989578.npy,-66.662788,12.989578,20,25,summer,5,0.3034567137559255,chunk5_summer,-0.02029037289321438,0.23859592961768317
eta_lat_m66p662788_lon_m143p010422.npy,-66.662788,-143.010422,340,345,summer,5,0.9887422323226928,chunk5_summer,-0.02029037289321438,0.23859592961768317
eta_lat_m61p508057_lon_p84p989594.npy,-61.508057,84.989594,20,25,summer,5,0.4719773332277934,chunk5_summer,-0.02029037289321438,0.23859592961768317
eta_lat_m58p574665_lon_m71p010414.npy,-58.574665,-71.010414,390,395,summer,5,0.2721467316150665,chunk5_summer,-0.02029037289321438,0.23859592961768317
eta_lat_m72p442223_lon_m113p020538.npy,-72.442223,-113.020538,40,45,summer,5,2.833390235900879,chunk5_summer,-0.02029037289321438,0.23859592961768317
eta_lat_m64p202515_lon_m143p010422.npy,-64.202515,-143.010422,390,395,summer,5,1.047243634859721,chunk5_summer,-0.02029037289321438,0.23859592961768317
eta_lat_m61p508057_lon_p12p989578.npy,-61.508057,12.989578,375,380,summer,5,0.2501810888449351,chunk5_summer,-0.02029037289321438,0.23859592961768317
eta_lat_m73p545830_lon_m172p573288.npy,-73.54583,-172.573288,350,355,summer,5,0.4825350145498912,chunk5_summer,-0.02029037289321438,0.23859592961768317
eta_lat_m66p662788_lon_m47p010422.npy,-66.662788,-47.010422,350,355,summer,5,0.3825290302435557,chunk5_summer,-0.02029037289321438,0.23859592961768317
eta_lat_m68p928383_lon_m113p010414.npy,-68.928383,-113.010414,40,45,summer,5,0.3210999766985575,chunk5_summer,-0.02029037289321438,0.23859592961768317
eta_lat_m73p888268_lon_m29p051193.npy,-73.888268,-29.051193,40,45,summer,5,0.9976873596509298,chunk5_summer,-0.02029037289321438,0.23859592961768317
eta_lat_m64p202515_lon_p72p989594.npy,-64.202515,72.989594,380,385,summer,5,1.1366073687871296,chunk5_summer,-0.02029037289321438,0.23859592961768317
eta_lat_m64p202515_lon_m137p010422.npy,-64.202515,-137.010422,370,375,summer,5,1.2982697089513142,chunk5_summer,-0.02029037289321438,0.23859592961768317
eta_lat_m73p291496_lon_m160p547073.npy,-73.291496,-160.547073,345,350,summer,5,1.5162411133448284,chunk5_summer,-0.02029037289321438,0.23859592961768317
eta_lat_m64p202515_lon_m5p010422.npy,-64.202515,-5.010422,415,420,summer,5,0.7476596534252167,chunk5_summer,-0.02029037289321438,0.23859592961768317
eta_lat_m68p928383_lon_m17p010422.npy,-68.928383,-17.010422,20,25,summer,5,0.9700418512026469,chunk5_summer,-0.02029037289321438,0.23859592961768317
eta_lat_m71p250717_lon_m47p040466.npy,-71.250717,-47.040466,0,5,summer,5,0.3375340600808461,chunk5_summer,-0.02029037289321438,0.23859592961768317
eta_lat_m71p277649_lon_m41p033340.npy,-71.277649,-41.03334,370,375,summer,5,0.6659719447294871,chunk5_summer,-0.02029037289321438,0.23859592961768317
eta_lat_m51p994694_lon_p150p989563.npy,-51.994694,150.989563,0,5,summer,5,0.2647413412729899,chunk5_summer,-0.02029037289321438,0.23859592961768317
eta_lat_m58p574665_lon_m17p010422.npy,-58.574665,-17.010422,365,370,summer,5,0.5125173330307007,chunk5_summer,-0.02029037289321438,0.23859592961768317
eta_lat_m58p574665_lon_p84p989594.npy,-58.574665,84.989594,390,395,summer,5,0.4112870395183563,chunk5_summer,-0.02029037289321438,0.23859592961768317
eta_lat_m61p508057_lon_m29p010422.npy,-61.508057,-29.010422,45,50,summer,5,1.834812601407369,chunk5_summer,-0.02029037289321438,0.23859592961768317
eta_lat_m72p830154_lon_m142p626068.npy,-72.830154,-142.626068,340,345,summer,5,1.8505543073018391,chunk5_summer,-0.02029037289321438,0.23859592961768317
eta_lat_m70p941582_lon_m89p045937.npy,-70.941582,-89.045937,45,50,summer,5,0.9642141461372375,chunk5_summer,-0.02029037289321438,0.23859592961768317
eta_lat_m66p662788_lon_m161p010422.npy,-66.662788,-161.010422,340,345,summer,5,1.2031564712524414,chunk5_summer,-0.02029037289321438,0.23859592961768317
eta_lat_m66p662788_lon_m149p010422.npy,-66.662788,-149.010422,350,355,summer,5,0.9264620145161948,chunk5_summer,-0.02029037289321438,0.23859592961768317
eta_lat_m61p508057_lon_m17p010422.npy,-61.508057,-17.010422,5,10,summer,5,0.6588519414265951,chunk5_summer,-0.02029037289321438,0.23859592961768317
eta_lat_m66p662788_lon_m5p010422.npy,-66.662788,-5.010422,355,360,summer,5,1.892130136489868,chunk5_summer,-0.02029037289321438,0.23859592961768317
eta_lat_m61p508057_lon_m137p010422.npy,-61.508057,-137.010422,375,380,summer,5,0.4960704545180003,chunk5_summer,-0.02029037289321438,0.23859592961768317
eta_lat_m70p941582_lon_m89p045937.npy,-70.941582,-89.045937,5,10,summer,5,0.3249837557474772,chunk5_summer,-0.02029037289321438,0.23859592961768317
eta_lat_m66p662788_lon_m125p010414.npy,-66.662788,-125.010414,40,45,summer,5,0.2423733274141947,chunk5_summer,-0.02029037289321438,0.23859592961768317
eta_lat_m68p928383_lon_m125p010414.npy,-68.928383,-125.010414,45,50,summer,5,0.6940529942512512,chunk5_summer,-0.02029037289321438,0.23859592961768317
eta_lat_m61p508057_lon_p66p989594.npy,-61.508057,66.989594,410,415,summer,5,0.4950631161530812,chunk5_summer,-0.02029037289321438,0.23859592961768317
eta_lat_m64p202515_lon_m5p010422.npy,-64.202515,-5.010422,385,390,summer,5,0.7734812299410502,chunk5_summer,-0.02029037289321438,0.23859592961768317
eta_lat_m66p662788_lon_p174p989563.npy,-66.662788,174.989563,370,375,summer,5,0.5182937383651733,chunk5_summer,-0.02029037289321438,0.23859592961768317
eta_lat_p36p058659_lon_m65p010414.npy,36.058659,-65.010414,395,400,summer,5,0.3515982826550801,chunk5_summer,-0.02029037289321438,0.23859592961768317
eta_lat_m55p389462_lon_p18p989578.npy,-55.389462,18.989578,400,405,summer,5,0.3574286997318268,chunk5_summer,-0.02029037289321438,0.23859592961768317
eta_lat_m66p662788_lon_m47p010422.npy,-66.662788,-47.010422,10,15,summer,5,1.448453386624654,chunk5_summer,-0.02029037289321438,0.23859592961768317
eta_lat_m66p662788_lon_m47p010422.npy,-66.662788,-47.010422,380,385,summer,5,1.0689600904782612,chunk5_summer,-0.02029037289321438,0.23859592961768317
eta_lat_m71p306725_lon_m29p016449.npy,-71.306725,-29.016449,350,355,summer,5,1.0615412791570027,chunk5_summer,-0.02029037289321438,0.23859592961768317
eta_lat_m61p508057_lon_m23p010422.npy,-61.508057,-23.010422,360,365,summer,5,1.379353682200114,chunk5_summer,-0.02029037289321438,0.23859592961768317
eta_lat_m58p574665_lon_p6p989578.npy,-58.574665,6.989578,380,385,summer,5,0.4670534133911133,chunk5_summer,-0.02029037289321438,0.23859592961768317
eta_lat_m51p994694_lon_m119p010414.npy,-51.994694,-119.010414,360,365,summer,5,0.2431468764940897,chunk5_summer,-0.02029037289321438,0.23859592961768317
eta_lat_m55p400803_lon_m59p010422.npy,-55.400803,-59.010422,390,395,summer,5,0.762808620929718,chunk5_summer,-0.02029037289321438,0.23859592961768317
eta_lat_m70p831284_lon_m107p022827.npy,-70.831284,-107.022827,15,20,summer,5,0.8890526294708252,chunk5_summer,-0.02029037289321438,0.23859592961768317
eta_lat_m58p574665_lon_p0p989578.npy,-58.574665,0.989578,365,370,summer,5,0.7543739279111227,chunk5_summer,-0.02029037289321438,0.23859592961768317
eta_lat_m73p545830_lon_m172p573288.npy,-73.54583,-172.573288,385,390,summer,5,1.153230905532837,chunk5_summer,-0.02029037289321438,0.23859592961768317
eta_lat_m61p508057_lon_m11p010422.npy,-61.508057,-11.010422,325,330,summer,5,0.54558797677358,chunk5_summer,-0.02029037289321438,0.23859592961768317
eta_lat_m66p662788_lon_m47p010422.npy,-66.662788,-47.010422,325,330,summer,5,0.8438687324523926,chunk5_summer,-0.02029037289321438,0.23859592961768317
eta_lat_m66p662788_lon_m95p010414.npy,-66.662788,-95.010414,410,415,summer,5,0.3613575796286265,chunk5_summer,-0.02029037289321438,0.23859592961768317
eta_lat_m73p545830_lon_m172p573288.npy,-73.54583,-172.573288,415,420,summer,5,1.640924056371053,chunk5_summer,-0.02029037289321438,0.23859592961768317
eta_lat_m66p662788_lon_m167p010422.npy,-66.662788,-167.010422,330,335,summer,5,1.432327071825663,chunk5_summer,-0.02029037289321438,0.23859592961768317
eta_lat_m64p202515_lon_m137p010422.npy,-64.202515,-137.010422,415,420,summer,5,0.4651439984639485,chunk5_summer,-0.02029037289321438,0.23859592961768317
eta_lat_m71p306725_lon_m29p016449.npy,-71.306725,-29.016449,415,420,summer,5,0.8630843559900919,chunk5_summer,-0.02029037289321438,0.23859592961768317
eta_lat_m70p951729_lon_m142p952744.npy,-70.951729,-142.952744,355,360,summer,5,1.2984741926193235,chunk5_summer,-0.02029037289321438,0.23859592961768317
eta_lat_m71p110893_lon_m160p945129.npy,-71.110893,-160.945129,335,340,summer,5,1.2417720158894856,chunk5_summer,-0.02029037289321438,0.23859592961768317
eta_lat_m64p202515_lon_p54p989578.npy,-64.202515,54.989578,10,15,summer,5,0.4713412920633952,chunk5_summer,-0.02029037289321438,0.23859592961768317
eta_lat_m68p928383_lon_m17p010422.npy,-68.928383,-17.010422,360,365,summer,5,0.950345516204834,chunk5_summer,-0.02029037289321438,0.23859592961768317
eta_lat_m68p928383_lon_m23p010422.npy,-68.928383,-23.010422,15,20,summer,5,0.7611162463823954,chunk5_summer,-0.02029037289321438,0.23859592961768317
eta_lat_m66p662788_lon_m29p010422.npy,-66.662788,-29.010422,360,365,summer,5,1.154489795366923,chunk5_summer,-0.02029037289321438,0.23859592961768317
eta_lat_m68p928383_lon_m113p010414.npy,-68.928383,-113.010414,340,345,summer,5,0.4574966231981913,chunk5_summer,-0.02029037289321438,0.23859592961768317
eta_lat_m64p202515_lon_m11p010422.npy,-64.202515,-11.010422,25,30,summer,5,0.7449464996655782,chunk5_summer,-0.02029037289321438,0.23859592961768317
eta_lat_m40p414062_lon_p24p989578.npy,-40.414062,24.989578,40,45,summer,5,0.3612174888451894,chunk5_summer,-0.02029037289321438,0.23859592961768317
eta_lat_m58p574665_lon_p84p989594.npy,-58.574665,84.989594,385,390,summer,5,0.3473716775576274,chunk5_summer,-0.02029037289321438,0.23859592961768317
eta_lat_m55p400803_lon_m59p010422.npy,-55.400803,-59.010422,405,410,summer,5,0.3281439443429311,chunk5_summer,-0.02029037289321438,0.23859592961768317
eta_lat_m71p110893_lon_m160p945129.npy,-71.110893,-160.945129,390,395,summer,5,1.0425760944684346,chunk5_summer,-0.02029037289321438,0.23859592961768317
eta_lat_m73p291496_lon_m160p547073.npy,-73.291496,-160.547073,10,15,summer,5,0.7418363491694132,chunk5_summer,-0.02029037289321438,0.23859592961768317
eta_lat_m55p389462_lon_p162p989563.npy,-55.389462,162.989563,30,35,summer,5,0.272046039501826,chunk5_summer,-0.02029037289321438,0.23859592961768317
eta_lat_m61p508057_lon_p60p989578.npy,-61.508057,60.989578,370,375,summer,5,0.5385088324546814,chunk5_summer,-0.02029037289321438,0.23859592961768317
eta_lat_m68p928383_lon_m41p010422.npy,-68.928383,-41.010422,20,25,summer,5,0.5475590328375498,chunk5_summer,-0.02029037289321438,0.23859592961768317
eta_lat_m68p928383_lon_m125p010414.npy,-68.928383,-125.010414,415,420,summer,5,0.4534787138303121,chunk5_summer,-0.02029037289321438,0.23859592961768317
eta_lat_m64p202515_lon_m161p010422.npy,-64.202515,-161.010422,45,50,summer,5,1.0590781569480896,chunk5_summer,-0.02029037289321438,0.23859592961768317
eta_lat_m66p662788_lon_m41p010422.npy,-66.662788,-41.010422,410,415,summer,5,0.8795042236646017,chunk5_summer,-0.02029037289321438,0.23859592961768317
eta_lat_p36p058659_lon_p150p989563.npy,36.058659,150.989563,390,395,summer,5,0.265605886777242,chunk5_summer,-0.02029037289321438,0.23859592961768317
eta_lat_m73p433556_lon_m166p559235.npy,-73.433556,-166.559235,385,390,summer,5,1.0917120774586997,chunk5_summer,-0.02029037289321438,0.23859592961768317
eta_lat_m71p296463_lon_m35p025223.npy,-71.296463,-35.025223,15,20,summer,5,0.7444170415401459,chunk5_summer,-0.02029037289321438,0.23859592961768317
eta_lat_m55p400803_lon_p90p989594.npy,-55.400803,90.989594,325,330,summer,5,0.2434147298336029,chunk5_summer,-0.02029037289321438,0.23859592961768317
eta_lat_m66p662788_lon_m53p010422.npy,-66.662788,-53.010422,415,420,summer,5,2.148743987083435,chunk5_summer,-0.02029037289321438,0.23859592961768317
eta_lat_m75p785980_lon_m171p738495.npy,-75.78598,-171.738495,25,30,summer,5,1.5444068312644958,chunk5_summer,-0.02029037289321438,0.23859592961768317
eta_lat_m61p508057_lon_p114p989594.npy,-61.508057,114.989594,365,370,summer,5,0.3879811962445577,chunk5_summer,-0.02029037289321438,0.23859592961768317
eta_lat_m66p662788_lon_m131p010422.npy,-66.662788,-131.010422,410,415,summer,5,0.6748376687367758,chunk5_summer,-0.02029037289321438,0.23859592961768317
eta_lat_m66p662788_lon_m47p010422.npy,-66.662788,-47.010422,370,375,summer,5,0.93984787662824,chunk5_summer,-0.02029037289321438,0.23859592961768317
eta_lat_m66p662788_lon_m167p010422.npy,-66.662788,-167.010422,340,345,summer,5,0.7727540334065756,chunk5_summer,-0.02029037289321438,0.23859592961768317
eta_lat_m64p202515_lon_p144p989563.npy,-64.202515,144.989563,400,405,summer,5,1.0259806315104167,chunk5_summer,-0.02029037289321438,0.23859592961768317
eta_lat_m73p291496_lon_m160p547073.npy,-73.291496,-160.547073,415,420,summer,5,0.9630557099978128,chunk5_summer,-0.02029037289321438,0.23859592961768317
eta_lat_m64p202515_lon_p54p989578.npy,-64.202515,54.989578,325,330,summer,5,0.4468715886274974,chunk5_summer,-0.02029037289321438,0.23859592961768317
eta_lat_m61p508057_lon_m5p010422.npy,-61.508057,-5.010422,385,390,summer,5,1.0827742218971252,chunk5_summer,-0.02029037289321438,0.23859592961768317
eta_lat_m72p698387_lon_m136p683899.npy,-72.698387,-136.683899,325,330,summer,5,1.441005786259969,chunk5_summer,-0.02029037289321438,0.23859592961768317
eta_lat_m66p662788_lon_m41p010422.npy,-66.662788,-41.010422,335,340,summer,5,0.4892215927441914,chunk5_summer,-0.02029037289321438,0.23859592961768317
eta_lat_m64p202515_lon_p162p989563.npy,-64.202515,162.989563,10,15,summer,5,0.2928592562675476,chunk5_summer,-0.02029037289321438,0.23859592961768317
eta_lat_p36p058659_lon_p150p989563.npy,36.058659,150.989563,355,360,summer,5,0.3109158873558044,chunk5_summer,-0.02029037289321438,0.23859592961768317
eta_lat_m73p118896_lon_m154p539932.npy,-73.118896,-154.539932,395,400,summer,5,0.5674698352813721,chunk5_summer,-0.02029037289321438,0.23859592961768317
eta_lat_m68p928383_lon_m173p010422.npy,-68.928383,-173.010422,410,415,summer,5,0.9541897376378378,chunk5_summer,-0.02029037289321438,0.23859592961768317
eta_lat_m58p574665_lon_m23p010422.npy,-58.574665,-23.010422,395,400,summer,5,1.1651476621627808,chunk5_summer,-0.02029037289321438,0.23859592961768317
eta_lat_m64p202515_lon_p36p989578.npy,-64.202515,36.989578,45,50,summer,5,0.3270845611890157,chunk5_summer,-0.02029037289321438,0.23859592961768317
eta_lat_m66p662788_lon_p24p989578.npy,-66.662788,24.989578,40,45,summer,5,1.0229677557945251,chunk5_summer,-0.02029037289321438,0.23859592961768317
eta_lat_m68p928383_lon_m17p010422.npy,-68.928383,-17.010422,380,385,summer,5,0.5179792841275533,chunk5_summer,-0.02029037289321438,0.23859592961768317
eta_lat_m64p202515_lon_m137p010422.npy,-64.202515,-137.010422,365,370,summer,5,1.3444407780965169,chunk5_summer,-0.02029037289321438,0.23859592961768317
eta_lat_m71p216316_lon_m53p046265.npy,-71.216316,-53.046265,15,20,summer,5,4.183540423711141,chunk5_summer,-0.02029037289321438,0.23859592961768317
eta_lat_m52p006847_lon_p174p989563.npy,-52.006847,174.989563,40,45,summer,5,0.2486494183540344,chunk5_summer,-0.02029037289321438,0.23859592961768317
eta_lat_m66p662788_lon_p18p989578.npy,-66.662788,18.989578,410,415,summer,5,0.5724805196126302,chunk5_summer,-0.02029037289321438,0.23859592961768317
eta_lat_m64p202515_lon_m161p010422.npy,-64.202515,-161.010422,330,335,summer,5,0.4131301641464233,chunk5_summer,-0.02029037289321438,0.23859592961768317
eta_lat_m72p698387_lon_m136p683899.npy,-72.698387,-136.683899,20,25,summer,5,1.0814998348553977,chunk5_summer,-0.02029037289321438,0.23859592961768317
eta_lat_m61p508057_lon_p102p989594.npy,-61.508057,102.989594,20,25,summer,5,0.4211312532424927,chunk5_summer,-0.02029037289321438,0.23859592961768317
eta_lat_m64p202515_lon_m11p010422.npy,-64.202515,-11.010422,10,15,summer,5,1.1734015146891277,chunk5_summer,-0.02029037289321438,0.23859592961768317
eta_lat_m40p414062_lon_m47p010422.npy,-40.414062,-47.010422,400,405,summer,5,0.2570174137751261,chunk5_summer,-0.02029037289321438,0.23859592961768317
eta_lat_m55p400803_lon_p12p989578.npy,-55.400803,12.989578,400,405,summer,5,0.4302252431710561,chunk5_summer,-0.02029037289321438,0.23859592961768317
eta_lat_m68p928383_lon_m35p010422.npy,-68.928383,-35.010422,385,390,summer,5,0.6093230843544006,chunk5_summer,-0.02029037289321438,0.23859592961768317
eta_lat_m68p928383_lon_m41p010422.npy,-68.928383,-41.010422,15,20,summer,5,0.4809696475664775,chunk5_summer,-0.02029037289321438,0.23859592961768317
eta_lat_m68p928383_lon_m173p010422.npy,-68.928383,-173.010422,375,380,summer,5,0.3618074754873912,chunk5_summer,-0.02029037289321438,0.23859592961768317
eta_lat_m58p574665_lon_p24p989578.npy,-58.574665,24.989578,405,410,summer,5,0.2664404561122258,chunk5_summer,-0.02029037289321438,0.23859592961768317
eta_lat_m58p574665_lon_p72p989594.npy,-58.574665,72.989594,25,30,summer,5,0.285421739021937,chunk5_summer,-0.02029037289321438,0.23859592961768317
eta_lat_m64p202515_lon_p0p989578.npy,-64.202515,0.989578,40,45,summer,5,0.377634584903717,chunk5_summer,-0.02029037289321438,0.23859592961768317
eta_lat_m75p355705_lon_m159p614578.npy,-75.355705,-159.614578,350,355,summer,5,1.1309224764506025,chunk5_summer,-0.02029037289321438,0.23859592961768317
eta_lat_m61p508057_lon_p90p989594.npy,-61.508057,90.989594,370,375,summer,5,0.4999879399935404,chunk5_summer,-0.02029037289321438,0.23859592961768317
eta_lat_m61p508057_lon_p96p989594.npy,-61.508057,96.989594,405,410,summer,5,0.5312444468339285,chunk5_summer,-0.02029037289321438,0.23859592961768317
eta_lat_m66p662788_lon_m119p010414.npy,-66.662788,-119.010414,385,390,summer,5,0.436646024386088,chunk5_summer,-0.02029037289321438,0.23859592961768317
eta_lat_m64p202515_lon_p48p989578.npy,-64.202515,48.989578,380,385,summer,5,0.3090187013149261,chunk5_summer,-0.02029037289321438,0.23859592961768317
eta_lat_m66p662788_lon_m29p010422.npy,-66.662788,-29.010422,40,45,summer,5,0.7613300085067749,chunk5_summer,-0.02029037289321438,0.23859592961768317
eta_lat_m64p202515_lon_p174p989563.npy,-64.202515,174.989563,385,390,summer,5,0.4422414600849151,chunk5_summer,-0.02029037289321438,0.23859592961768317
eta_lat_m68p928383_lon_m11p010422.npy,-68.928383,-11.010422,25,30,summer,5,0.9403968652089436,chunk5_summer,-0.02029037289321438,0.23859592961768317
eta_lat_m68p928383_lon_m101p010414.npy,-68.928383,-101.010414,0,5,summer,5,0.4340217610200246,chunk5_summer,-0.02029037289321438,0.23859592961768317
eta_lat_m70p827019_lon_m124p974617.npy,-70.827019,-124.974617,5,10,summer,5,0.5671279430389404,chunk5_summer,-0.02029037289321438,0.23859592961768317
eta_lat_m66p662788_lon_m41p010422.npy,-66.662788,-41.010422,385,390,summer,5,0.932500700155894,chunk5_summer,-0.02029037289321438,0.23859592961768317
eta_lat_m66p662788_lon_m131p010422.npy,-66.662788,-131.010422,325,330,summer,5,0.6080255111058553,chunk5_summer,-0.02029037289321438,0.23859592961768317
eta_lat_p36p058659_lon_p144p989563.npy,36.058659,144.989563,385,390,summer,5,0.3293384512265523,chunk5_summer,-0.02029037289321438,0.23859592961768317
eta_lat_m64p202515_lon_p30p989578.npy,-64.202515,30.989578,340,345,summer,5,0.2658502956231435,chunk5_summer,-0.02029037289321438,0.23859592961768317
eta_lat_m64p202515_lon_m23p010422.npy,-64.202515,-23.010422,15,20,summer,5,0.7334554592768351,chunk5_summer,-0.02029037289321438,0.23859592961768317
eta_lat_m58p574665_lon_p6p989578.npy,-58.574665,6.989578,330,335,summer,5,0.2426341474056244,chunk5_summer,-0.02029037289321438,0.23859592961768317
eta_lat_m75p574257_lon_m165p651382.npy,-75.574257,-165.651382,365,370,summer,5,1.2814673980077107,chunk5_summer,-0.02029037289321438,0.23859592961768317
eta_lat_m64p202515_lon_m137p010422.npy,-64.202515,-137.010422,360,365,summer,5,1.2569146156311035,chunk5_summer,-0.02029037289321438,0.23859592961768317
eta_lat_m58p574665_lon_m11p010422.npy,-58.574665,-11.010422,355,360,summer,5,0.8193265795707703,chunk5_summer,-0.02029037289321438,0.23859592961768317
eta_lat_m61p508057_lon_p36p989578.npy,-61.508057,36.989578,385,390,summer,5,0.2643675704797109,chunk5_summer,-0.02029037289321438,0.23859592961768317
eta_lat_m64p202515_lon_p24p989578.npy,-64.202515,24.989578,40,45,summer,5,0.2707997461160024,chunk5_summer,-0.02029037289321438,0.23859592961768317
eta_lat_m58p574665_lon_m35p010422.npy,-58.574665,-35.010422,0,5,summer,5,0.4123074412345886,chunk5_summer,-0.02029037289321438,0.23859592961768317
eta_lat_m73p433556_lon_m166p559235.npy,-73.433556,-166.559235,395,400,summer,5,1.1326924165089924,chunk5_summer,-0.02029037289321438,0.23859592961768317
eta_lat_m68p928383_lon_m173p010422.npy,-68.928383,-173.010422,335,340,summer,5,0.8199701905250549,chunk5_summer,-0.02029037289321438,0.23859592961768317
eta_lat_m61p508057_lon_m11p010422.npy,-61.508057,-11.010422,410,415,summer,5,0.6352658669153849,chunk5_summer,-0.02029037289321438,0.23859592961768317
eta_lat_m66p662788_lon_m77p010414.npy,-66.662788,-77.010414,30,35,summer,5,0.4470204710960388,chunk5_summer,-0.02029037289321438,0.23859592961768317
eta_lat_m66p662788_lon_m41p010422.npy,-66.662788,-41.010422,375,380,summer,5,1.115222156047821,chunk5_summer,-0.02029037289321438,0.23859592961768317
eta_lat_m68p928383_lon_m47p010422.npy,-68.928383,-47.010422,405,410,summer,5,1.5394564270973206,chunk5_summer,-0.02029037289321438,0.23859592961768317
eta_lat_m61p508057_lon_p96p989594.npy,-61.508057,96.989594,390,395,summer,5,0.6111278831958771,chunk5_summer,-0.02029037289321438,0.23859592961768317
eta_lat_m64p202515_lon_p84p989594.npy,-64.202515,84.989594,350,355,summer,5,0.6610038181145986,chunk5_summer,-0.02029037289321438,0.23859592961768317
eta_lat_m61p508057_lon_m11p010422.npy,-61.508057,-11.010422,375,380,summer,5,1.5546675125757854,chunk5_summer,-0.02029037289321438,0.23859592961768317
eta_lat_m55p400803_lon_p162p989563.npy,-55.400803,162.989563,30,35,summer,5,0.2802558839321136,chunk5_summer,-0.02029037289321438,0.23859592961768317
eta_lat_m68p928383_lon_m83p010414.npy,-68.928383,-83.010414,380,385,summer,5,0.4818862378597259,chunk5_summer,-0.02029037289321438,0.23859592961768317
eta_lat_m71p110893_lon_m160p945129.npy,-71.110893,-160.945129,410,415,summer,5,0.8518882592519125,chunk5_summer,-0.02029037289321438,0.23859592961768317
eta_lat_m75p785980_lon_m171p738495.npy,-75.78598,-171.738495,350,355,summer,5,0.4763929347197215,chunk5_summer,-0.02029037289321438,0.23859592961768317
eta_lat_m55p389462_lon_m59p010422.npy,-55.389462,-59.010422,400,405,summer,5,0.3886991540590922,chunk5_summer,-0.02029037289321438,0.23859592961768317
eta_lat_m73p545830_lon_m172p573288.npy,-73.54583,-172.573288,330,335,summer,5,0.5685809652010599,chunk5_summer,-0.02029037289321438,0.23859592961768317
eta_lat_m66p662788_lon_m23p010422.npy,-66.662788,-23.010422,15,20,summer,5,0.7539102633794149,chunk5_summer,-0.02029037289321438,0.23859592961768317
eta_lat_m73p720367_lon_m47p316681.npy,-73.720367,-47.316681,355,360,summer,5,1.3662538925806682,chunk5_summer,-0.02029037289321438,0.23859592961768317
eta_lat_m44p523903_lon_p108p989594.npy,-44.523903,108.989594,395,400,summer,5,0.2418915629386901,chunk5_summer,-0.02029037289321438,0.23859592961768317
eta_lat_m71p296463_lon_m35p025223.npy,-71.296463,-35.025223,45,50,summer,5,1.449170192082723,chunk5_summer,-0.02029037289321438,0.23859592961768317
eta_lat_m58p574665_lon_m71p010414.npy,-58.574665,-71.010414,25,30,summer,5,0.3342015544573466,chunk5_summer,-0.02029037289321438,0.23859592961768317
eta_lat_m64p202515_lon_m119p010414.npy,-64.202515,-119.010414,375,380,summer,5,0.31446639696757,chunk5_summer,-0.02029037289321438,0.23859592961768317
eta_lat_m55p400803_lon_p18p989578.npy,-55.400803,18.989578,390,395,summer,5,0.3549688061078389,chunk5_summer,-0.02029037289321438,0.23859592961768317
eta_lat_m68p928383_lon_m11p010422.npy,-68.928383,-11.010422,40,45,summer,5,0.4362110793590545,chunk5_summer,-0.02029037289321438,0.23859592961768317
eta_lat_m64p202515_lon_m173p010422.npy,-64.202515,-173.010422,400,405,summer,5,0.2976841231187184,chunk5_summer,-0.02029037289321438,0.23859592961768317
eta_lat_m61p508057_lon_p42p989578.npy,-61.508057,42.989578,415,420,summer,5,0.2827413181463877,chunk5_summer,-0.02029037289321438,0.23859592961768317
eta_lat_m73p621971_lon_m53p396431.npy,-73.621971,-53.396431,15,20,summer,5,1.3783313035964966,chunk5_summer,-0.02029037289321438,0.23859592961768317
eta_lat_m55p389462_lon_p6p989578.npy,-55.389462,6.989578,35,40,summer,5,0.2562715212504069,chunk5_summer,-0.02029037289321438,0.23859592961768317
eta_lat_m68p928383_lon_m155p010422.npy,-68.928383,-155.010422,25,30,summer,5,0.2438408633073171,chunk5_summer,-0.02029037289321438,0.23859592961768317
eta_lat_m68p928383_lon_m119p010414.npy,-68.928383,-119.010414,35,40,summer,5,0.7336065371831259,chunk5_summer,-0.02029037289321438,0.23859592961768317
eta_lat_m66p662788_lon_m35p010422.npy,-66.662788,-35.010422,410,415,summer,5,0.6623125871022543,chunk5_summer,-0.02029037289321438,0.23859592961768317
eta_lat_m68p928383_lon_m107p010414.npy,-68.928383,-107.010414,410,415,summer,5,0.2825317084789276,chunk5_summer,-0.02029037289321438,0.23859592961768317
eta_lat_m55p400803_lon_m53p010422.npy,-55.400803,-53.010422,340,345,summer,5,0.2448283731937408,chunk5_summer,-0.02029037289321438,0.23859592961768317
eta_lat_m66p662788_lon_m161p010422.npy,-66.662788,-161.010422,30,35,summer,5,0.7464313507080078,chunk5_summer,-0.02029037289321438,0.23859592961768317
eta_lat_m66p662788_lon_m41p010422.npy,-66.662788,-41.010422,25,30,summer,5,1.0424913167953491,chunk5_summer,-0.02029037289321438,0.23859592961768317
eta_lat_m58p574665_lon_m5p010422.npy,-58.574665,-5.010422,415,420,summer,5,0.7805575529734293,chunk5_summer,-0.02029037289321438,0.23859592961768317
eta_lat_m68p928383_lon_m131p010422.npy,-68.928383,-131.010422,355,360,summer,5,0.7008475065231323,chunk5_summer,-0.02029037289321438,0.23859592961768317
eta_lat_m71p317345_lon_m23p007370.npy,-71.317345,-23.00737,345,350,summer,5,0.7937937577565511,chunk5_summer,-0.02029037289321438,0.23859592961768317
eta_lat_m55p400803_lon_p12p989578.npy,-55.400803,12.989578,370,375,summer,5,0.2561648488044739,chunk5_summer,-0.02029037289321438,0.23859592961768317
eta_lat_m61p508057_lon_p84p989594.npy,-61.508057,84.989594,375,380,summer,5,0.723320464293162,chunk5_summer,-0.02029037289321438,0.23859592961768317
eta_lat_m76p178772_lon_m41p740692.npy,-76.178772,-41.740692,375,380,summer,5,0.4894005556901296,chunk5_summer,-0.02029037289321438,0.23859592961768317
eta_lat_m71p260567_lon_p175p038208.npy,-71.260567,175.038208,340,345,summer,5,0.4818296233812968,chunk5_summer,-0.02029037289321438,0.23859592961768317
eta_lat_m72p979408_lon_m148p561707.npy,-72.979408,-148.561707,405,410,summer,5,1.0823125839233398,chunk5_summer,-0.02029037289321438,0.23859592961768317
eta_lat_m68p928383_lon_m149p010422.npy,-68.928383,-149.010422,360,365,summer,5,0.6993537346522013,chunk5_summer,-0.02029037289321438,0.23859592961768317
eta_lat_m68p928383_lon_m41p010422.npy,-68.928383,-41.010422,340,345,summer,5,0.539043148358663,chunk5_summer,-0.02029037289321438,0.23859592961768317
eta_lat_m61p508057_lon_p6p989578.npy,-61.508057,6.989578,10,15,summer,5,0.3669809103012085,chunk5_summer,-0.02029037289321438,0.23859592961768317
eta_lat_m64p202515_lon_p120p989594.npy,-64.202515,120.989594,365,370,summer,5,0.2880464146534602,chunk5_summer,-0.02029037289321438,0.23859592961768317
eta_lat_p65p913406_lon_m30p464722.npy,65.913406,-30.464722,415,420,summer,5,0.2600409785906474,chunk5_summer,-0.02029037289321438,0.23859592961768317
eta_lat_m64p202515_lon_m173p010422.npy,-64.202515,-173.010422,355,360,summer,5,0.2580841283003489,chunk5_summer,-0.02029037289321438,0.23859592961768317
eta_lat_m64p202515_lon_p144p989563.npy,-64.202515,144.989563,385,390,summer,5,1.021936297416687,chunk5_summer,-0.02029037289321438,0.23859592961768317
eta_lat_m71p250717_lon_m47p040466.npy,-71.250717,-47.040466,335,340,summer,5,0.2728774845600128,chunk5_summer,-0.02029037289321438,0.23859592961768317
eta_lat_m64p202515_lon_p66p989594.npy,-64.202515,66.989594,45,50,summer,5,1.966192960739136,chunk5_summer,-0.02029037289321438,0.23859592961768317
eta_lat_m73p291496_lon_m160p547073.npy,-73.291496,-160.547073,390,395,summer,5,1.1619633038838704,chunk5_summer,-0.02029037289321438,0.23859592961768317
eta_lat_m64p202515_lon_m137p010422.npy,-64.202515,-137.010422,395,400,summer,5,0.8173792958259583,chunk5_summer,-0.02029037289321438,0.23859592961768317
eta_lat_m66p662788_lon_m5p010422.npy,-66.662788,-5.010422,395,400,summer,5,2.6778465112050376,chunk5_summer,-0.02029037289321438,0.23859592961768317
eta_lat_m64p202515_lon_m77p010414.npy,-64.202515,-77.010414,5,10,summer,5,0.3461516300837199,chunk5_summer,-0.02029037289321438,0.23859592961768317
eta_lat_m70p857033_lon_m130p966385.npy,-70.857033,-130.966385,375,380,summer,5,0.5353240768114725,chunk5_summer,-0.02029037289321438,0.23859592961768317
eta_lat_m64p202515_lon_p66p989594.npy,-64.202515,66.989594,5,10,summer,5,0.7219955126444498,chunk5_summer,-0.02029037289321438,0.23859592961768317
eta_lat_m64p202515_lon_m155p010422.npy,-64.202515,-155.010422,20,25,summer,5,0.2672434051831563,chunk5_summer,-0.02029037289321438,0.23859592961768317
eta_lat_m66p662788_lon_p6p989578.npy,-66.662788,6.989578,415,420,summer,5,0.3684583256642024,chunk5_summer,-0.02029037289321438,0.23859592961768317
eta_lat_m64p202515_lon_p162p989563.npy,-64.202515,162.989563,400,405,summer,5,0.7131295204162598,chunk5_summer,-0.02029037289321438,0.23859592961768317
eta_lat_m61p508057_lon_p18p989578.npy,-61.508057,18.989578,365,370,summer,5,0.3332507610321045,chunk5_summer,-0.02029037289321438,0.23859592961768317
eta_lat_m52p006847_lon_p156p989563.npy,-52.006847,156.989563,380,385,summer,5,0.3571059902509053,chunk5_summer,-0.02029037289321438,0.23859592961768317
eta_lat_m61p508057_lon_p96p989594.npy,-61.508057,96.989594,385,390,summer,5,0.5523425936698914,chunk5_summer,-0.02029037289321438,0.23859592961768317
eta_lat_m68p928383_lon_m47p010422.npy,-68.928383,-47.010422,370,375,summer,5,0.7973240613937378,chunk5_summer,-0.02029037289321438,0.23859592961768317
eta_lat_m58p574665_lon_m11p010422.npy,-58.574665,-11.010422,340,345,summer,5,0.8083526293436686,chunk5_summer,-0.02029037289321438,0.23859592961768317
eta_lat_m68p928383_lon_m41p010422.npy,-68.928383,-41.010422,335,340,summer,5,0.3307098150253296,chunk5_summer,-0.02029037289321438,0.23859592961768317
eta_lat_m73p291496_lon_m160p547073.npy,-73.291496,-160.547073,375,380,summer,5,0.9783769448598226,chunk5_summer,-0.02029037289321438,0.23859592961768317
eta_lat_p36p058659_lon_p150p989563.npy,36.058659,150.989563,350,355,summer,5,0.2880086004734039,chunk5_summer,-0.02029037289321438,0.23859592961768317
eta_lat_m71p110893_lon_m160p945129.npy,-71.110893,-160.945129,370,375,summer,5,0.8685433467229208,chunk5_summer,-0.02029037289321438,0.23859592961768317
eta_lat_m68p928383_lon_m95p010414.npy,-68.928383,-95.010414,335,340,summer,5,0.8002814253171285,chunk5_summer,-0.02029037289321438,0.23859592961768317
eta_lat_m73p796959_lon_m41p244324.npy,-73.796959,-41.244324,365,370,summer,5,0.4047122399012248,chunk5_summer,-0.02029037289321438,0.23859592961768317
eta_lat_m64p202515_lon_m143p010422.npy,-64.202515,-143.010422,365,370,summer,5,1.0322505235671997,chunk5_summer,-0.02029037289321438,0.23859592961768317
eta_lat_m68p928383_lon_m47p010422.npy,-68.928383,-47.010422,40,45,summer,5,0.2601883560419082,chunk5_summer,-0.02029037289321438,0.23859592961768317
eta_lat_m61p508057_lon_p96p989594.npy,-61.508057,96.989594,30,35,summer,5,0.451543241739273,chunk5_summer,-0.02029037289321438,0.23859592961768317
eta_lat_m61p508057_lon_p6p989578.npy,-61.508057,6.989578,15,20,summer,5,0.333451231320699,chunk5_summer,-0.02029037289321438,0.23859592961768317
eta_lat_m55p389462_lon_p162p989563.npy,-55.389462,162.989563,5,10,summer,5,0.2656240463256836,chunk5_summer,-0.02029037289321438,0.23859592961768317
eta_lat_m58p574665_lon_p0p989578.npy,-58.574665,0.989578,330,335,summer,5,0.3687532146771748,chunk5_summer,-0.02029037289321438,0.23859592961768317
eta_lat_m61p508057_lon_p66p989594.npy,-61.508057,66.989594,40,45,summer,5,0.6284649769465128,chunk5_summer,-0.02029037289321438,0.23859592961768317
eta_lat_m55p400803_lon_m53p010422.npy,-55.400803,-53.010422,370,375,summer,5,0.2498467663923899,chunk5_summer,-0.02029037289321438,0.23859592961768317
eta_lat_m55p389462_lon_p12p989578.npy,-55.389462,12.989578,405,410,summer,5,0.5464726487795512,chunk5_summer,-0.02029037289321438,0.23859592961768317
eta_lat_m66p662788_lon_m11p010422.npy,-66.662788,-11.010422,325,330,summer,5,0.6212486426035563,chunk5_summer,-0.02029037289321438,0.23859592961768317
eta_lat_m64p202515_lon_p36p989578.npy,-64.202515,36.989578,410,415,summer,5,0.3429332276185353,chunk5_summer,-0.02029037289321438,0.23859592961768317
eta_lat_m68p928383_lon_p174p989563.npy,-68.928383,174.989563,390,395,summer,5,0.2658099979162216,chunk5_summer,-0.02029037289321438,0.23859592961768317
eta_lat_m61p508057_lon_m35p010422.npy,-61.508057,-35.010422,365,370,summer,5,1.4734952847162883,chunk5_summer,-0.02029037289321438,0.23859592961768317
eta_lat_m70p821320_lon_m118p983330.npy,-70.82132,-118.98333,325,330,summer,5,0.8822078108787537,chunk5_summer,-0.02029037289321438,0.23859592961768317
eta_lat_m64p202515_lon_p54p989578.npy,-64.202515,54.989578,30,35,summer,5,0.3921692272027333,chunk5_summer,-0.02029037289321438,0.23859592961768317
eta_lat_m64p202515_lon_p174p989563.npy,-64.202515,174.989563,370,375,summer,5,0.2817049324512481,chunk5_summer,-0.02029037289321438,0.23859592961768317
eta_lat_m64p202515_lon_p36p989578.npy,-64.202515,36.989578,345,350,summer,5,0.246268610159556,chunk5_summer,-0.02029037289321438,0.23859592961768317
eta_lat_m73p118896_lon_m154p539932.npy,-73.118896,-154.539932,410,415,summer,5,0.9112485647201538,chunk5_summer,-0.02029037289321438,0.23859592961768317
eta_lat_m61p508057_lon_p102p989594.npy,-61.508057,102.989594,375,380,summer,5,0.4434849421183268,chunk5_summer,-0.02029037289321438,0.23859592961768317
eta_lat_m64p202515_lon_p36p989578.npy,-64.202515,36.989578,370,375,summer,5,0.2778171002864837,chunk5_summer,-0.02029037289321438,0.23859592961768317
eta_lat_m61p508057_lon_p96p989594.npy,-61.508057,96.989594,340,345,summer,5,0.3567009965578715,chunk5_summer,-0.02029037289321438,0.23859592961768317
eta_lat_m64p202515_lon_m41p010422.npy,-64.202515,-41.010422,390,395,summer,5,0.8525521159172058,chunk5_summer,-0.02029037289321438,0.23859592961768317
eta_lat_m64p202515_lon_p18p989578.npy,-64.202515,18.989578,40,45,summer,5,0.3238009909788767,chunk5_summer,-0.02029037289321438,0.23859592961768317
eta_lat_m64p202515_lon_p42p989578.npy,-64.202515,42.989578,30,35,summer,5,0.4014802873134613,chunk5_summer,-0.02029037289321438,0.23859592961768317
eta_lat_m73p888268_lon_m29p051193.npy,-73.888268,-29.051193,405,410,summer,5,2.0090229908625283,chunk5_summer,-0.02029037289321438,0.23859592961768317
eta_lat_m55p389462_lon_m5p010422.npy,-55.389462,-5.010422,390,395,summer,5,0.4093538920084635,chunk5_summer,-0.02029037289321438,0.23859592961768317
eta_lat_m61p508057_lon_p12p989578.npy,-61.508057,12.989578,385,390,summer,5,0.3198350667953491,chunk5_summer,-0.02029037289321438,0.23859592961768317
eta_lat_m68p928383_lon_m101p010414.npy,-68.928383,-101.010414,30,35,summer,5,0.3539253771305084,chunk5_summer,-0.02029037289321438,0.23859592961768317
eta_lat_m72p979408_lon_m148p561707.npy,-72.979408,-148.561707,360,365,summer,5,1.1107242504755657,chunk5_summer,-0.02029037289321438,0.23859592961768317
eta_lat_m72p830154_lon_m142p626068.npy,-72.830154,-142.626068,345,350,summer,5,1.5803132851918538,chunk5_summer,-0.02029037289321438,0.23859592961768317
eta_lat_m58p574665_lon_p72p989594.npy,-58.574665,72.989594,375,380,summer,5,0.2530891199906667,chunk5_summer,-0.02029037289321438,0.23859592961768317
eta_lat_m70p831284_lon_m107p022827.npy,-70.831284,-107.022827,355,360,summer,5,0.6713036100069681,chunk5_summer,-0.02029037289321438,0.23859592961768317
eta_lat_m68p928383_lon_m35p010422.npy,-68.928383,-35.010422,415,420,summer,5,1.174271543820699,chunk5_summer,-0.02029037289321438,0.23859592961768317
eta_lat_m55p400803_lon_p168p989563.npy,-55.400803,168.989563,390,395,summer,5,0.3143614927927653,chunk5_summer,-0.02029037289321438,0.23859592961768317
eta_lat_m73p859009_lon_m35p162323.npy,-73.859009,-35.162323,30,35,summer,5,0.726771612962087,chunk5_summer,-0.02029037289321438,0.23859592961768317
eta_lat_m64p202515_lon_m17p010422.npy,-64.202515,-17.010422,405,410,summer,5,0.6236804922421774,chunk5_summer,-0.02029037289321438,0.23859592961768317
eta_lat_m66p662788_lon_m29p010422.npy,-66.662788,-29.010422,405,410,summer,5,0.8068327903747559,chunk5_summer,-0.02029037289321438,0.23859592961768317
eta_lat_m44p523903_lon_p60p989578.npy,-44.523903,60.989578,25,30,summer,5,0.259604478875796,chunk5_summer,-0.02029037289321438,0.23859592961768317
eta_lat_m66p662788_lon_m143p010422.npy,-66.662788,-143.010422,390,395,summer,5,0.5899263421694437,chunk5_summer,-0.02029037289321438,0.23859592961768317
eta_lat_m64p202515_lon_m155p010422.npy,-64.202515,-155.010422,35,40,summer,5,0.3676405151685079,chunk5_summer,-0.02029037289321438,0.23859592961768317
eta_lat_m68p928383_lon_m29p010422.npy,-68.928383,-29.010422,400,405,summer,5,1.3106202284495037,chunk5_summer,-0.02029037289321438,0.23859592961768317
eta_lat_m58p574665_lon_m11p010422.npy,-58.574665,-11.010422,395,400,summer,5,1.2950970729192095,chunk5_summer,-0.02029037289321438,0.23859592961768317
eta_lat_m66p662788_lon_m137p010422.npy,-66.662788,-137.010422,345,350,summer,5,0.6683009465535482,chunk5_summer,-0.02029037289321438,0.23859592961768317
eta_lat_m64p202515_lon_m5p010422.npy,-64.202515,-5.010422,330,335,summer,5,0.4726140598456065,chunk5_summer,-0.02029037289321438,0.23859592961768317
eta_lat_m66p662788_lon_p30p989578.npy,-66.662788,30.989578,345,350,summer,5,0.4725647568702698,chunk5_summer,-0.02029037289321438,0.23859592961768317
eta_lat_m64p202515_lon_p156p989563.npy,-64.202515,156.989563,25,30,summer,5,0.2870848576227824,chunk5_summer,-0.02029037289321438,0.23859592961768317
eta_lat_m66p662788_lon_m29p010422.npy,-66.662788,-29.010422,15,20,summer,5,0.6698312163352966,chunk5_summer,-0.02029037289321438,0.23859592961768317
eta_lat_m70p897415_lon_m136p959152.npy,-70.897415,-136.959152,415,420,summer,5,0.5082257886727651,chunk5_summer,-0.02029037289321438,0.23859592961768317
eta_lat_m58p574665_lon_p84p989594.npy,-58.574665,84.989594,25,30,summer,5,0.3701127370198567,chunk5_summer,-0.02029037289321438,0.23859592961768317
eta_lat_m61p508057_lon_p102p989594.npy,-61.508057,102.989594,335,340,summer,5,0.3489901125431061,chunk5_summer,-0.02029037289321438,0.23859592961768317
eta_lat_m70p831284_lon_m107p022827.npy,-70.831284,-107.022827,370,375,summer,5,0.6412863731384277,chunk5_summer,-0.02029037289321438,0.23859592961768317
eta_lat_m72p830154_lon_m142p626068.npy,-72.830154,-142.626068,25,30,summer,5,1.0078861117362976,chunk5_summer,-0.02029037289321438,0.23859592961768317
eta_lat_m51p994694_lon_p84p989594.npy,-51.994694,84.989594,5,10,summer,5,0.248622253537178,chunk5_summer,-0.02029037289321438,0.23859592961768317
eta_lat_m71p197975_lon_m172p950165.npy,-71.197975,-172.950165,45,50,summer,5,2.3593339125315347,chunk5_summer,-0.02029037289321438,0.23859592961768317
eta_lat_m71p296463_lon_m35p025223.npy,-71.296463,-35.025223,390,395,summer,5,0.8706884781519572,chunk5_summer,-0.02029037289321438,0.23859592961768317
eta_lat_m76p178772_lon_m41p740692.npy,-76.178772,-41.740692,335,340,summer,5,1.0196996132532756,chunk5_summer,-0.02029037289321438,0.23859592961768317
eta_lat_m61p508057_lon_m71p010414.npy,-61.508057,-71.010414,0,5,summer,5,0.267699400583903,chunk5_summer,-0.02029037289321438,0.23859592961768317
eta_lat_m64p202515_lon_p60p989578.npy,-64.202515,60.989578,405,410,summer,5,1.030260403951009,chunk5_summer,-0.02029037289321438,0.23859592961768317
eta_lat_m71p110893_lon_m160p945129.npy,-71.110893,-160.945129,395,400,summer,5,1.16558305422465,chunk5_summer,-0.02029037289321438,0.23859592961768317
eta_lat_m64p202515_lon_p84p989594.npy,-64.202515,84.989594,340,345,summer,5,0.8801465431849161,chunk5_summer,-0.02029037289321438,0.23859592961768317
eta_lat_m72p979408_lon_m148p561707.npy,-72.979408,-148.561707,370,375,summer,5,0.7602813243865967,chunk5_summer,-0.02029037289321438,0.23859592961768317
eta_lat_m40p414062_lon_p18p989578.npy,-40.414062,18.989578,390,395,summer,5,0.3820086717605591,chunk5_summer,-0.02029037289321438,0.23859592961768317
eta_lat_m64p202515_lon_p168p989563.npy,-64.202515,168.989563,390,395,summer,5,0.5756257573763529,chunk5_summer,-0.02029037289321438,0.23859592961768317
eta_lat_m64p202515_lon_p0p989578.npy,-64.202515,0.989578,385,390,summer,5,0.7407029271125793,chunk5_summer,-0.02029037289321438,0.23859592961768317
eta_lat_m68p928383_lon_m149p010422.npy,-68.928383,-149.010422,370,375,summer,5,0.7316678166389465,chunk5_summer,-0.02029037289321438,0.23859592961768317
eta_lat_m71p011032_lon_m148p947784.npy,-71.011032,-148.947784,375,380,summer,5,0.7984372973442078,chunk5_summer,-0.02029037289321438,0.23859592961768317
eta_lat_m68p928383_lon_m113p010414.npy,-68.928383,-113.010414,10,15,summer,5,0.5924833416938782,chunk5_summer,-0.02029037289321438,0.23859592961768317
eta_lat_m66p662788_lon_m35p010422.npy,-66.662788,-35.010422,360,365,summer,5,0.7586420575777689,chunk5_summer,-0.02029037289321438,0.23859592961768317
eta_lat_m64p202515_lon_p126p989594.npy,-64.202515,126.989594,365,370,summer,5,0.4879950781663258,chunk5_summer,-0.02029037289321438,0.23859592961768317
eta_lat_m66p662788_lon_p18p989578.npy,-66.662788,18.989578,35,40,summer,5,0.701501746972402,chunk5_summer,-0.02029037289321438,0.23859592961768317
eta_lat_m64p202515_lon_m155p010422.npy,-64.202515,-155.010422,40,45,summer,5,0.5298591057459513,chunk5_summer,-0.02029037289321438,0.23859592961768317
eta_lat_m64p202515_lon_m17p010422.npy,-64.202515,-17.010422,40,45,summer,5,1.5214036305745442,chunk5_summer,-0.02029037289321438,0.23859592961768317
eta_lat_m64p202515_lon_p84p989594.npy,-64.202515,84.989594,330,335,summer,5,0.796048661073049,chunk5_summer,-0.02029037289321438,0.23859592961768317
eta_lat_m71p277649_lon_m41p033340.npy,-71.277649,-41.03334,30,35,summer,5,1.8796845277150471,chunk5_summer,-0.02029037289321438,0.23859592961768317
eta_lat_m40p414062_lon_p18p989578.npy,-40.414062,18.989578,395,400,summer,5,0.4219305515289306,chunk5_summer,-0.02029037289321438,0.23859592961768317
eta_lat_m71p250717_lon_m47p040466.npy,-71.250717,-47.040466,20,25,summer,5,2.162903904914856,chunk5_summer,-0.02029037289321438,0.23859592961768317
eta_lat_m61p508057_lon_p60p989578.npy,-61.508057,60.989578,5,10,summer,5,0.3118469715118408,chunk5_summer,-0.02029037289321438,0.23859592961768317
eta_lat_m70p857033_lon_m130p966385.npy,-70.857033,-130.966385,355,360,summer,5,1.2004565000534058,chunk5_summer,-0.02029037289321438,0.23859592961768317
eta_lat_m61p508057_lon_p30p989578.npy,-61.508057,30.989578,330,335,summer,5,0.2785444657007853,chunk5_summer,-0.02029037289321438,0.23859592961768317
eta_lat_m68p928383_lon_m5p010422.npy,-68.928383,-5.010422,0,5,summer,5,1.437333385149638,chunk5_summer,-0.02029037289321438,0.23859592961768317
eta_lat_m64p202515_lon_p6p989578.npy,-64.202515,6.989578,15,20,summer,5,0.7764021754264832,chunk5_summer,-0.02029037289321438,0.23859592961768317
eta_lat_m66p662788_lon_m53p010422.npy,-66.662788,-53.010422,5,10,summer,5,2.253095547358195,chunk5_summer,-0.02029037289321438,0.23859592961768317
eta_lat_m66p662788_lon_p174p989563.npy,-66.662788,174.989563,40,45,summer,5,1.0209218462308247,chunk5_summer,-0.02029037289321438,0.23859592961768317
eta_lat_m70p818817_lon_m112p992744.npy,-70.818817,-112.992744,330,335,summer,5,0.302100936571757,chunk5_summer,-0.02029037289321438,0.23859592961768317
eta_lat_m68p928383_lon_m35p010422.npy,-68.928383,-35.010422,0,5,summer,5,0.2767269015312195,chunk5_summer,-0.02029037289321438,0.23859592961768317
eta_lat_m61p508057_lon_m131p010422.npy,-61.508057,-131.010422,355,360,summer,5,0.5783833861351013,chunk5_summer,-0.02029037289321438,0.23859592961768317
eta_lat_m64p202515_lon_p60p989578.npy,-64.202515,60.989578,395,400,summer,5,0.7956588466962179,chunk5_summer,-0.02029037289321438,0.23859592961768317
eta_lat_m64p202515_lon_m131p010422.npy,-64.202515,-131.010422,345,350,summer,5,1.0069090723991394,chunk5_summer,-0.02029037289321438,0.23859592961768317
eta_lat_m66p662788_lon_m161p010422.npy,-66.662788,-161.010422,325,330,summer,5,1.2369943062464397,chunk5_summer,-0.02029037289321438,0.23859592961768317
eta_lat_m61p508057_lon_p30p989578.npy,-61.508057,30.989578,385,390,summer,5,0.3025510410467784,chunk5_summer,-0.02029037289321438,0.23859592961768317
eta_lat_m66p662788_lon_p6p989578.npy,-66.662788,6.989578,15,20,summer,5,0.372525691986084,chunk5_summer,-0.02029037289321438,0.23859592961768317
eta_lat_m64p202515_lon_m131p010422.npy,-64.202515,-131.010422,335,340,summer,5,0.8182957569758097,chunk5_summer,-0.02029037289321438,0.23859592961768317
eta_lat_m55p389462_lon_p78p989594.npy,-55.389462,78.989594,35,40,summer,5,0.2701452573140462,chunk5_summer,-0.02029037289321438,0.23859592961768317
eta_lat_m64p202515_lon_p66p989594.npy,-64.202515,66.989594,365,370,summer,5,1.1285067001978557,chunk5_summer,-0.02029037289321438,0.23859592961768317
eta_lat_m64p202515_lon_m161p010422.npy,-64.202515,-161.010422,340,345,summer,5,0.4916842579841614,chunk5_summer,-0.02029037289321438,0.23859592961768317
eta_lat_m58p574665_lon_m17p010422.npy,-58.574665,-17.010422,340,345,summer,5,0.3730604251225789,chunk5_summer,-0.02029037289321438,0.23859592961768317
eta_lat_m64p202515_lon_p162p989563.npy,-64.202515,162.989563,20,25,summer,5,0.3574428955713908,chunk5_summer,-0.02029037289321438,0.23859592961768317
eta_lat_m61p508057_lon_p12p989578.npy,-61.508057,12.989578,345,350,summer,5,0.3971102337042491,chunk5_summer,-0.02029037289321438,0.23859592961768317
eta_lat_m64p202515_lon_p54p989578.npy,-64.202515,54.989578,355,360,summer,5,0.5154309173425039,chunk5_summer,-0.02029037289321438,0.23859592961768317
eta_lat_m68p928383_lon_m143p010422.npy,-68.928383,-143.010422,385,390,summer,5,0.6519683798154196,chunk5_summer,-0.02029037289321438,0.23859592961768317
eta_lat_m70p818817_lon_m112p992744.npy,-70.818817,-112.992744,410,415,summer,5,0.3871580759684245,chunk5_summer,-0.02029037289321438,0.23859592961768317
eta_lat_m61p508057_lon_m17p010422.npy,-61.508057,-17.010422,35,40,summer,5,1.3736265897750854,chunk5_summer,-0.02029037289321438,0.23859592961768317
eta_lat_m66p662788_lon_m149p010422.npy,-66.662788,-149.010422,405,410,summer,5,0.592569371064504,chunk5_summer,-0.02029037289321438,0.23859592961768317
eta_lat_m66p662788_lon_m83p010414.npy,-66.662788,-83.010414,5,10,summer,5,0.2572007924318313,chunk5_summer,-0.02029037289321438,0.23859592961768317
eta_lat_m68p928383_lon_m113p010414.npy,-68.928383,-113.010414,345,350,summer,5,0.2768482367197672,chunk5_summer,-0.02029037289321438,0.23859592961768317
eta_lat_m61p508057_lon_p78p989594.npy,-61.508057,78.989594,380,385,summer,5,0.4948483010133107,chunk5_summer,-0.02029037289321438,0.23859592961768317
eta_lat_m72p830154_lon_m142p626068.npy,-72.830154,-142.626068,405,410,summer,5,0.4671906034151713,chunk5_summer,-0.02029037289321438,0.23859592961768317
eta_lat_m64p202515_lon_m17p010422.npy,-64.202515,-17.010422,350,355,summer,5,0.7365968426068624,chunk5_summer,-0.02029037289321438,0.23859592961768317
eta_lat_m68p928383_lon_m47p010422.npy,-68.928383,-47.010422,325,330,summer,5,0.5477570593357086,chunk5_summer,-0.02029037289321438,0.23859592961768317
eta_lat_m61p508057_lon_p18p989578.npy,-61.508057,18.989578,350,355,summer,5,0.2762135962645213,chunk5_summer,-0.02029037289321438,0.23859592961768317
eta_lat_m61p508057_lon_p66p989594.npy,-61.508057,66.989594,370,375,summer,5,0.3193860948085785,chunk5_summer,-0.02029037289321438,0.23859592961768317
eta_lat_m70p857033_lon_m130p966385.npy,-70.857033,-130.966385,40,45,summer,5,0.5313725968201956,chunk5_summer,-0.02029037289321438,0.23859592961768317
eta_lat_m61p508057_lon_p18p989578.npy,-61.508057,18.989578,340,345,summer,5,0.3061295251051585,chunk5_summer,-0.02029037289321438,0.23859592961768317
eta_lat_m64p202515_lon_p120p989594.npy,-64.202515,120.989594,400,405,summer,5,0.2584525297085444,chunk5_summer,-0.02029037289321438,0.23859592961768317
eta_lat_m58p574665_lon_m23p010422.npy,-58.574665,-23.010422,330,335,summer,5,0.3045442700386047,chunk5_summer,-0.02029037289321438,0.23859592961768317
eta_lat_m61p508057_lon_m35p010422.npy,-61.508057,-35.010422,370,375,summer,5,1.3234979112943013,chunk5_summer,-0.02029037289321438,0.23859592961768317
eta_lat_m66p662788_lon_m29p010422.npy,-66.662788,-29.010422,345,350,summer,5,0.7193358540534973,chunk5_summer,-0.02029037289321438,0.23859592961768317
eta_lat_m68p928383_lon_m83p010414.npy,-68.928383,-83.010414,395,400,summer,5,0.7020225127538046,chunk5_summer,-0.02029037289321438,0.23859592961768317
eta_lat_m61p508057_lon_m23p010422.npy,-61.508057,-23.010422,25,30,summer,5,1.6218621333440144,chunk5_summer,-0.02029037289321438,0.23859592961768317
eta_lat_m66p662788_lon_m83p010414.npy,-66.662788,-83.010414,15,20,summer,5,0.5038891534010569,chunk5_summer,-0.02029037289321438,0.23859592961768317
eta_lat_m64p202515_lon_m35p010422.npy,-64.202515,-35.010422,35,40,summer,5,1.0416773160298665,chunk5_summer,-0.02029037289321438,0.23859592961768317
eta_lat_m40p414062_lon_p18p989578.npy,-40.414062,18.989578,400,405,summer,5,0.5799205899238586,chunk5_summer,-0.02029037289321438,0.23859592961768317
eta_lat_p36p058659_lon_m65p010414.npy,36.058659,-65.010414,400,405,summer,5,0.256038228670756,chunk5_summer,-0.02029037289321438,0.23859592961768317
eta_lat_m55p389462_lon_p162p989563.npy,-55.389462,162.989563,15,20,summer,5,0.3030189176400502,chunk5_summer,-0.02029037289321438,0.23859592961768317
eta_lat_m66p662788_lon_m35p010422.npy,-66.662788,-35.010422,30,35,summer,5,1.1604342460632324,chunk5_summer,-0.02029037289321438,0.23859592961768317
eta_lat_m58p574665_lon_m11p010422.npy,-58.574665,-11.010422,370,375,summer,5,1.0517347653706868,chunk5_summer,-0.02029037289321438,0.23859592961768317
eta_lat_m64p202515_lon_p48p989578.npy,-64.202515,48.989578,365,370,summer,5,0.5134079655011495,chunk5_summer,-0.02029037289321438,0.23859592961768317
eta_lat_m61p508057_lon_m23p010422.npy,-61.508057,-23.010422,30,35,summer,5,1.7195271650950117,chunk5_summer,-0.02029037289321438,0.23859592961768317
eta_lat_m61p508057_lon_p6p989578.npy,-61.508057,6.989578,360,365,summer,5,0.3003826737403869,chunk5_summer,-0.02029037289321438,0.23859592961768317
eta_lat_m68p928383_lon_m143p010422.npy,-68.928383,-143.010422,345,350,summer,5,0.977555533250173,chunk5_summer,-0.02029037289321438,0.23859592961768317
eta_lat_m66p662788_lon_m119p010414.npy,-66.662788,-119.010414,350,355,summer,5,0.4272175828615824,chunk5_summer,-0.02029037289321438,0.23859592961768317
eta_lat_m66p662788_lon_m53p010422.npy,-66.662788,-53.010422,45,50,summer,5,1.1683629353841145,chunk5_summer,-0.02029037289321438,0.23859592961768317
eta_lat_m68p928383_lon_m47p010422.npy,-68.928383,-47.010422,345,350,summer,5,0.9699607888857524,chunk5_summer,-0.02029037289321438,0.23859592961768317
eta_lat_m64p202515_lon_m131p010422.npy,-64.202515,-131.010422,410,415,summer,5,0.8893774350484213,chunk5_summer,-0.02029037289321438,0.23859592961768317
eta_lat_m73p545830_lon_m172p573288.npy,-73.54583,-172.573288,410,415,summer,5,1.245358904202779,chunk5_summer,-0.02029037289321438,0.23859592961768317
eta_lat_m55p400803_lon_p168p989563.npy,-55.400803,168.989563,345,350,summer,5,0.540856788555781,chunk5_summer,-0.02029037289321438,0.23859592961768317
eta_lat_m64p202515_lon_p150p989563.npy,-64.202515,150.989563,0,5,summer,5,0.3889222343762715,chunk5_summer,-0.02029037289321438,0.23859592961768317
eta_lat_m71p216316_lon_m53p046265.npy,-71.216316,-53.046265,345,350,summer,5,1.112016677856445,chunk5_summer,-0.02029037289321438,0.23859592961768317
eta_lat_m64p202515_lon_p30p989578.npy,-64.202515,30.989578,360,365,summer,5,0.3288773993651072,chunk5_summer,-0.02029037289321438,0.23859592961768317
eta_lat_m64p202515_lon_m149p010422.npy,-64.202515,-149.010422,325,330,summer,5,0.3097783029079437,chunk5_summer,-0.02029037289321438,0.23859592961768317
eta_lat_m71p057938_lon_m154p945801.npy,-71.057938,-154.945801,345,350,summer,5,1.67826251188914,chunk5_summer,-0.02029037289321438,0.23859592961768317
eta_lat_m66p662788_lon_m173p010422.npy,-66.662788,-173.010422,375,380,summer,5,0.36414235830307,chunk5_summer,-0.02029037289321438,0.23859592961768317
eta_lat_m70p941582_lon_m89p045937.npy,-70.941582,-89.045937,415,420,summer,5,0.7573960224787394,chunk5_summer,-0.02029037289321438,0.23859592961768317
eta_lat_m64p202515_lon_p150p989563.npy,-64.202515,150.989563,325,330,summer,5,0.5166929960250854,chunk5_summer,-0.02029037289321438,0.23859592961768317
eta_lat_m66p662788_lon_m161p010422.npy,-66.662788,-161.010422,410,415,summer,5,0.5291904409726461,chunk5_summer,-0.02029037289321438,0.23859592961768317
eta_lat_m66p662788_lon_p0p989578.npy,-66.662788,0.989578,30,35,summer,5,0.3482715785503387,chunk5_summer,-0.02029037289321438,0.23859592961768317
eta_lat_m68p928383_lon_m59p010422.npy,-68.928383,-59.010422,40,45,summer,5,0.2390028784672419,chunk5_summer,-0.02029037289321438,0.23859592961768317
eta_lat_m66p662788_lon_p30p989578.npy,-66.662788,30.989578,20,25,summer,5,0.5004696249961853,chunk5_summer,-0.02029037289321438,0.23859592961768317
eta_lat_m64p202515_lon_p54p989578.npy,-64.202515,54.989578,15,20,summer,5,0.4448828299840291,chunk5_summer,-0.02029037289321438,0.23859592961768317
eta_lat_m71p216316_lon_m53p046265.npy,-71.216316,-53.046265,45,50,summer,5,0.3683028022448222,chunk5_summer,-0.02029037289321438,0.23859592961768317
eta_lat_m68p928383_lon_m83p010414.npy,-68.928383,-83.010414,25,30,summer,5,0.7369645635286967,chunk5_summer,-0.02029037289321438,0.23859592961768317
eta_lat_m55p389462_lon_p168p989563.npy,-55.389462,168.989563,390,395,summer,5,0.3053045968214671,chunk5_summer,-0.02029037289321438,0.23859592961768317
eta_lat_m70p951729_lon_m142p952744.npy,-70.951729,-142.952744,330,335,summer,5,1.8911851644515991,chunk5_summer,-0.02029037289321438,0.23859592961768317
eta_lat_m68p928383_lon_m137p010422.npy,-68.928383,-137.010422,340,345,summer,5,1.3404183387756348,chunk5_summer,-0.02029037289321438,0.23859592961768317
eta_lat_m64p202515_lon_p174p989563.npy,-64.202515,174.989563,390,395,summer,5,0.4477730790774027,chunk5_summer,-0.02029037289321438,0.23859592961768317
eta_lat_m66p662788_lon_m35p010422.npy,-66.662788,-35.010422,355,360,summer,5,0.4501415491104126,chunk5_summer,-0.02029037289321438,0.23859592961768317
eta_lat_m71p277649_lon_m41p033340.npy,-71.277649,-41.03334,40,45,summer,5,0.4073630372683207,chunk5_summer,-0.02029037289321438,0.23859592961768317
eta_lat_m66p662788_lon_m11p010422.npy,-66.662788,-11.010422,345,350,summer,5,0.7984986503918966,chunk5_summer,-0.02029037289321438,0.23859592961768317
eta_lat_m75p355705_lon_m159p614578.npy,-75.355705,-159.614578,355,360,summer,5,1.2981229623158772,chunk5_summer,-0.02029037289321438,0.23859592961768317
eta_lat_m64p202515_lon_m167p010422.npy,-64.202515,-167.010422,5,10,summer,5,1.01370366414388,chunk5_summer,-0.02029037289321438,0.23859592961768317
eta_lat_m64p202515_lon_p84p989594.npy,-64.202515,84.989594,345,350,summer,5,0.8119470675786337,chunk5_summer,-0.02029037289321438,0.23859592961768317
eta_lat_m68p928383_lon_m155p010422.npy,-68.928383,-155.010422,400,405,summer,5,0.8401688734690348,chunk5_summer,-0.02029037289321438,0.23859592961768317
eta_lat_m68p928383_lon_m119p010414.npy,-68.928383,-119.010414,360,365,summer,5,0.2413541972637176,chunk5_summer,-0.02029037289321438,0.23859592961768317
eta_lat_m71p216316_lon_m53p046265.npy,-71.216316,-53.046265,375,380,summer,5,1.3505473534266157,chunk5_summer,-0.02029037289321438,0.23859592961768317
eta_lat_m61p508057_lon_p18p989578.npy,-61.508057,18.989578,410,415,summer,5,0.6121224363644918,chunk5_summer,-0.02029037289321438,0.23859592961768317
eta_lat_m58p574665_lon_m11p010422.npy,-58.574665,-11.010422,375,380,summer,5,1.4114251136779783,chunk5_summer,-0.02029037289321438,0.23859592961768317
eta_lat_m61p508057_lon_p60p989578.npy,-61.508057,60.989578,385,390,summer,5,0.501913438240687,chunk5_summer,-0.02029037289321438,0.23859592961768317
eta_lat_m66p662788_lon_m119p010414.npy,-66.662788,-119.010414,365,370,summer,5,0.673296054204305,chunk5_summer,-0.02029037289321438,0.23859592961768317
eta_lat_m75p574257_lon_m165p651382.npy,-75.574257,-165.651382,10,15,summer,5,3.139173587163289,chunk5_summer,-0.02029037289321438,0.23859592961768317
eta_lat_m73p720367_lon_m47p316681.npy,-73.720367,-47.316681,330,335,summer,5,0.2641774217287699,chunk5_summer,-0.02029037289321438,0.23859592961768317
eta_lat_m66p662788_lon_m161p010422.npy,-66.662788,-161.010422,395,400,summer,5,0.4040308495362599,chunk5_summer,-0.02029037289321438,0.23859592961768317
eta_lat_m61p508057_lon_m11p010422.npy,-61.508057,-11.010422,30,35,summer,5,0.5213225881258646,chunk5_summer,-0.02029037289321438,0.23859592961768317
eta_lat_m64p202515_lon_m119p010414.npy,-64.202515,-119.010414,370,375,summer,5,0.3294704059759776,chunk5_summer,-0.02029037289321438,0.23859592961768317
eta_lat_m58p574665_lon_p0p989578.npy,-58.574665,0.989578,350,355,summer,5,0.5889430642127991,chunk5_summer,-0.02029037289321438,0.23859592961768317
eta_lat_m55p400803_lon_p12p989578.npy,-55.400803,12.989578,415,420,summer,5,0.5645285248756409,chunk5_summer,-0.02029037289321438,0.23859592961768317
eta_lat_m73p796959_lon_m41p244324.npy,-73.796959,-41.244324,400,405,summer,5,0.671268622080485,chunk5_summer,-0.02029037289321438,0.23859592961768317
eta_lat_m76p178772_lon_m41p740692.npy,-76.178772,-41.740692,40,45,summer,5,0.3021246045827865,chunk5_summer,-0.02029037289321438,0.23859592961768317
eta_lat_m64p202515_lon_m161p010422.npy,-64.202515,-161.010422,15,20,summer,5,0.5308935344219208,chunk5_summer,-0.02029037289321438,0.23859592961768317
eta_lat_m64p202515_lon_m35p010422.npy,-64.202515,-35.010422,370,375,summer,5,0.7221278746922811,chunk5_summer,-0.02029037289321438,0.23859592961768317
eta_lat_m64p202515_lon_m5p010422.npy,-64.202515,-5.010422,410,415,summer,5,1.2209460337956746,chunk5_summer,-0.02029037289321438,0.23859592961768317
eta_lat_m70p941582_lon_m89p045937.npy,-70.941582,-89.045937,345,350,summer,5,0.3944285313288371,chunk5_summer,-0.02029037289321438,0.23859592961768317
eta_lat_m66p662788_lon_m23p010422.npy,-66.662788,-23.010422,335,340,summer,5,0.7415779034296671,chunk5_summer,-0.02029037289321438,0.23859592961768317
eta_lat_m61p508057_lon_m137p010422.npy,-61.508057,-137.010422,380,385,summer,5,0.6439814368883768,chunk5_summer,-0.02029037289321438,0.23859592961768317
eta_lat_m61p508057_lon_p60p989578.npy,-61.508057,60.989578,30,35,summer,5,0.4354713161786397,chunk5_summer,-0.02029037289321438,0.23859592961768317
eta_lat_m68p928383_lon_m125p010414.npy,-68.928383,-125.010414,350,355,summer,5,0.6411425471305847,chunk5_summer,-0.02029037289321438,0.23859592961768317
eta_lat_m68p928383_lon_m101p010414.npy,-68.928383,-101.010414,375,380,summer,5,0.3853649695714314,chunk5_summer,-0.02029037289321438,0.23859592961768317
eta_lat_m55p389462_lon_p6p989578.npy,-55.389462,6.989578,415,420,summer,5,0.2839926183223724,chunk5_summer,-0.02029037289321438,0.23859592961768317
eta_lat_m64p202515_lon_m149p010422.npy,-64.202515,-149.010422,335,340,summer,5,0.4072576959927876,chunk5_summer,-0.02029037289321438,0.23859592961768317
eta_lat_m61p508057_lon_p108p989594.npy,-61.508057,108.989594,410,415,summer,5,0.4158099194367726,chunk5_summer,-0.02029037289321438,0.23859592961768317
eta_lat_m68p928383_lon_m137p010422.npy,-68.928383,-137.010422,395,400,summer,5,0.7531206011772156,chunk5_summer,-0.02029037289321438,0.23859592961768317
eta_lat_m64p202515_lon_p42p989578.npy,-64.202515,42.989578,20,25,summer,5,0.446509728829066,chunk5_summer,-0.02029037289321438,0.23859592961768317
eta_lat_m58p574665_lon_m23p010422.npy,-58.574665,-23.010422,350,355,summer,5,0.4995573858420054,chunk5_summer,-0.02029037289321438,0.23859592961768317
eta_lat_m64p202515_lon_p84p989594.npy,-64.202515,84.989594,405,410,summer,5,0.6920618414878845,chunk5_summer,-0.02029037289321438,0.23859592961768317
eta_lat_m72p442223_lon_m113p020538.npy,-72.442223,-113.020538,380,385,summer,5,0.3936060170332591,chunk5_summer,-0.02029037289321438,0.23859592961768317
eta_lat_m61p508057_lon_p120p989594.npy,-61.508057,120.989594,25,30,summer,5,0.2921726206938426,chunk5_summer,-0.02029037289321438,0.23859592961768317
eta_lat_m71p197975_lon_m172p950165.npy,-71.197975,-172.950165,5,10,summer,5,0.8760326902071635,chunk5_summer,-0.02029037289321438,0.23859592961768317
eta_lat_m64p202515_lon_p6p989578.npy,-64.202515,6.989578,340,345,summer,5,0.5406134724617004,chunk5_summer,-0.02029037289321438,0.23859592961768317
eta_lat_m66p662788_lon_p18p989578.npy,-66.662788,18.989578,40,45,summer,5,1.0139424006144206,chunk5_summer,-0.02029037289321438,0.23859592961768317
eta_lat_m55p400803_lon_p6p989578.npy,-55.400803,6.989578,395,400,summer,5,0.5264387925465902,chunk5_summer,-0.02029037289321438,0.23859592961768317
eta_lat_m64p202515_lon_p120p989594.npy,-64.202515,120.989594,360,365,summer,5,0.2494303832451502,chunk5_summer,-0.02029037289321438,0.23859592961768317
eta_lat_m61p508057_lon_p66p989594.npy,-61.508057,66.989594,335,340,summer,5,0.4496518770853678,chunk5_summer,-0.02029037289321438,0.23859592961768317
eta_lat_m66p662788_lon_m5p010422.npy,-66.662788,-5.010422,30,35,summer,5,0.6208855509757996,chunk5_summer,-0.02029037289321438,0.23859592961768317
eta_lat_m64p202515_lon_m23p010422.npy,-64.202515,-23.010422,350,355,summer,5,0.7358329693476359,chunk5_summer,-0.02029037289321438,0.23859592961768317
eta_lat_m64p202515_lon_m47p010422.npy,-64.202515,-47.010422,15,20,summer,5,2.065834164619446,chunk5_summer,-0.02029037289321438,0.23859592961768317
eta_lat_m72p569344_lon_m130p758957.npy,-72.569344,-130.758957,350,355,summer,5,0.9379653334617616,chunk5_summer,-0.02029037289321438,0.23859592961768317
eta_lat_m64p202515_lon_m17p010422.npy,-64.202515,-17.010422,45,50,summer,5,1.4127240578333538,chunk5_summer,-0.02029037289321438,0.23859592961768317
eta_lat_m71p057938_lon_m154p945801.npy,-71.057938,-154.945801,40,45,summer,5,1.493728081385295,chunk5_summer,-0.02029037289321438,0.23859592961768317
eta_lat_m66p662788_lon_p24p989578.npy,-66.662788,24.989578,410,415,summer,5,0.4289669195810954,chunk5_summer,-0.02029037289321438,0.23859592961768317
eta_lat_m64p202515_lon_p0p989578.npy,-64.202515,0.989578,360,365,summer,5,0.3023734788099925,chunk5_summer,-0.02029037289321438,0.23859592961768317
eta_lat_m66p662788_lon_m113p010414.npy,-66.662788,-113.010414,395,400,summer,5,0.4972474674383799,chunk5_summer,-0.02029037289321438,0.23859592961768317
eta_lat_p36p058659_lon_p144p989563.npy,36.058659,144.989563,355,360,summer,5,0.3901614050070445,chunk5_summer,-0.02029037289321438,0.23859592961768317
eta_lat_m68p928383_lon_m143p010422.npy,-68.928383,-143.010422,390,395,summer,5,0.6326019565264384,chunk5_summer,-0.02029037289321438,0.23859592961768317
eta_lat_m71p152878_lon_m166p947037.npy,-71.152878,-166.947037,335,340,summer,5,1.6906334161758425,chunk5_summer,-0.02029037289321438,0.23859592961768317
eta_lat_m61p508057_lon_p102p989594.npy,-61.508057,102.989594,380,385,summer,5,0.539571076631546,chunk5_summer,-0.02029037289321438,0.23859592961768317
eta_lat_m64p202515_lon_p48p989578.npy,-64.202515,48.989578,25,30,summer,5,0.4668399294217427,chunk5_summer,-0.02029037289321438,0.23859592961768317
eta_lat_m68p928383_lon_m59p010422.npy,-68.928383,-59.010422,390,395,summer,5,2.2088796297709146,chunk5_summer,-0.02029037289321438,0.23859592961768317
eta_lat_m58p574665_lon_m5p010422.npy,-58.574665,-5.010422,380,385,summer,5,1.1499974330266316,chunk5_summer,-0.02029037289321438,0.23859592961768317
eta_lat_m68p928383_lon_m95p010414.npy,-68.928383,-95.010414,360,365,summer,5,0.9545639554659524,chunk5_summer,-0.02029037289321438,0.23859592961768317
eta_lat_m68p928383_lon_p174p989563.npy,-68.928383,174.989563,10,15,summer,5,1.001522421836853,chunk5_summer,-0.02029037289321438,0.23859592961768317
eta_lat_m66p662788_lon_m35p010422.npy,-66.662788,-35.010422,390,395,summer,5,1.042264719804128,chunk5_summer,-0.02029037289321438,0.23859592961768317
eta_lat_m75p355705_lon_m159p614578.npy,-75.355705,-159.614578,330,335,summer,5,1.3070445855458577,chunk5_summer,-0.02029037289321438,0.23859592961768317
eta_lat_m66p662788_lon_m149p010422.npy,-66.662788,-149.010422,340,345,summer,5,0.8613837361335754,chunk5_summer,-0.02029037289321438,0.23859592961768317
eta_lat_m58p574665_lon_m17p010422.npy,-58.574665,-17.010422,405,410,summer,5,0.872806191444397,chunk5_summer,-0.02029037289321438,0.23859592961768317
eta_lat_m66p662788_lon_m173p010422.npy,-66.662788,-173.010422,415,420,summer,5,0.6184104681015015,chunk5_summer,-0.02029037289321438,0.23859592961768317
eta_lat_m66p662788_lon_m131p010422.npy,-66.662788,-131.010422,350,355,summer,5,0.4368348519007365,chunk5_summer,-0.02029037289321438,0.23859592961768317
eta_lat_m66p662788_lon_m5p010422.npy,-66.662788,-5.010422,330,335,summer,5,0.5548036297162374,chunk5_summer,-0.02029037289321438,0.23859592961768317
eta_lat_m73p859009_lon_m35p162323.npy,-73.859009,-35.162323,35,40,summer,5,0.7772298157215118,chunk5_summer,-0.02029037289321438,0.23859592961768317
eta_lat_m64p202515_lon_p72p989594.npy,-64.202515,72.989594,370,375,summer,5,1.2229033311208088,chunk5_summer,-0.02029037289321438,0.23859592961768317
eta_lat_m64p202515_lon_p126p989594.npy,-64.202515,126.989594,5,10,summer,5,0.3235323031743367,chunk5_summer,-0.02029037289321438,0.23859592961768317
eta_lat_m64p202515_lon_p72p989594.npy,-64.202515,72.989594,340,345,summer,5,0.8746617635091146,chunk5_summer,-0.02029037289321438,0.23859592961768317
eta_lat_m61p508057_lon_p24p989578.npy,-61.508057,24.989578,40,45,summer,5,0.3140254020690918,chunk5_summer,-0.02029037289321438,0.23859592961768317
eta_lat_m71p296463_lon_m35p025223.npy,-71.296463,-35.025223,335,340,summer,5,0.4335582057634989,chunk5_summer,-0.02029037289321438,0.23859592961768317
eta_lat_m72p979408_lon_m148p561707.npy,-72.979408,-148.561707,385,390,summer,5,1.12802255153656,chunk5_summer,-0.02029037289321438,0.23859592961768317
eta_lat_m68p928383_lon_m155p010422.npy,-68.928383,-155.010422,345,350,summer,5,0.8097591797510783,chunk5_summer,-0.02029037289321438,0.23859592961768317
eta_lat_m58p574665_lon_p84p989594.npy,-58.574665,84.989594,370,375,summer,5,0.2914973795413971,chunk5_summer,-0.02029037289321438,0.23859592961768317
eta_lat_m66p662788_lon_m125p010414.npy,-66.662788,-125.010414,360,365,summer,5,0.4002046883106231,chunk5_summer,-0.02029037289321438,0.23859592961768317
eta_lat_m75p785980_lon_m171p738495.npy,-75.78598,-171.738495,360,365,summer,5,0.8661640087763468,chunk5_summer,-0.02029037289321438,0.23859592961768317
eta_lat_m61p508057_lon_m5p010422.npy,-61.508057,-5.010422,370,375,summer,5,0.8573156992594401,chunk5_summer,-0.02029037289321438,0.23859592961768317
eta_lat_m61p508057_lon_p78p989594.npy,-61.508057,78.989594,395,400,summer,5,0.422532171010971,chunk5_summer,-0.02029037289321438,0.23859592961768317
eta_lat_m66p662788_lon_p36p989578.npy,-66.662788,36.989578,400,405,summer,5,0.2859748254219691,chunk5_summer,-0.02029037289321438,0.23859592961768317
eta_lat_m55p400803_lon_m53p010422.npy,-55.400803,-53.010422,400,405,summer,5,0.2988508343696594,chunk5_summer,-0.02029037289321438,0.23859592961768317
eta_lat_m71p296463_lon_m35p025223.npy,-71.296463,-35.025223,360,365,summer,5,0.5403042038281759,chunk5_summer,-0.02029037289321438,0.23859592961768317
eta_lat_m64p202515_lon_m17p010422.npy,-64.202515,-17.010422,390,395,summer,5,0.9405348499615988,chunk5_summer,-0.02029037289321438,0.23859592961768317
eta_lat_m68p928383_lon_m161p010422.npy,-68.928383,-161.010422,400,405,summer,5,1.0842791199684143,chunk5_summer,-0.02029037289321438,0.23859592961768317
eta_lat_m64p202515_lon_p24p989578.npy,-64.202515,24.989578,355,360,summer,5,0.278170496225357,chunk5_summer,-0.02029037289321438,0.23859592961768317
eta_lat_m66p662788_lon_m5p010422.npy,-66.662788,-5.010422,360,365,summer,5,1.2546452681223552,chunk5_summer,-0.02029037289321438,0.23859592961768317
eta_lat_m68p928383_lon_m167p010422.npy,-68.928383,-167.010422,330,335,summer,5,1.800251007080078,chunk5_summer,-0.02029037289321438,0.23859592961768317
eta_lat_m58p574665_lon_p84p989594.npy,-58.574665,84.989594,35,40,summer,5,0.3473216891288757,chunk5_summer,-0.02029037289321438,0.23859592961768317
eta_lat_m64p202515_lon_p162p989563.npy,-64.202515,162.989563,410,415,summer,5,0.9384061694145204,chunk5_summer,-0.02029037289321438,0.23859592961768317
eta_lat_m68p928383_lon_m11p010422.npy,-68.928383,-11.010422,380,385,summer,5,0.7228305141131083,chunk5_summer,-0.02029037289321438,0.23859592961768317
eta_lat_m66p662788_lon_p174p989563.npy,-66.662788,174.989563,5,10,summer,5,0.4181204537550608,chunk5_summer,-0.02029037289321438,0.23859592961768317
eta_lat_m70p827019_lon_m124p974617.npy,-70.827019,-124.974617,355,360,summer,5,0.6897319952646891,chunk5_summer,-0.02029037289321438,0.23859592961768317
eta_lat_m61p508057_lon_p54p989578.npy,-61.508057,54.989578,400,405,summer,5,0.4883542855580647,chunk5_summer,-0.02029037289321438,0.23859592961768317
eta_lat_m64p202515_lon_m47p010422.npy,-64.202515,-47.010422,345,350,summer,5,0.9450304706891378,chunk5_summer,-0.02029037289321438,0.23859592961768317
eta_lat_m71p306725_lon_m29p016449.npy,-71.306725,-29.016449,405,410,summer,5,1.9373687505722048,chunk5_summer,-0.02029037289321438,0.23859592961768317
eta_lat_m66p662788_lon_m11p010422.npy,-66.662788,-11.010422,5,10,summer,5,1.2526121536890666,chunk5_summer,-0.02029037289321438,0.23859592961768317
eta_lat_m76p178772_lon_m41p740692.npy,-76.178772,-41.740692,385,390,summer,5,1.4456886450449626,chunk5_summer,-0.02029037289321438,0.23859592961768317
eta_lat_m58p574665_lon_p12p989578.npy,-58.574665,12.989578,370,375,summer,5,0.3013398349285126,chunk5_summer,-0.02029037289321438,0.23859592961768317
eta_lat_m72p698387_lon_m136p683899.npy,-72.698387,-136.683899,355,360,summer,5,1.9970232645670571,chunk5_summer,-0.02029037289321438,0.23859592961768317
eta_lat_m61p508057_lon_p84p989594.npy,-61.508057,84.989594,380,385,summer,5,0.5367445051670074,chunk5_summer,-0.02029037289321438,0.23859592961768317
eta_lat_m64p202515_lon_m173p010422.npy,-64.202515,-173.010422,405,410,summer,5,0.2840111454327901,chunk5_summer,-0.02029037289321438,0.23859592961768317
eta_lat_m66p662788_lon_p0p989578.npy,-66.662788,0.989578,340,345,summer,5,1.6370173295338948,chunk5_summer,-0.02029037289321438,0.23859592961768317
eta_lat_m75p785980_lon_m171p738495.npy,-75.78598,-171.738495,390,395,summer,5,1.3799632787704468,chunk5_summer,-0.02029037289321438,0.23859592961768317
eta_lat_m68p928383_lon_m167p010422.npy,-68.928383,-167.010422,35,40,summer,5,0.5985402266184489,chunk5_summer,-0.02029037289321438,0.23859592961768317
eta_lat_m64p202515_lon_p120p989594.npy,-64.202515,120.989594,20,25,summer,5,0.3596051335334778,chunk5_summer,-0.02029037289321438,0.23859592961768317
eta_lat_m68p928383_lon_m101p010414.npy,-68.928383,-101.010414,35,40,summer,5,0.5879895488421122,chunk5_summer,-0.02029037289321438,0.23859592961768317
eta_lat_m64p202515_lon_p48p989578.npy,-64.202515,48.989578,35,40,summer,5,0.49276797970136,chunk5_summer,-0.02029037289321438,0.23859592961768317
eta_lat_m58p574665_lon_m47p010422.npy,-58.574665,-47.010422,30,35,summer,5,0.2622482677300771,chunk5_summer,-0.02029037289321438,0.23859592961768317
eta_lat_m61p508057_lon_m137p010422.npy,-61.508057,-137.010422,385,390,summer,5,0.5622907479604086,chunk5_summer,-0.02029037289321438,0.23859592961768317
eta_lat_m58p574665_lon_p18p989578.npy,-58.574665,18.989578,370,375,summer,5,0.2696784536043803,chunk5_summer,-0.02029037289321438,0.23859592961768317
eta_lat_m70p951729_lon_m142p952744.npy,-70.951729,-142.952744,385,390,summer,5,0.8517747720082601,chunk5_summer,-0.02029037289321438,0.23859592961768317
eta_lat_m55p389462_lon_m59p010422.npy,-55.389462,-59.010422,360,365,summer,5,0.3343635896841685,chunk5_summer,-0.02029037289321438,0.23859592961768317
eta_lat_m71p152878_lon_m166p947037.npy,-71.152878,-166.947037,405,410,summer,5,0.5010673403739929,chunk5_summer,-0.02029037289321438,0.23859592961768317
eta_lat_m68p928383_lon_m131p010422.npy,-68.928383,-131.010422,0,5,summer,5,0.300753762324651,chunk5_summer,-0.02029037289321438,0.23859592961768317
eta_lat_m64p202515_lon_p60p989578.npy,-64.202515,60.989578,335,340,summer,5,0.9953265984853108,chunk5_summer,-0.02029037289321438,0.23859592961768317
eta_lat_m66p662788_lon_p0p989578.npy,-66.662788,0.989578,395,400,summer,5,0.3965729673703511,chunk5_summer,-0.02029037289321438,0.23859592961768317
eta_lat_m68p928383_lon_m59p010422.npy,-68.928383,-59.010422,330,335,summer,5,0.7191653450330099,chunk5_summer,-0.02029037289321438,0.23859592961768317
eta_lat_m70p831284_lon_m107p022827.npy,-70.831284,-107.022827,415,420,summer,5,0.3812946925560633,chunk5_summer,-0.02029037289321438,0.23859592961768317
eta_lat_m61p508057_lon_m35p010422.npy,-61.508057,-35.010422,345,350,summer,5,1.1398428281148274,chunk5_summer,-0.02029037289321438,0.23859592961768317
eta_lat_m61p508057_lon_p120p989594.npy,-61.508057,120.989594,380,385,summer,5,0.2666614055633545,chunk5_summer,-0.02029037289321438,0.23859592961768317
eta_lat_m64p202515_lon_p0p989578.npy,-64.202515,0.989578,400,405,summer,5,0.4956951141357422,chunk5_summer,-0.02029037289321438,0.23859592961768317
eta_lat_m61p508057_lon_m137p010422.npy,-61.508057,-137.010422,395,400,summer,5,0.4029005666573842,chunk5_summer,-0.02029037289321438,0.23859592961768317
eta_lat_m58p574665_lon_m17p010422.npy,-58.574665,-17.010422,325,330,summer,5,0.2734977851311366,chunk5_summer,-0.02029037289321438,0.23859592961768317
eta_lat_m64p202515_lon_p18p989578.npy,-64.202515,18.989578,400,405,summer,5,0.2813857595125834,chunk5_summer,-0.02029037289321438,0.23859592961768317
eta_lat_m68p928383_lon_m131p010422.npy,-68.928383,-131.010422,330,335,summer,5,0.5974673728148142,chunk5_summer,-0.02029037289321438,0.23859592961768317
eta_lat_m61p508057_lon_p108p989594.npy,-61.508057,108.989594,45,50,summer,5,0.357501616080602,chunk5_summer,-0.02029037289321438,0.23859592961768317
eta_lat_m61p508057_lon_m5p010422.npy,-61.508057,-5.010422,355,360,summer,5,0.8429245154062907,chunk5_summer,-0.02029037289321438,0.23859592961768317
eta_lat_m68p928383_lon_m107p010414.npy,-68.928383,-107.010414,340,345,summer,5,0.519597073396047,chunk5_summer,-0.02029037289321438,0.23859592961768317
eta_lat_m64p202515_lon_m47p010422.npy,-64.202515,-47.010422,395,400,summer,5,1.8435855309168496,chunk5_summer,-0.02029037289321438,0.23859592961768317
eta_lat_m68p928383_lon_m29p010422.npy,-68.928383,-29.010422,40,45,summer,5,0.9226502378781636,chunk5_summer,-0.02029037289321438,0.23859592961768317
eta_lat_m61p508057_lon_m71p010414.npy,-61.508057,-71.010414,25,30,summer,5,0.2726081609725952,chunk5_summer,-0.02029037289321438,0.23859592961768317
eta_lat_m70p827019_lon_m124p974617.npy,-70.827019,-124.974617,340,345,summer,5,1.4379299879074097,chunk5_summer,-0.02029037289321438,0.23859592961768317
eta_lat_m70p857033_lon_m130p966385.npy,-70.857033,-130.966385,390,395,summer,5,0.7238093217213949,chunk5_summer,-0.02029037289321438,0.23859592961768317
eta_lat_m61p508057_lon_p114p989594.npy,-61.508057,114.989594,405,410,summer,5,0.3854898512363434,chunk5_summer,-0.02029037289321438,0.23859592961768317
eta_lat_m55p400803_lon_m59p010422.npy,-55.400803,-59.010422,395,400,summer,5,0.3932204345862071,chunk5_summer,-0.02029037289321438,0.23859592961768317
eta_lat_m61p508057_lon_p60p989578.npy,-61.508057,60.989578,25,30,summer,5,0.2546124756336212,chunk5_summer,-0.02029037289321438,0.23859592961768317
eta_lat_m55p389462_lon_m59p010422.npy,-55.389462,-59.010422,390,395,summer,5,0.7108808954556783,chunk5_summer,-0.02029037289321438,0.23859592961768317
eta_lat_m72p442223_lon_m113p020538.npy,-72.442223,-113.020538,10,15,summer,5,1.620335340499878,chunk5_summer,-0.02029037289321438,0.23859592961768317
eta_lat_m61p508057_lon_p78p989594.npy,-61.508057,78.989594,30,35,summer,5,0.535524845123291,chunk5_summer,-0.02029037289321438,0.23859592961768317
eta_lat_m58p574665_lon_m23p010422.npy,-58.574665,-23.010422,410,415,summer,5,0.642094612121582,chunk5_summer,-0.02029037289321438,0.23859592961768317
eta_lat_m66p662788_lon_m53p010422.npy,-66.662788,-53.010422,35,40,summer,5,1.031131347020467,chunk5_summer,-0.02029037289321438,0.23859592961768317
eta_lat_m71p277649_lon_m41p033340.npy,-71.277649,-41.03334,20,25,summer,5,1.2272812525431316,chunk5_summer,-0.02029037289321438,0.23859592961768317
eta_lat_m52p006847_lon_p150p989563.npy,-52.006847,150.989563,35,40,summer,5,0.2409051110347112,chunk5_summer,-0.02029037289321438,0.23859592961768317
eta_lat_m55p389462_lon_p174p989563.npy,-55.389462,174.989563,35,40,summer,5,0.2611787915229797,chunk5_summer,-0.02029037289321438,0.23859592961768317
eta_lat_m68p928383_lon_m155p010422.npy,-68.928383,-155.010422,40,45,summer,5,0.5469215114911398,chunk5_summer,-0.02029037289321438,0.23859592961768317
eta_lat_m72p569344_lon_m130p758957.npy,-72.569344,-130.758957,405,410,summer,5,0.526721735795339,chunk5_summer,-0.02029037289321438,0.23859592961768317
eta_lat_m71p317345_lon_m23p007370.npy,-71.317345,-23.00737,415,420,summer,5,0.8367315530776978,chunk5_summer,-0.02029037289321438,0.23859592961768317
eta_lat_m61p508057_lon_p66p989594.npy,-61.508057,66.989594,350,355,summer,5,0.2812833786010742,chunk5_summer,-0.02029037289321438,0.23859592961768317
eta_lat_m66p662788_lon_m107p010414.npy,-66.662788,-107.010414,415,420,summer,5,0.3655704359213511,chunk5_summer,-0.02029037289321438,0.23859592961768317
eta_lat_m68p928383_lon_m131p010422.npy,-68.928383,-131.010422,390,395,summer,5,0.7901731332143148,chunk5_summer,-0.02029037289321438,0.23859592961768317
eta_lat_m76p178772_lon_m41p740692.npy,-76.178772,-41.740692,410,415,summer,5,1.344510555267334,chunk5_summer,-0.02029037289321438,0.23859592961768317
eta_lat_m61p508057_lon_p54p989578.npy,-61.508057,54.989578,415,420,summer,5,0.2471454093853632,chunk5_summer,-0.02029037289321438,0.23859592961768317
eta_lat_m64p202515_lon_p60p989578.npy,-64.202515,60.989578,340,345,summer,5,0.8403513630231222,chunk5_summer,-0.02029037289321438,0.23859592961768317
eta_lat_m66p662788_lon_m173p010422.npy,-66.662788,-173.010422,15,20,summer,5,0.9660014708836874,chunk5_summer,-0.02029037289321438,0.23859592961768317
eta_lat_m68p928383_lon_m23p010422.npy,-68.928383,-23.010422,35,40,summer,5,1.1556148727734885,chunk5_summer,-0.02029037289321438,0.23859592961768317
eta_lat_m68p928383_lon_m161p010422.npy,-68.928383,-161.010422,25,30,summer,5,0.3056537310282389,chunk5_summer,-0.02029037289321438,0.23859592961768317
eta_lat_m66p662788_lon_m149p010422.npy,-66.662788,-149.010422,0,5,summer,5,0.2523110682765643,chunk5_summer,-0.02029037289321438,0.23859592961768317
eta_lat_m70p818817_lon_m112p992744.npy,-70.818817,-112.992744,365,370,summer,5,0.3068814476331075,chunk5_summer,-0.02029037289321438,0.23859592961768317
eta_lat_m61p508057_lon_m149p010422.npy,-61.508057,-149.010422,350,355,summer,5,0.4473096927007039,chunk5_summer,-0.02029037289321438,0.23859592961768317
eta_lat_m68p928383_lon_p174p989563.npy,-68.928383,174.989563,5,10,summer,5,0.9468266169230144,chunk5_summer,-0.02029037289321438,0.23859592961768317
eta_lat_m75p785980_lon_m171p738495.npy,-75.78598,-171.738495,20,25,summer,5,2.8822929859161377,chunk5_summer,-0.02029037289321438,0.23859592961768317
eta_lat_m72p438423_lon_m118p949417.npy,-72.438423,-118.949417,350,355,summer,5,1.2362622221310933,chunk5_summer,-0.02029037289321438,0.23859592961768317
eta_lat_m64p202515_lon_p24p989578.npy,-64.202515,24.989578,45,50,summer,5,0.2422459820906321,chunk5_summer,-0.02029037289321438,0.23859592961768317
eta_lat_m66p662788_lon_m167p010422.npy,-66.662788,-167.010422,370,375,summer,5,0.5250986814498901,chunk5_summer,-0.02029037289321438,0.23859592961768317
eta_lat_m66p662788_lon_m107p010414.npy,-66.662788,-107.010414,345,350,summer,5,0.5036923587322235,chunk5_summer,-0.02029037289321438,0.23859592961768317
eta_lat_m40p414062_lon_p18p989578.npy,-40.414062,18.989578,10,15,summer,5,0.3151271144549052,chunk5_summer,-0.02029037289321438,0.23859592961768317
eta_lat_m64p202515_lon_p0p989578.npy,-64.202515,0.989578,370,375,summer,5,0.4519910713036855,chunk5_summer,-0.02029037289321438,0.23859592961768317
eta_lat_m68p928383_lon_m17p010422.npy,-68.928383,-17.010422,345,350,summer,5,1.340177098910014,chunk5_summer,-0.02029037289321438,0.23859592961768317
eta_lat_m64p202515_lon_m41p010422.npy,-64.202515,-41.010422,375,380,summer,5,0.9208853046099345,chunk5_summer,-0.02029037289321438,0.23859592961768317
eta_lat_m52p006847_lon_p84p989594.npy,-52.006847,84.989594,15,20,summer,5,0.3605817159016927,chunk5_summer,-0.02029037289321438,0.23859592961768317
eta_lat_m64p202515_lon_p150p989563.npy,-64.202515,150.989563,410,415,summer,5,1.1291782855987549,chunk5_summer,-0.02029037289321438,0.23859592961768317
eta_lat_m66p662788_lon_p174p989563.npy,-66.662788,174.989563,30,35,summer,5,0.4193336466948191,chunk5_summer,-0.02029037289321438,0.23859592961768317
eta_lat_m68p928383_lon_p168p989563.npy,-68.928383,168.989563,340,345,summer,5,0.24643474817276,chunk5_summer,-0.02029037289321438,0.23859592961768317
eta_lat_m64p202515_lon_m29p010422.npy,-64.202515,-29.010422,5,10,summer,5,0.774584174156189,chunk5_summer,-0.02029037289321438,0.23859592961768317
eta_lat_m70p831284_lon_m107p022827.npy,-70.831284,-107.022827,35,40,summer,5,1.4531835317611694,chunk5_summer,-0.02029037289321438,0.23859592961768317
eta_lat_m64p202515_lon_p30p989578.npy,-64.202515,30.989578,25,30,summer,5,0.2858735918998718,chunk5_summer,-0.02029037289321438,0.23859592961768317
eta_lat_m66p662788_lon_p30p989578.npy,-66.662788,30.989578,410,415,summer,5,0.3191814521948496,chunk5_summer,-0.02029037289321438,0.23859592961768317
eta_lat_m66p662788_lon_p174p989563.npy,-66.662788,174.989563,415,420,summer,5,0.2753908733526866,chunk5_summer,-0.02029037289321438,0.23859592961768317
eta_lat_m68p928383_lon_m167p010422.npy,-68.928383,-167.010422,365,370,summer,5,0.5181834896405538,chunk5_summer,-0.02029037289321438,0.23859592961768317
eta_lat_m66p662788_lon_m155p010422.npy,-66.662788,-155.010422,35,40,summer,5,0.4027325709660848,chunk5_summer,-0.02029037289321438,0.23859592961768317
eta_lat_m66p662788_lon_m155p010422.npy,-66.662788,-155.010422,405,410,summer,5,0.5077369511127472,chunk5_summer,-0.02029037289321438,0.23859592961768317
eta_lat_m66p662788_lon_p18p989578.npy,-66.662788,18.989578,335,340,summer,5,0.2396972229083379,chunk5_summer,-0.02029037289321438,0.23859592961768317
eta_lat_m64p202515_lon_p126p989594.npy,-64.202515,126.989594,375,380,summer,5,0.3411498765150706,chunk5_summer,-0.02029037289321438,0.23859592961768317
eta_lat_m64p202515_lon_m29p010422.npy,-64.202515,-29.010422,330,335,summer,5,1.2717623710632324,chunk5_summer,-0.02029037289321438,0.23859592961768317
eta_lat_m64p202515_lon_m5p010422.npy,-64.202515,-5.010422,405,410,summer,5,1.342917561531067,chunk5_summer,-0.02029037289321438,0.23859592961768317
eta_lat_m64p202515_lon_p72p989594.npy,-64.202515,72.989594,25,30,summer,5,0.6536469062169393,chunk5_summer,-0.02029037289321438,0.23859592961768317
eta_lat_m71p152878_lon_m166p947037.npy,-71.152878,-166.947037,415,420,summer,5,1.0984495083491008,chunk5_summer,-0.02029037289321438,0.23859592961768317
eta_lat_p63p507416_lon_m35p256088.npy,63.507416,-35.256088,45,50,summer,5,0.2543315986792246,chunk5_summer,-0.02029037289321438,0.23859592961768317
eta_lat_m58p574665_lon_m17p010422.npy,-58.574665,-17.010422,45,50,summer,5,0.3506042659282684,chunk5_summer,-0.02029037289321438,0.23859592961768317
eta_lat_m68p928383_lon_m35p010422.npy,-68.928383,-35.010422,10,15,summer,5,0.2859863042831421,chunk5_summer,-0.02029037289321438,0.23859592961768317
eta_lat_m68p928383_lon_m23p010422.npy,-68.928383,-23.010422,410,415,summer,5,0.8540066679318746,chunk5_summer,-0.02029037289321438,0.23859592961768317
eta_lat_m66p662788_lon_p12p989578.npy,-66.662788,12.989578,5,10,summer,5,0.2625286976496379,chunk5_summer,-0.02029037289321438,0.23859592961768317
eta_lat_m61p508057_lon_p54p989578.npy,-61.508057,54.989578,20,25,summer,5,0.3422616422176361,chunk5_summer,-0.02029037289321438,0.23859592961768317
eta_lat_m68p928383_lon_m161p010422.npy,-68.928383,-161.010422,365,370,summer,5,1.1653112173080444,chunk5_summer,-0.02029037289321438,0.23859592961768317
eta_lat_m64p202515_lon_m41p010422.npy,-64.202515,-41.010422,45,50,summer,5,3.08909281094869,chunk5_summer,-0.02029037289321438,0.23859592961768317
eta_lat_m72p438423_lon_m118p949417.npy,-72.438423,-118.949417,325,330,summer,5,0.487693707148234,chunk5_summer,-0.02029037289321438,0.23859592961768317
eta_lat_m61p508057_lon_p102p989594.npy,-61.508057,102.989594,10,15,summer,5,0.2944679458936055,chunk5_summer,-0.02029037289321438,0.23859592961768317
eta_lat_p36p058659_lon_p144p989563.npy,36.058659,144.989563,365,370,summer,5,0.2437276542186737,chunk5_summer,-0.02029037289321438,0.23859592961768317
eta_lat_m68p928383_lon_m167p010422.npy,-68.928383,-167.010422,10,15,summer,5,0.3525398274262746,chunk5_summer,-0.02029037289321438,0.23859592961768317
eta_lat_m71p057938_lon_m154p945801.npy,-71.057938,-154.945801,395,400,summer,5,1.031993746757507,chunk5_summer,-0.02029037289321438,0.23859592961768317
eta_lat_m64p202515_lon_p144p989563.npy,-64.202515,144.989563,45,50,summer,5,0.5478480557600657,chunk5_summer,-0.02029037289321438,0.23859592961768317
eta_lat_m61p508057_lon_m149p010422.npy,-61.508057,-149.010422,375,380,summer,5,0.5288300315539042,chunk5_summer,-0.02029037289321438,0.23859592961768317
eta_lat_m73p888268_lon_m29p051193.npy,-73.888268,-29.051193,345,350,summer,5,0.7067693471908569,chunk5_summer,-0.02029037289321438,0.23859592961768317
eta_lat_m40p414062_lon_p18p989578.npy,-40.414062,18.989578,335,340,summer,5,0.3209430078665415,chunk5_summer,-0.02029037289321438,0.23859592961768317
eta_lat_m68p928383_lon_m101p010414.npy,-68.928383,-101.010414,405,410,summer,5,0.5275183816750845,chunk5_summer,-0.02029037289321438,0.23859592961768317
eta_lat_m64p202515_lon_p144p989563.npy,-64.202515,144.989563,15,20,summer,5,0.5885411699612936,chunk5_summer,-0.02029037289321438,0.23859592961768317
eta_lat_m66p662788_lon_m107p010414.npy,-66.662788,-107.010414,370,375,summer,5,0.2797209322452545,chunk5_summer,-0.02029037289321438,0.23859592961768317
eta_lat_m64p202515_lon_p72p989594.npy,-64.202515,72.989594,40,45,summer,5,1.014130711555481,chunk5_summer,-0.02029037289321438,0.23859592961768317
eta_lat_m68p928383_lon_m23p010422.npy,-68.928383,-23.010422,400,405,summer,5,1.0682616829872131,chunk5_summer,-0.02029037289321438,0.23859592961768317
eta_lat_m68p928383_lon_m53p010422.npy,-68.928383,-53.010422,415,420,summer,5,2.014433741569519,chunk5_summer,-0.02029037289321438,0.23859592961768317
eta_lat_m68p928383_lon_m125p010414.npy,-68.928383,-125.010414,395,400,summer,5,0.499432494242986,chunk5_summer,-0.02029037289321438,0.23859592961768317
eta_lat_m61p508057_lon_p6p989578.npy,-61.508057,6.989578,365,370,summer,5,0.4534228344758351,chunk5_summer,-0.02029037289321438,0.23859592961768317
eta_lat_m68p928383_lon_m95p010414.npy,-68.928383,-95.010414,20,25,summer,5,0.4095124502976735,chunk5_summer,-0.02029037289321438,0.23859592961768317
eta_lat_m64p202515_lon_p162p989563.npy,-64.202515,162.989563,35,40,summer,5,0.2487584352493286,chunk5_summer,-0.02029037289321438,0.23859592961768317
eta_lat_m58p574665_lon_p6p989578.npy,-58.574665,6.989578,365,370,summer,5,0.4486775298913319,chunk5_summer,-0.02029037289321438,0.23859592961768317
eta_lat_m58p574665_lon_p0p989578.npy,-58.574665,0.989578,385,390,summer,5,1.0507639646530151,chunk5_summer,-0.02029037289321438,0.23859592961768317
eta_lat_m61p508057_lon_p120p989594.npy,-61.508057,120.989594,385,390,summer,5,0.2569327553113301,chunk5_summer,-0.02029037289321438,0.23859592961768317
eta_lat_m66p662788_lon_m11p010422.npy,-66.662788,-11.010422,330,335,summer,5,0.6891619364420573,chunk5_summer,-0.02029037289321438,0.23859592961768317
eta_lat_m68p928383_lon_m23p010422.npy,-68.928383,-23.010422,45,50,summer,5,1.7204910119374592,chunk5_summer,-0.02029037289321438,0.23859592961768317
eta_lat_m64p202515_lon_m47p010422.npy,-64.202515,-47.010422,10,15,summer,5,1.2379262049992878,chunk5_summer,-0.02029037289321438,0.23859592961768317
eta_lat_m58p574665_lon_p24p989578.npy,-58.574665,24.989578,45,50,summer,5,0.3055238425731659,chunk5_summer,-0.02029037289321438,0.23859592961768317
eta_lat_m61p508057_lon_p108p989594.npy,-61.508057,108.989594,385,390,summer,5,0.6620197693506876,chunk5_summer,-0.02029037289321438,0.23859592961768317
eta_lat_m66p662788_lon_p36p989578.npy,-66.662788,36.989578,375,380,summer,5,0.4572006960709889,chunk5_summer,-0.02029037289321438,0.23859592961768317
eta_lat_m71p306725_lon_m29p016449.npy,-71.306725,-29.016449,365,370,summer,5,1.0472803115844729,chunk5_summer,-0.02029037289321438,0.23859592961768317
eta_lat_m61p508057_lon_p90p989594.npy,-61.508057,90.989594,325,330,summer,5,0.3979884584744771,chunk5_summer,-0.02029037289321438,0.23859592961768317
eta_lat_m64p202515_lon_m41p010422.npy,-64.202515,-41.010422,380,385,summer,5,1.371005932490031,chunk5_summer,-0.02029037289321438,0.23859592961768317
eta_lat_m61p508057_lon_p24p989578.npy,-61.508057,24.989578,345,350,summer,5,0.4332190056641896,chunk5_summer,-0.02029037289321438,0.23859592961768317
eta_lat_m64p202515_lon_p78p989594.npy,-64.202515,78.989594,400,405,summer,5,1.1719321012496948,chunk5_summer,-0.02029037289321438,0.23859592961768317
eta_lat_m66p662788_lon_p0p989578.npy,-66.662788,0.989578,405,410,summer,5,0.4085158209005992,chunk5_summer,-0.02029037289321438,0.23859592961768317
eta_lat_m61p508057_lon_p54p989578.npy,-61.508057,54.989578,390,395,summer,5,0.2681430677572886,chunk5_summer,-0.02029037289321438,0.23859592961768317
eta_lat_m75p574257_lon_m165p651382.npy,-75.574257,-165.651382,0,5,summer,5,1.1168498396873474,chunk5_summer,-0.02029037289321438,0.23859592961768317
eta_lat_m55p389462_lon_p6p989578.npy,-55.389462,6.989578,405,410,summer,5,0.5443484584490458,chunk5_summer,-0.02029037289321438,0.23859592961768317
eta_lat_m64p202515_lon_p126p989594.npy,-64.202515,126.989594,355,360,summer,5,0.4246656894683838,chunk5_summer,-0.02029037289321438,0.23859592961768317
eta_lat_m61p508057_lon_m35p010422.npy,-61.508057,-35.010422,0,5,summer,5,0.8344516356786092,chunk5_summer,-0.02029037289321438,0.23859592961768317
eta_lat_m66p662788_lon_m131p010422.npy,-66.662788,-131.010422,355,360,summer,5,0.6216089725494385,chunk5_summer,-0.02029037289321438,0.23859592961768317
eta_lat_m68p928383_lon_m161p010422.npy,-68.928383,-161.010422,325,330,summer,5,1.1068976720174153,chunk5_summer,-0.02029037289321438,0.23859592961768317
eta_lat_m58p574665_lon_m41p010422.npy,-58.574665,-41.010422,15,20,summer,5,0.2511130819718043,chunk5_summer,-0.02029037289321438,0.23859592961768317
eta_lat_m68p928383_lon_m35p010422.npy,-68.928383,-35.010422,345,350,summer,5,0.5619724790255228,chunk5_summer,-0.02029037289321438,0.23859592961768317
eta_lat_m68p928383_lon_p174p989563.npy,-68.928383,174.989563,360,365,summer,5,0.4979957242806752,chunk5_summer,-0.02029037289321438,0.23859592961768317
eta_lat_m68p928383_lon_m107p010414.npy,-68.928383,-107.010414,345,350,summer,5,0.2537765800952911,chunk5_summer,-0.02029037289321438,0.23859592961768317
eta_lat_m64p202515_lon_p12p989578.npy,-64.202515,12.989578,40,45,summer,5,0.4023141761620839,chunk5_summer,-0.02029037289321438,0.23859592961768317
eta_lat_m68p928383_lon_m29p010422.npy,-68.928383,-29.010422,25,30,summer,5,0.9209195375442504,chunk5_summer,-0.02029037289321438,0.23859592961768317
eta_lat_m70p897415_lon_m136p959152.npy,-70.897415,-136.959152,350,355,summer,5,1.2768859068552654,chunk5_summer,-0.02029037289321438,0.23859592961768317
eta_lat_m64p202515_lon_p144p989563.npy,-64.202515,144.989563,415,420,summer,5,1.1869746843973796,chunk5_summer,-0.02029037289321438,0.23859592961768317
eta_lat_m70p897415_lon_m136p959152.npy,-70.897415,-136.959152,390,395,summer,5,0.994852085908254,chunk5_summer,-0.02029037289321438,0.23859592961768317
eta_lat_m73p720367_lon_m47p316681.npy,-73.720367,-47.316681,30,35,summer,5,0.7355686028798422,chunk5_summer,-0.02029037289321438,0.23859592961768317
eta_lat_p36p058659_lon_p144p989563.npy,36.058659,144.989563,30,35,summer,5,0.2972134550412496,chunk5_summer,-0.02029037289321438,0.23859592961768317
eta_lat_m68p928383_lon_m5p010422.npy,-68.928383,-5.010422,405,410,summer,5,0.6000038186709086,chunk5_summer,-0.02029037289321438,0.23859592961768317
eta_lat_m64p202515_lon_p60p989578.npy,-64.202515,60.989578,5,10,summer,5,0.7488194306691488,chunk5_summer,-0.02029037289321438,0.23859592961768317
eta_lat_m61p508057_lon_p72p989594.npy,-61.508057,72.989594,400,405,summer,5,0.6562043031056722,chunk5_summer,-0.02029037289321438,0.23859592961768317
eta_lat_m58p574665_lon_p66p989594.npy,-58.574665,66.989594,5,10,summer,5,0.3034232854843139,chunk5_summer,-0.02029037289321438,0.23859592961768317
eta_lat_m66p662788_lon_m29p010422.npy,-66.662788,-29.010422,115,120,winter,5,1.0157663027445476,chunk5_winter,0.001548531465232303,0.18971640896052122
eta_lat_m64p202515_lon_p54p989578.npy,-64.202515,54.989578,115,120,winter,5,0.3641697565714518,chunk5_winter,0.001548531465232303,0.18971640896052122
eta_lat_m61p508057_lon_p174p989563.npy,-61.508057,174.989563,150,155,winter,5,0.2763499468564987,chunk5_winter,0.001548531465232303,0.18971640896052122
eta_lat_m68p928383_lon_m23p010422.npy,-68.928383,-23.010422,135,140,winter,5,0.9284501870473226,chunk5_winter,0.001548531465232303,0.18971640896052122
eta_lat_m64p202515_lon_m41p010422.npy,-64.202515,-41.010422,165,170,winter,5,0.2941258152325948,chunk5_winter,0.001548531465232303,0.18971640896052122
eta_lat_m72p979408_lon_m148p561707.npy,-72.979408,-148.561707,195,200,winter,5,0.5447306831677755,chunk5_winter,0.001548531465232303,0.18971640896052122
eta_lat_m66p662788_lon_m143p010422.npy,-66.662788,-143.010422,140,145,winter,5,0.3712854286034902,chunk5_winter,0.001548531465232303,0.18971640896052122
eta_lat_m66p662788_lon_m17p010422.npy,-66.662788,-17.010422,150,155,winter,5,0.6591753164927164,chunk5_winter,0.001548531465232303,0.18971640896052122
eta_lat_m52p006847_lon_p174p989563.npy,-52.006847,174.989563,135,140,winter,5,0.2223274111747741,chunk5_winter,0.001548531465232303,0.18971640896052122
eta_lat_m68p928383_lon_m149p010422.npy,-68.928383,-149.010422,120,125,winter,5,0.5081013242403666,chunk5_winter,0.001548531465232303,0.18971640896052122
eta_lat_m52p006847_lon_p174p989563.npy,-52.006847,174.989563,140,145,winter,5,0.2105014671881993,chunk5_winter,0.001548531465232303,0.18971640896052122
eta_lat_m68p928383_lon_m167p010422.npy,-68.928383,-167.010422,185,190,winter,5,1.96308708190918,chunk5_winter,0.001548531465232303,0.18971640896052122
eta_lat_m68p928383_lon_m173p010422.npy,-68.928383,-173.010422,175,180,winter,5,0.5402230719725291,chunk5_winter,0.001548531465232303,0.18971640896052122
eta_lat_m55p400803_lon_m119p010414.npy,-55.400803,-119.010414,140,145,winter,5,0.2368235091368357,chunk5_winter,0.001548531465232303,0.18971640896052122
eta_lat_m55p389462_lon_p150p989563.npy,-55.389462,150.989563,130,135,winter,5,0.2027905881404876,chunk5_winter,0.001548531465232303,0.18971640896052122
eta_lat_m68p928383_lon_m155p010422.npy,-68.928383,-155.010422,165,170,winter,5,1.0745517214139302,chunk5_winter,0.001548531465232303,0.18971640896052122
eta_lat_m73p888268_lon_m29p051193.npy,-73.888268,-29.051193,185,190,winter,5,0.4060146709283193,chunk5_winter,0.001548531465232303,0.18971640896052122
eta_lat_m70p827019_lon_m124p974617.npy,-70.827019,-124.974617,200,205,winter,5,0.8179663022359213,chunk5_winter,0.001548531465232303,0.18971640896052122
eta_lat_m71p197975_lon_m172p950165.npy,-71.197975,-172.950165,200,205,winter,5,2.110170324643453,chunk5_winter,0.001548531465232303,0.18971640896052122
eta_lat_m68p928383_lon_m5p010422.npy,-68.928383,-5.010422,120,125,winter,5,1.2138516505559285,chunk5_winter,0.001548531465232303,0.18971640896052122
eta_lat_m64p202515_lon_p6p989578.npy,-64.202515,6.989578,130,135,winter,5,0.2651659448941548,chunk5_winter,0.001548531465232303,0.18971640896052122
eta_lat_m48p374134_lon_p84p989594.npy,-48.374134,84.989594,125,130,winter,5,0.2710830420255661,chunk5_winter,0.001548531465232303,0.18971640896052122
eta_lat_m66p662788_lon_p18p989578.npy,-66.662788,18.989578,175,180,winter,5,0.2078519662221273,chunk5_winter,0.001548531465232303,0.18971640896052122
eta_lat_m68p928383_lon_m149p010422.npy,-68.928383,-149.010422,135,140,winter,5,0.4491497973601023,chunk5_winter,0.001548531465232303,0.18971640896052122
eta_lat_m75p785980_lon_m171p738495.npy,-75.78598,-171.738495,150,155,winter,5,3.1256062984466557,chunk5_winter,0.001548531465232303,0.18971640896052122
eta_lat_m73p621971_lon_m53p396431.npy,-73.621971,-53.396431,175,180,winter,5,0.3084266781806946,chunk5_winter,0.001548531465232303,0.18971640896052122
eta_lat_m70p897415_lon_m136p959152.npy,-70.897415,-136.959152,130,135,winter,5,0.7118056217829386,chunk5_winter,0.001548531465232303,0.18971640896052122
eta_lat_m64p202515_lon_m35p010422.npy,-64.202515,-35.010422,175,180,winter,5,0.2160371194283167,chunk5_winter,0.001548531465232303,0.18971640896052122
eta_lat_m40p414062_lon_m47p010422.npy,-40.414062,-47.010422,120,125,winter,5,0.2737798641125361,chunk5_winter,0.001548531465232303,0.18971640896052122
eta_lat_m64p202515_lon_p60p989578.npy,-64.202515,60.989578,120,125,winter,5,0.3490649362405141,chunk5_winter,0.001548531465232303,0.18971640896052122
eta_lat_m68p928383_lon_m155p010422.npy,-68.928383,-155.010422,115,120,winter,5,0.4793137609958648,chunk5_winter,0.001548531465232303,0.18971640896052122
eta_lat_m68p928383_lon_m59p010422.npy,-68.928383,-59.010422,190,195,winter,5,0.9768588542938232,chunk5_winter,0.001548531465232303,0.18971640896052122
eta_lat_m48p374134_lon_m47p010422.npy,-48.374134,-47.010422,155,160,winter,5,0.1974830230077107,chunk5_winter,0.001548531465232303,0.18971640896052122
eta_lat_m68p928383_lon_p174p989563.npy,-68.928383,174.989563,125,130,winter,5,0.5061070322990417,chunk5_winter,0.001548531465232303,0.18971640896052122
eta_lat_m71p260567_lon_p175p038208.npy,-71.260567,175.038208,175,180,winter,5,0.2827496230602264,chunk5_winter,0.001548531465232303,0.18971640896052122
eta_lat_m64p202515_lon_p156p989563.npy,-64.202515,156.989563,200,205,winter,5,0.2096228549877802,chunk5_winter,0.001548531465232303,0.18971640896052122
eta_lat_m64p202515_lon_p18p989578.npy,-64.202515,18.989578,130,135,winter,5,0.2354204406340917,chunk5_winter,0.001548531465232303,0.18971640896052122
eta_lat_m68p928383_lon_m47p010422.npy,-68.928383,-47.010422,130,135,winter,5,0.5840270519256592,chunk5_winter,0.001548531465232303,0.18971640896052122
eta_lat_m73p545830_lon_m172p573288.npy,-73.54583,-172.573288,185,190,winter,5,3.1157617568969727,chunk5_winter,0.001548531465232303,0.18971640896052122
eta_lat_m70p827019_lon_m124p974617.npy,-70.827019,-124.974617,125,130,winter,5,1.0119261741638184,chunk5_winter,0.001548531465232303,0.18971640896052122
eta_lat_m61p508057_lon_m149p010422.npy,-61.508057,-149.010422,125,130,winter,5,0.2392148276170095,chunk5_winter,0.001548531465232303,0.18971640896052122
eta_lat_m68p928383_lon_m173p010422.npy,-68.928383,-173.010422,200,205,winter,5,1.4324536323547363,chunk5_winter,0.001548531465232303,0.18971640896052122
eta_lat_m64p202515_lon_p54p989578.npy,-64.202515,54.989578,190,195,winter,5,0.2181720634301503,chunk5_winter,0.001548531465232303,0.18971640896052122
eta_lat_m66p662788_lon_p0p989578.npy,-66.662788,0.989578,190,195,winter,5,0.2467415928840637,chunk5_winter,0.001548531465232303,0.18971640896052122
eta_lat_m40p414062_lon_p18p989578.npy,-40.414062,18.989578,135,140,winter,5,0.3603516519069671,chunk5_winter,0.001548531465232303,0.18971640896052122
eta_lat_m75p574257_lon_m165p651382.npy,-75.574257,-165.651382,140,145,winter,5,2.1651295820871987,chunk5_winter,0.001548531465232303,0.18971640896052122
eta_lat_m75p574257_lon_m165p651382.npy,-75.574257,-165.651382,120,125,winter,5,1.5764893690745037,chunk5_winter,0.001548531465232303,0.18971640896052122
eta_lat_m70p897415_lon_m136p959152.npy,-70.897415,-136.959152,195,200,winter,5,0.2659659286340077,chunk5_winter,0.001548531465232303,0.18971640896052122
eta_lat_m68p928383_lon_m149p010422.npy,-68.928383,-149.010422,145,150,winter,5,0.2952994207541148,chunk5_winter,0.001548531465232303,0.18971640896052122
eta_lat_m55p389462_lon_m53p010422.npy,-55.389462,-53.010422,195,200,winter,5,0.3698727389176686,chunk5_winter,0.001548531465232303,0.18971640896052122
eta_lat_m55p400803_lon_p84p989594.npy,-55.400803,84.989594,125,130,winter,5,0.1991043488184611,chunk5_winter,0.001548531465232303,0.18971640896052122
eta_lat_m61p508057_lon_m29p010422.npy,-61.508057,-29.010422,140,145,winter,5,0.7279535531997681,chunk5_winter,0.001548531465232303,0.18971640896052122
eta_lat_m66p662788_lon_m137p010422.npy,-66.662788,-137.010422,140,145,winter,5,0.2249454110860824,chunk5_winter,0.001548531465232303,0.18971640896052122
eta_lat_m68p928383_lon_m167p010422.npy,-68.928383,-167.010422,190,195,winter,5,1.6956589619318645,chunk5_winter,0.001548531465232303,0.18971640896052122
eta_lat_m70p941582_lon_m89p045937.npy,-70.941582,-89.045937,140,145,winter,5,0.2662866016228993,chunk5_winter,0.001548531465232303,0.18971640896052122
eta_lat_m72p442223_lon_m113p020538.npy,-72.442223,-113.020538,170,175,winter,5,0.2092497845490773,chunk5_winter,0.001548531465232303,0.18971640896052122
eta_lat_m48p374134_lon_p78p989594.npy,-48.374134,78.989594,170,175,winter,5,0.2787942290306091,chunk5_winter,0.001548531465232303,0.18971640896052122
eta_lat_m55p389462_lon_m59p010422.npy,-55.389462,-59.010422,115,120,winter,5,0.2846404562393824,chunk5_winter,0.001548531465232303,0.18971640896052122
eta_lat_m68p928383_lon_m101p010414.npy,-68.928383,-101.010414,195,200,winter,5,0.2424279501040776,chunk5_winter,0.001548531465232303,0.18971640896052122
eta_lat_m76p178772_lon_m41p740692.npy,-76.178772,-41.740692,165,170,winter,5,0.7054961522420248,chunk5_winter,0.001548531465232303,0.18971640896052122
eta_lat_m68p928383_lon_m167p010422.npy,-68.928383,-167.010422,125,130,winter,5,2.157620469729105,chunk5_winter,0.001548531465232303,0.18971640896052122
eta_lat_m70p857033_lon_m130p966385.npy,-70.857033,-130.966385,170,175,winter,5,0.6102193196614584,chunk5_winter,0.001548531465232303,0.18971640896052122
eta_lat_m68p928383_lon_m29p010422.npy,-68.928383,-29.010422,175,180,winter,5,0.9666997392972312,chunk5_winter,0.001548531465232303,0.18971640896052122
eta_lat_m51p994694_lon_p126p989594.npy,-51.994694,126.989594,165,170,winter,5,0.2415522436300913,chunk5_winter,0.001548531465232303,0.18971640896052122
eta_lat_m68p928383_lon_m17p010422.npy,-68.928383,-17.010422,125,130,winter,5,1.969235181808472,chunk5_winter,0.001548531465232303,0.18971640896052122
eta_lat_m75p355705_lon_m159p614578.npy,-75.355705,-159.614578,145,150,winter,5,2.897787650426229,chunk5_winter,0.001548531465232303,0.18971640896052122
eta_lat_p58p499409_lon_m23p040436.npy,58.499409,-23.040436,135,140,winter,5,0.2326835542917251,chunk5_winter,0.001548531465232303,0.18971640896052122
eta_lat_m72p438423_lon_m118p949417.npy,-72.438423,-118.949417,135,140,winter,5,0.9296513597170512,chunk5_winter,0.001548531465232303,0.18971640896052122
eta_lat_m70p821320_lon_m118p983330.npy,-70.82132,-118.98333,175,180,winter,5,0.7273850838343302,chunk5_winter,0.001548531465232303,0.18971640896052122
eta_lat_m55p400803_lon_m59p010422.npy,-55.400803,-59.010422,195,200,winter,5,0.7140724062919617,chunk5_winter,0.001548531465232303,0.18971640896052122
eta_lat_p48p374134_lon_m173p010422.npy,48.374134,-173.010422,115,120,winter,5,0.2114558269580205,chunk5_winter,0.001548531465232303,0.18971640896052122
eta_lat_m55p389462_lon_p84p989594.npy,-55.389462,84.989594,150,155,winter,5,0.2192864765723546,chunk5_winter,0.001548531465232303,0.18971640896052122
eta_lat_m72p830154_lon_m142p626068.npy,-72.830154,-142.626068,120,125,winter,5,1.308478315671285,chunk5_winter,0.001548531465232303,0.18971640896052122
eta_lat_m55p389462_lon_p84p989594.npy,-55.389462,84.989594,140,145,winter,5,0.2011221398909886,chunk5_winter,0.001548531465232303,0.18971640896052122
eta_lat_p61p579643_lon_m58p686073.npy,61.579643,-58.686073,125,130,winter,5,0.2148474554220835,chunk5_winter,0.001548531465232303,0.18971640896052122
eta_lat_m73p118896_lon_m154p539932.npy,-73.118896,-154.539932,155,160,winter,5,1.1689475774765017,chunk5_winter,0.001548531465232303,0.18971640896052122
eta_lat_m66p662788_lon_p12p989578.npy,-66.662788,12.989578,185,190,winter,5,0.6604235768318176,chunk5_winter,0.001548531465232303,0.18971640896052122
eta_lat_m44p523903_lon_p78p989594.npy,-44.523903,78.989594,120,125,winter,5,0.3998668690522511,chunk5_winter,0.001548531465232303,0.18971640896052122
eta_lat_m71p197975_lon_m172p950165.npy,-71.197975,-172.950165,165,170,winter,5,1.8295964002609253,chunk5_winter,0.001548531465232303,0.18971640896052122
eta_lat_m68p928383_lon_m53p010422.npy,-68.928383,-53.010422,160,165,winter,5,1.1644287109375,chunk5_winter,0.001548531465232303,0.18971640896052122
eta_lat_m55p400803_lon_p168p989563.npy,-55.400803,168.989563,145,150,winter,5,0.6740992863972982,chunk5_winter,0.001548531465232303,0.18971640896052122
eta_lat_p65p913406_lon_m30p464722.npy,65.913406,-30.464722,150,155,winter,5,2.0449148416519165,chunk5_winter,0.001548531465232303,0.18971640896052122
eta_lat_m61p508057_lon_m77p010414.npy,-61.508057,-77.010414,130,135,winter,5,0.1913286993900934,chunk5_winter,0.001548531465232303,0.18971640896052122
eta_lat_m68p928383_lon_m35p010422.npy,-68.928383,-35.010422,115,120,winter,5,0.920023242632548,chunk5_winter,0.001548531465232303,0.18971640896052122
eta_lat_m61p508057_lon_p60p989578.npy,-61.508057,60.989578,115,120,winter,5,0.2032276342312494,chunk5_winter,0.001548531465232303,0.18971640896052122
eta_lat_m48p374134_lon_p126p989594.npy,-48.374134,126.989594,145,150,winter,5,0.2083150694767634,chunk5_winter,0.001548531465232303,0.18971640896052122
eta_lat_p36p058659_lon_p144p989563.npy,36.058659,144.989563,190,195,winter,5,0.3282138258218765,chunk5_winter,0.001548531465232303,0.18971640896052122
eta_lat_m73p291496_lon_m160p547073.npy,-73.291496,-160.547073,145,150,winter,5,1.167569120724996,chunk5_winter,0.001548531465232303,0.18971640896052122
eta_lat_m68p928383_lon_m59p010422.npy,-68.928383,-59.010422,165,170,winter,5,1.001308798789978,chunk5_winter,0.001548531465232303,0.18971640896052122
eta_lat_p48p374134_lon_m149p010422.npy,48.374134,-149.010422,150,155,winter,5,0.2143042931954066,chunk5_winter,0.001548531465232303,0.18971640896052122
eta_lat_m70p857033_lon_m130p966385.npy,-70.857033,-130.966385,195,200,winter,5,0.7780220806598663,chunk5_winter,0.001548531465232303,0.18971640896052122
eta_lat_m61p508057_lon_p66p989594.npy,-61.508057,66.989594,115,120,winter,5,0.5041569073994955,chunk5_winter,0.001548531465232303,0.18971640896052122
eta_lat_m55p400803_lon_m59p010422.npy,-55.400803,-59.010422,145,150,winter,5,0.1982704003651937,chunk5_winter,0.001548531465232303,0.18971640896052122
eta_lat_p36p058659_lon_p144p989563.npy,36.058659,144.989563,160,165,winter,5,0.4114548365275065,chunk5_winter,0.001548531465232303,0.18971640896052122
eta_lat_m66p662788_lon_m47p010422.npy,-66.662788,-47.010422,185,190,winter,5,1.2413915395736694,chunk5_winter,0.001548531465232303,0.18971640896052122
eta_lat_m68p928383_lon_m29p010422.npy,-68.928383,-29.010422,180,185,winter,5,1.127000093460083,chunk5_winter,0.001548531465232303,0.18971640896052122
eta_lat_m70p941582_lon_m89p045937.npy,-70.941582,-89.045937,145,150,winter,5,0.363558938105901,chunk5_winter,0.001548531465232303,0.18971640896052122
eta_lat_p61p579643_lon_m58p686073.npy,61.579643,-58.686073,160,165,winter,5,0.4689062138398488,chunk5_winter,0.001548531465232303,0.18971640896052122
eta_lat_m73p291496_lon_m160p547073.npy,-73.291496,-160.547073,150,155,winter,5,1.1748190720876055,chunk5_winter,0.001548531465232303,0.18971640896052122
eta_lat_p61p579643_lon_m58p686073.npy,61.579643,-58.686073,165,170,winter,5,0.3374215960502624,chunk5_winter,0.001548531465232303,0.18971640896052122
eta_lat_p36p058659_lon_p150p989563.npy,36.058659,150.989563,130,135,winter,5,0.254700760046641,chunk5_winter,0.001548531465232303,0.18971640896052122
eta_lat_p36p058659_lon_p150p989563.npy,36.058659,150.989563,150,155,winter,5,0.3142282664775848,chunk5_winter,0.001548531465232303,0.18971640896052122
eta_lat_m73p796959_lon_m41p244324.npy,-73.796959,-41.244324,125,130,winter,5,0.4243439237276713,chunk5_winter,0.001548531465232303,0.18971640896052122
eta_lat_m73p621971_lon_m53p396431.npy,-73.621971,-53.396431,195,200,winter,5,1.2958254019419353,chunk5_winter,0.001548531465232303,0.18971640896052122
eta_lat_m71p057938_lon_m154p945801.npy,-71.057938,-154.945801,190,195,winter,5,0.3192530671755473,chunk5_winter,0.001548531465232303,0.18971640896052122
eta_lat_m66p662788_lon_m29p010422.npy,-66.662788,-29.010422,130,135,winter,5,1.002160668373108,chunk5_winter,0.001548531465232303,0.18971640896052122
eta_lat_m72p830154_lon_m142p626068.npy,-72.830154,-142.626068,195,200,winter,5,0.6750449538230896,chunk5_winter,0.001548531465232303,0.18971640896052122
eta_lat_m71p306725_lon_m29p016449.npy,-71.306725,-29.016449,145,150,winter,5,0.9818874796231588,chunk5_winter,0.001548531465232303,0.18971640896052122
eta_lat_m68p928383_lon_m47p010422.npy,-68.928383,-47.010422,165,170,winter,5,0.6254708369572958,chunk5_winter,0.001548531465232303,0.18971640896052122
eta_lat_m55p389462_lon_m119p010414.npy,-55.389462,-119.010414,175,180,winter,5,0.2404803236325582,chunk5_winter,0.001548531465232303,0.18971640896052122
eta_lat_m66p662788_lon_m167p010422.npy,-66.662788,-167.010422,180,185,winter,5,0.3144644399483998,chunk5_winter,0.001548531465232303,0.18971640896052122
eta_lat_m68p928383_lon_m131p010422.npy,-68.928383,-131.010422,130,135,winter,5,0.2386889408032099,chunk5_winter,0.001548531465232303,0.18971640896052122
eta_lat_m40p414062_lon_p54p989578.npy,-40.414062,54.989578,145,150,winter,5,0.2484587728977203,chunk5_winter,0.001548531465232303,0.18971640896052122
eta_lat_m55p389462_lon_p150p989563.npy,-55.389462,150.989563,120,125,winter,5,0.1935673256715138,chunk5_winter,0.001548531465232303,0.18971640896052122
eta_lat_m55p389462_lon_m59p010422.npy,-55.389462,-59.010422,150,155,winter,5,0.2263451317946116,chunk5_winter,0.001548531465232303,0.18971640896052122
eta_lat_m66p662788_lon_m29p010422.npy,-66.662788,-29.010422,160,165,winter,5,0.8027130564053854,chunk5_winter,0.001548531465232303,0.18971640896052122
eta_lat_m73p545830_lon_m172p573288.npy,-73.54583,-172.573288,190,195,winter,5,2.24544628461202,chunk5_winter,0.001548531465232303,0.18971640896052122
eta_lat_m61p508057_lon_m17p010422.npy,-61.508057,-17.010422,145,150,winter,5,0.3515554070472717,chunk5_winter,0.001548531465232303,0.18971640896052122
eta_lat_m68p928383_lon_m35p010422.npy,-68.928383,-35.010422,195,200,winter,5,0.6144636472066244,chunk5_winter,0.001548531465232303,0.18971640896052122
eta_lat_m40p414062_lon_p18p989578.npy,-40.414062,18.989578,120,125,winter,5,0.1918516506751378,chunk5_winter,0.001548531465232303,0.18971640896052122
eta_lat_m55p400803_lon_p150p989563.npy,-55.400803,150.989563,140,145,winter,5,0.200114498535792,chunk5_winter,0.001548531465232303,0.18971640896052122
eta_lat_m70p951729_lon_m142p952744.npy,-70.951729,-142.952744,160,165,winter,5,0.4938183625539143,chunk5_winter,0.001548531465232303,0.18971640896052122
eta_lat_m66p662788_lon_m41p010422.npy,-66.662788,-41.010422,120,125,winter,5,0.6787430842717489,chunk5_winter,0.001548531465232303,0.18971640896052122
eta_lat_m68p928383_lon_m11p010422.npy,-68.928383,-11.010422,150,155,winter,5,0.5444043874740601,chunk5_winter,0.001548531465232303,0.18971640896052122
eta_lat_m66p662788_lon_m35p010422.npy,-66.662788,-35.010422,155,160,winter,5,0.4944206873575846,chunk5_winter,0.001548531465232303,0.18971640896052122
eta_lat_m66p662788_lon_p12p989578.npy,-66.662788,12.989578,135,140,winter,5,0.3349798222382863,chunk5_winter,0.001548531465232303,0.18971640896052122
eta_lat_m73p859009_lon_m35p162323.npy,-73.859009,-35.162323,115,120,winter,5,0.3407941460609436,chunk5_winter,0.001548531465232303,0.18971640896052122
eta_lat_m68p928383_lon_m35p010422.npy,-68.928383,-35.010422,190,195,winter,5,0.4591070810953776,chunk5_winter,0.001548531465232303,0.18971640896052122
eta_lat_m66p662788_lon_m17p010422.npy,-66.662788,-17.010422,155,160,winter,5,0.7256878614425659,chunk5_winter,0.001548531465232303,0.18971640896052122
eta_lat_m64p202515_lon_m5p010422.npy,-64.202515,-5.010422,145,150,winter,5,0.4871415793895721,chunk5_winter,0.001548531465232303,0.18971640896052122
eta_lat_m61p508057_lon_m17p010422.npy,-61.508057,-17.010422,115,120,winter,5,0.6046890616416931,chunk5_winter,0.001548531465232303,0.18971640896052122
eta_lat_m68p928383_lon_m17p010422.npy,-68.928383,-17.010422,165,170,winter,5,0.3091911474863688,chunk5_winter,0.001548531465232303,0.18971640896052122
eta_lat_m71p197975_lon_m172p950165.npy,-71.197975,-172.950165,190,195,winter,5,1.825164794921875,chunk5_winter,0.001548531465232303,0.18971640896052122
eta_lat_m51p994694_lon_p174p989563.npy,-51.994694,174.989563,175,180,winter,5,0.1988087793191274,chunk5_winter,0.001548531465232303,0.18971640896052122
eta_lat_m64p202515_lon_m155p010422.npy,-64.202515,-155.010422,115,120,winter,5,0.856314480304718,chunk5_winter,0.001548531465232303,0.18971640896052122
eta_lat_m66p662788_lon_p12p989578.npy,-66.662788,12.989578,200,205,winter,5,0.9649437268575032,chunk5_winter,0.001548531465232303,0.18971640896052122
eta_lat_m68p928383_lon_m11p010422.npy,-68.928383,-11.010422,190,195,winter,5,0.3285005788008372,chunk5_winter,0.001548531465232303,0.18971640896052122
eta_lat_m73p796959_lon_m41p244324.npy,-73.796959,-41.244324,115,120,winter,5,0.4357091287771861,chunk5_winter,0.001548531465232303,0.18971640896052122
eta_lat_m64p202515_lon_p66p989594.npy,-64.202515,66.989594,125,130,winter,5,0.611863374710083,chunk5_winter,0.001548531465232303,0.18971640896052122
eta_lat_m66p662788_lon_m53p010422.npy,-66.662788,-53.010422,160,165,winter,5,0.4474355181058247,chunk5_winter,0.001548531465232303,0.18971640896052122
eta_lat_m71p306725_lon_m29p016449.npy,-71.306725,-29.016449,150,155,winter,5,1.2217638889948528,chunk5_winter,0.001548531465232303,0.18971640896052122
eta_lat_m66p662788_lon_m83p010414.npy,-66.662788,-83.010414,175,180,winter,5,0.1979046016931533,chunk5_winter,0.001548531465232303,0.18971640896052122
eta_lat_m55p389462_lon_p168p989563.npy,-55.389462,168.989563,115,120,winter,5,0.6532699863115946,chunk5_winter,0.001548531465232303,0.18971640896052122
eta_lat_m71p260567_lon_p175p038208.npy,-71.260567,175.038208,145,150,winter,5,0.2265085726976394,chunk5_winter,0.001548531465232303,0.18971640896052122
eta_lat_m70p857033_lon_m130p966385.npy,-70.857033,-130.966385,185,190,winter,5,0.3496758540471394,chunk5_winter,0.001548531465232303,0.18971640896052122
eta_lat_m66p662788_lon_p0p989578.npy,-66.662788,0.989578,155,160,winter,5,0.3634079496065776,chunk5_winter,0.001548531465232303,0.18971640896052122
eta_lat_m55p400803_lon_p168p989563.npy,-55.400803,168.989563,115,120,winter,5,0.5894056061903635,chunk5_winter,0.001548531465232303,0.18971640896052122
eta_lat_m64p202515_lon_p12p989578.npy,-64.202515,12.989578,120,125,winter,5,0.22841477394104,chunk5_winter,0.001548531465232303,0.18971640896052122
eta_lat_m68p928383_lon_m41p010422.npy,-68.928383,-41.010422,180,185,winter,5,0.7563341657320658,chunk5_winter,0.001548531465232303,0.18971640896052122
eta_lat_m73p720367_lon_m47p316681.npy,-73.720367,-47.316681,130,135,winter,5,0.6107661525408427,chunk5_winter,0.001548531465232303,0.18971640896052122
eta_lat_m61p508057_lon_p90p989594.npy,-61.508057,90.989594,180,185,winter,5,0.1990204403797785,chunk5_winter,0.001548531465232303,0.18971640896052122
eta_lat_m73p291496_lon_m160p547073.npy,-73.291496,-160.547073,185,190,winter,5,1.721882740656535,chunk5_winter,0.001548531465232303,0.18971640896052122
eta_lat_m68p928383_lon_m23p010422.npy,-68.928383,-23.010422,180,185,winter,5,0.7507192889849345,chunk5_winter,0.001548531465232303,0.18971640896052122
eta_lat_m73p118896_lon_m154p539932.npy,-73.118896,-154.539932,115,120,winter,5,0.990767498811086,chunk5_winter,0.001548531465232303,0.18971640896052122
eta_lat_m40p414062_lon_p36p989578.npy,-40.414062,36.989578,130,135,winter,5,0.2091681063175201,chunk5_winter,0.001548531465232303,0.18971640896052122
eta_lat_m58p574665_lon_p84p989594.npy,-58.574665,84.989594,145,150,winter,5,0.4019525349140167,chunk5_winter,0.001548531465232303,0.18971640896052122
eta_lat_m75p574257_lon_m165p651382.npy,-75.574257,-165.651382,155,160,winter,5,4.059928814570109,chunk5_winter,0.001548531465232303,0.18971640896052122
eta_lat_m61p508057_lon_p0p989578.npy,-61.508057,0.989578,130,135,winter,5,0.2410157620906829,chunk5_winter,0.001548531465232303,0.18971640896052122
eta_lat_m71p110893_lon_m160p945129.npy,-71.110893,-160.945129,175,180,winter,5,0.6082167625427246,chunk5_winter,0.001548531465232303,0.18971640896052122
eta_lat_m66p662788_lon_m23p010422.npy,-66.662788,-23.010422,175,180,winter,5,0.7473393281300863,chunk5_winter,0.001548531465232303,0.18971640896052122
eta_lat_m70p827019_lon_m124p974617.npy,-70.827019,-124.974617,145,150,winter,5,1.4456008275349934,chunk5_winter,0.001548531465232303,0.18971640896052122
eta_lat_m68p928383_lon_m143p010422.npy,-68.928383,-143.010422,150,155,winter,5,0.2240027338266372,chunk5_winter,0.001548531465232303,0.18971640896052122
eta_lat_m71p317345_lon_m23p007370.npy,-71.317345,-23.00737,165,170,winter,5,0.4803801874319712,chunk5_winter,0.001548531465232303,0.18971640896052122
eta_lat_p65p913406_lon_m30p464722.npy,65.913406,-30.464722,135,140,winter,5,2.083036263783773,chunk5_winter,0.001548531465232303,0.18971640896052122
eta_lat_m64p202515_lon_p60p989578.npy,-64.202515,60.989578,130,135,winter,5,0.3417918384075165,chunk5_winter,0.001548531465232303,0.18971640896052122
eta_lat_m61p508057_lon_p102p989594.npy,-61.508057,102.989594,115,120,winter,5,0.2465812365214029,chunk5_winter,0.001548531465232303,0.18971640896052122
eta_lat_m66p662788_lon_p6p989578.npy,-66.662788,6.989578,125,130,winter,5,0.4946544369061788,chunk5_winter,0.001548531465232303,0.18971640896052122
eta_lat_m76p178772_lon_m41p740692.npy,-76.178772,-41.740692,140,145,winter,5,0.5005882084369659,chunk5_winter,0.001548531465232303,0.18971640896052122
eta_lat_m66p662788_lon_m23p010422.npy,-66.662788,-23.010422,140,145,winter,5,1.42940092086792,chunk5_winter,0.001548531465232303,0.18971640896052122
eta_lat_m68p928383_lon_p174p989563.npy,-68.928383,174.989563,195,200,winter,5,0.197084754705429,chunk5_winter,0.001548531465232303,0.18971640896052122
eta_lat_m55p389462_lon_p90p989594.npy,-55.389462,90.989594,140,145,winter,5,0.3142011761665344,chunk5_winter,0.001548531465232303,0.18971640896052122
eta_lat_m66p662788_lon_p6p989578.npy,-66.662788,6.989578,185,190,winter,5,0.2803932676712672,chunk5_winter,0.001548531465232303,0.18971640896052122
eta_lat_m68p928383_lon_m41p010422.npy,-68.928383,-41.010422,140,145,winter,5,1.0610421895980835,chunk5_winter,0.001548531465232303,0.18971640896052122
eta_lat_m68p928383_lon_m47p010422.npy,-68.928383,-47.010422,170,175,winter,5,0.5289038320382436,chunk5_winter,0.001548531465232303,0.18971640896052122
eta_lat_m66p662788_lon_p30p989578.npy,-66.662788,30.989578,130,135,winter,5,0.2370931655168533,chunk5_winter,0.001548531465232303,0.18971640896052122
eta_lat_m75p355705_lon_m159p614578.npy,-75.355705,-159.614578,180,185,winter,5,1.7265612284342449,chunk5_winter,0.001548531465232303,0.18971640896052122
eta_lat_m72p438423_lon_m118p949417.npy,-72.438423,-118.949417,120,125,winter,5,1.2110425233840942,chunk5_winter,0.001548531465232303,0.18971640896052122
eta_lat_m70p827019_lon_m124p974617.npy,-70.827019,-124.974617,160,165,winter,5,1.3333423932393391,chunk5_winter,0.001548531465232303,0.18971640896052122
eta_lat_m66p662788_lon_m143p010422.npy,-66.662788,-143.010422,145,150,winter,5,0.2770240704218547,chunk5_winter,0.001548531465232303,0.18971640896052122
eta_lat_m66p662788_lon_m161p010422.npy,-66.662788,-161.010422,150,155,winter,5,0.6818719704945883,chunk5_winter,0.001548531465232303,0.18971640896052122
eta_lat_m71p250717_lon_m47p040466.npy,-71.250717,-47.040466,170,175,winter,5,0.419354110956192,chunk5_winter,0.001548531465232303,0.18971640896052122
eta_lat_m58p574665_lon_p126p989594.npy,-58.574665,126.989594,150,155,winter,5,0.2298543999592463,chunk5_winter,0.001548531465232303,0.18971640896052122
eta_lat_m58p574665_lon_p114p989594.npy,-58.574665,114.989594,145,150,winter,5,0.1991417308648427,chunk5_winter,0.001548531465232303,0.18971640896052122
eta_lat_m66p662788_lon_m137p010422.npy,-66.662788,-137.010422,125,130,winter,5,0.2344502906004587,chunk5_winter,0.001548531465232303,0.18971640896052122
eta_lat_m64p202515_lon_m23p010422.npy,-64.202515,-23.010422,175,180,winter,5,0.6636113127072653,chunk5_winter,0.001548531465232303,0.18971640896052122
eta_lat_m68p928383_lon_m5p010422.npy,-68.928383,-5.010422,155,160,winter,5,0.3125448922316233,chunk5_winter,0.001548531465232303,0.18971640896052122
eta_lat_m66p662788_lon_p6p989578.npy,-66.662788,6.989578,170,175,winter,5,0.2337402105331421,chunk5_winter,0.001548531465232303,0.18971640896052122
eta_lat_m64p202515_lon_m35p010422.npy,-64.202515,-35.010422,125,130,winter,5,0.957183301448822,chunk5_winter,0.001548531465232303,0.18971640896052122
eta_lat_m73p859009_lon_m35p162323.npy,-73.859009,-35.162323,140,145,winter,5,0.8126886188983917,chunk5_winter,0.001548531465232303,0.18971640896052122
eta_lat_m48p374134_lon_m47p010422.npy,-48.374134,-47.010422,125,130,winter,5,0.2603257397810618,chunk5_winter,0.001548531465232303,0.18971640896052122
eta_lat_m70p951729_lon_m142p952744.npy,-70.951729,-142.952744,185,190,winter,5,0.3341369728247325,chunk5_winter,0.001548531465232303,0.18971640896052122
eta_lat_m71p216316_lon_m53p046265.npy,-71.216316,-53.046265,190,195,winter,5,1.0395062168439229,chunk5_winter,0.001548531465232303,0.18971640896052122
eta_lat_m73p433556_lon_m166p559235.npy,-73.433556,-166.559235,150,155,winter,5,1.702667236328125,chunk5_winter,0.001548531465232303,0.18971640896052122
eta_lat_m75p574257_lon_m165p651382.npy,-75.574257,-165.651382,175,180,winter,5,2.0834019581476846,chunk5_winter,0.001548531465232303,0.18971640896052122
eta_lat_m68p928383_lon_m59p010422.npy,-68.928383,-59.010422,145,150,winter,5,1.2848012844721477,chunk5_winter,0.001548531465232303,0.18971640896052122
eta_lat_m73p545830_lon_m172p573288.npy,-73.54583,-172.573288,140,145,winter,5,1.9518530368804927,chunk5_winter,0.001548531465232303,0.18971640896052122
eta_lat_m71p317345_lon_m23p007370.npy,-71.317345,-23.00737,155,160,winter,5,0.9428576231002808,chunk5_winter,0.001548531465232303,0.18971640896052122
eta_lat_m76p178772_lon_m41p740692.npy,-76.178772,-41.740692,160,165,winter,5,0.4250995516777038,chunk5_winter,0.001548531465232303,0.18971640896052122
eta_lat_m71p110893_lon_m160p945129.npy,-71.110893,-160.945129,130,135,winter,5,0.5334669848283132,chunk5_winter,0.001548531465232303,0.18971640896052122
eta_lat_m58p574665_lon_p84p989594.npy,-58.574665,84.989594,150,155,winter,5,0.2287172377109527,chunk5_winter,0.001548531465232303,0.18971640896052122
eta_lat_m55p389462_lon_m131p010422.npy,-55.389462,-131.010422,180,185,winter,5,0.2942807773749034,chunk5_winter,0.001548531465232303,0.18971640896052122
eta_lat_m68p928383_lon_m29p010422.npy,-68.928383,-29.010422,190,195,winter,5,0.7579155961672465,chunk5_winter,0.001548531465232303,0.18971640896052122
eta_lat_m64p202515_lon_m17p010422.npy,-64.202515,-17.010422,185,190,winter,5,0.4864716430505116,chunk5_winter,0.001548531465232303,0.18971640896052122
eta_lat_m55p400803_lon_m53p010422.npy,-55.400803,-53.010422,170,175,winter,5,0.1983332931995391,chunk5_winter,0.001548531465232303,0.18971640896052122
eta_lat_m66p662788_lon_m11p010422.npy,-66.662788,-11.010422,145,150,winter,5,0.8718333045641581,chunk5_winter,0.001548531465232303,0.18971640896052122
eta_lat_m55p400803_lon_p150p989563.npy,-55.400803,150.989563,190,195,winter,5,0.2141589323679606,chunk5_winter,0.001548531465232303,0.18971640896052122
eta_lat_m70p951729_lon_m142p952744.npy,-70.951729,-142.952744,145,150,winter,5,0.6369243462880453,chunk5_winter,0.001548531465232303,0.18971640896052122
eta_lat_m68p928383_lon_m149p010422.npy,-68.928383,-149.010422,155,160,winter,5,0.2840640644232432,chunk5_winter,0.001548531465232303,0.18971640896052122
eta_lat_m70p831284_lon_m107p022827.npy,-70.831284,-107.022827,185,190,winter,5,0.2063126216332117,chunk5_winter,0.001548531465232303,0.18971640896052122
eta_lat_m75p574257_lon_m165p651382.npy,-75.574257,-165.651382,125,130,winter,5,2.012982805569967,chunk5_winter,0.001548531465232303,0.18971640896052122
eta_lat_m72p830154_lon_m142p626068.npy,-72.830154,-142.626068,135,140,winter,5,1.505898634592692,chunk5_winter,0.001548531465232303,0.18971640896052122
eta_lat_m55p389462_lon_m59p010422.npy,-55.389462,-59.010422,195,200,winter,5,0.680616041024526,chunk5_winter,0.001548531465232303,0.18971640896052122
eta_lat_m71p306725_lon_m29p016449.npy,-71.306725,-29.016449,200,205,winter,5,0.6928685506184896,chunk5_winter,0.001548531465232303,0.18971640896052122
eta_lat_m66p662788_lon_p18p989578.npy,-66.662788,18.989578,115,120,winter,5,0.2739758094151814,chunk5_winter,0.001548531465232303,0.18971640896052122
eta_lat_m66p662788_lon_m29p010422.npy,-66.662788,-29.010422,195,200,winter,5,0.859156608581543,chunk5_winter,0.001548531465232303,0.18971640896052122
eta_lat_m68p928383_lon_m41p010422.npy,-68.928383,-41.010422,115,120,winter,5,0.8196848630905151,chunk5_winter,0.001548531465232303,0.18971640896052122
eta_lat_m66p662788_lon_m11p010422.npy,-66.662788,-11.010422,165,170,winter,5,0.3756802429755528,chunk5_winter,0.001548531465232303,0.18971640896052122
eta_lat_m70p897415_lon_m136p959152.npy,-70.897415,-136.959152,160,165,winter,5,0.5003985663255056,chunk5_winter,0.001548531465232303,0.18971640896052122
eta_lat_m55p389462_lon_p150p989563.npy,-55.389462,150.989563,195,200,winter,5,0.2229339430729548,chunk5_winter,0.001548531465232303,0.18971640896052122
eta_lat_m64p202515_lon_m17p010422.npy,-64.202515,-17.010422,160,165,winter,5,0.635399599870046,chunk5_winter,0.001548531465232303,0.18971640896052122
eta_lat_m71p197975_lon_m172p950165.npy,-71.197975,-172.950165,125,130,winter,5,1.5983102321624756,chunk5_winter,0.001548531465232303,0.18971640896052122
eta_lat_p51p994694_lon_m23p010422.npy,51.994694,-23.010422,120,125,winter,5,0.2202536910772323,chunk5_winter,0.001548531465232303,0.18971640896052122
eta_lat_m61p508057_lon_m17p010422.npy,-61.508057,-17.010422,160,165,winter,5,0.2070593883593877,chunk5_winter,0.001548531465232303,0.18971640896052122
eta_lat_m71p296463_lon_m35p025223.npy,-71.296463,-35.025223,120,125,winter,5,0.414699708422025,chunk5_winter,0.001548531465232303,0.18971640896052122
eta_lat_m70p857033_lon_m130p966385.npy,-70.857033,-130.966385,165,170,winter,5,0.5371082524458567,chunk5_winter,0.001548531465232303,0.18971640896052122
eta_lat_m66p662788_lon_m149p010422.npy,-66.662788,-149.010422,195,200,winter,5,0.3519836366176605,chunk5_winter,0.001548531465232303,0.18971640896052122
eta_lat_m73p118896_lon_m154p539932.npy,-73.118896,-154.539932,165,170,winter,5,0.8686908284823099,chunk5_winter,0.001548531465232303,0.18971640896052122
eta_lat_m71p306725_lon_m29p016449.npy,-71.306725,-29.016449,155,160,winter,5,2.1799312035242715,chunk5_winter,0.001548531465232303,0.18971640896052122
eta_lat_m61p508057_lon_m23p010422.npy,-61.508057,-23.010422,115,120,winter,5,0.6904983520507812,chunk5_winter,0.001548531465232303,0.18971640896052122
eta_lat_m55p400803_lon_p174p989563.npy,-55.400803,174.989563,155,160,winter,5,0.2016475200653076,chunk5_winter,0.001548531465232303,0.18971640896052122
eta_lat_m71p216316_lon_m53p046265.npy,-71.216316,-53.046265,145,150,winter,5,0.9898651440938314,chunk5_winter,0.001548531465232303,0.18971640896052122
eta_lat_m64p202515_lon_m161p010422.npy,-64.202515,-161.010422,115,120,winter,5,0.8931425015131632,chunk5_winter,0.001548531465232303,0.18971640896052122
eta_lat_p36p058659_lon_p156p989563.npy,36.058659,156.989563,165,170,winter,5,0.2169180313746134,chunk5_winter,0.001548531465232303,0.18971640896052122
eta_lat_m64p202515_lon_m29p010422.npy,-64.202515,-29.010422,135,140,winter,5,0.5035285949707031,chunk5_winter,0.001548531465232303,0.18971640896052122
eta_lat_p51p994694_lon_m23p010422.npy,51.994694,-23.010422,180,185,winter,5,0.1899918367465337,chunk5_winter,0.001548531465232303,0.18971640896052122
eta_lat_m61p508057_lon_p0p989578.npy,-61.508057,0.989578,125,130,winter,5,0.290307472149531,chunk5_winter,0.001548531465232303,0.18971640896052122
eta_lat_m66p662788_lon_p0p989578.npy,-66.662788,0.989578,120,125,winter,5,0.672646164894104,chunk5_winter,0.001548531465232303,0.18971640896052122
eta_lat_m72p979408_lon_m148p561707.npy,-72.979408,-148.561707,175,180,winter,5,0.8206574519475301,chunk5_winter,0.001548531465232303,0.18971640896052122
eta_lat_m55p389462_lon_m59p010422.npy,-55.389462,-59.010422,190,195,winter,5,0.2148166050513585,chunk5_winter,0.001548531465232303,0.18971640896052122
eta_lat_m68p928383_lon_m149p010422.npy,-68.928383,-149.010422,180,185,winter,5,0.3221944918235143,chunk5_winter,0.001548531465232303,0.18971640896052122
eta_lat_m72p442223_lon_m113p020538.npy,-72.442223,-113.020538,145,150,winter,5,0.5082527200380961,chunk5_winter,0.001548531465232303,0.18971640896052122
eta_lat_m68p928383_lon_m17p010422.npy,-68.928383,-17.010422,115,120,winter,5,1.2314075628916423,chunk5_winter,0.001548531465232303,0.18971640896052122
eta_lat_m55p389462_lon_p150p989563.npy,-55.389462,150.989563,140,145,winter,5,0.2133964349826177,chunk5_winter,0.001548531465232303,0.18971640896052122
eta_lat_m51p994694_lon_p84p989594.npy,-51.994694,84.989594,190,195,winter,5,0.2072521050771077,chunk5_winter,0.001548531465232303,0.18971640896052122
eta_lat_m64p202515_lon_m47p010422.npy,-64.202515,-47.010422,135,140,winter,5,0.5900700191656748,chunk5_winter,0.001548531465232303,0.18971640896052122
eta_lat_m64p202515_lon_m155p010422.npy,-64.202515,-155.010422,135,140,winter,5,0.5536986142396927,chunk5_winter,0.001548531465232303,0.18971640896052122
eta_lat_m66p662788_lon_m53p010422.npy,-66.662788,-53.010422,180,185,winter,5,0.9787155191103616,chunk5_winter,0.001548531465232303,0.18971640896052122
eta_lat_m58p574665_lon_m17p010422.npy,-58.574665,-17.010422,125,130,winter,5,0.3034298519293467,chunk5_winter,0.001548531465232303,0.18971640896052122
eta_lat_m51p994694_lon_p126p989594.npy,-51.994694,126.989594,125,130,winter,5,0.2192929337422053,chunk5_winter,0.001548531465232303,0.18971640896052122
eta_lat_m55p389462_lon_p162p989563.npy,-55.389462,162.989563,155,160,winter,5,0.2307539731264114,chunk5_winter,0.001548531465232303,0.18971640896052122
eta_lat_m66p662788_lon_m23p010422.npy,-66.662788,-23.010422,125,130,winter,5,1.334354559580485,chunk5_winter,0.001548531465232303,0.18971640896052122
eta_lat_m66p662788_lon_m161p010422.npy,-66.662788,-161.010422,145,150,winter,5,0.903007984161377,chunk5_winter,0.001548531465232303,0.18971640896052122
eta_lat_m52p006847_lon_m29p010422.npy,-52.006847,-29.010422,145,150,winter,5,0.1913879712422689,chunk5_winter,0.001548531465232303,0.18971640896052122
eta_lat_p65p913406_lon_m30p464722.npy,65.913406,-30.464722,145,150,winter,5,2.3271164099375405,chunk5_winter,0.001548531465232303,0.18971640896052122
eta_lat_m72p569344_lon_m130p758957.npy,-72.569344,-130.758957,155,160,winter,5,1.2060054143269856,chunk5_winter,0.001548531465232303,0.18971640896052122
eta_lat_m64p202515_lon_p42p989578.npy,-64.202515,42.989578,115,120,winter,5,0.2812838753064473,chunk5_winter,0.001548531465232303,0.18971640896052122
eta_lat_m66p662788_lon_m161p010422.npy,-66.662788,-161.010422,175,180,winter,5,0.8081519405047098,chunk5_winter,0.001548531465232303,0.18971640896052122
eta_lat_m66p662788_lon_m5p010422.npy,-66.662788,-5.010422,165,170,winter,5,0.220246821641922,chunk5_winter,0.001548531465232303,0.18971640896052122
eta_lat_m55p400803_lon_p150p989563.npy,-55.400803,150.989563,145,150,winter,5,0.2202188521623611,chunk5_winter,0.001548531465232303,0.18971640896052122
eta_lat_m64p202515_lon_m47p010422.npy,-64.202515,-47.010422,140,145,winter,5,0.9868245919545492,chunk5_winter,0.001548531465232303,0.18971640896052122
eta_lat_m75p785980_lon_m171p738495.npy,-75.78598,-171.738495,175,180,winter,5,2.285682717959086,chunk5_winter,0.001548531465232303,0.18971640896052122
eta_lat_m73p545830_lon_m172p573288.npy,-73.54583,-172.573288,170,175,winter,5,2.232154607772827,chunk5_winter,0.001548531465232303,0.18971640896052122
eta_lat_m72p442223_lon_m113p020538.npy,-72.442223,-113.020538,135,140,winter,5,0.7137694557507833,chunk5_winter,0.001548531465232303,0.18971640896052122
eta_lat_m68p928383_lon_m35p010422.npy,-68.928383,-35.010422,160,165,winter,5,0.8151380022366842,chunk5_winter,0.001548531465232303,0.18971640896052122
eta_lat_m52p006847_lon_p126p989594.npy,-52.006847,126.989594,175,180,winter,5,0.1948428650697072,chunk5_winter,0.001548531465232303,0.18971640896052122
eta_lat_m66p662788_lon_m53p010422.npy,-66.662788,-53.010422,185,190,winter,5,1.2131441831588743,chunk5_winter,0.001548531465232303,0.18971640896052122
eta_lat_m71p057938_lon_m154p945801.npy,-71.057938,-154.945801,115,120,winter,5,0.7730528910954794,chunk5_winter,0.001548531465232303,0.18971640896052122
eta_lat_m68p928383_lon_m53p010422.npy,-68.928383,-53.010422,175,180,winter,5,0.3706112653017044,chunk5_winter,0.001548531465232303,0.18971640896052122
eta_lat_m68p928383_lon_m5p010422.npy,-68.928383,-5.010422,175,180,winter,5,0.7182096044222513,chunk5_winter,0.001548531465232303,0.18971640896052122
eta_lat_m70p951729_lon_m142p952744.npy,-70.951729,-142.952744,120,125,winter,5,0.3949495653311412,chunk5_winter,0.001548531465232303,0.18971640896052122
eta_lat_m71p296463_lon_m35p025223.npy,-71.296463,-35.025223,170,175,winter,5,0.7088542779286703,chunk5_winter,0.001548531465232303,0.18971640896052122
eta_lat_m40p414062_lon_p30p989578.npy,-40.414062,30.989578,170,175,winter,5,0.1981231123208999,chunk5_winter,0.001548531465232303,0.18971640896052122
eta_lat_m68p928383_lon_m29p010422.npy,-68.928383,-29.010422,170,175,winter,5,0.65809432665507,chunk5_winter,0.001548531465232303,0.18971640896052122
eta_lat_m55p389462_lon_p90p989594.npy,-55.389462,90.989594,175,180,winter,5,0.2029173821210861,chunk5_winter,0.001548531465232303,0.18971640896052122
eta_lat_m55p400803_lon_p162p989563.npy,-55.400803,162.989563,180,185,winter,5,0.3100634068250656,chunk5_winter,0.001548531465232303,0.18971640896052122
eta_lat_m72p979408_lon_m148p561707.npy,-72.979408,-148.561707,120,125,winter,5,1.160704453786214,chunk5_winter,0.001548531465232303,0.18971640896052122
eta_lat_m68p928383_lon_m101p010414.npy,-68.928383,-101.010414,155,160,winter,5,0.3388414879639943,chunk5_winter,0.001548531465232303,0.18971640896052122
eta_lat_m66p662788_lon_m47p010422.npy,-66.662788,-47.010422,160,165,winter,5,0.5942469040552775,chunk5_winter,0.001548531465232303,0.18971640896052122
eta_lat_m48p374134_lon_p114p989594.npy,-48.374134,114.989594,115,120,winter,5,0.2521458019812901,chunk5_winter,0.001548531465232303,0.18971640896052122
eta_lat_m64p202515_lon_m41p010422.npy,-64.202515,-41.010422,140,145,winter,5,0.5637600620587667,chunk5_winter,0.001548531465232303,0.18971640896052122
eta_lat_p61p579643_lon_m58p686073.npy,61.579643,-58.686073,120,125,winter,5,0.2376774748166402,chunk5_winter,0.001548531465232303,0.18971640896052122
eta_lat_m64p202515_lon_m11p010422.npy,-64.202515,-11.010422,150,155,winter,5,0.7206159234046936,chunk5_winter,0.001548531465232303,0.18971640896052122
eta_lat_m73p888268_lon_m29p051193.npy,-73.888268,-29.051193,165,170,winter,5,0.9174174865086874,chunk5_winter,0.001548531465232303,0.18971640896052122
eta_lat_m68p928383_lon_m59p010422.npy,-68.928383,-59.010422,170,175,winter,5,0.7130879362424215,chunk5_winter,0.001548531465232303,0.18971640896052122
eta_lat_m61p508057_lon_m11p010422.npy,-61.508057,-11.010422,115,120,winter,5,0.6455028454462687,chunk5_winter,0.001548531465232303,0.18971640896052122
eta_lat_m70p857033_lon_m130p966385.npy,-70.857033,-130.966385,120,125,winter,5,1.2727553844451904,chunk5_winter,0.001548531465232303,0.18971640896052122
eta_lat_m55p400803_lon_p168p989563.npy,-55.400803,168.989563,155,160,winter,5,0.3849757115046183,chunk5_winter,0.001548531465232303,0.18971640896052122
eta_lat_m71p110893_lon_m160p945129.npy,-71.110893,-160.945129,155,160,winter,5,0.6014017462730408,chunk5_winter,0.001548531465232303,0.18971640896052122
eta_lat_m66p662788_lon_m29p010422.npy,-66.662788,-29.010422,155,160,winter,5,0.8225134213765463,chunk5_winter,0.001548531465232303,0.18971640896052122
eta_lat_m44p523903_lon_p66p989594.npy,-44.523903,66.989594,200,205,winter,5,0.2429294983545939,chunk5_winter,0.001548531465232303,0.18971640896052122
eta_lat_m73p433556_lon_m166p559235.npy,-73.433556,-166.559235,145,150,winter,5,1.689782698949178,chunk5_winter,0.001548531465232303,0.18971640896052122
eta_lat_m73p621971_lon_m53p396431.npy,-73.621971,-53.396431,200,205,winter,5,0.753945012887319,chunk5_winter,0.001548531465232303,0.18971640896052122
eta_lat_m51p994694_lon_p156p989563.npy,-51.994694,156.989563,185,190,winter,5,0.2816855609416961,chunk5_winter,0.001548531465232303,0.18971640896052122
eta_lat_m55p400803_lon_m53p010422.npy,-55.400803,-53.010422,130,135,winter,5,0.26583132147789,chunk5_winter,0.001548531465232303,0.18971640896052122
eta_lat_m52p006847_lon_p84p989594.npy,-52.006847,84.989594,120,125,winter,5,0.3040239711602528,chunk5_winter,0.001548531465232303,0.18971640896052122
eta_lat_m71p152878_lon_m166p947037.npy,-71.152878,-166.947037,125,130,winter,5,1.706087946891785,chunk5_winter,0.001548531465232303,0.18971640896052122
eta_lat_m68p928383_lon_m155p010422.npy,-68.928383,-155.010422,185,190,winter,5,0.366769681374232,chunk5_winter,0.001548531465232303,0.18971640896052122
eta_lat_m66p662788_lon_p6p989578.npy,-66.662788,6.989578,115,120,winter,5,0.6150032083193461,chunk5_winter,0.001548531465232303,0.18971640896052122
eta_lat_m71p011032_lon_m148p947784.npy,-71.011032,-148.947784,140,145,winter,5,0.4224291443824768,chunk5_winter,0.001548531465232303,0.18971640896052122
eta_lat_p44p523903_lon_m173p010422.npy,44.523903,-173.010422,115,120,winter,5,0.2112236122290293,chunk5_winter,0.001548531465232303,0.18971640896052122
eta_lat_m68p928383_lon_m95p010414.npy,-68.928383,-95.010414,125,130,winter,5,0.8829694191614786,chunk5_winter,0.001548531465232303,0.18971640896052122
eta_lat_m71p216316_lon_m53p046265.npy,-71.216316,-53.046265,140,145,winter,5,0.3131072223186493,chunk5_winter,0.001548531465232303,0.18971640896052122
eta_lat_m66p662788_lon_m167p010422.npy,-66.662788,-167.010422,195,200,winter,5,0.3531669278939565,chunk5_winter,0.001548531465232303,0.18971640896052122
eta_lat_m70p951729_lon_m142p952744.npy,-70.951729,-142.952744,200,205,winter,5,0.2465391059716542,chunk5_winter,0.001548531465232303,0.18971640896052122
eta_lat_m68p928383_lon_m59p010422.npy,-68.928383,-59.010422,140,145,winter,5,1.3908578554789226,chunk5_winter,0.001548531465232303,0.18971640896052122
eta_lat_m61p508057_lon_m17p010422.npy,-61.508057,-17.010422,155,160,winter,5,0.1957325935363769,chunk5_winter,0.001548531465232303,0.18971640896052122
eta_lat_m61p508057_lon_p78p989594.npy,-61.508057,78.989594,115,120,winter,5,0.5642681221167246,chunk5_winter,0.001548531465232303,0.18971640896052122
eta_lat_m40p414062_lon_p12p989578.npy,-40.414062,12.989578,165,170,winter,5,0.1905181407928466,chunk5_winter,0.001548531465232303,0.18971640896052122
eta_lat_m68p928383_lon_m11p010422.npy,-68.928383,-11.010422,200,205,winter,5,0.3951487938563029,chunk5_winter,0.001548531465232303,0.18971640896052122
eta_lat_m64p202515_lon_p78p989594.npy,-64.202515,78.989594,125,130,winter,5,0.2117192397514979,chunk5_winter,0.001548531465232303,0.18971640896052122
eta_lat_m72p442223_lon_m113p020538.npy,-72.442223,-113.020538,150,155,winter,5,0.3934297362963359,chunk5_winter,0.001548531465232303,0.18971640896052122
eta_lat_m68p928383_lon_m47p010422.npy,-68.928383,-47.010422,150,155,winter,5,0.732983926932017,chunk5_winter,0.001548531465232303,0.18971640896052122
eta_lat_p36p058659_lon_p150p989563.npy,36.058659,150.989563,185,190,winter,5,0.2252636005481084,chunk5_winter,0.001548531465232303,0.18971640896052122
eta_lat_m64p202515_lon_p18p989578.npy,-64.202515,18.989578,120,125,winter,5,0.2344944973786672,chunk5_winter,0.001548531465232303,0.18971640896052122
eta_lat_m72p830154_lon_m142p626068.npy,-72.830154,-142.626068,170,175,winter,5,1.053750475247701,chunk5_winter,0.001548531465232303,0.18971640896052122
eta_lat_m64p202515_lon_p0p989578.npy,-64.202515,0.989578,120,125,winter,5,0.6750439802805582,chunk5_winter,0.001548531465232303,0.18971640896052122
eta_lat_m70p821320_lon_m118p983330.npy,-70.82132,-118.98333,135,140,winter,5,0.5298433204491934,chunk5_winter,0.001548531465232303,0.18971640896052122
eta_lat_m71p011032_lon_m148p947784.npy,-71.011032,-148.947784,115,120,winter,5,0.4323344230651855,chunk5_winter,0.001548531465232303,0.18971640896052122
eta_lat_m66p662788_lon_p36p989578.npy,-66.662788,36.989578,130,135,winter,5,0.3887027502059936,chunk5_winter,0.001548531465232303,0.18971640896052122
eta_lat_m68p928383_lon_m23p010422.npy,-68.928383,-23.010422,190,195,winter,5,0.5987357099850973,chunk5_winter,0.001548531465232303,0.18971640896052122
eta_lat_m73p720367_lon_m47p316681.npy,-73.720367,-47.316681,120,125,winter,5,0.4005435804526011,chunk5_winter,0.001548531465232303,0.18971640896052122
eta_lat_m68p928383_lon_p174p989563.npy,-68.928383,174.989563,200,205,winter,5,0.4322289725144704,chunk5_winter,0.001548531465232303,0.18971640896052122
eta_lat_m71p057938_lon_m154p945801.npy,-71.057938,-154.945801,200,205,winter,5,0.1932714929183324,chunk5_winter,0.001548531465232303,0.18971640896052122
