file_name,lat,lon,start,end,season,chunk_size,crps
eta_lat_m75p355705_lon_m159p614578.npy,-75.355705,-159.614578,10,20,summer,10,4.592978239059448
eta_lat_m40p414062_lon_p156p989563.npy,-40.414062,156.989563,0,10,summer,10,0.12072022585198283
eta_lat_m71p216316_lon_m53p046265.npy,-71.216316,-53.046265,20,30,summer,10,4.434174627065659
eta_lat_m61p508057_lon_m125p010414.npy,-61.508057,-125.010414,360,370,summer,10,0.0808699568733573
eta_lat_m58p574665_lon_p144p989563.npy,-58.574665,144.989563,330,340,summer,10,0.15260648727416992
eta_lat_m55p389462_lon_m59p010422.npy,-55.389462,-59.010422,370,380,summer,10,0.44532702304422855
eta_lat_p11p027672_lon_m125p010414.npy,11.027672,-125.010414,360,370,summer,10,0.1518306266516447
eta_lat_m71p057938_lon_m154p945801.npy,-71.057938,-154.945801,10,20,summer,10,0.16386585216969252
eta_lat_m51p994694_lon_m155p010422.npy,-51.994694,-155.010422,370,380,summer,10,0.2116123316809535
eta_lat_m36p058659_lon_m119p010414.npy,-36.058659,-119.010414,0,10,summer,10,0.11774166952818632
eta_lat_m75p785980_lon_m171p738495.npy,-75.78598,-171.738495,400,410,summer,10,2.071302190423012
eta_lat_m52p006847_lon_p90p989594.npy,-52.006847,90.989594,410,420,summer,10,0.2495802864432335
eta_lat_p65p913406_lon_m30p464722.npy,65.913406,-30.464722,30,40,summer,10,0.4047391600906849
eta_lat_m36p058659_lon_p48p989578.npy,-36.058659,48.989578,20,30,summer,10,0.09625610336661339
eta_lat_p40p414062_lon_m23p010422.npy,40.414062,-23.010422,0,10,summer,10,0.13640171661973
eta_lat_m71p306725_lon_m29p016449.npy,-71.306725,-29.016449,340,350,summer,10,0.6629804074764252
eta_lat_m61p508057_lon_p24p989578.npy,-61.508057,24.989578,370,380,summer,10,0.3069090135395527
eta_lat_m52p006847_lon_p0p989578.npy,-52.006847,0.989578,10,20,summer,10,0.13388607604429126
eta_lat_m21p610189_lon_m101p010414.npy,-21.610189,-101.010414,20,30,summer,10,0.07168673444539309
eta_lat_m16p395037_lon_m113p010414.npy,-16.395037,-113.010414,40,50,summer,10,0.14710448822006583
eta_lat_m52p006847_lon_p114p989594.npy,-52.006847,114.989594,340,350,summer,10,0.09976492263376713
eta_lat_m61p508057_lon_p18p989578.npy,-61.508057,18.989578,350,360,summer,10,0.3020864464342594
eta_lat_m61p508057_lon_m77p010414.npy,-61.508057,-77.010414,390,400,summer,10,0.2176673850044608
eta_lat_p36p058659_lon_m137p010422.npy,36.058659,-137.010422,340,350,summer,10,0.17178540956228971
eta_lat_m52p006847_lon_p30p989578.npy,-52.006847,30.989578,370,380,summer,10,0.3005403559654951
eta_lat_p0p009682_lon_m113p010414.npy,0.009682,-113.010414,410,420,summer,10,0.23039952665567398
eta_lat_m5p545479_lon_p90p989594.npy,-5.545479,90.989594,30,40,summer,10,0.16941062919795513
eta_lat_m68p928383_lon_m173p010422.npy,-68.928383,-173.010422,40,50,summer,10,0.879643015563488
eta_lat_m64p202515_lon_p36p989578.npy,-64.202515,36.989578,370,380,summer,10,0.32618075981736183
eta_lat_m72p830154_lon_m142p626068.npy,-72.830154,-142.626068,350,360,summer,10,2.330514147877693
eta_lat_m48p374134_lon_p126p989594.npy,-48.374134,126.989594,330,340,summer,10,0.2909509167075157
eta_lat_p26p641497_lon_m59p010422.npy,26.641497,-59.010422,30,40,summer,10,0.0741082183085382
eta_lat_m64p202515_lon_m83p010414.npy,-64.202515,-83.010414,400,410,summer,10,0.11390035413205624
eta_lat_p11p027672_lon_m125p010414.npy,11.027672,-125.010414,330,340,summer,10,0.161888986825943
eta_lat_p36p058659_lon_m59p010422.npy,36.058659,-59.010422,410,420,summer,10,0.2583070546388626
eta_lat_m40p414062_lon_p162p989563.npy,-40.414062,162.989563,390,400,summer,10,0.16672069346532226
eta_lat_m52p006847_lon_p114p989594.npy,-52.006847,114.989594,400,410,summer,10,0.1553776143118739
eta_lat_m58p574665_lon_p174p989563.npy,-58.574665,174.989563,370,380,summer,10,0.22737938351929188
eta_lat_m36p058659_lon_p60p989578.npy,-36.058659,60.989578,20,30,summer,10,0.09191750129684806
eta_lat_m48p374134_lon_m107p010414.npy,-48.374134,-107.010414,340,350,summer,10,0.17180974083021283
eta_lat_m64p202515_lon_p48p989578.npy,-64.202515,48.989578,390,400,summer,10,0.5779072009027004
eta_lat_p0p009682_lon_m149p010422.npy,0.009682,-149.010422,370,380,summer,10,0.1587616242468357
eta_lat_p5p545479_lon_m155p010422.npy,5.545479,-155.010422,390,400,summer,10,0.19381661340594292
eta_lat_m31p463802_lon_m89p010414.npy,-31.463802,-89.010414,410,420,summer,10,0.062156039755791426
eta_lat_m48p374134_lon_p30p989578.npy,-48.374134,30.989578,330,340,summer,10,0.12177828326821327
eta_lat_m11p027672_lon_m113p010414.npy,-11.027672,-113.010414,400,410,summer,10,0.17496725637465715
eta_lat_m31p463802_lon_m101p010414.npy,-31.463802,-101.010414,400,410,summer,10,0.08728386368602514
eta_lat_m5p545479_lon_m131p010422.npy,-5.545479,-131.010422,350,360,summer,10,0.11720780469477177
eta_lat_m36p058659_lon_m47p010422.npy,-36.058659,-47.010422,410,420,summer,10,0.3765522874891758
eta_lat_p5p545479_lon_p60p989578.npy,5.545479,60.989578,340,350,summer,10,0.2455763127654791
eta_lat_m31p463802_lon_p36p989578.npy,-31.463802,36.989578,0,10,summer,10,0.1307004066184163
eta_lat_p5p545479_lon_m125p010414.npy,5.545479,-125.010414,30,40,summer,10,0.1470388825982809
eta_lat_m36p058659_lon_p6p989578.npy,-36.058659,6.989578,380,390,summer,10,0.12025374919176102
eta_lat_p11p027672_lon_m155p010422.npy,11.027672,-155.010422,400,410,summer,10,0.145848429761827
eta_lat_m71p057938_lon_m154p945801.npy,-71.057938,-154.945801,350,360,summer,10,1.398823767900467
eta_lat_m21p610189_lon_p78p989594.npy,-21.610189,78.989594,0,10,summer,10,0.10155823547393084
eta_lat_m52p006847_lon_m17p010422.npy,-52.006847,-17.010422,40,50,summer,10,0.1328879753127694
eta_lat_m0p009682_lon_p54p989578.npy,-0.009682,54.989578,350,360,summer,10,0.22595801763236523
eta_lat_m44p523903_lon_p60p989578.npy,-44.523903,60.989578,360,370,summer,10,0.276206293143332
eta_lat_m5p545479_lon_m107p010414.npy,-5.545479,-107.010414,10,20,summer,10,0.30430485866963863
eta_lat_m58p574665_lon_m125p010414.npy,-58.574665,-125.010414,30,40,summer,10,0.19563788501545787
eta_lat_m61p508057_lon_p12p989578.npy,-61.508057,12.989578,40,50,summer,10,0.238013606518507
eta_lat_p40p414062_lon_m47p010422.npy,40.414062,-47.010422,410,420,summer,10,0.11926030647009611
eta_lat_m61p508057_lon_p6p989578.npy,-61.508057,6.989578,340,350,summer,10,0.1635130075737834
eta_lat_m5p545479_lon_m5p010422.npy,-5.545479,-5.010422,360,370,summer,10,0.10727456863969564
eta_lat_p26p641497_lon_m41p010422.npy,26.641497,-41.010422,400,410,summer,10,0.16863182559609413
eta_lat_m68p928383_lon_m83p010414.npy,-68.928383,-83.010414,10,20,summer,10,1.1503268033266068
eta_lat_m48p374134_lon_m41p010422.npy,-48.374134,-41.010422,360,370,summer,10,0.24716119468212128
eta_lat_m68p928383_lon_m41p010422.npy,-68.928383,-41.010422,20,30,summer,10,0.6547545567154884
eta_lat_m44p523903_lon_m29p010422.npy,-44.523903,-29.010422,30,40,summer,10,0.08574238419532776
eta_lat_m36p058659_lon_m101p010414.npy,-36.058659,-101.010414,330,340,summer,10,0.0801181667484343
eta_lat_p51p994694_lon_m29p010422.npy,51.994694,-29.010422,380,390,summer,10,0.1699624191969633
eta_lat_m0p009682_lon_p66p989594.npy,-0.009682,66.989594,0,10,summer,10,0.17660904582589865
eta_lat_p31p463802_lon_m167p010422.npy,31.463802,-167.010422,360,370,summer,10,0.07472174894064665
eta_lat_p51p994694_lon_p150p989563.npy,51.994694,150.989563,10,20,summer,10,0.08660304872319102
eta_lat_m51p994694_lon_m5p010422.npy,-51.994694,-5.010422,390,400,summer,10,0.09624371211975813
eta_lat_m44p523903_lon_m107p010414.npy,-44.523903,-107.010414,370,380,summer,10,0.11555606964975595
eta_lat_m64p202515_lon_p30p989578.npy,-64.202515,30.989578,390,400,summer,10,0.25379547476768494
eta_lat_m55p400803_lon_m53p010422.npy,-55.400803,-53.010422,370,380,summer,10,0.7681075595319271
eta_lat_m55p389462_lon_p66p989594.npy,-55.389462,66.989594,350,360,summer,10,0.12927368422970176
eta_lat_p70p660629_lon_m0p213028.npy,70.660629,-0.213028,410,420,summer,10,0.07256897445768118
eta_lat_m68p928383_lon_m23p010422.npy,-68.928383,-23.010422,10,20,summer,10,0.8343511894345284
eta_lat_m72p438423_lon_m118p949417.npy,-72.438423,-118.949417,20,30,summer,10,0.6427208818495274
eta_lat_m48p374134_lon_m161p010422.npy,-48.374134,-161.010422,340,350,summer,10,0.12258763983845711
eta_lat_m16p395037_lon_m23p010422.npy,-16.395037,-23.010422,10,20,summer,10,0.22688331920653582
eta_lat_m52p006847_lon_m125p010414.npy,-52.006847,-125.010414,360,370,summer,10,0.1910280752927065
eta_lat_m64p202515_lon_m77p010414.npy,-64.202515,-77.010414,330,340,summer,10,0.15084911230951548
eta_lat_p55p389462_lon_m41p010422.npy,55.389462,-41.010422,380,390,summer,10,0.18862387537956238
eta_lat_m26p641497_lon_p60p989578.npy,-26.641497,60.989578,380,390,summer,10,0.08843404054641724
eta_lat_m55p389462_lon_m113p010414.npy,-55.389462,-113.010414,40,50,summer,10,0.18326466623693705
eta_lat_p40p414062_lon_p168p989563.npy,40.414062,168.989563,30,40,summer,10,0.11275615356862545
eta_lat_m61p508057_lon_p78p989594.npy,-61.508057,78.989594,10,20,summer,10,0.30097008496522903
eta_lat_m55p400803_lon_m11p010422.npy,-55.400803,-11.010422,350,360,summer,10,0.08059262577444315
eta_lat_p21p610189_lon_m23p010422.npy,21.610189,-23.010422,360,370,summer,10,0.11582471011206508
eta_lat_m31p463802_lon_m119p010414.npy,-31.463802,-119.010414,390,400,summer,10,0.08125715469941497
eta_lat_p21p610189_lon_m149p010422.npy,21.610189,-149.010422,350,360,summer,10,0.09794371947646141
eta_lat_m58p574665_lon_p156p989563.npy,-58.574665,156.989563,400,410,summer,10,0.09870550688356161
eta_lat_p51p994694_lon_m17p010422.npy,51.994694,-17.010422,340,350,summer,10,0.3135755658149719
eta_lat_m68p928383_lon_m11p010422.npy,-68.928383,-11.010422,30,40,summer,10,0.917049802839756
eta_lat_m51p994694_lon_m95p010414.npy,-51.994694,-95.010414,350,360,summer,10,0.13183788396418095
eta_lat_m58p574665_lon_p102p989594.npy,-58.574665,102.989594,390,400,summer,10,0.1834782436490059
eta_lat_p36p058659_lon_m131p010422.npy,36.058659,-131.010422,350,360,summer,10,0.22163666132837534
eta_lat_m52p006847_lon_m95p010414.npy,-52.006847,-95.010414,30,40,summer,10,0.09264136757701635
eta_lat_m58p574665_lon_p168p989563.npy,-58.574665,168.989563,390,400,summer,10,0.13466681353747845
eta_lat_m52p006847_lon_m101p010414.npy,-52.006847,-101.010414,370,380,summer,10,0.13314817007631063
eta_lat_m55p389462_lon_m143p010422.npy,-55.389462,-143.010422,410,420,summer,10,0.2445091987028718
eta_lat_m40p414062_lon_m131p010422.npy,-40.414062,-131.010422,340,350,summer,10,0.08516461169347167
eta_lat_m21p610189_lon_m89p010414.npy,-21.610189,-89.010414,0,10,summer,10,0.07123665697872639
eta_lat_p51p994694_lon_m47p010422.npy,51.994694,-47.010422,10,20,summer,10,0.2055269479751587
eta_lat_m64p202515_lon_p60p989578.npy,-64.202515,60.989578,340,350,summer,10,0.7060738056898117
eta_lat_m61p508057_lon_p30p989578.npy,-61.508057,30.989578,350,360,summer,10,0.23526454716920853
eta_lat_p48p374134_lon_m23p010422.npy,48.374134,-23.010422,350,360,summer,10,0.31183221377432346
eta_lat_m48p374134_lon_m161p010422.npy,-48.374134,-161.010422,400,410,summer,10,0.12834612932056189
eta_lat_m40p414062_lon_p156p989563.npy,-40.414062,156.989563,400,410,summer,10,0.23927230387926102
eta_lat_m31p463802_lon_m41p010422.npy,-31.463802,-41.010422,390,400,summer,10,0.12399774882942438
eta_lat_m66p662788_lon_m11p010422.npy,-66.662788,-11.010422,20,30,summer,10,2.849514812231064
eta_lat_m48p374134_lon_p174p989563.npy,-48.374134,174.989563,370,380,summer,10,0.256063983310014
eta_lat_m52p006847_lon_p144p989563.npy,-52.006847,144.989563,360,370,summer,10,0.20740127749741077
eta_lat_m73p291496_lon_m160p547073.npy,-73.291496,-160.547073,390,400,summer,10,1.0708116292953491
eta_lat_m52p006847_lon_m125p010414.npy,-52.006847,-125.010414,410,420,summer,10,0.3003632230684161
eta_lat_m16p395037_lon_m101p010414.npy,-16.395037,-101.010414,380,390,summer,10,0.13697515986859798
eta_lat_m61p508057_lon_p102p989594.npy,-61.508057,102.989594,410,420,summer,10,0.7487979680299759
eta_lat_m40p414062_lon_m167p010422.npy,-40.414062,-167.010422,340,350,summer,10,0.1428558537736535
eta_lat_m66p662788_lon_m161p010422.npy,-66.662788,-161.010422,10,20,summer,10,0.5060487315058708
eta_lat_m52p006847_lon_p24p989578.npy,-52.006847,24.989578,20,30,summer,10,0.18105211295187473
eta_lat_p36p058659_lon_m167p010422.npy,36.058659,-167.010422,390,400,summer,10,0.11545019038021564
eta_lat_m16p395037_lon_p90p989594.npy,-16.395037,90.989594,330,340,summer,10,0.11143346410244703
eta_lat_p11p027672_lon_m113p010414.npy,11.027672,-113.010414,370,380,summer,10,0.17327452916651964
eta_lat_m51p994694_lon_p36p989578.npy,-51.994694,36.989578,40,50,summer,10,0.1297981459647417
eta_lat_m48p374134_lon_m41p010422.npy,-48.374134,-41.010422,330,340,summer,10,0.42170679196715355
eta_lat_m40p414062_lon_p30p989578.npy,-40.414062,30.989578,400,410,summer,10,0.5333976149559021
eta_lat_p21p610189_lon_p150p989563.npy,21.610189,150.989563,20,30,summer,10,0.20306593738496304
eta_lat_p31p463802_lon_m161p010422.npy,31.463802,-161.010422,350,360,summer,10,0.08079052716493607
eta_lat_p5p545479_lon_m95p010414.npy,5.545479,-95.010414,350,360,summer,10,0.30306437984108925
eta_lat_p48p374134_lon_m137p010422.npy,48.374134,-137.010422,410,420,summer,10,0.15837631095200777
eta_lat_m52p006847_lon_m29p010422.npy,-52.006847,-29.010422,10,20,summer,10,0.1524697970598936
eta_lat_m51p994694_lon_p60p989578.npy,-51.994694,60.989578,400,410,summer,10,0.08319159131497145
eta_lat_m55p400803_lon_p72p989594.npy,-55.400803,72.989594,330,340,summer,10,0.12638582568615675
eta_lat_m40p414062_lon_m143p010422.npy,-40.414062,-143.010422,360,370,summer,10,0.21440458670258522
eta_lat_m55p389462_lon_m23p010422.npy,-55.389462,-23.010422,20,30,summer,10,0.13388879876583815
eta_lat_m61p508057_lon_m83p010414.npy,-61.508057,-83.010414,350,360,summer,10,0.1857423596084118
eta_lat_p26p641497_lon_m59p010422.npy,26.641497,-59.010422,390,400,summer,10,0.12404155917465687
eta_lat_p48p374134_lon_m29p010422.npy,48.374134,-29.010422,400,410,summer,10,0.2542604273185134
eta_lat_m55p400803_lon_p72p989594.npy,-55.400803,72.989594,20,30,summer,10,0.11751999147236347
eta_lat_m58p574665_lon_m17p010422.npy,-58.574665,-17.010422,350,360,summer,10,0.44594674929976463
eta_lat_p26p641497_lon_m65p010414.npy,26.641497,-65.010414,340,350,summer,10,0.09770949929952621
eta_lat_p44p523903_lon_m35p010422.npy,44.523903,-35.010422,10,20,summer,10,0.14599078334867954
eta_lat_p11p027672_lon_m35p010422.npy,11.027672,-35.010422,350,360,summer,10,0.19333056919276714
eta_lat_m61p508057_lon_p78p989594.npy,-61.508057,78.989594,360,370,summer,10,0.3535142131149769
eta_lat_m44p523903_lon_m35p010422.npy,-44.523903,-35.010422,350,360,summer,10,0.09503026632592082
eta_lat_p58p499409_lon_m23p040436.npy,58.499409,-23.040436,0,10,summer,10,0.15386912319809198
eta_lat_m64p202515_lon_m149p010422.npy,-64.202515,-149.010422,330,340,summer,10,0.41153984516859055
eta_lat_m55p389462_lon_p42p989578.npy,-55.389462,42.989578,350,360,summer,10,0.19739803858101368
eta_lat_m40p414062_lon_m89p010414.npy,-40.414062,-89.010414,370,380,summer,10,0.13543725572526455
eta_lat_m61p508057_lon_m137p010422.npy,-61.508057,-137.010422,330,340,summer,10,0.2616809047758579
eta_lat_p61p082935_lon_m35p089630.npy,61.082935,-35.08963,400,410,summer,10,0.18706652894616127
eta_lat_m36p058659_lon_p108p989594.npy,-36.058659,108.989594,330,340,summer,10,0.16378802713006735
eta_lat_m66p662788_lon_p24p989578.npy,-66.662788,24.989578,40,50,summer,10,0.8443126827478409
eta_lat_m71p197975_lon_m172p950165.npy,-71.197975,-172.950165,30,40,summer,10,1.2635620757937431
eta_lat_p5p545479_lon_m119p010414.npy,5.545479,-119.010414,380,390,summer,10,0.15964670106768608
eta_lat_m64p202515_lon_m161p010422.npy,-64.202515,-161.010422,360,370,summer,10,0.19147976022213697
eta_lat_m55p389462_lon_m167p010422.npy,-55.389462,-167.010422,390,400,summer,10,0.16768261138349771
eta_lat_m40p414062_lon_m125p010414.npy,-40.414062,-125.010414,360,370,summer,10,0.08124323887750506
eta_lat_m64p202515_lon_p12p989578.npy,-64.202515,12.989578,390,400,summer,10,0.29572635516524315
eta_lat_m21p610189_lon_m113p010414.npy,-21.610189,-113.010414,410,420,summer,10,0.07731767930090427
eta_lat_m48p374134_lon_m143p010422.npy,-48.374134,-143.010422,390,400,summer,10,0.09494144469499588
eta_lat_m64p202515_lon_p168p989563.npy,-64.202515,168.989563,400,410,summer,10,0.6064788550138474
eta_lat_m51p994694_lon_p174p989563.npy,-51.994694,174.989563,0,10,summer,10,0.19743906240910292
eta_lat_m31p463802_lon_p0p989578.npy,-31.463802,0.989578,410,420,summer,10,0.09830608358606696
eta_lat_m16p395037_lon_p6p989578.npy,-16.395037,6.989578,400,410,summer,10,0.07847059331834316
eta_lat_m52p006847_lon_m89p010414.npy,-52.006847,-89.010414,0,10,summer,10,0.05520157259888947
eta_lat_m40p414062_lon_p126p989594.npy,-40.414062,126.989594,370,380,summer,10,0.10119245108217001
eta_lat_m55p389462_lon_m119p010414.npy,-55.389462,-119.010414,340,350,summer,10,0.2181326076388359
eta_lat_p31p463802_lon_p174p989563.npy,31.463802,174.989563,10,20,summer,10,0.0993586964905262
eta_lat_m61p508057_lon_m167p010422.npy,-61.508057,-167.010422,350,360,summer,10,0.0846821959130466
eta_lat_p11p027672_lon_m95p010414.npy,11.027672,-95.010414,0,10,summer,10,0.12945582065731287
eta_lat_m26p641497_lon_m137p010422.npy,-26.641497,-137.010422,340,350,summer,10,0.09863599436357617
eta_lat_m55p400803_lon_p18p989578.npy,-55.400803,18.989578,40,50,summer,10,0.11638456583023071
eta_lat_p21p610189_lon_m173p010422.npy,21.610189,-173.010422,360,370,summer,10,0.12627501040697098
eta_lat_m61p508057_lon_p126p989594.npy,-61.508057,126.989594,360,370,summer,10,0.21228796429932117
eta_lat_m36p058659_lon_p6p989578.npy,-36.058659,6.989578,350,360,summer,10,0.11836737208068371
eta_lat_m52p006847_lon_m113p010414.npy,-52.006847,-113.010414,410,420,summer,10,0.11611208040267229
eta_lat_m5p545479_lon_m113p010414.npy,-5.545479,-113.010414,370,380,summer,10,0.1699636671692133
eta_lat_m48p374134_lon_m17p010422.npy,-48.374134,-17.010422,340,350,summer,10,0.13163362629711628
eta_lat_p40p414062_lon_m35p010422.npy,40.414062,-35.010422,20,30,summer,10,0.08363850740715861
eta_lat_m61p508057_lon_m23p010422.npy,-61.508057,-23.010422,370,380,summer,10,1.5765330642461777
eta_lat_m44p523903_lon_m161p010422.npy,-44.523903,-161.010422,30,40,summer,10,0.07401617243885994
eta_lat_m55p389462_lon_p120p989594.npy,-55.389462,120.989594,410,420,summer,10,0.1849758941680193
eta_lat_m52p006847_lon_p114p989594.npy,-52.006847,114.989594,0,10,summer,10,0.14403525739908218
eta_lat_m44p523903_lon_p24p989578.npy,-44.523903,24.989578,380,390,summer,10,0.17735937517136335
eta_lat_m58p574665_lon_p150p989563.npy,-58.574665,150.989563,340,350,summer,10,0.18730900064110756
eta_lat_m73p433556_lon_m166p559235.npy,-73.433556,-166.559235,360,370,summer,10,1.167275719344616
eta_lat_p26p641497_lon_p150p989563.npy,26.641497,150.989563,350,360,summer,10,0.15696824714541435
eta_lat_m31p463802_lon_m167p010422.npy,-31.463802,-167.010422,370,380,summer,10,0.09065705398097634
eta_lat_m58p574665_lon_p102p989594.npy,-58.574665,102.989594,330,340,summer,10,0.1693487772718072
eta_lat_m51p994694_lon_p12p989578.npy,-51.994694,12.989578,400,410,summer,10,0.13438403606414795
eta_lat_m64p202515_lon_p168p989563.npy,-64.202515,168.989563,390,400,summer,10,0.48181918635964394
eta_lat_m68p928383_lon_m101p010414.npy,-68.928383,-101.010414,0,10,summer,10,0.5368823185563087
eta_lat_m58p574665_lon_p132p989563.npy,-58.574665,132.989563,380,390,summer,10,0.31487087346613407
eta_lat_m16p395037_lon_p90p989594.npy,-16.395037,90.989594,340,350,summer,10,0.15246137976646423
eta_lat_m26p641497_lon_p102p989594.npy,-26.641497,102.989594,330,340,summer,10,0.23403626307845116
eta_lat_p16p395037_lon_m29p010422.npy,16.395037,-29.010422,360,370,summer,10,0.1557560507208109
eta_lat_m66p662788_lon_m17p010422.npy,-66.662788,-17.010422,400,410,summer,10,0.6397446990013123
eta_lat_m40p414062_lon_p48p989578.npy,-40.414062,48.989578,350,360,summer,10,0.14586894307285547
eta_lat_m58p574665_lon_m167p010422.npy,-58.574665,-167.010422,10,20,summer,10,0.09202804043889046
eta_lat_m26p641497_lon_m29p010422.npy,-26.641497,-29.010422,390,400,summer,10,0.09907041769474745
eta_lat_m36p058659_lon_m17p010422.npy,-36.058659,-17.010422,390,400,summer,10,0.10671025793999434
eta_lat_m40p414062_lon_p66p989594.npy,-40.414062,66.989594,350,360,summer,10,0.1663510538637638
eta_lat_m64p202515_lon_m101p010414.npy,-64.202515,-101.010414,10,20,summer,10,0.0719236615113914
eta_lat_p31p463802_lon_m23p010422.npy,31.463802,-23.010422,360,370,summer,10,0.10073450207710266
eta_lat_m58p574665_lon_m89p010414.npy,-58.574665,-89.010414,30,40,summer,10,0.11756895948201418
eta_lat_p51p994694_lon_m41p010422.npy,51.994694,-41.010422,390,400,summer,10,0.15262184757739305
eta_lat_m58p574665_lon_p0p989578.npy,-58.574665,0.989578,340,350,summer,10,0.5065568946301937
eta_lat_m64p202515_lon_p156p989563.npy,-64.202515,156.989563,390,400,summer,10,0.8177492693066597
eta_lat_p44p523903_lon_m23p010422.npy,44.523903,-23.010422,350,360,summer,10,0.2158369291573763
eta_lat_p44p523903_lon_m17p010422.npy,44.523903,-17.010422,370,380,summer,10,0.28123997151851654
eta_lat_m61p508057_lon_m77p010414.npy,-61.508057,-77.010414,410,420,summer,10,0.2644666684791446
eta_lat_m52p006847_lon_m95p010414.npy,-52.006847,-95.010414,330,340,summer,10,0.12004452710971236
eta_lat_m51p994694_lon_m137p010422.npy,-51.994694,-137.010422,0,10,summer,10,0.16422778367996216
eta_lat_m71p011032_lon_m148p947784.npy,-71.011032,-148.947784,360,370,summer,10,1.2970278784632683
eta_lat_m31p463802_lon_p36p989578.npy,-31.463802,36.989578,360,370,summer,10,0.1858375519514084
eta_lat_m36p058659_lon_m149p010422.npy,-36.058659,-149.010422,390,400,summer,10,0.1003724024631083
eta_lat_m52p006847_lon_m53p010422.npy,-52.006847,-53.010422,330,340,summer,10,0.20781198423355818
eta_lat_m55p389462_lon_m143p010422.npy,-55.389462,-143.010422,400,410,summer,10,0.27228143252432346
eta_lat_m64p202515_lon_p30p989578.npy,-64.202515,30.989578,20,30,summer,10,0.3582078851759434
eta_lat_m64p202515_lon_p48p989578.npy,-64.202515,48.989578,30,40,summer,10,0.5068221166729927
eta_lat_m40p414062_lon_m23p010422.npy,-40.414062,-23.010422,380,390,summer,10,0.0778418704867363
eta_lat_m48p374134_lon_p144p989563.npy,-48.374134,144.989563,0,10,summer,10,0.1890526581555605
eta_lat_m48p374134_lon_m11p010422.npy,-48.374134,-11.010422,400,410,summer,10,0.1951723312959075
eta_lat_m36p058659_lon_m143p010422.npy,-36.058659,-143.010422,370,380,summer,10,0.09702810971066356
eta_lat_m58p574665_lon_p120p989594.npy,-58.574665,120.989594,390,400,summer,10,0.32712733559310436
eta_lat_p21p610189_lon_m119p010414.npy,21.610189,-119.010414,40,50,summer,10,0.15949003770947456
eta_lat_m48p374134_lon_m161p010422.npy,-48.374134,-161.010422,390,400,summer,10,0.16741819772869349
eta_lat_m36p058659_lon_m143p010422.npy,-36.058659,-143.010422,400,410,summer,10,0.08358013583347201
eta_lat_m55p389462_lon_m47p010422.npy,-55.389462,-47.010422,340,350,summer,10,0.1343635292723775
eta_lat_m26p641497_lon_m113p010414.npy,-26.641497,-113.010414,330,340,summer,10,0.07682169554755092
eta_lat_m66p662788_lon_m47p010422.npy,-66.662788,-47.010422,20,30,summer,10,3.723962515592575
eta_lat_m26p641497_lon_p66p989594.npy,-26.641497,66.989594,410,420,summer,10,0.11965186335146427
eta_lat_m64p202515_lon_p144p989563.npy,-64.202515,144.989563,360,370,summer,10,1.4482370167970657
eta_lat_p11p027672_lon_m59p010422.npy,11.027672,-59.010422,10,20,summer,10,0.31200657971203327
eta_lat_m36p058659_lon_p102p989594.npy,-36.058659,102.989594,30,40,summer,10,0.11264708219096065
eta_lat_m64p202515_lon_m77p010414.npy,-64.202515,-77.010414,20,30,summer,10,0.2664330527186394
eta_lat_m52p006847_lon_m167p010422.npy,-52.006847,-167.010422,340,350,summer,10,0.4069395884871483
eta_lat_m72p698387_lon_m136p683899.npy,-72.698387,-136.683899,0,10,summer,10,0.6647854894399643
eta_lat_m58p574665_lon_p54p989578.npy,-58.574665,54.989578,20,30,summer,10,0.2542644031345844
eta_lat_p48p374134_lon_m167p010422.npy,48.374134,-167.010422,370,380,summer,10,0.18698253948241472
eta_lat_p21p610189_lon_m137p010422.npy,21.610189,-137.010422,410,420,summer,10,0.12483809050172567
eta_lat_m5p545479_lon_m167p010422.npy,-5.545479,-167.010422,380,390,summer,10,0.1506741363555193
eta_lat_m44p523903_lon_p6p989578.npy,-44.523903,6.989578,340,350,summer,10,0.0869861925020814
eta_lat_p44p523903_lon_m167p010422.npy,44.523903,-167.010422,400,410,summer,10,0.16305101569741964
eta_lat_p21p610189_lon_p132p989563.npy,21.610189,132.989563,360,370,summer,10,0.17699111066758633
eta_lat_p26p641497_lon_p168p989563.npy,26.641497,168.989563,400,410,summer,10,0.11229509953409433
eta_lat_m64p202515_lon_m71p010414.npy,-64.202515,-71.010414,380,390,summer,10,0.3305096086114645
eta_lat_m58p574665_lon_p60p989578.npy,-58.574665,60.989578,350,360,summer,10,0.0803730539046228
eta_lat_m70p897415_lon_m136p959152.npy,-70.897415,-136.959152,0,10,summer,10,0.2447122447192669
eta_lat_p5p545479_lon_m149p010422.npy,5.545479,-149.010422,10,20,summer,10,0.2211892306804657
eta_lat_m26p641497_lon_m119p010414.npy,-26.641497,-119.010414,30,40,summer,10,0.07498933747410774
eta_lat_m31p463802_lon_m41p010422.npy,-31.463802,-41.010422,330,340,summer,10,0.09975616820156574
eta_lat_m61p508057_lon_m173p010422.npy,-61.508057,-173.010422,340,350,summer,10,0.11153764044865966
eta_lat_p11p027672_lon_p156p989563.npy,11.027672,156.989563,0,10,summer,10,0.19483046419918537
eta_lat_p16p395037_lon_p174p989563.npy,16.395037,174.989563,400,410,summer,10,0.14233902283012867
eta_lat_m48p374134_lon_p90p989594.npy,-48.374134,90.989594,340,350,summer,10,0.23652969300746918
eta_lat_m64p202515_lon_p24p989578.npy,-64.202515,24.989578,410,420,summer,10,0.31299126520752907
eta_lat_m5p545479_lon_p78p989594.npy,-5.545479,78.989594,350,360,summer,10,0.10295350011438131
eta_lat_m40p414062_lon_p102p989594.npy,-40.414062,102.989594,330,340,summer,10,0.12611127644777298
eta_lat_p26p641497_lon_m71p010414.npy,26.641497,-71.010414,0,10,summer,10,0.08215848123654723
eta_lat_m40p414062_lon_m125p010414.npy,-40.414062,-125.010414,330,340,summer,10,0.09892370458692312
eta_lat_m36p058659_lon_m29p010422.npy,-36.058659,-29.010422,350,360,summer,10,0.12150836735963821
eta_lat_m31p463802_lon_m89p010414.npy,-31.463802,-89.010414,400,410,summer,10,0.1282628234475851
eta_lat_m16p395037_lon_p72p989594.npy,-16.395037,72.989594,360,370,summer,10,0.09872109815478325
eta_lat_p11p027672_lon_p156p989563.npy,11.027672,156.989563,400,410,summer,10,0.20697826147079468
eta_lat_p0p009682_lon_m167p010422.npy,0.009682,-167.010422,0,10,summer,10,0.11429011914879084
eta_lat_m61p508057_lon_p6p989578.npy,-61.508057,6.989578,370,380,summer,10,0.38806028477847576
eta_lat_p5p545479_lon_m125p010414.npy,5.545479,-125.010414,410,420,summer,10,0.14433648437261581
eta_lat_m55p389462_lon_m131p010422.npy,-55.389462,-131.010422,380,390,summer,10,0.12867350596934557
eta_lat_m44p523903_lon_p30p989578.npy,-44.523903,30.989578,360,370,summer,10,0.13265569601207972
eta_lat_m11p027672_lon_m101p010414.npy,-11.027672,-101.010414,330,340,summer,10,0.12753893341869116
eta_lat_m5p545479_lon_m107p010414.npy,-5.545479,-107.010414,350,360,summer,10,0.2883984837681055
eta_lat_m48p374134_lon_p102p989594.npy,-48.374134,102.989594,380,390,summer,10,0.14859123528003693
eta_lat_m51p994694_lon_m119p010414.npy,-51.994694,-119.010414,330,340,summer,10,0.2557563716545701
eta_lat_m52p006847_lon_p114p989594.npy,-52.006847,114.989594,370,380,summer,10,0.24031777679920197
eta_lat_m5p545479_lon_p66p989594.npy,-5.545479,66.989594,350,360,summer,10,0.11674447450786829
eta_lat_m51p994694_lon_p120p989594.npy,-51.994694,120.989594,390,400,summer,10,0.15138941816985607
eta_lat_m40p414062_lon_m101p010414.npy,-40.414062,-101.010414,0,10,summer,10,0.09655023971572518
eta_lat_m64p202515_lon_m29p010422.npy,-64.202515,-29.010422,40,50,summer,10,1.4447744637727737
eta_lat_m31p463802_lon_m143p010422.npy,-31.463802,-143.010422,360,370,summer,10,0.1666122591122985
eta_lat_p31p463802_lon_m149p010422.npy,31.463802,-149.010422,410,420,summer,10,0.09724054392427206
eta_lat_p11p027672_lon_m149p010422.npy,11.027672,-149.010422,10,20,summer,10,0.2069293726235628
eta_lat_m11p027672_lon_m89p010414.npy,-11.027672,-89.010414,40,50,summer,10,0.3039699262008071
eta_lat_m58p574665_lon_p156p989563.npy,-58.574665,156.989563,30,40,summer,10,0.11963248625397682
eta_lat_m64p202515_lon_p168p989563.npy,-64.202515,168.989563,10,20,summer,10,0.3357304073870182
eta_lat_m55p389462_lon_m5p010422.npy,-55.389462,-5.010422,330,340,summer,10,0.08870098274201155
eta_lat_m61p508057_lon_p6p989578.npy,-61.508057,6.989578,360,370,summer,10,0.35843125730752945
eta_lat_p36p058659_lon_m131p010422.npy,36.058659,-131.010422,10,20,summer,10,0.24523447826504707
eta_lat_m11p027672_lon_m11p010422.npy,-11.027672,-11.010422,390,400,summer,10,0.1354182893410325
eta_lat_m48p374134_lon_m89p010414.npy,-48.374134,-89.010414,30,40,summer,10,0.08597275288775563
eta_lat_m16p395037_lon_p84p989594.npy,-16.395037,84.989594,0,10,summer,10,0.09536941116675735
eta_lat_m48p374134_lon_m173p010422.npy,-48.374134,-173.010422,360,370,summer,10,0.23565245419740677
eta_lat_m40p414062_lon_p84p989594.npy,-40.414062,84.989594,380,390,summer,10,0.18930339440703392
eta_lat_m73p291496_lon_m160p547073.npy,-73.291496,-160.547073,30,40,summer,10,2.9460175037384033
eta_lat_m58p574665_lon_p120p989594.npy,-58.574665,120.989594,340,350,summer,10,0.2737235575914383
eta_lat_p44p523903_lon_m173p010422.npy,44.523903,-173.010422,340,350,summer,10,0.08920255396515131
eta_lat_m64p202515_lon_m23p010422.npy,-64.202515,-23.010422,400,410,summer,10,0.8255337402224541
eta_lat_p44p523903_lon_m143p010422.npy,44.523903,-143.010422,360,370,summer,10,0.11076474376022816
eta_lat_m52p006847_lon_p60p989578.npy,-52.006847,60.989578,40,50,summer,10,0.11551737040281296
eta_lat_m61p508057_lon_p168p989563.npy,-61.508057,168.989563,340,350,summer,10,0.1688637789338827
eta_lat_p16p395037_lon_m137p010422.npy,16.395037,-137.010422,0,10,summer,10,0.1314646601676941
eta_lat_p36p058659_lon_m47p010422.npy,36.058659,-47.010422,350,360,summer,10,0.1424302365630865
eta_lat_p11p027672_lon_m41p010422.npy,11.027672,-41.010422,30,40,summer,10,0.15987259149551392
eta_lat_m5p545479_lon_m119p010414.npy,-5.545479,-119.010414,390,400,summer,10,0.15136538352817297
eta_lat_m58p574665_lon_m65p010414.npy,-58.574665,-65.010414,410,420,summer,10,0.26834664680063725
eta_lat_m5p545479_lon_m29p010422.npy,-5.545479,-29.010422,330,340,summer,10,0.09589970484375954
eta_lat_m26p641497_lon_p108p989594.npy,-26.641497,108.989594,20,30,summer,10,0.19437580928206444
eta_lat_p11p027672_lon_m41p010422.npy,11.027672,-41.010422,10,20,summer,10,0.30733127519488335
eta_lat_m58p574665_lon_m89p010414.npy,-58.574665,-89.010414,360,370,summer,10,0.18072368018329144
eta_lat_m48p374134_lon_m113p010414.npy,-48.374134,-113.010414,330,340,summer,10,0.09474869258701801
eta_lat_m55p389462_lon_m143p010422.npy,-55.389462,-143.010422,380,390,summer,10,0.2832134086638689
eta_lat_p21p610189_lon_m53p010422.npy,21.610189,-53.010422,390,400,summer,10,0.1258954112417996
eta_lat_p31p463802_lon_p156p989563.npy,31.463802,156.989563,30,40,summer,10,0.11688948888331652
eta_lat_p40p414062_lon_m17p010422.npy,40.414062,-17.010422,370,380,summer,10,0.1953874183818698
eta_lat_m16p395037_lon_m113p010414.npy,-16.395037,-113.010414,370,380,summer,10,0.11957654915750027
eta_lat_m44p523903_lon_p6p989578.npy,-44.523903,6.989578,30,40,summer,10,0.11691461130976677
eta_lat_m55p400803_lon_m101p010414.npy,-55.400803,-101.010414,330,340,summer,10,0.20284357480704784
eta_lat_p16p395037_lon_m137p010422.npy,16.395037,-137.010422,360,370,summer,10,0.12462374661117792
eta_lat_p31p463802_lon_m47p010422.npy,31.463802,-47.010422,350,360,summer,10,0.11611029040068388
eta_lat_m51p994694_lon_p174p989563.npy,-51.994694,174.989563,30,40,summer,10,0.27503521367907524
eta_lat_p26p641497_lon_m143p010422.npy,26.641497,-143.010422,30,40,summer,10,0.10938985273241997
eta_lat_m5p545479_lon_p90p989594.npy,-5.545479,90.989594,20,30,summer,10,0.1304431026801467
eta_lat_m55p389462_lon_p42p989578.npy,-55.389462,42.989578,410,420,summer,10,0.08137489389628172
eta_lat_p5p545479_lon_m143p010422.npy,5.545479,-143.010422,340,350,summer,10,0.13434017915278673
eta_lat_m52p006847_lon_p18p989578.npy,-52.006847,18.989578,370,380,summer,10,0.16139164473861456
eta_lat_p61p185383_lon_m29p222214.npy,61.185383,-29.222214,40,50,summer,10,0.157020827755332
eta_lat_m0p009682_lon_m11p010422.npy,-0.009682,-11.010422,380,390,summer,10,0.12889954634010792
eta_lat_m48p374134_lon_m113p010414.npy,-48.374134,-113.010414,20,30,summer,10,0.12853435520082712
eta_lat_m61p508057_lon_p84p989594.npy,-61.508057,84.989594,390,400,summer,10,0.4537528194487095
eta_lat_m40p414062_lon_p36p989578.npy,-40.414062,36.989578,390,400,summer,10,0.28943364322185516
eta_lat_m58p574665_lon_p42p989578.npy,-58.574665,42.989578,370,380,summer,10,0.07966425316408277
eta_lat_m66p662788_lon_m53p010422.npy,-66.662788,-53.010422,340,350,summer,10,1.0348771139979362
eta_lat_m21p610189_lon_m131p010422.npy,-21.610189,-131.010422,10,20,summer,10,0.18210249207913876
eta_lat_m58p574665_lon_m131p010422.npy,-58.574665,-131.010422,30,40,summer,10,0.3682405650615692
eta_lat_m21p610189_lon_p90p989594.npy,-21.610189,90.989594,390,400,summer,10,0.1599653149023652
eta_lat_p36p058659_lon_m29p010422.npy,36.058659,-29.010422,340,350,summer,10,0.24669440649449825
eta_lat_m52p006847_lon_m83p010414.npy,-52.006847,-83.010414,20,30,summer,10,0.12280133971944451
eta_lat_m48p374134_lon_p12p989578.npy,-48.374134,12.989578,370,380,summer,10,0.42627905309200287
eta_lat_m55p389462_lon_m53p010422.npy,-55.389462,-53.010422,330,340,summer,10,0.5234100911766291
eta_lat_m40p414062_lon_m113p010414.npy,-40.414062,-113.010414,20,30,summer,10,0.0853518471121788
eta_lat_m52p006847_lon_m131p010422.npy,-52.006847,-131.010422,330,340,summer,10,0.07838533772155643
eta_lat_m73p433556_lon_m166p559235.npy,-73.433556,-166.559235,350,360,summer,10,1.5352261513471603
eta_lat_m44p523903_lon_m41p010422.npy,-44.523903,-41.010422,400,410,summer,10,0.1995545132085681
eta_lat_p11p027672_lon_m59p010422.npy,11.027672,-59.010422,20,30,summer,10,0.10767539031803608
eta_lat_m48p374134_lon_p108p989594.npy,-48.374134,108.989594,330,340,summer,10,0.13206034246832132
eta_lat_m40p414062_lon_m101p010414.npy,-40.414062,-101.010414,370,380,summer,10,0.08796193404123187
eta_lat_m52p006847_lon_m161p010422.npy,-52.006847,-161.010422,410,420,summer,10,0.25323004089295864
eta_lat_m52p006847_lon_m23p010422.npy,-52.006847,-23.010422,0,10,summer,10,0.07124560419470072
eta_lat_p36p058659_lon_m53p010422.npy,36.058659,-53.010422,0,10,summer,10,0.1307037966325879
eta_lat_p44p523903_lon_m173p010422.npy,44.523903,-173.010422,410,420,summer,10,0.10331154894083738
eta_lat_m44p523903_lon_m113p010414.npy,-44.523903,-113.010414,330,340,summer,10,0.15716843493282795
eta_lat_m72p698387_lon_m136p683899.npy,-72.698387,-136.683899,400,410,summer,10,0.5107220932841301
eta_lat_m31p463802_lon_p96p989594.npy,-31.463802,96.989594,30,40,summer,10,0.15529781207442284
eta_lat_m55p400803_lon_p24p989578.npy,-55.400803,24.989578,20,30,summer,10,0.09640886634588242
eta_lat_m55p389462_lon_m161p010422.npy,-55.389462,-161.010422,330,340,summer,10,0.09956507384777069
eta_lat_m58p574665_lon_p30p989578.npy,-58.574665,30.989578,20,30,summer,10,0.1838008426129818
eta_lat_p11p027672_lon_m101p010414.npy,11.027672,-101.010414,350,360,summer,10,0.33512954972684383
eta_lat_p5p545479_lon_m95p010414.npy,5.545479,-95.010414,40,50,summer,10,0.42513632401824
eta_lat_m52p006847_lon_p120p989594.npy,-52.006847,120.989594,390,400,summer,10,0.1315848808735609
eta_lat_p55p389462_lon_p174p989563.npy,55.389462,174.989563,380,390,summer,10,0.08504615910351276
eta_lat_m73p859009_lon_m35p162323.npy,-73.859009,-35.162323,20,30,summer,10,2.039354830980301
eta_lat_m58p574665_lon_p12p989578.npy,-58.574665,12.989578,400,410,summer,10,0.4235491007566452
eta_lat_m48p374134_lon_p90p989594.npy,-48.374134,90.989594,370,380,summer,10,0.2813349263742566
eta_lat_m55p389462_lon_p114p989594.npy,-55.389462,114.989594,340,350,summer,10,0.08200441161170602
eta_lat_m52p006847_lon_m89p010414.npy,-52.006847,-89.010414,410,420,summer,10,0.10315462294965982
eta_lat_m68p928383_lon_m137p010422.npy,-68.928383,-137.010422,360,370,summer,10,1.152431696653366
eta_lat_p26p641497_lon_m35p010422.npy,26.641497,-35.010422,350,360,summer,10,0.1205840278416872
eta_lat_m64p202515_lon_p78p989594.npy,-64.202515,78.989594,330,340,summer,10,0.7957990169525146
eta_lat_m55p389462_lon_p30p989578.npy,-55.389462,30.989578,400,410,summer,10,0.10274232644587755
eta_lat_p11p027672_lon_m143p010422.npy,11.027672,-143.010422,340,350,summer,10,0.14580940920859575
eta_lat_m55p389462_lon_p24p989578.npy,-55.389462,24.989578,400,410,summer,10,0.23234963789582253
eta_lat_m26p641497_lon_p90p989594.npy,-26.641497,90.989594,30,40,summer,10,0.1708660228177905
eta_lat_p40p414062_lon_m143p010422.npy,40.414062,-143.010422,20,30,summer,10,0.13124555442482233
eta_lat_p21p610189_lon_m137p010422.npy,21.610189,-137.010422,370,380,summer,10,0.1680446956306696
eta_lat_m51p994694_lon_p108p989594.npy,-51.994694,108.989594,0,10,summer,10,0.2183500174432993
eta_lat_m66p662788_lon_m5p010422.npy,-66.662788,-5.010422,390,400,summer,10,2.2629391998052597
eta_lat_m51p994694_lon_p6p989578.npy,-51.994694,6.989578,360,370,summer,10,0.08016262482851744
eta_lat_m52p006847_lon_m47p010422.npy,-52.006847,-47.010422,370,380,summer,10,0.20749841537326574
eta_lat_m58p574665_lon_p126p989594.npy,-58.574665,126.989594,380,390,summer,10,0.20690095331519842
eta_lat_m48p374134_lon_m167p010422.npy,-48.374134,-167.010422,360,370,summer,10,0.1420517610386014
eta_lat_m55p400803_lon_m83p010414.npy,-55.400803,-83.010414,360,370,summer,10,0.12258519604802132
eta_lat_p31p463802_lon_m131p010422.npy,31.463802,-131.010422,340,350,summer,10,0.15358830895274878
eta_lat_p44p523903_lon_m137p010422.npy,44.523903,-137.010422,350,360,summer,10,0.19494898431003094
eta_lat_p48p374134_lon_m41p010422.npy,48.374134,-41.010422,40,50,summer,10,0.22258582897484303
eta_lat_m58p574665_lon_p138p989563.npy,-58.574665,138.989563,0,10,summer,10,0.1587757244706154
eta_lat_p26p641497_lon_m125p010414.npy,26.641497,-125.010414,380,390,summer,10,0.14130975771695375
eta_lat_m26p641497_lon_p54p989578.npy,-26.641497,54.989578,20,30,summer,10,0.15941279288381338
eta_lat_p26p641497_lon_m53p010422.npy,26.641497,-53.010422,0,10,summer,10,0.07337279058992863
eta_lat_m48p374134_lon_m83p010414.npy,-48.374134,-83.010414,350,360,summer,10,0.151339297182858
eta_lat_p31p463802_lon_m59p010422.npy,31.463802,-59.010422,400,410,summer,10,0.179955767467618
eta_lat_m51p994694_lon_p96p989594.npy,-51.994694,96.989594,0,10,summer,10,0.14517620019614697
eta_lat_p26p641497_lon_m41p010422.npy,26.641497,-41.010422,30,40,summer,10,0.08804952446371317
eta_lat_m31p463802_lon_m101p010414.npy,-31.463802,-101.010414,30,40,summer,10,0.0839695050381124
eta_lat_m61p508057_lon_p66p989594.npy,-61.508057,66.989594,20,30,summer,10,0.5183015950024128
eta_lat_m21p610189_lon_p102p989594.npy,-21.610189,102.989594,380,390,summer,10,0.1919676922261715
eta_lat_m55p389462_lon_p108p989594.npy,-55.389462,108.989594,380,390,summer,10,0.10710622649639845
eta_lat_p26p641497_lon_p168p989563.npy,26.641497,168.989563,340,350,summer,10,0.13031144067645073
eta_lat_m44p523903_lon_p30p989578.npy,-44.523903,30.989578,410,420,summer,10,0.11301306448876858
eta_lat_m51p994694_lon_m47p010422.npy,-51.994694,-47.010422,20,30,summer,10,0.12900641560554504
eta_lat_m44p523903_lon_p132p989563.npy,-44.523903,132.989563,30,40,summer,10,0.1538113560527563
eta_lat_m16p395037_lon_m125p010414.npy,-16.395037,-125.010414,20,30,summer,10,0.08321473328396678
eta_lat_m61p508057_lon_p18p989578.npy,-61.508057,18.989578,330,340,summer,10,0.3222554661333561
eta_lat_m51p994694_lon_p84p989594.npy,-51.994694,84.989594,20,30,summer,10,0.585840243846178
eta_lat_p40p414062_lon_p162p989563.npy,40.414062,162.989563,340,350,summer,10,0.09174204524606466
eta_lat_m58p574665_lon_p150p989563.npy,-58.574665,150.989563,330,340,summer,10,0.15011776564642787
eta_lat_m51p994694_lon_m83p010414.npy,-51.994694,-83.010414,410,420,summer,10,0.08666944410651922
eta_lat_m44p523903_lon_p156p989563.npy,-44.523903,156.989563,400,410,summer,10,0.2812592387199402
eta_lat_p36p058659_lon_p156p989563.npy,36.058659,156.989563,400,410,summer,10,0.18837399408221245
eta_lat_m61p508057_lon_m35p010422.npy,-61.508057,-35.010422,40,50,summer,10,2.08583202958107
eta_lat_m11p027672_lon_m89p010414.npy,-11.027672,-89.010414,360,370,summer,10,0.167517501860857
eta_lat_m55p389462_lon_p174p989563.npy,-55.389462,174.989563,370,380,summer,10,0.31145626679062843
eta_lat_m11p027672_lon_m83p010414.npy,-11.027672,-83.010414,20,30,summer,10,0.15801104065030813
eta_lat_p51p994694_lon_m149p010422.npy,51.994694,-149.010422,330,340,summer,10,0.10771644162014127
eta_lat_p31p463802_lon_p162p989563.npy,31.463802,162.989563,30,40,summer,10,0.11051520984619856
eta_lat_m40p414062_lon_p120p989594.npy,-40.414062,120.989594,370,380,summer,10,0.12124912906438112
eta_lat_m36p058659_lon_m47p010422.npy,-36.058659,-47.010422,10,20,summer,10,0.2924312511458993
eta_lat_p44p523903_lon_p162p989563.npy,44.523903,162.989563,380,390,summer,10,0.14708634093403816
eta_lat_m64p202515_lon_p18p989578.npy,-64.202515,18.989578,0,10,summer,10,0.13795330096036196
eta_lat_m58p574665_lon_m125p010414.npy,-58.574665,-125.010414,10,20,summer,10,0.10926210833713412
eta_lat_p0p009682_lon_m149p010422.npy,0.009682,-149.010422,400,410,summer,10,0.20393851026892662
eta_lat_p26p641497_lon_m143p010422.npy,26.641497,-143.010422,390,400,summer,10,0.08008173760026693
eta_lat_p36p058659_lon_m47p010422.npy,36.058659,-47.010422,360,370,summer,10,0.10657509602606297
eta_lat_m44p523903_lon_p102p989594.npy,-44.523903,102.989594,410,420,summer,10,0.28190528228878975
eta_lat_m40p414062_lon_m131p010422.npy,-40.414062,-131.010422,350,360,summer,10,0.11070855520665646
eta_lat_m58p574665_lon_p18p989578.npy,-58.574665,18.989578,400,410,summer,10,0.2627151161432266
eta_lat_m48p374134_lon_m47p010422.npy,-48.374134,-47.010422,330,340,summer,10,0.48104421235620975
eta_lat_m36p058659_lon_p6p989578.npy,-36.058659,6.989578,390,400,summer,10,0.12908324506133795
eta_lat_m40p414062_lon_m17p010422.npy,-40.414062,-17.010422,350,360,summer,10,0.1313902698457241
eta_lat_m5p545479_lon_m89p010414.npy,-5.545479,-89.010414,400,410,summer,10,0.24848848767578602
eta_lat_m66p662788_lon_m77p010414.npy,-66.662788,-77.010414,20,30,summer,10,0.38086850196123123
eta_lat_m64p202515_lon_p150p989563.npy,-64.202515,150.989563,350,360,summer,10,0.5538645051419735
eta_lat_p16p395037_lon_m161p010422.npy,16.395037,-161.010422,20,30,summer,10,0.1231706328690052
eta_lat_m58p574665_lon_m167p010422.npy,-58.574665,-167.010422,40,50,summer,10,0.12682613171637058
eta_lat_m64p202515_lon_m101p010414.npy,-64.202515,-101.010414,30,40,summer,10,0.11792712099850178
eta_lat_m44p523903_lon_p66p989594.npy,-44.523903,66.989594,10,20,summer,10,0.24053587578237057
eta_lat_p31p463802_lon_m131p010422.npy,31.463802,-131.010422,350,360,summer,10,0.20644723437726498
eta_lat_m70p941582_lon_m89p045937.npy,-70.941582,-89.045937,370,380,summer,10,0.44942457228899
eta_lat_p31p463802_lon_m53p010422.npy,31.463802,-53.010422,350,360,summer,10,0.13359556533396244
eta_lat_m70p821320_lon_m118p983330.npy,-70.82132,-118.98333,350,360,summer,10,0.3962400555610657
eta_lat_m55p389462_lon_m167p010422.npy,-55.389462,-167.010422,350,360,summer,10,0.1718830233439803
eta_lat_m58p574665_lon_p0p989578.npy,-58.574665,0.989578,400,410,summer,10,1.1159167662262917
eta_lat_m40p414062_lon_p114p989594.npy,-40.414062,114.989594,10,20,summer,10,0.08297196961939335
eta_lat_m26p641497_lon_p102p989594.npy,-26.641497,102.989594,0,10,summer,10,0.11506688594818115
eta_lat_p31p463802_lon_p162p989563.npy,31.463802,162.989563,360,370,summer,10,0.18443499598652124
eta_lat_m61p508057_lon_p72p989594.npy,-61.508057,72.989594,20,30,summer,10,0.5697947293519974
eta_lat_m55p389462_lon_m149p010422.npy,-55.389462,-149.010422,10,20,summer,10,0.12162161525338888
eta_lat_m58p574665_lon_m131p010422.npy,-58.574665,-131.010422,350,360,summer,10,0.13624850288033485
eta_lat_m48p374134_lon_m149p010422.npy,-48.374134,-149.010422,400,410,summer,10,0.1257118983194232
eta_lat_m61p508057_lon_m119p010414.npy,-61.508057,-119.010414,380,390,summer,10,0.16314570885151625
eta_lat_m48p374134_lon_p78p989594.npy,-48.374134,78.989594,390,400,summer,10,0.28871150128543377
eta_lat_m51p994694_lon_m125p010414.npy,-51.994694,-125.010414,350,360,summer,10,0.12484512757509947
eta_lat_p26p641497_lon_m137p010422.npy,26.641497,-137.010422,380,390,summer,10,0.12955437134951353
eta_lat_m16p395037_lon_m83p010414.npy,-16.395037,-83.010414,410,420,summer,10,0.1486853640526533
eta_lat_m0p009682_lon_m11p010422.npy,-0.009682,-11.010422,0,10,summer,10,0.1702691800892353
eta_lat_m64p202515_lon_p0p989578.npy,-64.202515,0.989578,20,30,summer,10,0.3026893138885498
eta_lat_m31p463802_lon_p60p989578.npy,-31.463802,60.989578,10,20,summer,10,0.11122873704880476
eta_lat_p36p058659_lon_p144p989563.npy,36.058659,144.989563,350,360,summer,10,0.5282533690333366
eta_lat_p55p389462_lon_m143p010422.npy,55.389462,-143.010422,410,420,summer,10,0.1326764109544456
eta_lat_m71p296463_lon_m35p025223.npy,-71.296463,-35.025223,340,350,summer,10,0.5328197814524174
eta_lat_m16p395037_lon_p78p989594.npy,-16.395037,78.989594,380,390,summer,10,0.12373885326087475
eta_lat_m58p574665_lon_m47p010422.npy,-58.574665,-47.010422,410,420,summer,10,0.3407549727708101
eta_lat_m48p374134_lon_p120p989594.npy,-48.374134,120.989594,370,380,summer,10,0.3259818013757467
eta_lat_p16p395037_lon_m131p010422.npy,16.395037,-131.010422,0,10,summer,10,0.15249044355005026
eta_lat_m55p400803_lon_m119p010414.npy,-55.400803,-119.010414,400,410,summer,10,0.2606506999582052
eta_lat_m26p641497_lon_m35p010422.npy,-26.641497,-35.010422,370,380,summer,10,0.11054078955203295
eta_lat_m55p389462_lon_m101p010414.npy,-55.389462,-101.010414,0,10,summer,10,0.1052535967901349
eta_lat_m40p414062_lon_m83p010414.npy,-40.414062,-83.010414,20,30,summer,10,0.13354188203811646
eta_lat_p44p523903_lon_m29p010422.npy,44.523903,-29.010422,10,20,summer,10,0.1925479592755437
eta_lat_m64p202515_lon_m71p010414.npy,-64.202515,-71.010414,40,50,summer,10,0.24700677953660488
eta_lat_p40p414062_lon_p156p989563.npy,40.414062,156.989563,40,50,summer,10,0.1325424825772643
eta_lat_m58p574665_lon_m143p010422.npy,-58.574665,-143.010422,400,410,summer,10,0.0888081956654787
eta_lat_m31p463802_lon_m5p010422.npy,-31.463802,-5.010422,390,400,summer,10,0.09082848392426968
eta_lat_p31p463802_lon_m53p010422.npy,31.463802,-53.010422,390,400,summer,10,0.1194903776049614
eta_lat_m31p463802_lon_m11p010422.npy,-31.463802,-11.010422,410,420,summer,10,0.09441253123804927
eta_lat_m61p508057_lon_m35p010422.npy,-61.508057,-35.010422,410,420,summer,10,1.0583745166659355
eta_lat_m55p400803_lon_p36p989578.npy,-55.400803,36.989578,390,400,summer,10,0.09462206810712814
eta_lat_p11p027672_lon_m113p010414.npy,11.027672,-113.010414,0,10,summer,10,0.13715577591210604
eta_lat_m64p202515_lon_m35p010422.npy,-64.202515,-35.010422,360,370,summer,10,1.3348087221384048
eta_lat_m40p414062_lon_p12p989578.npy,-40.414062,12.989578,370,380,summer,10,0.2890015710145235
eta_lat_m58p574665_lon_p6p989578.npy,-58.574665,6.989578,350,360,summer,10,0.30314066633582115
eta_lat_p21p610189_lon_m65p010414.npy,21.610189,-65.010414,330,340,summer,10,0.11953180748969316
eta_lat_p11p027672_lon_m47p010422.npy,11.027672,-47.010422,370,380,summer,10,0.18585819378495216
eta_lat_m40p414062_lon_p30p989578.npy,-40.414062,30.989578,20,30,summer,10,0.17225330136716366
eta_lat_m55p400803_lon_p126p989594.npy,-55.400803,126.989594,370,380,summer,10,0.40877055563032627
eta_lat_m40p414062_lon_p84p989594.npy,-40.414062,84.989594,400,410,summer,10,0.10907127615064383
eta_lat_m48p374134_lon_m41p010422.npy,-48.374134,-41.010422,350,360,summer,10,0.3378722369670868
eta_lat_m68p928383_lon_m47p010422.npy,-68.928383,-47.010422,400,410,summer,10,1.642639309167862
eta_lat_m44p523903_lon_m143p010422.npy,-44.523903,-143.010422,360,370,summer,10,0.22154688090085983
eta_lat_m52p006847_lon_p84p989594.npy,-52.006847,84.989594,360,370,summer,10,0.4503513053059578
eta_lat_m55p389462_lon_p78p989594.npy,-55.389462,78.989594,40,50,summer,10,0.1522555174306035
eta_lat_p44p523903_lon_m41p010422.npy,44.523903,-41.010422,400,410,summer,10,0.09658805560320616
eta_lat_m52p006847_lon_p36p989578.npy,-52.006847,36.989578,20,30,summer,10,0.15342827420681715
eta_lat_m21p610189_lon_m89p010414.npy,-21.610189,-89.010414,330,340,summer,10,0.06773503124713898
eta_lat_p26p641497_lon_p156p989563.npy,26.641497,156.989563,390,400,summer,10,0.1559820594266057
eta_lat_m21p610189_lon_p78p989594.npy,-21.610189,78.989594,360,370,summer,10,0.1371815660968423
eta_lat_p51p994694_lon_m137p010422.npy,51.994694,-137.010422,30,40,summer,10,0.15915190614759922
eta_lat_p36p058659_lon_p174p989563.npy,36.058659,174.989563,0,10,summer,10,0.134515100158751
eta_lat_m58p574665_lon_m35p010422.npy,-58.574665,-35.010422,330,340,summer,10,0.14649569429457188
eta_lat_p67p749512_lon_m6p266800.npy,67.749512,-6.2668,350,360,summer,10,0.157294531352818
eta_lat_p0p009682_lon_m119p010414.npy,0.009682,-119.010414,0,10,summer,10,0.13920457288622856
eta_lat_m75p355705_lon_m159p614578.npy,-75.355705,-159.614578,410,420,summer,10,1.4176120162010193
eta_lat_p11p027672_lon_p174p989563.npy,11.027672,174.989563,410,420,summer,10,0.18782796896994114
eta_lat_m51p994694_lon_m23p010422.npy,-51.994694,-23.010422,10,20,summer,10,0.13888338208198547
eta_lat_p21p610189_lon_m35p010422.npy,21.610189,-35.010422,370,380,summer,10,0.22171597369015217
eta_lat_m55p389462_lon_m161p010422.npy,-55.389462,-161.010422,380,390,summer,10,0.17139645479619503
eta_lat_m48p374134_lon_p114p989594.npy,-48.374134,114.989594,10,20,summer,10,0.15140764880925417
eta_lat_p64p927673_lon_m5p599991.npy,64.927673,-5.599991,40,50,summer,10,0.4406111240386963
eta_lat_m40p414062_lon_m137p010422.npy,-40.414062,-137.010422,380,390,summer,10,0.08726049028337002
eta_lat_p26p641497_lon_m161p010422.npy,26.641497,-161.010422,0,10,summer,10,0.11575619876384735
eta_lat_p31p463802_lon_m149p010422.npy,31.463802,-149.010422,340,350,summer,10,0.10001654317602515
eta_lat_m75p355705_lon_m159p614578.npy,-75.355705,-159.614578,330,340,summer,10,1.7117598205804825
eta_lat_m31p463802_lon_m107p010414.npy,-31.463802,-107.010414,330,340,summer,10,0.08473180793225765
eta_lat_m48p374134_lon_p78p989594.npy,-48.374134,78.989594,400,410,summer,10,0.4101767409592867
eta_lat_m40p414062_lon_m17p010422.npy,-40.414062,-17.010422,390,400,summer,10,0.09914583992213011
eta_lat_m36p058659_lon_m173p010422.npy,-36.058659,-173.010422,340,350,summer,10,0.13343056477606297
eta_lat_m40p414062_lon_p54p989578.npy,-40.414062,54.989578,370,380,summer,10,0.2943843360990286
eta_lat_m40p414062_lon_p36p989578.npy,-40.414062,36.989578,10,20,summer,10,0.24430843349546194
eta_lat_m48p374134_lon_m161p010422.npy,-48.374134,-161.010422,30,40,summer,10,0.0985239315778017
eta_lat_p58p392208_lon_m35p018463.npy,58.392208,-35.018463,390,400,summer,10,0.1535707600414753
eta_lat_m61p508057_lon_m83p010414.npy,-61.508057,-83.010414,0,10,summer,10,0.0931428037583828
eta_lat_m52p006847_lon_p102p989594.npy,-52.006847,102.989594,20,30,summer,10,0.27560344338417053
eta_lat_m55p400803_lon_p168p989563.npy,-55.400803,168.989563,400,410,summer,10,0.7586189657449722
eta_lat_m64p202515_lon_m101p010414.npy,-64.202515,-101.010414,350,360,summer,10,0.14180120918899775
eta_lat_p55p389462_lon_m143p010422.npy,55.389462,-143.010422,380,390,summer,10,0.12863295059651136
eta_lat_p26p641497_lon_m137p010422.npy,26.641497,-137.010422,40,50,summer,10,0.16170379612594843
eta_lat_m58p574665_lon_p78p989594.npy,-58.574665,78.989594,340,350,summer,10,0.13980312179774046
eta_lat_m73p888268_lon_m29p051193.npy,-73.888268,-29.051193,390,400,summer,10,2.8413672745227814
eta_lat_m31p463802_lon_m23p010422.npy,-31.463802,-23.010422,340,350,summer,10,0.13830820377916098
eta_lat_m36p058659_lon_m149p010422.npy,-36.058659,-149.010422,30,40,summer,10,0.1008986933156848
eta_lat_p16p395037_lon_m119p010414.npy,16.395037,-119.010414,360,370,summer,10,0.17875718791037798
eta_lat_p55p389462_lon_m35p010422.npy,55.389462,-35.010422,410,420,summer,10,0.0891937268897891
eta_lat_m73p118896_lon_m154p539932.npy,-73.118896,-154.539932,30,40,summer,10,1.8023866638541222
eta_lat_p26p641497_lon_m35p010422.npy,26.641497,-35.010422,390,400,summer,10,0.09128960594534874
eta_lat_m31p463802_lon_p84p989594.npy,-31.463802,84.989594,350,360,summer,10,0.09597223438322544
eta_lat_m71p011032_lon_m148p947784.npy,-71.011032,-148.947784,400,410,summer,10,0.9737274199724197
eta_lat_m5p545479_lon_m101p010414.npy,-5.545479,-101.010414,410,420,summer,10,0.22274608630686998
eta_lat_m52p006847_lon_m161p010422.npy,-52.006847,-161.010422,350,360,summer,10,0.2509676516056061
eta_lat_m16p395037_lon_m95p010414.npy,-16.395037,-95.010414,400,410,summer,10,0.17169467080384493
eta_lat_m21p610189_lon_p0p989578.npy,-21.610189,0.989578,330,340,summer,10,0.0750665720552206
eta_lat_m58p574665_lon_p54p989578.npy,-58.574665,54.989578,0,10,summer,10,0.29528243094682693
eta_lat_m16p395037_lon_p6p989578.npy,-16.395037,6.989578,0,10,summer,10,0.09484429750591516
eta_lat_m44p523903_lon_m29p010422.npy,-44.523903,-29.010422,340,350,summer,10,0.19683069875463843
eta_lat_m31p463802_lon_p36p989578.npy,-31.463802,36.989578,410,420,summer,10,0.1993476077914238
eta_lat_m55p400803_lon_p30p989578.npy,-55.400803,30.989578,40,50,summer,10,0.162239505443722
eta_lat_m44p523903_lon_m155p010422.npy,-44.523903,-155.010422,390,400,summer,10,0.07889702403917909
eta_lat_p31p463802_lon_p144p989563.npy,31.463802,144.989563,20,30,summer,10,0.12179712858051062
eta_lat_m44p523903_lon_p84p989594.npy,-44.523903,84.989594,380,390,summer,10,0.19440382067114115
eta_lat_m36p058659_lon_m47p010422.npy,-36.058659,-47.010422,350,360,summer,10,0.2662366619333625
eta_lat_m51p994694_lon_m167p010422.npy,-51.994694,-167.010422,380,390,summer,10,0.385620198212564
eta_lat_m61p508057_lon_m167p010422.npy,-61.508057,-167.010422,30,40,summer,10,0.07904636999592185
eta_lat_p40p414062_lon_m143p010422.npy,40.414062,-143.010422,10,20,summer,10,0.20375439897179604
eta_lat_m58p574665_lon_m113p010414.npy,-58.574665,-113.010414,400,410,summer,10,0.23463157750666142
eta_lat_m31p463802_lon_m17p010422.npy,-31.463802,-17.010422,380,390,summer,10,0.11273223347961903
eta_lat_m58p574665_lon_m41p010422.npy,-58.574665,-41.010422,40,50,summer,10,0.3244755398482084
eta_lat_m21p610189_lon_m125p010414.npy,-21.610189,-125.010414,380,390,summer,10,0.11138322856277227
eta_lat_m61p508057_lon_p114p989594.npy,-61.508057,114.989594,0,10,summer,10,0.22814511135220528
eta_lat_p40p414062_lon_m59p010422.npy,40.414062,-59.010422,10,20,summer,10,0.12401549145579338
eta_lat_m11p027672_lon_m95p010414.npy,-11.027672,-95.010414,390,400,summer,10,0.1894534332677722
eta_lat_m68p928383_lon_p168p989563.npy,-68.928383,168.989563,20,30,summer,10,0.2956315465271473
eta_lat_m61p508057_lon_m155p010422.npy,-61.508057,-155.010422,40,50,summer,10,0.25709349662065506
eta_lat_m48p374134_lon_p96p989594.npy,-48.374134,96.989594,20,30,summer,10,0.16610577516257763
eta_lat_m61p508057_lon_p12p989578.npy,-61.508057,12.989578,380,390,summer,10,0.3154449388384819
eta_lat_m66p662788_lon_m41p010422.npy,-66.662788,-41.010422,330,340,summer,10,0.7238290831446648
eta_lat_m0p009682_lon_m23p010422.npy,-0.009682,-23.010422,400,410,summer,10,0.1744190901517868
eta_lat_m48p374134_lon_p12p989578.npy,-48.374134,12.989578,10,20,summer,10,0.16549492441117764
eta_lat_p5p545479_lon_m143p010422.npy,5.545479,-143.010422,30,40,summer,10,0.1154807060956955
eta_lat_p67p749512_lon_m6p266800.npy,67.749512,-6.2668,330,340,summer,10,0.0779516869224608
eta_lat_p26p641497_lon_m29p010422.npy,26.641497,-29.010422,410,420,summer,10,0.13175060972571373
eta_lat_m21p610189_lon_m113p010414.npy,-21.610189,-113.010414,360,370,summer,10,0.0718852011486888
eta_lat_m51p994694_lon_m173p010422.npy,-51.994694,-173.010422,20,30,summer,10,0.19156614318490028
eta_lat_m55p400803_lon_m89p010414.npy,-55.400803,-89.010414,30,40,summer,10,0.07716385321691632
eta_lat_m52p006847_lon_p12p989578.npy,-52.006847,12.989578,380,390,summer,10,0.08318825624883175
eta_lat_p5p545479_lon_m41p010422.npy,5.545479,-41.010422,370,380,summer,10,0.19099513720721006
eta_lat_m73p859009_lon_m35p162323.npy,-73.859009,-35.162323,350,360,summer,10,1.139936849474907
eta_lat_m66p662788_lon_p12p989578.npy,-66.662788,12.989578,390,400,summer,10,0.24983022920787334
eta_lat_m64p202515_lon_m11p010422.npy,-64.202515,-11.010422,380,390,summer,10,1.2719110250473022
eta_lat_m48p374134_lon_p150p989563.npy,-48.374134,150.989563,20,30,summer,10,0.216369753703475
eta_lat_m61p508057_lon_p24p989578.npy,-61.508057,24.989578,30,40,summer,10,0.36221110448241234
eta_lat_m44p523903_lon_p36p989578.npy,-44.523903,36.989578,390,400,summer,10,0.08096062811091542
eta_lat_m64p202515_lon_m107p010414.npy,-64.202515,-107.010414,410,420,summer,10,0.18169155437499285
eta_lat_m5p545479_lon_m89p010414.npy,-5.545479,-89.010414,40,50,summer,10,0.3381641674786806
eta_lat_m40p414062_lon_m101p010414.npy,-40.414062,-101.010414,340,350,summer,10,0.13210752373561263
eta_lat_p0p009682_lon_m167p010422.npy,0.009682,-167.010422,10,20,summer,10,0.16752654500305653
eta_lat_p40p414062_lon_m137p010422.npy,40.414062,-137.010422,20,30,summer,10,0.17456260696053505
eta_lat_m5p545479_lon_m89p010414.npy,-5.545479,-89.010414,0,10,summer,10,0.1401937585324049
eta_lat_m55p389462_lon_p72p989594.npy,-55.389462,72.989594,390,400,summer,10,0.12839052453637123
eta_lat_m44p523903_lon_p60p989578.npy,-44.523903,60.989578,390,400,summer,10,0.21401077695190907
eta_lat_m66p662788_lon_m53p010422.npy,-66.662788,-53.010422,370,380,summer,10,1.173461839556694
eta_lat_p26p641497_lon_m59p010422.npy,26.641497,-59.010422,40,50,summer,10,0.14767404831945896
eta_lat_p51p994694_lon_m143p010422.npy,51.994694,-143.010422,390,400,summer,10,0.1346012158319354
eta_lat_m61p508057_lon_m83p010414.npy,-61.508057,-83.010414,360,370,summer,10,0.16464906558394432
eta_lat_m44p523903_lon_p12p989578.npy,-44.523903,12.989578,360,370,summer,10,0.13134071044623852
eta_lat_p64p927673_lon_m5p599991.npy,64.927673,-5.599991,410,420,summer,10,0.154487868770957
eta_lat_p16p395037_lon_m29p010422.npy,16.395037,-29.010422,340,350,summer,10,0.16420229338109493
eta_lat_p5p545479_lon_p66p989594.npy,5.545479,66.989594,410,420,summer,10,0.16852527298033237
eta_lat_m61p508057_lon_m155p010422.npy,-61.508057,-155.010422,0,10,summer,10,0.17390788160264492
eta_lat_m51p994694_lon_p12p989578.npy,-51.994694,12.989578,330,340,summer,10,0.13492130301892757
eta_lat_m68p928383_lon_m29p010422.npy,-68.928383,-29.010422,330,340,summer,10,0.3894575238227844
eta_lat_m55p400803_lon_m155p010422.npy,-55.400803,-155.010422,330,340,summer,10,0.07721424475312233
eta_lat_m55p389462_lon_m131p010422.npy,-55.389462,-131.010422,360,370,summer,10,0.2246308010071516
eta_lat_m48p374134_lon_m131p010422.npy,-48.374134,-131.010422,0,10,summer,10,0.1075277328491211
eta_lat_m5p545479_lon_m5p010422.npy,-5.545479,-5.010422,380,390,summer,10,0.12236974015831947
eta_lat_p26p641497_lon_m161p010422.npy,26.641497,-161.010422,380,390,summer,10,0.10162438871338964
eta_lat_m52p006847_lon_p132p989563.npy,-52.006847,132.989563,340,350,summer,10,0.2654471732676029
eta_lat_m36p058659_lon_m161p010422.npy,-36.058659,-161.010422,30,40,summer,10,0.089498455170542
eta_lat_m51p994694_lon_p150p989563.npy,-51.994694,150.989563,360,370,summer,10,0.598796958103776
eta_lat_p48p374134_lon_p174p989563.npy,48.374134,174.989563,360,370,summer,10,0.1050407886505127
eta_lat_m40p414062_lon_m131p010422.npy,-40.414062,-131.010422,0,10,summer,10,0.08890469139441848
eta_lat_m48p374134_lon_p144p989563.npy,-48.374134,144.989563,370,380,summer,10,0.21550748869776726
eta_lat_p0p009682_lon_m107p010414.npy,0.009682,-107.010414,400,410,summer,10,0.29084618389606476
eta_lat_m11p027672_lon_m107p010414.npy,-11.027672,-107.010414,30,40,summer,10,0.13172961119562387
eta_lat_p5p545479_lon_m29p010422.npy,5.545479,-29.010422,40,50,summer,10,0.19532198272645473
eta_lat_m71p317345_lon_m23p007370.npy,-71.317345,-23.00737,370,380,summer,10,0.6529714167118073
eta_lat_p55p389462_lon_m29p010422.npy,55.389462,-29.010422,350,360,summer,10,0.15285623352974653
eta_lat_m58p574665_lon_m59p010422.npy,-58.574665,-59.010422,330,340,summer,10,0.2115086354315281
eta_lat_m21p610189_lon_p84p989594.npy,-21.610189,84.989594,350,360,summer,10,0.1500028632581234
eta_lat_m52p006847_lon_m101p010414.npy,-52.006847,-101.010414,400,410,summer,10,0.12923067435622215
eta_lat_p31p463802_lon_p150p989563.npy,31.463802,150.989563,350,360,summer,10,0.20758134871721268
eta_lat_p21p610189_lon_m29p010422.npy,21.610189,-29.010422,330,340,summer,10,0.0979675822891295
eta_lat_m58p574665_lon_p144p989563.npy,-58.574665,144.989563,400,410,summer,10,0.12731225043535233
eta_lat_p21p610189_lon_m131p010422.npy,21.610189,-131.010422,390,400,summer,10,0.12746476288884878
eta_lat_m48p374134_lon_m113p010414.npy,-48.374134,-113.010414,10,20,summer,10,0.10921429842710495
eta_lat_p31p463802_lon_m149p010422.npy,31.463802,-149.010422,0,10,summer,10,0.0726796556264162
eta_lat_m48p374134_lon_m11p010422.npy,-48.374134,-11.010422,20,30,summer,10,0.10387759655714035
eta_lat_m51p994694_lon_p150p989563.npy,-51.994694,150.989563,400,410,summer,10,0.6192734465003014
eta_lat_m58p574665_lon_m167p010422.npy,-58.574665,-167.010422,30,40,summer,10,0.08435181248933077
eta_lat_m55p400803_lon_m95p010414.npy,-55.400803,-95.010414,370,380,summer,10,0.1286690402776003
eta_lat_m55p400803_lon_m125p010414.npy,-55.400803,-125.010414,330,340,summer,10,0.1810209173709154
eta_lat_m40p414062_lon_m143p010422.npy,-40.414062,-143.010422,30,40,summer,10,0.09112406615167856
eta_lat_m16p395037_lon_m131p010422.npy,-16.395037,-131.010422,40,50,summer,10,0.14001388289034367
eta_lat_m64p202515_lon_m155p010422.npy,-64.202515,-155.010422,0,10,summer,10,0.30271725356578827
eta_lat_p31p463802_lon_m41p010422.npy,31.463802,-41.010422,400,410,summer,10,0.13741635344922543
eta_lat_p44p523903_lon_m35p010422.npy,44.523903,-35.010422,400,410,summer,10,0.1443909932859242
eta_lat_m51p994694_lon_p114p989594.npy,-51.994694,114.989594,30,40,summer,10,0.14145391900092363
eta_lat_p21p610189_lon_m53p010422.npy,21.610189,-53.010422,0,10,summer,10,0.08090627705678344
eta_lat_m55p389462_lon_p54p989578.npy,-55.389462,54.989578,20,30,summer,10,0.10395923722535372
eta_lat_p11p027672_lon_p84p989594.npy,11.027672,84.989594,30,40,summer,10,0.23386046662926674
eta_lat_m5p545479_lon_m125p010414.npy,-5.545479,-125.010414,360,370,summer,10,0.11869589239358902
eta_lat_m48p374134_lon_m173p010422.npy,-48.374134,-173.010422,10,20,summer,10,0.1951186303049326
eta_lat_m48p374134_lon_m173p010422.npy,-48.374134,-173.010422,350,360,summer,10,0.46247322484850883
eta_lat_p48p374134_lon_m173p010422.npy,48.374134,-173.010422,400,410,summer,10,0.11951922718435526
eta_lat_m73p888268_lon_m29p051193.npy,-73.888268,-29.051193,400,410,summer,10,2.736983895301819
eta_lat_m16p395037_lon_p102p989594.npy,-16.395037,102.989594,30,40,summer,10,0.14947531465440989
eta_lat_p11p027672_lon_p66p989594.npy,11.027672,66.989594,330,340,summer,10,0.23932999931275845
eta_lat_m75p574257_lon_m165p651382.npy,-75.574257,-165.651382,20,30,summer,10,4.507488787174225
eta_lat_p44p523903_lon_m17p010422.npy,44.523903,-17.010422,390,400,summer,10,0.24043830577284098
eta_lat_m51p994694_lon_p150p989563.npy,-51.994694,150.989563,30,40,summer,10,0.2959826234728098
eta_lat_m31p463802_lon_m107p010414.npy,-31.463802,-107.010414,410,420,summer,10,0.07363816304132342
eta_lat_m55p400803_lon_p24p989578.npy,-55.400803,24.989578,330,340,summer,10,0.14774329494684935
eta_lat_m64p202515_lon_m161p010422.npy,-64.202515,-161.010422,370,380,summer,10,0.23632315918803215
eta_lat_m31p463802_lon_m95p010414.npy,-31.463802,-95.010414,410,420,summer,10,0.06139960791915655
eta_lat_m55p400803_lon_m101p010414.npy,-55.400803,-101.010414,20,30,summer,10,0.19453684613108635
eta_lat_m21p610189_lon_m11p010422.npy,-21.610189,-11.010422,10,20,summer,10,0.27128966152668
eta_lat_m61p508057_lon_p144p989563.npy,-61.508057,144.989563,350,360,summer,10,0.17832095548510551
eta_lat_m68p928383_lon_m137p010422.npy,-68.928383,-137.010422,400,410,summer,10,0.7649467960000038
eta_lat_m73p433556_lon_m166p559235.npy,-73.433556,-166.559235,40,50,summer,10,6.0656930804252625
eta_lat_m68p928383_lon_m59p010422.npy,-68.928383,-59.010422,40,50,summer,10,0.4469977505505085
eta_lat_p5p545479_lon_m41p010422.npy,5.545479,-41.010422,360,370,summer,10,0.12899038288742304
eta_lat_m48p374134_lon_m83p010414.npy,-48.374134,-83.010414,410,420,summer,10,0.0817950302734971
eta_lat_p11p027672_lon_m29p010422.npy,11.027672,-29.010422,340,350,summer,10,0.1480356901884079
eta_lat_p40p414062_lon_p150p989563.npy,40.414062,150.989563,20,30,summer,10,0.10912583349272609
eta_lat_p0p009682_lon_m113p010414.npy,0.009682,-113.010414,400,410,summer,10,0.1967312265187502
eta_lat_m51p994694_lon_m17p010422.npy,-51.994694,-17.010422,0,10,summer,10,0.11792256496846676
eta_lat_m52p006847_lon_p174p989563.npy,-52.006847,174.989563,400,410,summer,10,0.3652620781213045
eta_lat_m68p928383_lon_m83p010414.npy,-68.928383,-83.010414,400,410,summer,10,0.6682719066739082
eta_lat_m61p508057_lon_m167p010422.npy,-61.508057,-167.010422,40,50,summer,10,0.12129247933626175
eta_lat_p21p610189_lon_m47p010422.npy,21.610189,-47.010422,370,380,summer,10,0.17983273696154356
eta_lat_p48p374134_lon_p174p989563.npy,48.374134,174.989563,370,380,summer,10,0.08778907358646393
eta_lat_m68p928383_lon_p174p989563.npy,-68.928383,174.989563,330,340,summer,10,0.140162312425673
eta_lat_m36p058659_lon_p12p989578.npy,-36.058659,12.989578,400,410,summer,10,0.16913851257413626
eta_lat_m11p027672_lon_p90p989594.npy,-11.027672,90.989594,390,400,summer,10,0.10092627536505461
eta_lat_m40p414062_lon_p162p989563.npy,-40.414062,162.989563,400,410,summer,10,0.19366136379539967
eta_lat_p44p523903_lon_m155p010422.npy,44.523903,-155.010422,380,390,summer,10,0.14802643284201622
eta_lat_m16p395037_lon_p102p989594.npy,-16.395037,102.989594,400,410,summer,10,0.2435649260878563
eta_lat_p48p374134_lon_m137p010422.npy,48.374134,-137.010422,10,20,summer,10,0.19180848356336355
eta_lat_m51p994694_lon_p126p989594.npy,-51.994694,126.989594,330,340,summer,10,0.47580016031861305
eta_lat_m64p202515_lon_p84p989594.npy,-64.202515,84.989594,0,10,summer,10,0.2830323539674282
eta_lat_m0p009682_lon_m29p010422.npy,-0.009682,-29.010422,0,10,summer,10,0.1310248365625739
eta_lat_m61p508057_lon_m131p010422.npy,-61.508057,-131.010422,10,20,summer,10,0.12809409387409687
eta_lat_m61p508057_lon_p108p989594.npy,-61.508057,108.989594,0,10,summer,10,0.26728685200214386
eta_lat_m51p994694_lon_p96p989594.npy,-51.994694,96.989594,40,50,summer,10,0.13306984212249517
eta_lat_p40p414062_lon_m131p010422.npy,40.414062,-131.010422,330,340,summer,10,0.18312683794647455
eta_lat_m11p027672_lon_m131p010422.npy,-11.027672,-131.010422,30,40,summer,10,0.11714446358382702
eta_lat_m52p006847_lon_m11p010422.npy,-52.006847,-11.010422,410,420,summer,10,0.07180861756205559
eta_lat_m52p006847_lon_p138p989563.npy,-52.006847,138.989563,350,360,summer,10,0.24024314433336258
eta_lat_m36p058659_lon_m143p010422.npy,-36.058659,-143.010422,350,360,summer,10,0.12830890156328678
eta_lat_m64p202515_lon_p162p989563.npy,-64.202515,162.989563,380,390,summer,10,0.6509431228041649
eta_lat_m44p523903_lon_m17p010422.npy,-44.523903,-17.010422,360,370,summer,10,0.07322171563282609
eta_lat_m58p574665_lon_m119p010414.npy,-58.574665,-119.010414,380,390,summer,10,0.11232745368033648
eta_lat_m55p389462_lon_p144p989563.npy,-55.389462,144.989563,410,420,summer,10,0.1508593508042395
eta_lat_m44p523903_lon_m41p010422.npy,-44.523903,-41.010422,370,380,summer,10,0.21005746349692345
eta_lat_m55p389462_lon_p6p989578.npy,-55.389462,6.989578,20,30,summer,10,0.21497582271695137
eta_lat_p40p414062_lon_p174p989563.npy,40.414062,174.989563,40,50,summer,10,0.13753352407366037
eta_lat_p31p463802_lon_p174p989563.npy,31.463802,174.989563,370,380,summer,10,0.12405515648424625
eta_lat_m44p523903_lon_m155p010422.npy,-44.523903,-155.010422,380,390,summer,10,0.05886615067720413
eta_lat_p11p027672_lon_m41p010422.npy,11.027672,-41.010422,380,390,summer,10,0.1820683404803276
eta_lat_m5p545479_lon_m149p010422.npy,-5.545479,-149.010422,400,410,summer,10,0.17874405533075333
eta_lat_m68p928383_lon_m161p010422.npy,-68.928383,-161.010422,390,400,summer,10,0.784097395837307
eta_lat_m64p202515_lon_m47p010422.npy,-64.202515,-47.010422,340,350,summer,10,0.8587955012917519
eta_lat_m52p006847_lon_m17p010422.npy,-52.006847,-17.010422,390,400,summer,10,0.09131628647446632
eta_lat_m31p463802_lon_m23p010422.npy,-31.463802,-23.010422,360,370,summer,10,0.09620167873799801
eta_lat_p26p641497_lon_m47p010422.npy,26.641497,-47.010422,390,400,summer,10,0.10262961685657501
eta_lat_m58p574665_lon_p66p989594.npy,-58.574665,66.989594,40,50,summer,10,0.30304858181625605
eta_lat_m68p928383_lon_m173p010422.npy,-68.928383,-173.010422,380,390,summer,10,0.5658342093229294
eta_lat_p11p027672_lon_p84p989594.npy,11.027672,84.989594,380,390,summer,10,0.13762555737048388
eta_lat_p40p414062_lon_p162p989563.npy,40.414062,162.989563,400,410,summer,10,0.09550945367664099
eta_lat_p48p374134_lon_m173p010422.npy,48.374134,-173.010422,20,30,summer,10,0.18715114146471024
eta_lat_m55p389462_lon_m89p010414.npy,-55.389462,-89.010414,30,40,summer,10,0.07871051505208015
eta_lat_m68p928383_lon_m47p010422.npy,-68.928383,-47.010422,350,360,summer,10,0.7895465642213821
eta_lat_m51p994694_lon_m137p010422.npy,-51.994694,-137.010422,40,50,summer,10,0.16362798120826483
eta_lat_m31p463802_lon_p162p989563.npy,-31.463802,162.989563,400,410,summer,10,0.2238903883844614
eta_lat_m31p463802_lon_p102p989594.npy,-31.463802,102.989594,0,10,summer,10,0.12127416580915451
eta_lat_m58p574665_lon_m5p010422.npy,-58.574665,-5.010422,350,360,summer,10,1.0221344530582428
eta_lat_m40p414062_lon_m29p010422.npy,-40.414062,-29.010422,410,420,summer,10,0.071970091201365
eta_lat_p51p994694_lon_m35p010422.npy,51.994694,-35.010422,410,420,summer,10,0.10389105137437582
eta_lat_m55p389462_lon_m95p010414.npy,-55.389462,-95.010414,370,380,summer,10,0.12926846742630005
eta_lat_m66p662788_lon_m95p010414.npy,-66.662788,-95.010414,330,340,summer,10,0.44862926844507456
eta_lat_m72p830154_lon_m142p626068.npy,-72.830154,-142.626068,20,30,summer,10,1.6358666867017746
eta_lat_m21p610189_lon_p102p989594.npy,-21.610189,102.989594,400,410,summer,10,0.17747393157333136
eta_lat_m64p202515_lon_m119p010414.npy,-64.202515,-119.010414,400,410,summer,10,0.32312675192952156
eta_lat_p36p058659_lon_m131p010422.npy,36.058659,-131.010422,380,390,summer,10,0.17809827532619238
eta_lat_m16p395037_lon_p84p989594.npy,-16.395037,84.989594,410,420,summer,10,0.09864840749651194
eta_lat_m51p994694_lon_p30p989578.npy,-51.994694,30.989578,20,30,summer,10,0.2411790331825614
eta_lat_m48p374134_lon_m41p010422.npy,-48.374134,-41.010422,20,30,summer,10,0.3081369921565056
eta_lat_p21p610189_lon_m29p010422.npy,21.610189,-29.010422,10,20,summer,10,0.23967379983514547
eta_lat_m26p641497_lon_m137p010422.npy,-26.641497,-137.010422,330,340,summer,10,0.14021244831383228
eta_lat_m26p641497_lon_p60p989578.npy,-26.641497,60.989578,410,420,summer,10,0.09420709777623415
eta_lat_p51p994694_lon_m35p010422.npy,51.994694,-35.010422,0,10,summer,10,0.1251290482468903
eta_lat_m55p389462_lon_m23p010422.npy,-55.389462,-23.010422,10,20,summer,10,0.1410773815587163
eta_lat_m48p374134_lon_p108p989594.npy,-48.374134,108.989594,0,10,summer,10,0.10673915967345238
eta_lat_m61p508057_lon_p0p989578.npy,-61.508057,0.989578,330,340,summer,10,0.13635584525763988
eta_lat_m61p508057_lon_m29p010422.npy,-61.508057,-29.010422,40,50,summer,10,1.7289265394210815
eta_lat_m31p463802_lon_p174p989563.npy,-31.463802,174.989563,370,380,summer,10,0.29519941937178373
eta_lat_m61p508057_lon_m89p010414.npy,-61.508057,-89.010414,0,10,summer,10,0.14365772902965546
eta_lat_m26p641497_lon_p102p989594.npy,-26.641497,102.989594,20,30,summer,10,0.1631040247157216
eta_lat_m68p928383_lon_m83p010414.npy,-68.928383,-83.010414,350,360,summer,10,0.2778311036527157
eta_lat_m11p027672_lon_m113p010414.npy,-11.027672,-113.010414,350,360,summer,10,0.18457166571170092
eta_lat_m55p389462_lon_p144p989563.npy,-55.389462,144.989563,340,350,summer,10,0.14443957339972258
eta_lat_m55p400803_lon_m95p010414.npy,-55.400803,-95.010414,330,340,summer,10,0.1903309877961874
eta_lat_p16p395037_lon_m161p010422.npy,16.395037,-161.010422,410,420,summer,10,0.1312952833250165
eta_lat_p36p058659_lon_m59p010422.npy,36.058659,-59.010422,390,400,summer,10,0.19387797452509403
eta_lat_m55p389462_lon_m143p010422.npy,-55.389462,-143.010422,0,10,summer,10,0.31440112367272377
eta_lat_m55p400803_lon_p120p989594.npy,-55.400803,120.989594,40,50,summer,10,0.15951978135854006
eta_lat_p36p058659_lon_m155p010422.npy,36.058659,-155.010422,400,410,summer,10,0.10597538109868765
eta_lat_m61p508057_lon_m77p010414.npy,-61.508057,-77.010414,10,20,summer,10,0.18609517998993397
eta_lat_m0p009682_lon_m5p010422.npy,-0.009682,-5.010422,380,390,summer,10,0.14624064788222313
eta_lat_p31p463802_lon_m143p010422.npy,31.463802,-143.010422,30,40,summer,10,0.08689846191555262
eta_lat_p11p027672_lon_m119p010414.npy,11.027672,-119.010414,390,400,summer,10,0.1776308510452509
eta_lat_m55p400803_lon_p12p989578.npy,-55.400803,12.989578,350,360,summer,10,0.16058062203228474
eta_lat_m58p574665_lon_m125p010414.npy,-58.574665,-125.010414,40,50,summer,10,0.21977357286959887
eta_lat_m64p202515_lon_p36p989578.npy,-64.202515,36.989578,340,350,summer,10,0.22755819745361805
eta_lat_m40p414062_lon_m137p010422.npy,-40.414062,-137.010422,360,370,summer,10,0.10717802215367556
eta_lat_m58p574665_lon_m71p010414.npy,-58.574665,-71.010414,350,360,summer,10,0.36645056679844856
eta_lat_m31p463802_lon_m173p010422.npy,-31.463802,-173.010422,410,420,summer,10,0.08243701374158263
eta_lat_m11p027672_lon_m83p010414.npy,-11.027672,-83.010414,350,360,summer,10,0.22833773586899042
eta_lat_p31p463802_lon_m125p010414.npy,31.463802,-125.010414,410,420,summer,10,0.1411374295130372
eta_lat_m40p414062_lon_p96p989594.npy,-40.414062,96.989594,40,50,summer,10,0.08998704189434648
eta_lat_m58p574665_lon_p120p989594.npy,-58.574665,120.989594,20,30,summer,10,0.36997435986995697
eta_lat_m51p994694_lon_p138p989563.npy,-51.994694,138.989563,390,400,summer,10,0.11082203779369593
eta_lat_m52p006847_lon_m107p010414.npy,-52.006847,-107.010414,410,420,summer,10,0.13574177771806717
eta_lat_m44p523903_lon_p108p989594.npy,-44.523903,108.989594,400,410,summer,10,0.2912819813936949
eta_lat_p31p463802_lon_m161p010422.npy,31.463802,-161.010422,20,30,summer,10,0.1160531579516828
eta_lat_m36p058659_lon_m95p010414.npy,-36.058659,-95.010414,380,390,summer,10,0.07698354218155146
eta_lat_m73p796959_lon_m41p244324.npy,-73.796959,-41.244324,410,420,summer,10,0.6881422773003578
eta_lat_p31p463802_lon_m53p010422.npy,31.463802,-53.010422,0,10,summer,10,0.0935576157644391
eta_lat_m48p374134_lon_p18p989578.npy,-48.374134,18.989578,330,340,summer,10,0.709694555029273
eta_lat_m36p058659_lon_p108p989594.npy,-36.058659,108.989594,30,40,summer,10,0.11860285885632038
eta_lat_p58p499409_lon_m52p959564.npy,58.499409,-52.959564,20,30,summer,10,0.300775695592165
eta_lat_p16p395037_lon_m41p010422.npy,16.395037,-41.010422,10,20,summer,10,0.2601000405848026
eta_lat_m58p574665_lon_m59p010422.npy,-58.574665,-59.010422,10,20,summer,10,0.29330779798328876
eta_lat_m21p610189_lon_p96p989594.npy,-21.610189,96.989594,360,370,summer,10,0.13337442465126514
eta_lat_m11p027672_lon_m119p010414.npy,-11.027672,-119.010414,10,20,summer,10,0.12845047377049923
eta_lat_m26p641497_lon_p102p989594.npy,-26.641497,102.989594,400,410,summer,10,0.15152437519282103
eta_lat_m51p994694_lon_p12p989578.npy,-51.994694,12.989578,380,390,summer,10,0.104890963062644
eta_lat_m26p641497_lon_m119p010414.npy,-26.641497,-119.010414,410,420,summer,10,0.07771853357553482
eta_lat_m51p994694_lon_p90p989594.npy,-51.994694,90.989594,350,360,summer,10,0.23935663886368275
eta_lat_m31p463802_lon_p54p989578.npy,-31.463802,54.989578,340,350,summer,10,0.1677236594259739
eta_lat_m11p027672_lon_m119p010414.npy,-11.027672,-119.010414,350,360,summer,10,0.1237592650577426
eta_lat_p36p058659_lon_m29p010422.npy,36.058659,-29.010422,330,340,summer,10,0.11996425408869982
eta_lat_m58p574665_lon_p120p989594.npy,-58.574665,120.989594,30,40,summer,10,0.19946730881929398
eta_lat_m58p574665_lon_m35p010422.npy,-58.574665,-35.010422,40,50,summer,10,1.141690380871296
eta_lat_m58p574665_lon_p78p989594.npy,-58.574665,78.989594,30,40,summer,10,0.18193785473704338
eta_lat_p40p414062_lon_m131p010422.npy,40.414062,-131.010422,340,350,summer,10,0.2078261710703373
eta_lat_p26p641497_lon_m23p010422.npy,26.641497,-23.010422,0,10,summer,10,0.10874752979725599
eta_lat_p16p395037_lon_p174p989563.npy,16.395037,174.989563,330,340,summer,10,0.15421029925346375
eta_lat_m64p202515_lon_m101p010414.npy,-64.202515,-101.010414,20,30,summer,10,0.08573519671335816
eta_lat_m71p152878_lon_m166p947037.npy,-71.152878,-166.947037,340,350,summer,10,1.255504660308361
eta_lat_m64p202515_lon_m143p010422.npy,-64.202515,-143.010422,350,360,summer,10,1.2515420764684677
eta_lat_m61p508057_lon_m173p010422.npy,-61.508057,-173.010422,370,380,summer,10,0.11865279171615839
eta_lat_p31p463802_lon_p156p989563.npy,31.463802,156.989563,400,410,summer,10,0.15151988342404366
eta_lat_m40p414062_lon_p54p989578.npy,-40.414062,54.989578,340,350,summer,10,0.24217718094587326
eta_lat_p36p058659_lon_m167p010422.npy,36.058659,-167.010422,380,390,summer,10,0.09774499386548996
eta_lat_m58p574665_lon_p144p989563.npy,-58.574665,144.989563,360,370,summer,10,0.11840612906962633
eta_lat_m44p523903_lon_p36p989578.npy,-44.523903,36.989578,0,10,summer,10,0.10986239556223154
eta_lat_m72p979408_lon_m148p561707.npy,-72.979408,-148.561707,30,40,summer,10,1.2752092815935612
eta_lat_p5p545479_lon_m131p010422.npy,5.545479,-131.010422,0,10,summer,10,0.14020277839154005
eta_lat_m52p006847_lon_p6p989578.npy,-52.006847,6.989578,360,370,summer,10,0.07243060600012541
eta_lat_m58p574665_lon_m35p010422.npy,-58.574665,-35.010422,400,410,summer,10,0.16209876164793968
eta_lat_p5p545479_lon_p60p989578.npy,5.545479,60.989578,400,410,summer,10,0.16942334733903408
eta_lat_p16p395037_lon_m125p010414.npy,16.395037,-125.010414,340,350,summer,10,0.14653208293020725
eta_lat_m64p202515_lon_m137p010422.npy,-64.202515,-137.010422,0,10,summer,10,0.21718068793416023
eta_lat_m51p994694_lon_m17p010422.npy,-51.994694,-17.010422,370,380,summer,10,0.12218412756919861
eta_lat_m64p202515_lon_p60p989578.npy,-64.202515,60.989578,370,380,summer,10,1.0528259724378586
eta_lat_m44p523903_lon_m167p010422.npy,-44.523903,-167.010422,0,10,summer,10,0.08789359731599689
eta_lat_m36p058659_lon_m101p010414.npy,-36.058659,-101.010414,360,370,summer,10,0.08975331438705325
eta_lat_p40p414062_lon_m59p010422.npy,40.414062,-59.010422,400,410,summer,10,0.15521312318742275
eta_lat_m52p006847_lon_m95p010414.npy,-52.006847,-95.010414,410,420,summer,10,0.09426413662731647
eta_lat_m44p523903_lon_m11p010422.npy,-44.523903,-11.010422,40,50,summer,10,0.11603547539561987
eta_lat_p11p027672_lon_p66p989594.npy,11.027672,66.989594,410,420,summer,10,0.14652283675968647
eta_lat_p51p994694_lon_m47p010422.npy,51.994694,-47.010422,350,360,summer,10,0.15322827640920877
eta_lat_m55p400803_lon_m143p010422.npy,-55.400803,-143.010422,20,30,summer,10,0.1554753389209509
eta_lat_m61p508057_lon_m29p010422.npy,-61.508057,-29.010422,390,400,summer,10,1.9329870641231537
eta_lat_m51p994694_lon_m5p010422.npy,-51.994694,-5.010422,400,410,summer,10,0.19843317195773125
eta_lat_m55p389462_lon_p6p989578.npy,-55.389462,6.989578,400,410,summer,10,0.5820910930633545
eta_lat_m70p821320_lon_m118p983330.npy,-70.82132,-118.98333,30,40,summer,10,1.59828657284379
eta_lat_m44p523903_lon_p36p989578.npy,-44.523903,36.989578,370,380,summer,10,0.13028503581881523
eta_lat_m31p463802_lon_p102p989594.npy,-31.463802,102.989594,370,380,summer,10,0.16346372663974762
eta_lat_m58p574665_lon_p78p989594.npy,-58.574665,78.989594,330,340,summer,10,0.15508109331130981
eta_lat_m40p414062_lon_m137p010422.npy,-40.414062,-137.010422,10,20,summer,10,0.0713387057185173
eta_lat_m40p414062_lon_p42p989578.npy,-40.414062,42.989578,340,350,summer,10,0.16994099784642458
eta_lat_p0p009682_lon_m113p010414.npy,0.009682,-113.010414,20,30,summer,10,0.19474630430340767
eta_lat_m55p389462_lon_m149p010422.npy,-55.389462,-149.010422,410,420,summer,10,0.1938227927312255
eta_lat_m44p523903_lon_p78p989594.npy,-44.523903,78.989594,330,340,summer,10,0.2249302715063095
eta_lat_p31p463802_lon_m35p010422.npy,31.463802,-35.010422,10,20,summer,10,0.15058376360684633
eta_lat_m44p523903_lon_m149p010422.npy,-44.523903,-149.010422,370,380,summer,10,0.060607962775975466
eta_lat_p5p545479_lon_m29p010422.npy,5.545479,-29.010422,30,40,summer,10,0.1524611208587885
eta_lat_m55p400803_lon_m143p010422.npy,-55.400803,-143.010422,30,40,summer,10,0.2493007155135274
eta_lat_m11p027672_lon_p78p989594.npy,-11.027672,78.989594,330,340,summer,10,0.11113800574094057
eta_lat_m64p202515_lon_m155p010422.npy,-64.202515,-155.010422,350,360,summer,10,1.295892059803009
eta_lat_m66p662788_lon_p30p989578.npy,-66.662788,30.989578,370,380,summer,10,1.009140245616436
eta_lat_m64p202515_lon_m41p010422.npy,-64.202515,-41.010422,30,40,summer,10,2.867048591375351
eta_lat_m11p027672_lon_p6p989578.npy,-11.027672,6.989578,330,340,summer,10,0.11181966355070472
eta_lat_m51p994694_lon_m29p010422.npy,-51.994694,-29.010422,350,360,summer,10,0.1022483417764306
eta_lat_p21p610189_lon_p132p989563.npy,21.610189,132.989563,20,30,summer,10,0.18593469075858593
eta_lat_m44p523903_lon_m131p010422.npy,-44.523903,-131.010422,0,10,summer,10,0.07500424329191446
eta_lat_m44p523903_lon_p156p989563.npy,-44.523903,156.989563,340,350,summer,10,0.20382734946906567
eta_lat_m16p395037_lon_p0p989578.npy,-16.395037,0.989578,380,390,summer,10,0.13463225681334734
eta_lat_p5p545479_lon_m107p010414.npy,5.545479,-107.010414,0,10,summer,10,0.16324240062385798
eta_lat_p16p395037_lon_m35p010422.npy,16.395037,-35.010422,380,390,summer,10,0.14518378302454948
eta_lat_m52p006847_lon_m83p010414.npy,-52.006847,-83.010414,350,360,summer,10,0.09399239905178547
eta_lat_m31p463802_lon_m41p010422.npy,-31.463802,-41.010422,20,30,summer,10,0.08992757648229599
eta_lat_m68p928383_lon_m143p010422.npy,-68.928383,-143.010422,350,360,summer,10,1.1410257890820503
eta_lat_p31p463802_lon_m149p010422.npy,31.463802,-149.010422,350,360,summer,10,0.12194517813622952
eta_lat_p11p027672_lon_m167p010422.npy,11.027672,-167.010422,0,10,summer,10,0.13509593065828085
eta_lat_m44p523903_lon_p60p989578.npy,-44.523903,60.989578,30,40,summer,10,0.44042719528079033
eta_lat_m72p830154_lon_m142p626068.npy,-72.830154,-142.626068,400,410,summer,10,0.6067652180790901
eta_lat_m55p400803_lon_m101p010414.npy,-55.400803,-101.010414,370,380,summer,10,0.19335586950182915
eta_lat_m36p058659_lon_m107p010414.npy,-36.058659,-107.010414,0,10,summer,10,0.1074205613695085
eta_lat_m52p006847_lon_p132p989563.npy,-52.006847,132.989563,330,340,summer,10,0.20738661382347345
eta_lat_m5p545479_lon_p78p989594.npy,-5.545479,78.989594,370,380,summer,10,0.18806552235037088
eta_lat_m48p374134_lon_p30p989578.npy,-48.374134,30.989578,410,420,summer,10,0.08481547236442566
eta_lat_m72p438423_lon_m118p949417.npy,-72.438423,-118.949417,10,20,summer,10,2.284949406981468
eta_lat_m44p523903_lon_p96p989594.npy,-44.523903,96.989594,390,400,summer,10,0.1972208572551608
eta_lat_p36p058659_lon_p150p989563.npy,36.058659,150.989563,370,380,summer,10,0.32189760729670525
eta_lat_m55p389462_lon_m89p010414.npy,-55.389462,-89.010414,350,360,summer,10,0.14104689192026854
eta_lat_m26p641497_lon_m137p010422.npy,-26.641497,-137.010422,410,420,summer,10,0.1366194412112236
eta_lat_p21p610189_lon_m53p010422.npy,21.610189,-53.010422,350,360,summer,10,0.15012427605688572
eta_lat_m36p058659_lon_p36p989578.npy,-36.058659,36.989578,10,20,summer,10,0.1530591445043683
eta_lat_m58p574665_lon_m161p010422.npy,-58.574665,-161.010422,0,10,summer,10,0.055629214737564325
eta_lat_p51p994694_lon_m143p010422.npy,51.994694,-143.010422,10,20,summer,10,0.2734882775694132
eta_lat_m48p374134_lon_p150p989563.npy,-48.374134,150.989563,30,40,summer,10,0.21890929900109768
eta_lat_p31p463802_lon_m23p010422.npy,31.463802,-23.010422,330,340,summer,10,0.09848105162382126
eta_lat_m52p006847_lon_m29p010422.npy,-52.006847,-29.010422,340,350,summer,10,0.1465597446076572
eta_lat_p16p395037_lon_m173p010422.npy,16.395037,-173.010422,380,390,summer,10,0.16478115133941174
eta_lat_m58p574665_lon_m95p010414.npy,-58.574665,-95.010414,10,20,summer,10,0.10061254538595676
eta_lat_m66p662788_lon_p30p989578.npy,-66.662788,30.989578,0,10,summer,10,0.6990343779325485
eta_lat_m66p662788_lon_m119p010414.npy,-66.662788,-119.010414,350,360,summer,10,0.43243594095110893
eta_lat_p31p463802_lon_m23p010422.npy,31.463802,-23.010422,340,350,summer,10,0.24694102257490158
eta_lat_m26p641497_lon_m113p010414.npy,-26.641497,-113.010414,20,30,summer,10,0.07184777781367302
eta_lat_m52p006847_lon_p120p989594.npy,-52.006847,120.989594,330,340,summer,10,0.1564621590077877
eta_lat_m51p994694_lon_p12p989578.npy,-51.994694,12.989578,20,30,summer,10,0.12661630101501942
eta_lat_m0p009682_lon_p84p989594.npy,-0.009682,84.989594,390,400,summer,10,0.13648216985166073
eta_lat_m5p545479_lon_p168p989563.npy,-5.545479,168.989563,360,370,summer,10,0.1860562041401863
eta_lat_m55p400803_lon_m101p010414.npy,-55.400803,-101.010414,40,50,summer,10,0.12177769839763641
eta_lat_m64p202515_lon_m29p010422.npy,-64.202515,-29.010422,370,380,summer,10,1.0771156698465347
eta_lat_p40p414062_lon_p168p989563.npy,40.414062,168.989563,370,380,summer,10,0.13905414380133152
eta_lat_p51p994694_lon_m35p010422.npy,51.994694,-35.010422,370,380,summer,10,0.20668248506262898
eta_lat_p63p507416_lon_m35p256088.npy,63.507416,-35.256088,350,360,summer,10,0.14743504067882895
eta_lat_m64p202515_lon_p0p989578.npy,-64.202515,0.989578,360,370,summer,10,0.38304889760911465
eta_lat_p11p027672_lon_m137p010422.npy,11.027672,-137.010422,340,350,summer,10,0.14050937350839376
eta_lat_m48p374134_lon_p24p989578.npy,-48.374134,24.989578,410,420,summer,10,0.1844330495223403
eta_lat_m44p523903_lon_p108p989594.npy,-44.523903,108.989594,380,390,summer,10,0.2864254079759121
eta_lat_m71p057938_lon_m154p945801.npy,-71.057938,-154.945801,0,10,summer,10,0.1284314338117838
eta_lat_m58p574665_lon_m77p010414.npy,-58.574665,-77.010414,350,360,summer,10,0.245587520301342
eta_lat_m26p641497_lon_p84p989594.npy,-26.641497,84.989594,390,400,summer,10,0.1314872531220317
eta_lat_m40p414062_lon_m167p010422.npy,-40.414062,-167.010422,30,40,summer,10,0.10092201828956604
eta_lat_p0p009682_lon_m107p010414.npy,0.009682,-107.010414,370,380,summer,10,0.239074120298028
eta_lat_p16p395037_lon_m137p010422.npy,16.395037,-137.010422,340,350,summer,10,0.1259994888678193
eta_lat_m31p463802_lon_m5p010422.npy,-31.463802,-5.010422,410,420,summer,10,0.1105192699469626
eta_lat_m55p389462_lon_p90p989594.npy,-55.389462,90.989594,360,370,summer,10,0.3273213468492031
eta_lat_p5p545479_lon_m167p010422.npy,5.545479,-167.010422,390,400,summer,10,0.22248259838670492
eta_lat_p31p463802_lon_m161p010422.npy,31.463802,-161.010422,330,340,summer,10,0.1022186535410583
eta_lat_m73p796959_lon_m41p244324.npy,-73.796959,-41.244324,390,400,summer,10,1.513260968029499
eta_lat_m36p058659_lon_m155p010422.npy,-36.058659,-155.010422,0,10,summer,10,0.10207921732217073
eta_lat_m40p414062_lon_m107p010414.npy,-40.414062,-107.010414,370,380,summer,10,0.07520527159795165
eta_lat_p26p641497_lon_m47p010422.npy,26.641497,-47.010422,40,50,summer,10,0.18207943066954613
eta_lat_m51p994694_lon_m95p010414.npy,-51.994694,-95.010414,410,420,summer,10,0.09254567604511976
eta_lat_p5p545479_lon_m155p010422.npy,5.545479,-155.010422,370,380,summer,10,0.13304874300956726
eta_lat_m36p058659_lon_m101p010414.npy,-36.058659,-101.010414,30,40,summer,10,0.08649823814630508
eta_lat_m44p523903_lon_m107p010414.npy,-44.523903,-107.010414,380,390,summer,10,0.1399707174859941
eta_lat_p70p750267_lon_p6p987473.npy,70.750267,6.987473,380,390,summer,10,0.08829095307737589
eta_lat_m66p662788_lon_m35p010422.npy,-66.662788,-35.010422,30,40,summer,10,1.311541736125946
eta_lat_m31p463802_lon_m113p010414.npy,-31.463802,-113.010414,330,340,summer,10,0.07683883467689157
eta_lat_m36p058659_lon_m95p010414.npy,-36.058659,-95.010414,350,360,summer,10,0.07642429741099477
eta_lat_m61p508057_lon_p114p989594.npy,-61.508057,114.989594,370,380,summer,10,0.32858429104089737
eta_lat_m55p389462_lon_p24p989578.npy,-55.389462,24.989578,10,20,summer,10,0.12111008819192648
eta_lat_m72p438423_lon_m118p949417.npy,-72.438423,-118.949417,390,400,summer,10,0.24535943660885096
eta_lat_m55p389462_lon_m17p010422.npy,-55.389462,-17.010422,350,360,summer,10,0.09691123012453318
eta_lat_m68p928383_lon_m101p010414.npy,-68.928383,-101.010414,340,350,summer,10,0.4004080072045326
eta_lat_p16p395037_lon_p162p989563.npy,16.395037,162.989563,30,40,summer,10,0.1490247817710042
eta_lat_m40p414062_lon_p12p989578.npy,-40.414062,12.989578,340,350,summer,10,0.19028519373387098
eta_lat_m55p400803_lon_p162p989563.npy,-55.400803,162.989563,340,350,summer,10,0.31976429373025894
eta_lat_m52p006847_lon_m23p010422.npy,-52.006847,-23.010422,380,390,summer,10,0.33389377407729626
eta_lat_m66p662788_lon_m131p010422.npy,-66.662788,-131.010422,340,350,summer,10,0.6120695769786835
eta_lat_p40p414062_lon_m35p010422.npy,40.414062,-35.010422,330,340,summer,10,0.08239071071147919
eta_lat_p40p414062_lon_p156p989563.npy,40.414062,156.989563,350,360,summer,10,0.10313521698117256
eta_lat_m72p569344_lon_m130p758957.npy,-72.569344,-130.758957,0,10,summer,10,2.0256065726280212
eta_lat_m58p574665_lon_p18p989578.npy,-58.574665,18.989578,350,360,summer,10,0.14891656301915646
eta_lat_m66p662788_lon_p36p989578.npy,-66.662788,36.989578,40,50,summer,10,0.36456094309687614
eta_lat_m68p928383_lon_p168p989563.npy,-68.928383,168.989563,340,350,summer,10,0.25567534379661083
eta_lat_m58p574665_lon_p114p989594.npy,-58.574665,114.989594,340,350,summer,10,0.16696502175182104
eta_lat_m55p389462_lon_p168p989563.npy,-55.389462,168.989563,340,350,summer,10,0.75207301042974
eta_lat_p31p463802_lon_p156p989563.npy,31.463802,156.989563,360,370,summer,10,0.10464708413928747
eta_lat_m48p374134_lon_m101p010414.npy,-48.374134,-101.010414,10,20,summer,10,0.07272744690999389
eta_lat_p44p523903_lon_m143p010422.npy,44.523903,-143.010422,330,340,summer,10,0.0885425740852952
eta_lat_p51p994694_lon_m161p010422.npy,51.994694,-161.010422,410,420,summer,10,0.1474306657910347
eta_lat_m68p928383_lon_m47p010422.npy,-68.928383,-47.010422,410,420,summer,10,1.6328399330377579
eta_lat_m51p994694_lon_p174p989563.npy,-51.994694,174.989563,390,400,summer,10,0.3157142214477062
eta_lat_m16p395037_lon_m131p010422.npy,-16.395037,-131.010422,350,360,summer,10,0.09955770708620548
eta_lat_m75p574257_lon_m165p651382.npy,-75.574257,-165.651382,330,340,summer,10,1.1237429231405258
eta_lat_p0p009682_lon_m131p010422.npy,0.009682,-131.010422,330,340,summer,10,0.14633526653051376
eta_lat_m66p662788_lon_m29p010422.npy,-66.662788,-29.010422,0,10,summer,10,0.5137444548308849
eta_lat_m40p414062_lon_m125p010414.npy,-40.414062,-125.010414,410,420,summer,10,0.060967234428972006
eta_lat_m48p374134_lon_p156p989563.npy,-48.374134,156.989563,400,410,summer,10,0.2475718092173338
eta_lat_m51p994694_lon_p120p989594.npy,-51.994694,120.989594,400,410,summer,10,0.14614710677415133
eta_lat_m44p523903_lon_m47p010422.npy,-44.523903,-47.010422,10,20,summer,10,0.13944693049415946
eta_lat_m55p400803_lon_p120p989594.npy,-55.400803,120.989594,400,410,summer,10,0.13352624792605639
eta_lat_m61p508057_lon_p12p989578.npy,-61.508057,12.989578,350,360,summer,10,0.37028371542692184
eta_lat_p48p374134_lon_m23p010422.npy,48.374134,-23.010422,10,20,summer,10,0.3054800257086754
eta_lat_m31p463802_lon_m11p010422.npy,-31.463802,-11.010422,380,390,summer,10,0.09522541705518961
eta_lat_m61p508057_lon_p18p989578.npy,-61.508057,18.989578,20,30,summer,10,0.3156994730234146
eta_lat_m36p058659_lon_m101p010414.npy,-36.058659,-101.010414,20,30,summer,10,0.07965514995157719
eta_lat_m55p400803_lon_m167p010422.npy,-55.400803,-167.010422,410,420,summer,10,0.1589399203658104
eta_lat_m68p928383_lon_m35p010422.npy,-68.928383,-35.010422,20,30,summer,10,0.5189353749155998
eta_lat_p51p994694_lon_m143p010422.npy,51.994694,-143.010422,330,340,summer,10,0.11073621269315481
eta_lat_m55p389462_lon_p60p989578.npy,-55.389462,60.989578,330,340,summer,10,0.0801057517528534
eta_lat_m36p058659_lon_p48p989578.npy,-36.058659,48.989578,360,370,summer,10,0.09636886417865753
eta_lat_m61p508057_lon_m167p010422.npy,-61.508057,-167.010422,330,340,summer,10,0.06437773257493973
eta_lat_m61p508057_lon_p102p989594.npy,-61.508057,102.989594,350,360,summer,10,0.616270899772644
eta_lat_m31p463802_lon_m23p010422.npy,-31.463802,-23.010422,380,390,summer,10,0.08697422035038471
eta_lat_m64p202515_lon_p156p989563.npy,-64.202515,156.989563,20,30,summer,10,0.3874538205564022
eta_lat_m36p058659_lon_p60p989578.npy,-36.058659,60.989578,360,370,summer,10,0.0940085481852293
eta_lat_p11p027672_lon_m101p010414.npy,11.027672,-101.010414,340,350,summer,10,0.2049538427963853
eta_lat_p40p414062_lon_p174p989563.npy,40.414062,174.989563,370,380,summer,10,0.11515449360013008
eta_lat_m5p545479_lon_m101p010414.npy,-5.545479,-101.010414,390,400,summer,10,0.22649778705090284
eta_lat_m52p006847_lon_p138p989563.npy,-52.006847,138.989563,40,50,summer,10,0.18522307835519314
eta_lat_m5p545479_lon_m89p010414.npy,-5.545479,-89.010414,10,20,summer,10,0.3020051419734955
eta_lat_m64p202515_lon_m17p010422.npy,-64.202515,-17.010422,0,10,summer,10,0.7006672099232674
eta_lat_m61p508057_lon_p96p989594.npy,-61.508057,96.989594,350,360,summer,10,0.4566563367843628
eta_lat_m52p006847_lon_p120p989594.npy,-52.006847,120.989594,40,50,summer,10,0.2379199480637908
eta_lat_p26p641497_lon_m29p010422.npy,26.641497,-29.010422,40,50,summer,10,0.16343587078154087
eta_lat_m66p662788_lon_m107p010414.npy,-66.662788,-107.010414,10,20,summer,10,0.14598890021443367
eta_lat_m52p006847_lon_m113p010414.npy,-52.006847,-113.010414,380,390,summer,10,0.30952453427016735
eta_lat_m55p400803_lon_p132p989563.npy,-55.400803,132.989563,20,30,summer,10,0.25740416068583727
eta_lat_m76p178772_lon_m41p740692.npy,-76.178772,-41.740692,20,30,summer,10,1.0660626366734505
eta_lat_m31p463802_lon_p60p989578.npy,-31.463802,60.989578,30,40,summer,10,0.1080372417345643
eta_lat_m31p463802_lon_p108p989594.npy,-31.463802,108.989594,370,380,summer,10,0.2072397731244564
eta_lat_m55p400803_lon_p108p989594.npy,-55.400803,108.989594,20,30,summer,10,0.17961953952908516
eta_lat_m51p994694_lon_p0p989578.npy,-51.994694,0.989578,330,340,summer,10,0.09966398216784
eta_lat_m5p545479_lon_m131p010422.npy,-5.545479,-131.010422,40,50,summer,10,0.10667713172733784
eta_lat_m5p545479_lon_m125p010414.npy,-5.545479,-125.010414,20,30,summer,10,0.13500311970710754
eta_lat_m51p994694_lon_m119p010414.npy,-51.994694,-119.010414,30,40,summer,10,0.18779143039137125
eta_lat_p5p545479_lon_m107p010414.npy,5.545479,-107.010414,10,20,summer,10,0.3921102490276098
eta_lat_p36p058659_lon_m41p010422.npy,36.058659,-41.010422,390,400,summer,10,0.08951044827699661
eta_lat_m72p569344_lon_m130p758957.npy,-72.569344,-130.758957,410,420,summer,10,0.4647990092635155
eta_lat_m16p395037_lon_m17p010422.npy,-16.395037,-17.010422,40,50,summer,10,0.2839660020545125
eta_lat_m61p508057_lon_m5p010422.npy,-61.508057,-5.010422,350,360,summer,10,0.7109426334500313
eta_lat_p11p027672_lon_m167p010422.npy,11.027672,-167.010422,390,400,summer,10,0.2164017353206873
eta_lat_p26p641497_lon_m155p010422.npy,26.641497,-155.010422,360,370,summer,10,0.082660180516541
eta_lat_m31p463802_lon_p78p989594.npy,-31.463802,78.989594,40,50,summer,10,0.07276905048638582
eta_lat_m31p463802_lon_m11p010422.npy,-31.463802,-11.010422,0,10,summer,10,0.10691171605139971
eta_lat_m71p110893_lon_m160p945129.npy,-71.110893,-160.945129,370,380,summer,10,1.04037344455719
eta_lat_p44p523903_lon_m161p010422.npy,44.523903,-161.010422,340,350,summer,10,0.08679195446893573
eta_lat_m44p523903_lon_p138p989563.npy,-44.523903,138.989563,330,340,summer,10,0.1933329338207841
eta_lat_p65p078934_lon_p0p678101.npy,65.078934,0.678101,30,40,summer,10,0.18278608564287424
eta_lat_p26p641497_lon_p174p989563.npy,26.641497,174.989563,0,10,summer,10,0.09469944098964334
eta_lat_m55p400803_lon_p78p989594.npy,-55.400803,78.989594,40,50,summer,10,0.16029879450798035
eta_lat_m5p545479_lon_m11p010422.npy,-5.545479,-11.010422,370,380,summer,10,0.3689405471086502
eta_lat_p51p994694_lon_m47p010422.npy,51.994694,-47.010422,30,40,summer,10,0.17815368250012398
eta_lat_m21p610189_lon_p84p989594.npy,-21.610189,84.989594,340,350,summer,10,0.1327495640143752
eta_lat_m66p662788_lon_m47p010422.npy,-66.662788,-47.010422,410,420,summer,10,1.4606258124113083
eta_lat_m31p463802_lon_p108p989594.npy,-31.463802,108.989594,390,400,summer,10,0.17941644974052906
eta_lat_m48p374134_lon_m107p010414.npy,-48.374134,-107.010414,380,390,summer,10,0.08883726550266147
eta_lat_m75p574257_lon_m165p651382.npy,-75.574257,-165.651382,350,360,summer,10,1.178811490535736
eta_lat_m26p641497_lon_p108p989594.npy,-26.641497,108.989594,350,360,summer,10,0.26428378745913506
eta_lat_m5p545479_lon_m125p010414.npy,-5.545479,-125.010414,10,20,summer,10,0.12009598221629858
eta_lat_m52p006847_lon_p138p989563.npy,-52.006847,138.989563,390,400,summer,10,0.1096734986640513
eta_lat_p26p641497_lon_m23p010422.npy,26.641497,-23.010422,360,370,summer,10,0.08456698572263122
eta_lat_m48p374134_lon_p138p989563.npy,-48.374134,138.989563,0,10,summer,10,0.15964737720787525
eta_lat_m26p641497_lon_p84p989594.npy,-26.641497,84.989594,340,350,summer,10,0.16394579503685236
eta_lat_p44p523903_lon_p156p989563.npy,44.523903,156.989563,370,380,summer,10,0.08173233643174171
eta_lat_m48p374134_lon_p114p989594.npy,-48.374134,114.989594,0,10,summer,10,0.100409971550107
eta_lat_m58p574665_lon_p162p989563.npy,-58.574665,162.989563,30,40,summer,10,0.1453026384115219
eta_lat_m5p545479_lon_p78p989594.npy,-5.545479,78.989594,380,390,summer,10,0.11976512987166643
eta_lat_p31p463802_lon_m131p010422.npy,31.463802,-131.010422,390,400,summer,10,0.16052606888115406
eta_lat_m51p994694_lon_p18p989578.npy,-51.994694,18.989578,410,420,summer,10,0.09904087707400322
eta_lat_p21p610189_lon_m131p010422.npy,21.610189,-131.010422,380,390,summer,10,0.12222620658576488
eta_lat_m21p610189_lon_m107p010414.npy,-21.610189,-107.010414,370,380,summer,10,0.0759762367233634
eta_lat_m26p641497_lon_p60p989578.npy,-26.641497,60.989578,360,370,summer,10,0.10926498845219612
eta_lat_m51p994694_lon_m17p010422.npy,-51.994694,-17.010422,330,340,summer,10,0.1223872508853674
eta_lat_m36p058659_lon_m47p010422.npy,-36.058659,-47.010422,30,40,summer,10,0.13454325404018164
eta_lat_m31p463802_lon_p84p989594.npy,-31.463802,84.989594,10,20,summer,10,0.10156489163637161
eta_lat_m58p574665_lon_p138p989563.npy,-58.574665,138.989563,360,370,summer,10,0.15558949392288923
eta_lat_m71p296463_lon_m35p025223.npy,-71.296463,-35.025223,380,390,summer,10,1.9824819266796112
eta_lat_m44p523903_lon_p84p989594.npy,-44.523903,84.989594,0,10,summer,10,0.43468546122312546
eta_lat_m21p610189_lon_p102p989594.npy,-21.610189,102.989594,330,340,summer,10,0.17742493841797113
eta_lat_m11p027672_lon_m131p010422.npy,-11.027672,-131.010422,410,420,summer,10,0.11323915421962738
eta_lat_p11p027672_lon_p156p989563.npy,11.027672,156.989563,340,350,summer,10,0.2491010744124651
eta_lat_p51p994694_lon_m47p010422.npy,51.994694,-47.010422,370,380,summer,10,0.21566005051136017
eta_lat_m55p400803_lon_m131p010422.npy,-55.400803,-131.010422,340,350,summer,10,0.22772264014929533
eta_lat_p21p610189_lon_m59p010422.npy,21.610189,-59.010422,390,400,summer,10,0.12304471526294947
eta_lat_m52p006847_lon_p120p989594.npy,-52.006847,120.989594,360,370,summer,10,0.1648711310699582
eta_lat_m68p928383_lon_m17p010422.npy,-68.928383,-17.010422,40,50,summer,10,0.9983366429805756
eta_lat_m64p202515_lon_m41p010422.npy,-64.202515,-41.010422,10,20,summer,10,1.3661139905452728
eta_lat_m64p202515_lon_m17p010422.npy,-64.202515,-17.010422,350,360,summer,10,0.7372857332229614
eta_lat_p44p523903_lon_m143p010422.npy,44.523903,-143.010422,350,360,summer,10,0.15689459163695574
eta_lat_m5p545479_lon_m125p010414.npy,-5.545479,-125.010414,400,410,summer,10,0.11240857373923063
eta_lat_m44p523903_lon_p96p989594.npy,-44.523903,96.989594,10,20,summer,10,0.24838382378220558
eta_lat_m40p414062_lon_p108p989594.npy,-40.414062,108.989594,40,50,summer,10,0.06472478527575731
eta_lat_m5p545479_lon_p78p989594.npy,-5.545479,78.989594,30,40,summer,10,0.1636527692899108
eta_lat_p51p994694_lon_m149p010422.npy,51.994694,-149.010422,30,40,summer,10,0.15105639584362507
eta_lat_m44p523903_lon_p102p989594.npy,-44.523903,102.989594,40,50,summer,10,0.2222131658345461
eta_lat_m64p202515_lon_p150p989563.npy,-64.202515,150.989563,330,340,summer,10,0.2629789188504219
eta_lat_m44p523903_lon_p66p989594.npy,-44.523903,66.989594,40,50,summer,10,0.23047463782131672
eta_lat_m48p374134_lon_p138p989563.npy,-48.374134,138.989563,390,400,summer,10,0.36261081881821156
eta_lat_m75p574257_lon_m165p651382.npy,-75.574257,-165.651382,370,380,summer,10,1.1029303669929504
eta_lat_m16p395037_lon_p78p989594.npy,-16.395037,78.989594,370,380,summer,10,0.13325675763189793
eta_lat_p16p395037_lon_m137p010422.npy,16.395037,-137.010422,380,390,summer,10,0.16531534027308226
eta_lat_p0p009682_lon_p162p989563.npy,0.009682,162.989563,370,380,summer,10,0.18238566629588604
eta_lat_p36p058659_lon_m59p010422.npy,36.058659,-59.010422,400,410,summer,10,0.23999585956335068
eta_lat_m31p463802_lon_p78p989594.npy,-31.463802,78.989594,410,420,summer,10,0.08967445325106382
eta_lat_m64p202515_lon_p24p989578.npy,-64.202515,24.989578,30,40,summer,10,0.27192668057978153
eta_lat_p31p463802_lon_m149p010422.npy,31.463802,-149.010422,380,390,summer,10,0.11465001106262207
eta_lat_m66p662788_lon_m167p010422.npy,-66.662788,-167.010422,10,20,summer,10,1.1818657889962196
eta_lat_p48p374134_lon_m29p010422.npy,48.374134,-29.010422,40,50,summer,10,0.23056677542626858
eta_lat_m68p928383_lon_m23p010422.npy,-68.928383,-23.010422,380,390,summer,10,1.3561028391122818
eta_lat_m11p027672_lon_p84p989594.npy,-11.027672,84.989594,20,30,summer,10,0.11971928644925356
eta_lat_m40p414062_lon_p18p989578.npy,-40.414062,18.989578,350,360,summer,10,0.4699018523097038
eta_lat_m36p058659_lon_m149p010422.npy,-36.058659,-149.010422,400,410,summer,10,0.07686373917385936
eta_lat_m51p994694_lon_m125p010414.npy,-51.994694,-125.010414,330,340,summer,10,0.20045506581664085
eta_lat_m26p641497_lon_m17p010422.npy,-26.641497,-17.010422,360,370,summer,10,0.0793569847010076
eta_lat_m48p374134_lon_p30p989578.npy,-48.374134,30.989578,40,50,summer,10,0.17617792077362537
eta_lat_m16p395037_lon_m125p010414.npy,-16.395037,-125.010414,30,40,summer,10,0.10535551328212023
eta_lat_p67p749512_lon_m6p266800.npy,67.749512,-6.2668,380,390,summer,10,0.10036573186516762
eta_lat_m64p202515_lon_m41p010422.npy,-64.202515,-41.010422,340,350,summer,10,1.1185984313488007
eta_lat_m0p009682_lon_m17p010422.npy,-0.009682,-17.010422,30,40,summer,10,0.17887275852262974
eta_lat_p44p523903_lon_p168p989563.npy,44.523903,168.989563,0,10,summer,10,0.10680582281202078
eta_lat_p11p027672_lon_p60p989578.npy,11.027672,60.989578,390,400,summer,10,0.20352580398321152
eta_lat_p70p750267_lon_p6p987473.npy,70.750267,6.987473,20,30,summer,10,0.18484182097017765
eta_lat_m16p395037_lon_p96p989594.npy,-16.395037,96.989594,410,420,summer,10,0.09587656008079648
eta_lat_m16p395037_lon_p90p989594.npy,-16.395037,90.989594,410,420,summer,10,0.13793567568063736
eta_lat_m52p006847_lon_m23p010422.npy,-52.006847,-23.010422,330,340,summer,10,0.16168256290256977
eta_lat_m16p395037_lon_p84p989594.npy,-16.395037,84.989594,330,340,summer,10,0.10891909897327423
eta_lat_m48p374134_lon_m23p010422.npy,-48.374134,-23.010422,20,30,summer,10,0.17366910353302956
eta_lat_m55p389462_lon_p78p989594.npy,-55.389462,78.989594,350,360,summer,10,0.13499849662184715
eta_lat_p21p610189_lon_p174p989563.npy,21.610189,174.989563,40,50,summer,10,0.21687734127044678
eta_lat_m64p202515_lon_p0p989578.npy,-64.202515,0.989578,350,360,summer,10,0.671242244541645
eta_lat_p26p641497_lon_m131p010422.npy,26.641497,-131.010422,0,10,summer,10,0.11016561649739742
eta_lat_m48p374134_lon_p84p989594.npy,-48.374134,84.989594,360,370,summer,10,0.22246291674673557
eta_lat_m61p508057_lon_p132p989563.npy,-61.508057,132.989563,380,390,summer,10,0.3252607751637697
eta_lat_m61p508057_lon_p24p989578.npy,-61.508057,24.989578,400,410,summer,10,0.2809208035469055
eta_lat_p5p545479_lon_m35p010422.npy,5.545479,-35.010422,370,380,summer,10,0.19909649156033993
eta_lat_p48p374134_lon_p168p989563.npy,48.374134,168.989563,370,380,summer,10,0.08443223312497139
eta_lat_m70p818817_lon_m112p992744.npy,-70.818817,-112.992744,0,10,summer,10,0.6302219852805138
eta_lat_p44p523903_lon_m143p010422.npy,44.523903,-143.010422,20,30,summer,10,0.13955373596400023
eta_lat_m55p389462_lon_p126p989594.npy,-55.389462,126.989594,10,20,summer,10,0.4700400121510029
eta_lat_m73p291496_lon_m160p547073.npy,-73.291496,-160.547073,380,390,summer,10,1.4447121024131775
eta_lat_p40p414062_lon_p150p989563.npy,40.414062,150.989563,360,370,summer,10,0.07804585248231888
eta_lat_m55p400803_lon_m23p010422.npy,-55.400803,-23.010422,390,400,summer,10,0.25273069739341736
eta_lat_p16p395037_lon_p132p989563.npy,16.395037,132.989563,390,400,summer,10,0.2012112531810999
eta_lat_p26p641497_lon_m53p010422.npy,26.641497,-53.010422,20,30,summer,10,0.1125784395262599
eta_lat_p48p374134_lon_m17p010422.npy,48.374134,-17.010422,410,420,summer,10,0.1705455183982849
eta_lat_p5p545479_lon_m107p010414.npy,5.545479,-107.010414,340,350,summer,10,0.2346461471170187
eta_lat_m48p374134_lon_m47p010422.npy,-48.374134,-47.010422,350,360,summer,10,0.2645168360322714
eta_lat_m11p027672_lon_m11p010422.npy,-11.027672,-11.010422,410,420,summer,10,0.14627424534410238
eta_lat_m70p818817_lon_m112p992744.npy,-70.818817,-112.992744,30,40,summer,10,1.3274448961019516
eta_lat_p21p610189_lon_m137p010422.npy,21.610189,-137.010422,350,360,summer,10,0.1484129736199975
eta_lat_p0p009682_lon_m167p010422.npy,0.009682,-167.010422,40,50,summer,10,0.19096272066235542
eta_lat_m36p058659_lon_p36p989578.npy,-36.058659,36.989578,30,40,summer,10,0.20089633390307426
eta_lat_p61p185383_lon_m29p222214.npy,61.185383,-29.222214,20,30,summer,10,0.12159720156341791
eta_lat_m66p662788_lon_m107p010414.npy,-66.662788,-107.010414,400,410,summer,10,0.3934124484658241
eta_lat_m21p610189_lon_m131p010422.npy,-21.610189,-131.010422,350,360,summer,10,0.13753258995711803
eta_lat_m16p395037_lon_p72p989594.npy,-16.395037,72.989594,400,410,summer,10,0.10575347626581788
eta_lat_m44p523903_lon_p102p989594.npy,-44.523903,102.989594,330,340,summer,10,0.2955270018428564
eta_lat_m68p928383_lon_m41p010422.npy,-68.928383,-41.010422,360,370,summer,10,0.8360120058059692
eta_lat_m48p374134_lon_m107p010414.npy,-48.374134,-107.010414,400,410,summer,10,0.06424093898385763
eta_lat_m40p414062_lon_p24p989578.npy,-40.414062,24.989578,40,50,summer,10,0.7392641007900238
eta_lat_m66p662788_lon_m41p010422.npy,-66.662788,-41.010422,350,360,summer,10,0.4604429788887501
eta_lat_p11p027672_lon_p156p989563.npy,11.027672,156.989563,330,340,summer,10,0.1869806321337819
eta_lat_m26p641497_lon_m17p010422.npy,-26.641497,-17.010422,390,400,summer,10,0.10593008017167449
eta_lat_m51p994694_lon_p138p989563.npy,-51.994694,138.989563,40,50,summer,10,0.17125997971743345
eta_lat_m66p662788_lon_p30p989578.npy,-66.662788,30.989578,380,390,summer,10,0.528002891689539
eta_lat_m52p006847_lon_m131p010422.npy,-52.006847,-131.010422,350,360,summer,10,0.11848588474094868
eta_lat_p21p610189_lon_p132p989563.npy,21.610189,132.989563,40,50,summer,10,0.20162062160670757
eta_lat_m64p202515_lon_p66p989594.npy,-64.202515,66.989594,400,410,summer,10,1.358513131737709
eta_lat_m55p389462_lon_m149p010422.npy,-55.389462,-149.010422,370,380,summer,10,0.26061792112886906
eta_lat_m44p523903_lon_m29p010422.npy,-44.523903,-29.010422,370,380,summer,10,0.142248775344342
eta_lat_p58p392208_lon_m35p018463.npy,58.392208,-35.018463,30,40,summer,10,0.17275182995945215
eta_lat_m31p463802_lon_p102p989594.npy,-31.463802,102.989594,340,350,summer,10,0.16807314939796925
eta_lat_p31p463802_lon_m59p010422.npy,31.463802,-59.010422,340,350,summer,10,0.1154579147696495
eta_lat_m31p463802_lon_m131p010422.npy,-31.463802,-131.010422,350,360,summer,10,0.10717156529426575
eta_lat_p48p374134_lon_m23p010422.npy,48.374134,-23.010422,330,340,summer,10,0.23345624469220638
eta_lat_m5p545479_lon_m107p010414.npy,-5.545479,-107.010414,40,50,summer,10,0.34385605715215206
eta_lat_m58p574665_lon_m101p010414.npy,-58.574665,-101.010414,370,380,summer,10,0.16199513524770737
eta_lat_m55p389462_lon_m11p010422.npy,-55.389462,-11.010422,380,390,summer,10,0.07722140289843082
eta_lat_m31p463802_lon_p60p989578.npy,-31.463802,60.989578,20,30,summer,10,0.14882832393050194
eta_lat_m51p994694_lon_m113p010414.npy,-51.994694,-113.010414,330,340,summer,10,0.13559330627322197
eta_lat_m26p641497_lon_p96p989594.npy,-26.641497,96.989594,390,400,summer,10,0.15490806754678488
eta_lat_m51p994694_lon_m29p010422.npy,-51.994694,-29.010422,410,420,summer,10,0.11652191821485758
eta_lat_m61p508057_lon_m155p010422.npy,-61.508057,-155.010422,360,370,summer,10,0.17034518253058195
eta_lat_m66p662788_lon_p0p989578.npy,-66.662788,0.989578,350,360,summer,10,2.7908306568861008
eta_lat_m55p389462_lon_p168p989563.npy,-55.389462,168.989563,400,410,summer,10,0.7649454288184643
eta_lat_p11p027672_lon_m143p010422.npy,11.027672,-143.010422,370,380,summer,10,0.14108395855873823
eta_lat_m55p400803_lon_p42p989578.npy,-55.400803,42.989578,40,50,summer,10,0.2251054747030139
eta_lat_p40p414062_lon_m41p010422.npy,40.414062,-41.010422,0,10,summer,10,0.1386897200718522
eta_lat_m58p574665_lon_p150p989563.npy,-58.574665,150.989563,40,50,summer,10,0.13214094378054142
eta_lat_m48p374134_lon_p0p989578.npy,-48.374134,0.989578,380,390,summer,10,0.10536366701126099
eta_lat_p31p463802_lon_m35p010422.npy,31.463802,-35.010422,350,360,summer,10,0.0950306486338377
eta_lat_m70p831284_lon_m107p022827.npy,-70.831284,-107.022827,30,40,summer,10,1.1513166427612305
eta_lat_m36p058659_lon_m95p010414.npy,-36.058659,-95.010414,370,380,summer,10,0.10941544687375426
eta_lat_m55p400803_lon_p72p989594.npy,-55.400803,72.989594,340,350,summer,10,0.1664745695888996
eta_lat_m40p414062_lon_p120p989594.npy,-40.414062,120.989594,330,340,summer,10,0.0758533007465303
eta_lat_m68p928383_lon_m47p010422.npy,-68.928383,-47.010422,0,10,summer,10,1.259316559880972
eta_lat_p11p027672_lon_m35p010422.npy,11.027672,-35.010422,40,50,summer,10,0.2358289435505867
eta_lat_m44p523903_lon_p72p989594.npy,-44.523903,72.989594,370,380,summer,10,0.21834524162113667
eta_lat_m55p400803_lon_p6p989578.npy,-55.400803,6.989578,410,420,summer,10,0.31245217472314835
eta_lat_p31p463802_lon_p144p989563.npy,31.463802,144.989563,10,20,summer,10,0.12139737233519554
eta_lat_m36p058659_lon_m41p010422.npy,-36.058659,-41.010422,380,390,summer,10,0.09122749604284763
eta_lat_m40p414062_lon_m173p010422.npy,-40.414062,-173.010422,20,30,summer,10,0.1101700128056109
eta_lat_m64p202515_lon_p174p989563.npy,-64.202515,174.989563,40,50,summer,10,0.5127217508852482
eta_lat_m55p400803_lon_p132p989563.npy,-55.400803,132.989563,410,420,summer,10,0.3383483123034239
eta_lat_m40p414062_lon_m155p010422.npy,-40.414062,-155.010422,350,360,summer,10,0.10473143681883812
eta_lat_m64p202515_lon_p36p989578.npy,-64.202515,36.989578,350,360,summer,10,0.27297280728816986
eta_lat_m51p994694_lon_m83p010414.npy,-51.994694,-83.010414,20,30,summer,10,0.11438925750553608
eta_lat_m36p058659_lon_m17p010422.npy,-36.058659,-17.010422,0,10,summer,10,0.08900790009647608
eta_lat_m40p414062_lon_m107p010414.npy,-40.414062,-107.010414,0,10,summer,10,0.12869502324610949
eta_lat_m61p508057_lon_p24p989578.npy,-61.508057,24.989578,340,350,summer,10,0.41881413012742996
eta_lat_p11p027672_lon_m101p010414.npy,11.027672,-101.010414,0,10,summer,10,0.12044060323387384
eta_lat_m68p928383_lon_m119p010414.npy,-68.928383,-119.010414,370,380,summer,10,0.3326200172305107
eta_lat_p44p523903_lon_p162p989563.npy,44.523903,162.989563,30,40,summer,10,0.07843933161348104
eta_lat_m31p463802_lon_p72p989594.npy,-31.463802,72.989594,350,360,summer,10,0.11226606741547585
eta_lat_m52p006847_lon_m89p010414.npy,-52.006847,-89.010414,40,50,summer,10,0.07476622192189097
eta_lat_p61p579643_lon_m17p313934.npy,61.579643,-17.313934,340,350,summer,10,0.14747491152957082
eta_lat_m61p508057_lon_p6p989578.npy,-61.508057,6.989578,10,20,summer,10,0.3258793018758297
eta_lat_m40p414062_lon_p18p989578.npy,-40.414062,18.989578,10,20,summer,10,0.4713839143514633
eta_lat_m31p463802_lon_p90p989594.npy,-31.463802,90.989594,340,350,summer,10,0.16430842597037554
eta_lat_m55p400803_lon_p6p989578.npy,-55.400803,6.989578,370,380,summer,10,0.24143147841095924
eta_lat_m48p374134_lon_m11p010422.npy,-48.374134,-11.010422,10,20,summer,10,0.21686329133808613
eta_lat_m73p433556_lon_m166p559235.npy,-73.433556,-166.559235,410,420,summer,10,1.2303490787744522
eta_lat_p0p009682_lon_m101p010414.npy,0.009682,-101.010414,410,420,summer,10,0.28427386097609997
eta_lat_m44p523903_lon_p138p989563.npy,-44.523903,138.989563,370,380,summer,10,0.18900559563189745
eta_lat_m11p027672_lon_p66p989594.npy,-11.027672,66.989594,400,410,summer,10,0.17991987243294716
eta_lat_m48p374134_lon_m95p010414.npy,-48.374134,-95.010414,340,350,summer,10,0.13391802087426186
eta_lat_m61p508057_lon_p78p989594.npy,-61.508057,78.989594,410,420,summer,10,0.47833794355392456
eta_lat_m51p994694_lon_p90p989594.npy,-51.994694,90.989594,20,30,summer,10,0.3399573490023613
eta_lat_m21p610189_lon_m77p010414.npy,-21.610189,-77.010414,340,350,summer,10,0.09132974501699209
eta_lat_m51p994694_lon_m11p010422.npy,-51.994694,-11.010422,400,410,summer,10,0.15421882271766663
eta_lat_m48p374134_lon_p114p989594.npy,-48.374134,114.989594,20,30,summer,10,0.20464247837662697
eta_lat_m58p574665_lon_m131p010422.npy,-58.574665,-131.010422,0,10,summer,10,0.19163434114307165
eta_lat_p26p641497_lon_m125p010414.npy,26.641497,-125.010414,350,360,summer,10,0.1606532409787178
eta_lat_m55p389462_lon_m95p010414.npy,-55.389462,-95.010414,380,390,summer,10,0.13420949690043926
eta_lat_m52p006847_lon_m29p010422.npy,-52.006847,-29.010422,20,30,summer,10,0.14121393021196127
eta_lat_p70p750267_lon_p6p987473.npy,70.750267,6.987473,400,410,summer,10,0.13328307308256626
eta_lat_p51p994694_lon_m137p010422.npy,51.994694,-137.010422,410,420,summer,10,0.17232724279165268
eta_lat_m40p414062_lon_p30p989578.npy,-40.414062,30.989578,10,20,summer,10,0.34210341051220894
eta_lat_p26p641497_lon_m137p010422.npy,26.641497,-137.010422,10,20,summer,10,0.18180397944524884
eta_lat_m61p508057_lon_m113p010414.npy,-61.508057,-113.010414,330,340,summer,10,0.1492905132472515
eta_lat_m51p994694_lon_p174p989563.npy,-51.994694,174.989563,330,340,summer,10,0.21261371299624443
eta_lat_m51p994694_lon_p24p989578.npy,-51.994694,24.989578,380,390,summer,10,0.164845559746027
eta_lat_m26p641497_lon_m29p010422.npy,-26.641497,-29.010422,340,350,summer,10,0.11842025816440582
eta_lat_m52p006847_lon_p18p989578.npy,-52.006847,18.989578,20,30,summer,10,0.16216669138520956
eta_lat_m26p641497_lon_m173p010422.npy,-26.641497,-173.010422,20,30,summer,10,0.10580266918987036
eta_lat_m55p400803_lon_m125p010414.npy,-55.400803,-125.010414,30,40,summer,10,0.26845323480665684
eta_lat_m66p662788_lon_p18p989578.npy,-66.662788,18.989578,350,360,summer,10,0.24585774168372154
eta_lat_m44p523903_lon_p96p989594.npy,-44.523903,96.989594,410,420,summer,10,0.1488152639940381
eta_lat_m51p994694_lon_m155p010422.npy,-51.994694,-155.010422,360,370,summer,10,0.28353311866521835
eta_lat_m55p389462_lon_m131p010422.npy,-55.389462,-131.010422,400,410,summer,10,0.19218529481440783
eta_lat_m5p545479_lon_m5p010422.npy,-5.545479,-5.010422,10,20,summer,10,0.20792586170136929
eta_lat_p26p641497_lon_m143p010422.npy,26.641497,-143.010422,360,370,summer,10,0.08596888184547424
eta_lat_m40p414062_lon_m95p010414.npy,-40.414062,-95.010414,350,360,summer,10,0.09043690655380487
eta_lat_p36p058659_lon_m41p010422.npy,36.058659,-41.010422,370,380,summer,10,0.10529705416411161
eta_lat_m31p463802_lon_m119p010414.npy,-31.463802,-119.010414,20,30,summer,10,0.10805418994277716
eta_lat_m51p994694_lon_m11p010422.npy,-51.994694,-11.010422,410,420,summer,10,0.07340034376829863
eta_lat_m68p928383_lon_m101p010414.npy,-68.928383,-101.010414,400,410,summer,10,0.6112882345914841
eta_lat_m51p994694_lon_p60p989578.npy,-51.994694,60.989578,330,340,summer,10,0.077338429633528
eta_lat_m68p928383_lon_m41p010422.npy,-68.928383,-41.010422,400,410,summer,10,1.6437203139066696
eta_lat_m5p545479_lon_m5p010422.npy,-5.545479,-5.010422,410,420,summer,10,0.1354775782674551
eta_lat_m61p508057_lon_p174p989563.npy,-61.508057,174.989563,380,390,summer,10,0.2182060405611992
eta_lat_m70p857033_lon_m130p966385.npy,-70.857033,-130.966385,410,420,summer,10,0.60165224224329
eta_lat_m21p610189_lon_m107p010414.npy,-21.610189,-107.010414,360,370,summer,10,0.10287216491997242
eta_lat_m40p414062_lon_m47p010422.npy,-40.414062,-47.010422,30,40,summer,10,0.2680249512195587
eta_lat_m44p523903_lon_m29p010422.npy,-44.523903,-29.010422,380,390,summer,10,0.08854050654917955
eta_lat_m73p545830_lon_m172p573288.npy,-73.54583,-172.573288,370,380,summer,10,0.7417537719011307
eta_lat_m52p006847_lon_m53p010422.npy,-52.006847,-53.010422,30,40,summer,10,0.369055038318038
eta_lat_m36p058659_lon_p66p989594.npy,-36.058659,66.989594,380,390,summer,10,0.07324099913239479
eta_lat_m66p662788_lon_p174p989563.npy,-66.662788,174.989563,0,10,summer,10,0.36755068972706795
eta_lat_m40p414062_lon_p54p989578.npy,-40.414062,54.989578,10,20,summer,10,0.2148316390812397
eta_lat_m11p027672_lon_m29p010422.npy,-11.027672,-29.010422,380,390,summer,10,0.1522049456834793
eta_lat_p40p414062_lon_m155p010422.npy,40.414062,-155.010422,390,400,summer,10,0.0900650187395513
eta_lat_m55p400803_lon_m23p010422.npy,-55.400803,-23.010422,370,380,summer,10,0.2149789547547698
eta_lat_m36p058659_lon_p90p989594.npy,-36.058659,90.989594,30,40,summer,10,0.08656704192981124
eta_lat_p51p994694_lon_m29p010422.npy,51.994694,-29.010422,400,410,summer,10,0.29042438603937626
eta_lat_m11p027672_lon_m11p010422.npy,-11.027672,-11.010422,330,340,summer,10,0.11512403655797243
eta_lat_m26p641497_lon_m161p010422.npy,-26.641497,-161.010422,0,10,summer,10,0.07638125121593475
eta_lat_m51p994694_lon_p102p989594.npy,-51.994694,102.989594,410,420,summer,10,0.15528744366019964
eta_lat_m68p928383_lon_m143p010422.npy,-68.928383,-143.010422,400,410,summer,10,0.5416879616677761
eta_lat_p5p545479_lon_m137p010422.npy,5.545479,-137.010422,0,10,summer,10,0.1477222554385662
eta_lat_p44p523903_lon_m143p010422.npy,44.523903,-143.010422,400,410,summer,10,0.23704851418733597
eta_lat_p11p027672_lon_m137p010422.npy,11.027672,-137.010422,380,390,summer,10,0.15671997889876366
eta_lat_p11p027672_lon_p174p989563.npy,11.027672,174.989563,20,30,summer,10,0.1517701055854559
eta_lat_p21p610189_lon_p126p989594.npy,21.610189,126.989594,360,370,summer,10,0.2335759438574314
eta_lat_m40p414062_lon_p108p989594.npy,-40.414062,108.989594,350,360,summer,10,0.09603345394134521
eta_lat_m48p374134_lon_m23p010422.npy,-48.374134,-23.010422,10,20,summer,10,0.2087534610182047
eta_lat_p51p994694_lon_m23p010422.npy,51.994694,-23.010422,390,400,summer,10,0.20190929807722569
eta_lat_m5p545479_lon_m119p010414.npy,-5.545479,-119.010414,360,370,summer,10,0.11031723860651255
eta_lat_m51p994694_lon_p102p989594.npy,-51.994694,102.989594,40,50,summer,10,0.15590236149728298
eta_lat_p36p058659_lon_m161p010422.npy,36.058659,-161.010422,400,410,summer,10,0.09007727820426226
eta_lat_m26p641497_lon_m119p010414.npy,-26.641497,-119.010414,40,50,summer,10,0.1235122331418097
eta_lat_m55p400803_lon_p36p989578.npy,-55.400803,36.989578,40,50,summer,10,0.2410984206944704
eta_lat_m55p400803_lon_p12p989578.npy,-55.400803,12.989578,20,30,summer,10,0.16291388869285583
eta_lat_p58p499409_lon_m23p040436.npy,58.499409,-23.040436,390,400,summer,10,0.12555682472884655
eta_lat_m51p994694_lon_p0p989578.npy,-51.994694,0.989578,40,50,summer,10,0.10388820618391037
eta_lat_m55p400803_lon_p102p989594.npy,-55.400803,102.989594,360,370,summer,10,0.18049516435712576
eta_lat_p11p027672_lon_m125p010414.npy,11.027672,-125.010414,350,360,summer,10,0.15166326891630888
eta_lat_m16p395037_lon_p72p989594.npy,-16.395037,72.989594,330,340,summer,10,0.10703314375132322
eta_lat_p31p463802_lon_p162p989563.npy,31.463802,162.989563,410,420,summer,10,0.12251448445022106
eta_lat_m21p610189_lon_m11p010422.npy,-21.610189,-11.010422,30,40,summer,10,0.21106752380728722
eta_lat_m68p928383_lon_p174p989563.npy,-68.928383,174.989563,410,420,summer,10,0.28981470689177513
eta_lat_m48p374134_lon_m53p010422.npy,-48.374134,-53.010422,340,350,summer,10,0.32857387885451317
eta_lat_p5p545479_lon_m137p010422.npy,5.545479,-137.010422,350,360,summer,10,0.15590302273631096
eta_lat_m11p027672_lon_m95p010414.npy,-11.027672,-95.010414,350,360,summer,10,0.20958075765520334
eta_lat_m71p277649_lon_m41p033340.npy,-71.277649,-41.03334,370,380,summer,10,1.0347384847700596
eta_lat_m71p011032_lon_m148p947784.npy,-71.011032,-148.947784,390,400,summer,10,1.0196559950709343
eta_lat_m5p545479_lon_m89p010414.npy,-5.545479,-89.010414,350,360,summer,10,0.25579702481627464
eta_lat_p44p523903_lon_p162p989563.npy,44.523903,162.989563,340,350,summer,10,0.07965027540922165
eta_lat_m68p928383_lon_m95p010414.npy,-68.928383,-95.010414,20,30,summer,10,0.36754853278398514
eta_lat_m16p395037_lon_p90p989594.npy,-16.395037,90.989594,360,370,summer,10,0.1196568701416254
eta_lat_m44p523903_lon_m119p010414.npy,-44.523903,-119.010414,0,10,summer,10,0.11467819381505251
eta_lat_m36p058659_lon_p96p989594.npy,-36.058659,96.989594,40,50,summer,10,0.08896941784769297
eta_lat_m36p058659_lon_p36p989578.npy,-36.058659,36.989578,340,350,summer,10,0.0966772036626935
eta_lat_m52p006847_lon_m107p010414.npy,-52.006847,-107.010414,340,350,summer,10,0.14714733511209488
eta_lat_m48p374134_lon_m23p010422.npy,-48.374134,-23.010422,330,340,summer,10,0.17333570308983326
eta_lat_p31p463802_lon_m53p010422.npy,31.463802,-53.010422,400,410,summer,10,0.1337387477979064
eta_lat_m52p006847_lon_m161p010422.npy,-52.006847,-161.010422,370,380,summer,10,0.27230807952582836
eta_lat_m52p006847_lon_m149p010422.npy,-52.006847,-149.010422,360,370,summer,10,0.15060857124626637
eta_lat_p21p610189_lon_m41p010422.npy,21.610189,-41.010422,350,360,summer,10,0.1602288819849491
eta_lat_m11p027672_lon_p72p989594.npy,-11.027672,72.989594,360,370,summer,10,0.11327055376023054
eta_lat_m51p994694_lon_m113p010414.npy,-51.994694,-113.010414,350,360,summer,10,0.2683699047192931
eta_lat_m55p400803_lon_p174p989563.npy,-55.400803,174.989563,360,370,summer,10,0.6079266369342804
eta_lat_m58p574665_lon_p12p989578.npy,-58.574665,12.989578,20,30,summer,10,0.20568270049989223
eta_lat_p16p395037_lon_m131p010422.npy,16.395037,-131.010422,350,360,summer,10,0.14012785349041224
eta_lat_m31p463802_lon_p60p989578.npy,-31.463802,60.989578,370,380,summer,10,0.0964504275470972
eta_lat_m21p610189_lon_m77p010414.npy,-21.610189,-77.010414,370,380,summer,10,0.1554438779130578
eta_lat_m73p545830_lon_m172p573288.npy,-73.54583,-172.573288,410,420,summer,10,1.5246912688016891
eta_lat_m40p414062_lon_m161p010422.npy,-40.414062,-161.010422,0,10,summer,10,0.10150465136393905
eta_lat_p48p374134_lon_m155p010422.npy,48.374134,-155.010422,360,370,summer,10,0.11202651914209127
eta_lat_m36p058659_lon_p72p989594.npy,-36.058659,72.989594,360,370,summer,10,0.12339411722496152
eta_lat_m31p463802_lon_m5p010422.npy,-31.463802,-5.010422,20,30,summer,10,0.11550965718924999
eta_lat_m68p928383_lon_m53p010422.npy,-68.928383,-53.010422,40,50,summer,10,1.634153164923191
eta_lat_m55p389462_lon_m125p010414.npy,-55.389462,-125.010414,330,340,summer,10,0.17924148589372635
eta_lat_m48p374134_lon_p12p989578.npy,-48.374134,12.989578,380,390,summer,10,0.3722334951162338
eta_lat_m52p006847_lon_p132p989563.npy,-52.006847,132.989563,380,390,summer,10,0.19621870946139097
eta_lat_p11p027672_lon_m35p010422.npy,11.027672,-35.010422,340,350,summer,10,0.15450148843228817
eta_lat_m21p610189_lon_m23p010422.npy,-21.610189,-23.010422,380,390,summer,10,0.1342027448117733
eta_lat_p55p389462_lon_m23p010422.npy,55.389462,-23.010422,410,420,summer,10,0.10613692598417401
eta_lat_m58p574665_lon_p108p989594.npy,-58.574665,108.989594,410,420,summer,10,0.11801844649016857
eta_lat_p16p395037_lon_m29p010422.npy,16.395037,-29.010422,10,20,summer,10,0.2955548018217087
eta_lat_m44p523903_lon_p18p989578.npy,-44.523903,18.989578,10,20,summer,10,0.18859988078474998
eta_lat_m55p389462_lon_p108p989594.npy,-55.389462,108.989594,410,420,summer,10,0.07373387832194567
eta_lat_m48p374134_lon_p78p989594.npy,-48.374134,78.989594,360,370,summer,10,0.2519695535302162
eta_lat_p21p610189_lon_p174p989563.npy,21.610189,174.989563,410,420,summer,10,0.17912316787987947
eta_lat_p26p641497_lon_m71p010414.npy,26.641497,-71.010414,380,390,summer,10,0.0963140819221735
eta_lat_m51p994694_lon_m137p010422.npy,-51.994694,-137.010422,330,340,summer,10,0.14504157099872828
eta_lat_p16p395037_lon_m41p010422.npy,16.395037,-41.010422,30,40,summer,10,0.14402096066623926
eta_lat_p0p009682_lon_m131p010422.npy,0.009682,-131.010422,360,370,summer,10,0.19512882083654404
eta_lat_m64p202515_lon_m155p010422.npy,-64.202515,-155.010422,390,400,summer,10,0.18052750080823898
eta_lat_p40p414062_lon_m35p010422.npy,40.414062,-35.010422,410,420,summer,10,0.12070095352828503
eta_lat_m58p574665_lon_m17p010422.npy,-58.574665,-17.010422,0,10,summer,10,0.21433059498667717
eta_lat_p11p027672_lon_m137p010422.npy,11.027672,-137.010422,20,30,summer,10,0.13563912827521563
eta_lat_m36p058659_lon_m29p010422.npy,-36.058659,-29.010422,30,40,summer,10,0.10451819933950901
eta_lat_m51p994694_lon_m161p010422.npy,-51.994694,-161.010422,0,10,summer,10,0.23348496295511723
eta_lat_m55p400803_lon_m161p010422.npy,-55.400803,-161.010422,380,390,summer,10,0.15593872219324112
eta_lat_m52p006847_lon_m119p010414.npy,-52.006847,-119.010414,370,380,summer,10,0.12705980613827705
eta_lat_p40p414062_lon_p156p989563.npy,40.414062,156.989563,360,370,summer,10,0.08167615346610546
eta_lat_m44p523903_lon_m35p010422.npy,-44.523903,-35.010422,340,350,summer,10,0.12226703111082315
eta_lat_m55p400803_lon_p60p989578.npy,-55.400803,60.989578,390,400,summer,10,0.12663809303194284
eta_lat_p21p610189_lon_m41p010422.npy,21.610189,-41.010422,10,20,summer,10,0.20258490182459354
eta_lat_p44p523903_lon_m149p010422.npy,44.523903,-149.010422,390,400,summer,10,0.13919018767774105
eta_lat_m58p574665_lon_p36p989578.npy,-58.574665,36.989578,380,390,summer,10,0.19801627146080136
eta_lat_m5p545479_lon_p90p989594.npy,-5.545479,90.989594,10,20,summer,10,0.12628801725804806
eta_lat_m55p400803_lon_p168p989563.npy,-55.400803,168.989563,380,390,summer,10,0.37476329877972603
eta_lat_m71p317345_lon_m23p007370.npy,-71.317345,-23.00737,10,20,summer,10,0.9596879407763481
eta_lat_p31p463802_lon_p174p989563.npy,31.463802,174.989563,400,410,summer,10,0.15997706446796656
eta_lat_p44p523903_lon_p156p989563.npy,44.523903,156.989563,340,350,summer,10,0.0735926846973598
eta_lat_m48p374134_lon_m167p010422.npy,-48.374134,-167.010422,30,40,summer,10,0.11506250966340303
eta_lat_m58p574665_lon_p78p989594.npy,-58.574665,78.989594,410,420,summer,10,0.2010585404932499
eta_lat_m68p928383_lon_p168p989563.npy,-68.928383,168.989563,0,10,summer,10,0.16870990861207247
eta_lat_m52p006847_lon_m107p010414.npy,-52.006847,-107.010414,30,40,summer,10,0.09386583976447582
eta_lat_p16p395037_lon_m131p010422.npy,16.395037,-131.010422,380,390,summer,10,0.14214127976447344
eta_lat_m51p994694_lon_m149p010422.npy,-51.994694,-149.010422,0,10,summer,10,0.14004341047257185
eta_lat_m55p400803_lon_m125p010414.npy,-55.400803,-125.010414,390,400,summer,10,0.26320435386151075
eta_lat_m52p006847_lon_p126p989594.npy,-52.006847,126.989594,20,30,summer,10,0.516159176826477
eta_lat_m26p641497_lon_m5p010422.npy,-26.641497,-5.010422,40,50,summer,10,0.14530575182288885
eta_lat_m51p994694_lon_m107p010414.npy,-51.994694,-107.010414,410,420,summer,10,0.12487951945513487
eta_lat_m31p463802_lon_m149p010422.npy,-31.463802,-149.010422,350,360,summer,10,0.1291078426875174
eta_lat_m64p202515_lon_m83p010414.npy,-64.202515,-83.010414,350,360,summer,10,0.12487142952159047
eta_lat_m51p994694_lon_m17p010422.npy,-51.994694,-17.010422,30,40,summer,10,0.10651771258562803
eta_lat_m44p523903_lon_m29p010422.npy,-44.523903,-29.010422,0,10,summer,10,0.086233199108392
eta_lat_m66p662788_lon_p24p989578.npy,-66.662788,24.989578,370,380,summer,10,0.4693848565220833
eta_lat_m61p508057_lon_m89p010414.npy,-61.508057,-89.010414,380,390,summer,10,0.2118983045220375
eta_lat_m48p374134_lon_p132p989563.npy,-48.374134,132.989563,30,40,summer,10,0.1283424668945372
eta_lat_p40p414062_lon_m137p010422.npy,40.414062,-137.010422,390,400,summer,10,0.10788094950839877
eta_lat_m52p006847_lon_p150p989563.npy,-52.006847,150.989563,380,390,summer,10,0.4499029219150543
eta_lat_m52p006847_lon_m23p010422.npy,-52.006847,-23.010422,20,30,summer,10,0.14024375285953283
eta_lat_m44p523903_lon_m137p010422.npy,-44.523903,-137.010422,340,350,summer,10,0.0783160193823278
eta_lat_m55p389462_lon_p174p989563.npy,-55.389462,174.989563,20,30,summer,10,0.2536972966045141
eta_lat_m61p508057_lon_p78p989594.npy,-61.508057,78.989594,0,10,summer,10,0.26789758168160915
eta_lat_m66p662788_lon_m11p010422.npy,-66.662788,-11.010422,370,380,summer,10,1.2286095544695854
eta_lat_m36p058659_lon_p36p989578.npy,-36.058659,36.989578,400,410,summer,10,0.2064553014934063
eta_lat_m64p202515_lon_p174p989563.npy,-64.202515,174.989563,380,390,summer,10,0.4607920330017805
eta_lat_m11p027672_lon_m29p010422.npy,-11.027672,-29.010422,0,10,summer,10,0.076935566496104
eta_lat_p16p395037_lon_m143p010422.npy,16.395037,-143.010422,400,410,summer,10,0.1341497953981161
eta_lat_p26p641497_lon_m23p010422.npy,26.641497,-23.010422,370,380,summer,10,0.2448048172518611
eta_lat_m55p389462_lon_p174p989563.npy,-55.389462,174.989563,390,400,summer,10,0.29038887564092875
eta_lat_m51p994694_lon_m161p010422.npy,-51.994694,-161.010422,30,40,summer,10,0.2065124176442623
eta_lat_m51p994694_lon_m161p010422.npy,-51.994694,-161.010422,360,370,summer,10,0.2898449990898371
eta_lat_p11p027672_lon_p84p989594.npy,11.027672,84.989594,330,340,summer,10,0.1762056853622198
eta_lat_m70p818817_lon_m112p992744.npy,-70.818817,-112.992744,410,420,summer,10,0.45500118285417557
eta_lat_m68p928383_lon_m161p010422.npy,-68.928383,-161.010422,370,380,summer,10,0.9777329489588737
eta_lat_m66p662788_lon_m29p010422.npy,-66.662788,-29.010422,20,30,summer,10,0.5454232655465603
eta_lat_m48p374134_lon_p24p989578.npy,-48.374134,24.989578,0,10,summer,10,0.12858697772026062
eta_lat_m68p928383_lon_m173p010422.npy,-68.928383,-173.010422,330,340,summer,10,1.2109589502215385
eta_lat_m48p374134_lon_m89p010414.npy,-48.374134,-89.010414,400,410,summer,10,0.09409643243998289
eta_lat_p36p058659_lon_m41p010422.npy,36.058659,-41.010422,340,350,summer,10,0.09533237805590034
eta_lat_m66p662788_lon_m143p010422.npy,-66.662788,-143.010422,20,30,summer,10,0.12586362101137638
eta_lat_p58p499409_lon_m23p040436.npy,58.499409,-23.040436,330,340,summer,10,0.1474918443709612
eta_lat_m58p574665_lon_m77p010414.npy,-58.574665,-77.010414,390,400,summer,10,0.10535940900444984
eta_lat_m31p463802_lon_m17p010422.npy,-31.463802,-17.010422,400,410,summer,10,0.20753222983330488
eta_lat_p16p395037_lon_m59p010422.npy,16.395037,-59.010422,360,370,summer,10,0.12561523634940386
eta_lat_m55p400803_lon_m17p010422.npy,-55.400803,-17.010422,10,20,summer,10,0.1218961919657886
eta_lat_m61p508057_lon_p72p989594.npy,-61.508057,72.989594,40,50,summer,10,0.5544552765786648
eta_lat_p0p009682_lon_m149p010422.npy,0.009682,-149.010422,410,420,summer,10,0.14923092164099216
eta_lat_m44p523903_lon_p126p989594.npy,-44.523903,126.989594,400,410,summer,10,0.18477221950888634
eta_lat_m5p545479_lon_m149p010422.npy,-5.545479,-149.010422,40,50,summer,10,0.25704818218946457
eta_lat_m0p009682_lon_p78p989594.npy,-0.009682,78.989594,410,420,summer,10,0.14894047565758228
eta_lat_m55p400803_lon_p174p989563.npy,-55.400803,174.989563,370,380,summer,10,0.30880014039576054
eta_lat_m51p994694_lon_m11p010422.npy,-51.994694,-11.010422,10,20,summer,10,0.16625017765909433
eta_lat_m55p389462_lon_m53p010422.npy,-55.389462,-53.010422,20,30,summer,10,0.47720300406217575
eta_lat_p0p009682_lon_m149p010422.npy,0.009682,-149.010422,350,360,summer,10,0.19973497837781906
eta_lat_m40p414062_lon_p120p989594.npy,-40.414062,120.989594,20,30,summer,10,0.07309007877483964
eta_lat_p40p414062_lon_m131p010422.npy,40.414062,-131.010422,350,360,summer,10,0.22243309766054153
eta_lat_m0p009682_lon_m17p010422.npy,-0.009682,-17.010422,400,410,summer,10,0.2100144298747182
eta_lat_m66p662788_lon_p12p989578.npy,-66.662788,12.989578,340,350,summer,10,0.4672214202582836
eta_lat_m55p400803_lon_m5p010422.npy,-55.400803,-5.010422,400,410,summer,10,0.21881531737744808
eta_lat_p11p027672_lon_p156p989563.npy,11.027672,156.989563,350,360,summer,10,0.22386673279106617
eta_lat_m55p389462_lon_m143p010422.npy,-55.389462,-143.010422,370,380,summer,10,0.35874818079173565
eta_lat_m0p009682_lon_p0p989578.npy,-0.009682,0.989578,390,400,summer,10,0.09621020127087831
eta_lat_m55p400803_lon_m173p010422.npy,-55.400803,-173.010422,350,360,summer,10,0.18832311127334833
eta_lat_m21p610189_lon_p108p989594.npy,-21.610189,108.989594,30,40,summer,10,0.15900932624936104
eta_lat_m51p994694_lon_m47p010422.npy,-51.994694,-47.010422,30,40,summer,10,0.13723694253712893
eta_lat_m64p202515_lon_m125p010414.npy,-64.202515,-125.010414,380,390,summer,10,0.6187027841806412
eta_lat_m31p463802_lon_m11p010422.npy,-31.463802,-11.010422,10,20,summer,10,0.18431729404255748
eta_lat_m51p994694_lon_p30p989578.npy,-51.994694,30.989578,0,10,summer,10,0.29994678869843483
eta_lat_m0p009682_lon_m5p010422.npy,-0.009682,-5.010422,410,420,summer,10,0.14249479491263628
eta_lat_m58p574665_lon_m5p010422.npy,-58.574665,-5.010422,410,420,summer,10,1.017735168337822
eta_lat_m61p508057_lon_p6p989578.npy,-61.508057,6.989578,350,360,summer,10,0.3169304430484772
eta_lat_m16p395037_lon_m17p010422.npy,-16.395037,-17.010422,20,30,summer,10,0.13566402159631252
eta_lat_m55p389462_lon_p6p989578.npy,-55.389462,6.989578,360,370,summer,10,0.22841394320130348
eta_lat_m16p395037_lon_p78p989594.npy,-16.395037,78.989594,360,370,summer,10,0.11778113711625338
eta_lat_p63p507416_lon_m35p256088.npy,63.507416,-35.256088,390,400,summer,10,0.1534097045660019
eta_lat_m61p508057_lon_m161p010422.npy,-61.508057,-161.010422,410,420,summer,10,0.09264568332582712
eta_lat_p40p414062_lon_p168p989563.npy,40.414062,168.989563,380,390,summer,10,0.15759051591157913
eta_lat_m0p009682_lon_m35p010422.npy,-0.009682,-35.010422,410,420,summer,10,0.12073016259819269
eta_lat_m5p545479_lon_m11p010422.npy,-5.545479,-11.010422,30,40,summer,10,0.1999123226851225
eta_lat_m36p058659_lon_m95p010414.npy,-36.058659,-95.010414,410,420,summer,10,0.07461405871436
eta_lat_p40p414062_lon_m173p010422.npy,40.414062,-173.010422,390,400,summer,10,0.1005682316608727
eta_lat_m16p395037_lon_m11p010422.npy,-16.395037,-11.010422,370,380,summer,10,0.29134311340749264
eta_lat_m64p202515_lon_p168p989563.npy,-64.202515,168.989563,370,380,summer,10,0.24858429469168186
eta_lat_m48p374134_lon_m131p010422.npy,-48.374134,-131.010422,340,350,summer,10,0.09907668828964233
eta_lat_m64p202515_lon_p84p989594.npy,-64.202515,84.989594,330,340,summer,10,0.7877401784062386
eta_lat_m68p928383_lon_m149p010422.npy,-68.928383,-149.010422,10,20,summer,10,0.14524841122329235
eta_lat_m40p414062_lon_m107p010414.npy,-40.414062,-107.010414,410,420,summer,10,0.06273343600332737
eta_lat_m48p374134_lon_p108p989594.npy,-48.374134,108.989594,360,370,summer,10,0.1518380856141448
eta_lat_m61p508057_lon_m173p010422.npy,-61.508057,-173.010422,360,370,summer,10,0.06203001271933317
eta_lat_p51p994694_lon_m23p010422.npy,51.994694,-23.010422,360,370,summer,10,0.21212143450975418
eta_lat_m5p545479_lon_m23p010422.npy,-5.545479,-23.010422,360,370,summer,10,0.10080236289650202
eta_lat_m11p027672_lon_p78p989594.npy,-11.027672,78.989594,410,420,summer,10,0.10551729146391153
eta_lat_m55p400803_lon_p90p989594.npy,-55.400803,90.989594,400,410,summer,10,0.23518248833715916
eta_lat_m55p389462_lon_p162p989563.npy,-55.389462,162.989563,20,30,summer,10,0.6636588349938393
eta_lat_p11p027672_lon_m149p010422.npy,11.027672,-149.010422,30,40,summer,10,0.12122801411896944
eta_lat_m40p414062_lon_m131p010422.npy,-40.414062,-131.010422,360,370,summer,10,0.06822122307494283
eta_lat_m40p414062_lon_p132p989563.npy,-40.414062,132.989563,350,360,summer,10,0.10127305798232555
eta_lat_m16p395037_lon_m95p010414.npy,-16.395037,-95.010414,10,20,summer,10,0.19379924982786179
eta_lat_m55p389462_lon_p30p989578.npy,-55.389462,30.989578,340,350,summer,10,0.13479823991656303
eta_lat_p36p058659_lon_m149p010422.npy,36.058659,-149.010422,0,10,summer,10,0.08284170459955931
eta_lat_m71p216316_lon_m53p046265.npy,-71.216316,-53.046265,410,420,summer,10,2.6268457621335983
eta_lat_m73p621971_lon_m53p396431.npy,-73.621971,-53.396431,350,360,summer,10,1.45675528049469
eta_lat_m55p400803_lon_m173p010422.npy,-55.400803,-173.010422,360,370,summer,10,0.20066126622259617
eta_lat_m64p202515_lon_m83p010414.npy,-64.202515,-83.010414,410,420,summer,10,0.10170170851051807
eta_lat_m58p574665_lon_m119p010414.npy,-58.574665,-119.010414,400,410,summer,10,0.11962451972067356
eta_lat_m61p508057_lon_m23p010422.npy,-61.508057,-23.010422,330,340,summer,10,0.9644586443901062
eta_lat_m26p641497_lon_m137p010422.npy,-26.641497,-137.010422,20,30,summer,10,0.1065328000113368
eta_lat_m51p994694_lon_m149p010422.npy,-51.994694,-149.010422,360,370,summer,10,0.14259964879602194
eta_lat_p21p610189_lon_m125p010414.npy,21.610189,-125.010414,370,380,summer,10,0.14300659950822592
eta_lat_p48p374134_lon_m149p010422.npy,48.374134,-149.010422,40,50,summer,10,0.20978130958974361
eta_lat_p48p374134_lon_m149p010422.npy,48.374134,-149.010422,360,370,summer,10,0.212512519210577
eta_lat_m68p928383_lon_m161p010422.npy,-68.928383,-161.010422,380,390,summer,10,0.9252377897500992
eta_lat_m36p058659_lon_m17p010422.npy,-36.058659,-17.010422,10,20,summer,10,0.19412303995341063
eta_lat_m48p374134_lon_p114p989594.npy,-48.374134,114.989594,330,340,summer,10,0.13755896035581827
eta_lat_m55p400803_lon_m149p010422.npy,-55.400803,-149.010422,20,30,summer,10,0.18377247778698802
eta_lat_m71p110893_lon_m160p945129.npy,-71.110893,-160.945129,410,420,summer,10,0.9157016426324844
eta_lat_m36p058659_lon_m173p010422.npy,-36.058659,-173.010422,350,360,summer,10,0.13669043686240911
eta_lat_m36p058659_lon_m131p010422.npy,-36.058659,-131.010422,20,30,summer,10,0.11808309890329838
eta_lat_p44p523903_lon_p156p989563.npy,44.523903,156.989563,0,10,summer,10,0.10843262262642384
eta_lat_m11p027672_lon_p84p989594.npy,-11.027672,84.989594,40,50,summer,10,0.13305584900081158
eta_lat_p61p579643_lon_m17p313934.npy,61.579643,-17.313934,390,400,summer,10,0.2412112932652235
eta_lat_m52p006847_lon_p90p989594.npy,-52.006847,90.989594,360,370,summer,10,0.19324867241084576
eta_lat_m44p523903_lon_p132p989563.npy,-44.523903,132.989563,410,420,summer,10,0.12387505685910583
eta_lat_p44p523903_lon_m41p010422.npy,44.523903,-41.010422,0,10,summer,10,0.11090363748371601
eta_lat_m31p463802_lon_m125p010414.npy,-31.463802,-125.010414,380,390,summer,10,0.10314689297229052
eta_lat_m68p928383_lon_m119p010414.npy,-68.928383,-119.010414,0,10,summer,10,0.3745438363403082
eta_lat_m48p374134_lon_p18p989578.npy,-48.374134,18.989578,370,380,summer,10,0.23800597805529833
eta_lat_m58p574665_lon_m149p010422.npy,-58.574665,-149.010422,20,30,summer,10,0.22138435300439596
eta_lat_m58p574665_lon_m65p010414.npy,-58.574665,-65.010414,370,380,summer,10,0.551223112270236
eta_lat_m26p641497_lon_p108p989594.npy,-26.641497,108.989594,360,370,summer,10,0.2231993954628706
eta_lat_p0p009682_lon_m137p010422.npy,0.009682,-137.010422,330,340,summer,10,0.16218488477170467
eta_lat_m66p662788_lon_m143p010422.npy,-66.662788,-143.010422,360,370,summer,10,0.9140235558152199
eta_lat_m55p400803_lon_m59p010422.npy,-55.400803,-59.010422,20,30,summer,10,0.6553195547312498
eta_lat_m51p994694_lon_m107p010414.npy,-51.994694,-107.010414,360,370,summer,10,0.17314086388796568
eta_lat_m44p523903_lon_p84p989594.npy,-44.523903,84.989594,20,30,summer,10,0.2764459978789091
eta_lat_m16p395037_lon_p66p989594.npy,-16.395037,66.989594,380,390,summer,10,0.11878112517297268
eta_lat_m21p610189_lon_m89p010414.npy,-21.610189,-89.010414,30,40,summer,10,0.10424279700964689
eta_lat_m61p508057_lon_p12p989578.npy,-61.508057,12.989578,0,10,summer,10,0.19677112996578217
eta_lat_m58p574665_lon_m131p010422.npy,-58.574665,-131.010422,340,350,summer,10,0.11924329586327076
eta_lat_p31p463802_lon_m143p010422.npy,31.463802,-143.010422,370,380,summer,10,0.1570409843698144
eta_lat_m68p928383_lon_m17p010422.npy,-68.928383,-17.010422,390,400,summer,10,0.4319450743496418
eta_lat_m55p389462_lon_p114p989594.npy,-55.389462,114.989594,370,380,summer,10,0.07788973487913609
eta_lat_m31p463802_lon_m95p010414.npy,-31.463802,-95.010414,390,400,summer,10,0.08289438020437956
eta_lat_p5p545479_lon_m95p010414.npy,5.545479,-95.010414,340,350,summer,10,0.24118849821388721
eta_lat_m26p641497_lon_m161p010422.npy,-26.641497,-161.010422,40,50,summer,10,0.14317492581903934
eta_lat_m0p009682_lon_p66p989594.npy,-0.009682,66.989594,20,30,summer,10,0.20636754296720028
eta_lat_m26p641497_lon_m35p010422.npy,-26.641497,-35.010422,390,400,summer,10,0.09823811380192637
eta_lat_m64p202515_lon_p42p989578.npy,-64.202515,42.989578,330,340,summer,10,0.14059290196746588
eta_lat_m31p463802_lon_p102p989594.npy,-31.463802,102.989594,20,30,summer,10,0.14619620610028505
eta_lat_m26p641497_lon_p102p989594.npy,-26.641497,102.989594,340,350,summer,10,0.16198086272925138
eta_lat_m48p374134_lon_m131p010422.npy,-48.374134,-131.010422,350,360,summer,10,0.07888368284329772
eta_lat_m66p662788_lon_m143p010422.npy,-66.662788,-143.010422,0,10,summer,10,0.1397130647674203
eta_lat_m55p389462_lon_p12p989578.npy,-55.389462,12.989578,30,40,summer,10,0.21307114697992802
eta_lat_p31p463802_lon_m137p010422.npy,31.463802,-137.010422,400,410,summer,10,0.1646942850202322
eta_lat_m55p400803_lon_p126p989594.npy,-55.400803,126.989594,40,50,summer,10,0.2971455091610551
eta_lat_m0p009682_lon_p66p989594.npy,-0.009682,66.989594,30,40,summer,10,0.15397842228412628
eta_lat_p61p082935_lon_m35p089630.npy,61.082935,-35.08963,10,20,summer,10,0.2003977745771408
eta_lat_m52p006847_lon_m137p010422.npy,-52.006847,-137.010422,0,10,summer,10,0.18760801572352648
eta_lat_p40p414062_lon_m41p010422.npy,40.414062,-41.010422,40,50,summer,10,0.13248566910624504
eta_lat_m44p523903_lon_m107p010414.npy,-44.523903,-107.010414,410,420,summer,10,0.07619071286171675
eta_lat_p40p414062_lon_m143p010422.npy,40.414062,-143.010422,390,400,summer,10,0.10759347584098577
eta_lat_m5p545479_lon_m107p010414.npy,-5.545479,-107.010414,370,380,summer,10,0.25952083244919777
eta_lat_m5p545479_lon_p84p989594.npy,-5.545479,84.989594,380,390,summer,10,0.12120314035564661
eta_lat_m31p463802_lon_m173p010422.npy,-31.463802,-173.010422,380,390,summer,10,0.11731495056301355
eta_lat_m58p574665_lon_m113p010414.npy,-58.574665,-113.010414,40,50,summer,10,0.13408438581973314
eta_lat_m26p641497_lon_p54p989578.npy,-26.641497,54.989578,360,370,summer,10,0.15799269638955593
eta_lat_p44p523903_lon_m173p010422.npy,44.523903,-173.010422,20,30,summer,10,0.08025709865614772
eta_lat_p26p641497_lon_m41p010422.npy,26.641497,-41.010422,390,400,summer,10,0.0958978720009327
eta_lat_m21p610189_lon_p96p989594.npy,-21.610189,96.989594,20,30,summer,10,0.14990137796849012
eta_lat_p40p414062_lon_m155p010422.npy,40.414062,-155.010422,400,410,summer,10,0.14987292047590017
eta_lat_p16p395037_lon_m47p010422.npy,16.395037,-47.010422,0,10,summer,10,0.10174334235489368
eta_lat_m58p574665_lon_p6p989578.npy,-58.574665,6.989578,20,30,summer,10,0.20921331830322742
eta_lat_p11p027672_lon_p84p989594.npy,11.027672,84.989594,370,380,summer,10,0.29922838509082794
eta_lat_m66p662788_lon_m101p010414.npy,-66.662788,-101.010414,410,420,summer,10,0.4424952417612076
eta_lat_p36p058659_lon_m143p010422.npy,36.058659,-143.010422,390,400,summer,10,0.09451996209099889
eta_lat_m61p508057_lon_p60p989578.npy,-61.508057,60.989578,30,40,summer,10,0.3519902899861336
eta_lat_m66p662788_lon_p30p989578.npy,-66.662788,30.989578,10,20,summer,10,0.39013446494936943
eta_lat_m58p574665_lon_p12p989578.npy,-58.574665,12.989578,370,380,summer,10,0.2644933592528105
eta_lat_m48p374134_lon_m95p010414.npy,-48.374134,-95.010414,40,50,summer,10,0.07968205865472555
eta_lat_p26p641497_lon_m155p010422.npy,26.641497,-155.010422,410,420,summer,10,0.08756496338173747
eta_lat_m68p928383_lon_m125p010414.npy,-68.928383,-125.010414,390,400,summer,10,0.44594860821962357
eta_lat_m26p641497_lon_m173p010422.npy,-26.641497,-173.010422,0,10,summer,10,0.10438733175396919
eta_lat_m16p395037_lon_p6p989578.npy,-16.395037,6.989578,370,380,summer,10,0.0829078434035182
eta_lat_m64p202515_lon_m125p010414.npy,-64.202515,-125.010414,0,10,summer,10,0.09345629764720798
eta_lat_p11p027672_lon_p174p989563.npy,11.027672,174.989563,330,340,summer,10,0.12035833485424519
eta_lat_m52p006847_lon_p108p989594.npy,-52.006847,108.989594,40,50,summer,10,0.0924467328004539
eta_lat_p48p374134_lon_m161p010422.npy,48.374134,-161.010422,370,380,summer,10,0.14518350269645452
eta_lat_m55p389462_lon_m101p010414.npy,-55.389462,-101.010414,350,360,summer,10,0.17091042269021273
eta_lat_m64p202515_lon_p168p989563.npy,-64.202515,168.989563,340,350,summer,10,0.27486305870115757
eta_lat_m55p400803_lon_m83p010414.npy,-55.400803,-83.010414,380,390,summer,10,0.15392627846449614
eta_lat_m31p463802_lon_p102p989594.npy,-31.463802,102.989594,380,390,summer,10,0.13460889738053083
eta_lat_m44p523903_lon_p84p989594.npy,-44.523903,84.989594,40,50,summer,10,0.3171396926045418
eta_lat_m52p006847_lon_m101p010414.npy,-52.006847,-101.010414,380,390,summer,10,0.16880522388964891
eta_lat_m21p610189_lon_p108p989594.npy,-21.610189,108.989594,20,30,summer,10,0.20983116887509823
eta_lat_m36p058659_lon_p108p989594.npy,-36.058659,108.989594,370,380,summer,10,0.1658361479640007
eta_lat_m21p610189_lon_m89p010414.npy,-21.610189,-89.010414,380,390,summer,10,0.09994520340114832
eta_lat_m36p058659_lon_m155p010422.npy,-36.058659,-155.010422,330,340,summer,10,0.08247672440484166
eta_lat_m55p389462_lon_m89p010414.npy,-55.389462,-89.010414,340,350,summer,10,0.15643338486552238
eta_lat_m52p006847_lon_p12p989578.npy,-52.006847,12.989578,360,370,summer,10,0.09756994526833296
eta_lat_m16p395037_lon_m119p010414.npy,-16.395037,-119.010414,400,410,summer,10,0.10829051677137613
eta_lat_m44p523903_lon_p84p989594.npy,-44.523903,84.989594,330,340,summer,10,0.2152226697653532
eta_lat_m66p662788_lon_m143p010422.npy,-66.662788,-143.010422,380,390,summer,10,0.7931285873055458
eta_lat_m52p006847_lon_m47p010422.npy,-52.006847,-47.010422,360,370,summer,10,0.25738855078816414
eta_lat_m58p574665_lon_m83p010414.npy,-58.574665,-83.010414,40,50,summer,10,0.357727849856019
eta_lat_p36p058659_lon_m35p010422.npy,36.058659,-35.010422,380,390,summer,10,0.11188586940988898
eta_lat_m26p641497_lon_m29p010422.npy,-26.641497,-29.010422,30,40,summer,10,0.08494243351742625
eta_lat_m36p058659_lon_m107p010414.npy,-36.058659,-107.010414,400,410,summer,10,0.09525877749547362
eta_lat_p68p049988_lon_p6p988419.npy,68.049988,6.988419,30,40,summer,10,0.21377756632864475
eta_lat_m40p414062_lon_m113p010414.npy,-40.414062,-113.010414,370,380,summer,10,0.11907393205910921
eta_lat_m58p574665_lon_m71p010414.npy,-58.574665,-71.010414,40,50,summer,10,0.4877500534057617
eta_lat_m11p027672_lon_m119p010414.npy,-11.027672,-119.010414,380,390,summer,10,0.12058379966765642
eta_lat_m55p389462_lon_p78p989594.npy,-55.389462,78.989594,390,400,summer,10,0.09580236207693815
eta_lat_m66p662788_lon_m107p010414.npy,-66.662788,-107.010414,380,390,summer,10,0.37538472935557365
eta_lat_m61p508057_lon_m23p010422.npy,-61.508057,-23.010422,400,410,summer,10,1.4143723398447037
eta_lat_m40p414062_lon_m125p010414.npy,-40.414062,-125.010414,390,400,summer,10,0.11224839929491282
eta_lat_m66p662788_lon_m149p010422.npy,-66.662788,-149.010422,330,340,summer,10,1.1259907633066177
eta_lat_m52p006847_lon_m131p010422.npy,-52.006847,-131.010422,10,20,summer,10,0.09271104820072651
eta_lat_m55p389462_lon_m23p010422.npy,-55.389462,-23.010422,400,410,summer,10,0.31955775432288647
eta_lat_m5p545479_lon_p48p989578.npy,-5.545479,48.989578,20,30,summer,10,0.16168395057320595
eta_lat_p5p545479_lon_m119p010414.npy,5.545479,-119.010414,370,380,summer,10,0.14074546564370394
eta_lat_p36p058659_lon_p162p989563.npy,36.058659,162.989563,390,400,summer,10,0.1656115334481001
eta_lat_p31p463802_lon_p174p989563.npy,31.463802,174.989563,350,360,summer,10,0.09911802317947149
eta_lat_m26p641497_lon_p54p989578.npy,-26.641497,54.989578,40,50,summer,10,0.10782511485740542
eta_lat_m55p400803_lon_m143p010422.npy,-55.400803,-143.010422,370,380,summer,10,0.3435167334973812
eta_lat_m40p414062_lon_p42p989578.npy,-40.414062,42.989578,400,410,summer,10,0.441706283017993
eta_lat_m48p374134_lon_p126p989594.npy,-48.374134,126.989594,0,10,summer,10,0.09946904797106981
eta_lat_m44p523903_lon_m5p010422.npy,-44.523903,-5.010422,30,40,summer,10,0.09225260000675917
eta_lat_m31p463802_lon_p78p989594.npy,-31.463802,78.989594,10,20,summer,10,0.06341289076954126
eta_lat_m44p523903_lon_m149p010422.npy,-44.523903,-149.010422,390,400,summer,10,0.08960710745304823
eta_lat_m73p859009_lon_m35p162323.npy,-73.859009,-35.162323,10,20,summer,10,1.354003794491291
eta_lat_m51p994694_lon_m95p010414.npy,-51.994694,-95.010414,400,410,summer,10,0.11008712602779269
eta_lat_m61p508057_lon_p150p989563.npy,-61.508057,150.989563,370,380,summer,10,0.11567857069894671
eta_lat_m44p523903_lon_p108p989594.npy,-44.523903,108.989594,30,40,summer,10,0.14835738483816385
eta_lat_m26p641497_lon_p84p989594.npy,-26.641497,84.989594,330,340,summer,10,0.13318711426109076
eta_lat_m0p009682_lon_p0p989578.npy,-0.009682,0.989578,0,10,summer,10,0.10771902743726969
eta_lat_p48p374134_lon_m17p010422.npy,48.374134,-17.010422,360,370,summer,10,0.2774488665163517
eta_lat_m36p058659_lon_p48p989578.npy,-36.058659,48.989578,40,50,summer,10,0.16558935213834047
eta_lat_m11p027672_lon_m101p010414.npy,-11.027672,-101.010414,390,400,summer,10,0.17737474665045738
eta_lat_m21p610189_lon_m119p010414.npy,-21.610189,-119.010414,20,30,summer,10,0.06851973896846175
eta_lat_m76p178772_lon_m41p740692.npy,-76.178772,-41.740692,390,400,summer,10,2.0932212620973587
eta_lat_m48p374134_lon_m11p010422.npy,-48.374134,-11.010422,380,390,summer,10,0.07621351024135947
eta_lat_p48p374134_lon_p162p989563.npy,48.374134,162.989563,340,350,summer,10,0.07018766878172755
eta_lat_m55p389462_lon_p150p989563.npy,-55.389462,150.989563,10,20,summer,10,0.43524327501654625
eta_lat_m55p400803_lon_p78p989594.npy,-55.400803,78.989594,400,410,summer,10,0.11261810269206762
eta_lat_m55p389462_lon_m17p010422.npy,-55.389462,-17.010422,330,340,summer,10,0.09069178998470306
eta_lat_m40p414062_lon_p36p989578.npy,-40.414062,36.989578,330,340,summer,10,0.1636866983026266
eta_lat_p0p009682_lon_m161p010422.npy,0.009682,-161.010422,370,380,summer,10,0.14855961315333843
eta_lat_m64p202515_lon_p120p989594.npy,-64.202515,120.989594,0,10,summer,10,0.292394514195621
eta_lat_m61p508057_lon_m173p010422.npy,-61.508057,-173.010422,10,20,summer,10,0.09106092434376478
eta_lat_m61p508057_lon_m137p010422.npy,-61.508057,-137.010422,350,360,summer,10,0.5667941607534885
eta_lat_p26p641497_lon_p168p989563.npy,26.641497,168.989563,30,40,summer,10,0.11098749004304409
eta_lat_m44p523903_lon_m5p010422.npy,-44.523903,-5.010422,380,390,summer,10,0.15026894956827164
eta_lat_p31p463802_lon_m29p010422.npy,31.463802,-29.010422,330,340,summer,10,0.09927712753415108
eta_lat_m55p389462_lon_p84p989594.npy,-55.389462,84.989594,0,10,summer,10,0.15978411212563515
eta_lat_m71p260567_lon_p175p038208.npy,-71.260567,175.038208,400,410,summer,10,0.338566517457366
eta_lat_m58p574665_lon_p84p989594.npy,-58.574665,84.989594,330,340,summer,10,0.5534688103944063
eta_lat_m55p400803_lon_m161p010422.npy,-55.400803,-161.010422,20,30,summer,10,0.16422654408961535
eta_lat_m64p202515_lon_p18p989578.npy,-64.202515,18.989578,380,390,summer,10,0.23941012099385262
eta_lat_m55p389462_lon_p78p989594.npy,-55.389462,78.989594,0,10,summer,10,0.17532596830278635
eta_lat_m48p374134_lon_m35p010422.npy,-48.374134,-35.010422,20,30,summer,10,0.1352677121758461
eta_lat_m64p202515_lon_m17p010422.npy,-64.202515,-17.010422,340,350,summer,10,1.034319519996643
eta_lat_m0p009682_lon_p60p989578.npy,-0.009682,60.989578,340,350,summer,10,0.1758035086095333
eta_lat_m71p250717_lon_m47p040466.npy,-71.250717,-47.040466,360,370,summer,10,1.6233124881982803
eta_lat_m55p400803_lon_m11p010422.npy,-55.400803,-11.010422,390,400,summer,10,0.10660770582035184
eta_lat_m51p994694_lon_p96p989594.npy,-51.994694,96.989594,10,20,summer,10,0.20044195652008057
eta_lat_p26p641497_lon_m65p010414.npy,26.641497,-65.010414,330,340,summer,10,0.0995313823223114
eta_lat_m48p374134_lon_m83p010414.npy,-48.374134,-83.010414,330,340,summer,10,0.10342313162982464
eta_lat_m55p389462_lon_m107p010414.npy,-55.389462,-107.010414,350,360,summer,10,0.12172693945467472
eta_lat_p11p027672_lon_m119p010414.npy,11.027672,-119.010414,340,350,summer,10,0.1650472516193986
eta_lat_p48p374134_lon_m143p010422.npy,48.374134,-143.010422,40,50,summer,10,0.19083994533866644
eta_lat_m40p414062_lon_m137p010422.npy,-40.414062,-137.010422,0,10,summer,10,0.07299197372049093
eta_lat_m61p508057_lon_p144p989563.npy,-61.508057,144.989563,410,420,summer,10,0.11220806231722236
eta_lat_p48p374134_lon_m29p010422.npy,48.374134,-29.010422,10,20,summer,10,0.23199006915092468
eta_lat_p11p027672_lon_m59p010422.npy,11.027672,-59.010422,390,400,summer,10,0.15144167374819517
eta_lat_m66p662788_lon_m41p010422.npy,-66.662788,-41.010422,410,420,summer,10,0.8719218447804451
eta_lat_m68p928383_lon_m5p010422.npy,-68.928383,-5.010422,360,370,summer,10,1.0136873722076416
eta_lat_m40p414062_lon_p18p989578.npy,-40.414062,18.989578,20,30,summer,10,0.5386213660240173
eta_lat_p26p641497_lon_m47p010422.npy,26.641497,-47.010422,10,20,summer,10,0.16780874878168106
eta_lat_m64p202515_lon_m113p010414.npy,-64.202515,-113.010414,350,360,summer,10,0.12654011882841587
eta_lat_p31p463802_lon_m125p010414.npy,31.463802,-125.010414,30,40,summer,10,0.18987941462546587
eta_lat_p51p994694_lon_m155p010422.npy,51.994694,-155.010422,410,420,summer,10,0.14098624046891928
eta_lat_m55p400803_lon_m107p010414.npy,-55.400803,-107.010414,370,380,summer,10,0.13821106031537056
eta_lat_m40p414062_lon_m113p010414.npy,-40.414062,-113.010414,30,40,summer,10,0.0992479594424367
eta_lat_m55p389462_lon_p72p989594.npy,-55.389462,72.989594,40,50,summer,10,0.16826641373336315
eta_lat_m70p827019_lon_m124p974617.npy,-70.827019,-124.974617,400,410,summer,10,0.4816291034221649
eta_lat_m55p389462_lon_p84p989594.npy,-55.389462,84.989594,350,360,summer,10,0.257194584235549
eta_lat_p70p750267_lon_p6p987473.npy,70.750267,6.987473,360,370,summer,10,0.1125074801966548
eta_lat_p44p523903_lon_p156p989563.npy,44.523903,156.989563,360,370,summer,10,0.09038602281361818
eta_lat_m52p006847_lon_p0p989578.npy,-52.006847,0.989578,330,340,summer,10,0.10971492948010564
eta_lat_m52p006847_lon_m47p010422.npy,-52.006847,-47.010422,330,340,summer,10,0.2626891564577818
eta_lat_m21p610189_lon_m95p010414.npy,-21.610189,-95.010414,340,350,summer,10,0.09780019149184227
eta_lat_m48p374134_lon_m95p010414.npy,-48.374134,-95.010414,410,420,summer,10,0.08092231675982475
eta_lat_m40p414062_lon_p132p989563.npy,-40.414062,132.989563,360,370,summer,10,0.11063183099031448
eta_lat_m55p389462_lon_m59p010422.npy,-55.389462,-59.010422,400,410,summer,10,0.4483856186270714
eta_lat_m73p888268_lon_m29p051193.npy,-73.888268,-29.051193,360,370,summer,10,1.7794123888015747
eta_lat_m66p662788_lon_m131p010422.npy,-66.662788,-131.010422,10,20,summer,10,0.11747320648282766
eta_lat_m21p610189_lon_m113p010414.npy,-21.610189,-113.010414,340,350,summer,10,0.06083510164171457
eta_lat_m55p389462_lon_m47p010422.npy,-55.389462,-47.010422,410,420,summer,10,0.08574175788089633
eta_lat_p26p641497_lon_p174p989563.npy,26.641497,174.989563,370,380,summer,10,0.12123795412480831
eta_lat_m16p395037_lon_p54p989578.npy,-16.395037,54.989578,340,350,summer,10,0.12277055718004704
eta_lat_m44p523903_lon_m155p010422.npy,-44.523903,-155.010422,370,380,summer,10,0.08377213357016444
eta_lat_m66p662788_lon_m125p010414.npy,-66.662788,-125.010414,40,50,summer,10,0.2885138839483261
eta_lat_p31p463802_lon_m125p010414.npy,31.463802,-125.010414,10,20,summer,10,0.2568460339680314
eta_lat_m55p389462_lon_p126p989594.npy,-55.389462,126.989594,30,40,summer,10,0.21273589879274368
eta_lat_m31p463802_lon_p174p989563.npy,-31.463802,174.989563,30,40,summer,10,0.2826313618570566
eta_lat_m61p508057_lon_p168p989563.npy,-61.508057,168.989563,390,400,summer,10,0.23104744032025337
eta_lat_m52p006847_lon_m11p010422.npy,-52.006847,-11.010422,40,50,summer,10,0.14217450795695186
eta_lat_m55p400803_lon_m11p010422.npy,-55.400803,-11.010422,380,390,summer,10,0.08694930095225573
eta_lat_m36p058659_lon_m29p010422.npy,-36.058659,-29.010422,370,380,summer,10,0.09386958181858063
eta_lat_m51p994694_lon_p126p989594.npy,-51.994694,126.989594,20,30,summer,10,0.5291592851281166
eta_lat_m55p400803_lon_m125p010414.npy,-55.400803,-125.010414,0,10,summer,10,0.2626031283289194
eta_lat_p48p374134_lon_m35p010422.npy,48.374134,-35.010422,10,20,summer,10,0.18737653084099293
eta_lat_m68p928383_lon_m143p010422.npy,-68.928383,-143.010422,330,340,summer,10,0.8576238676905632
eta_lat_m40p414062_lon_p120p989594.npy,-40.414062,120.989594,400,410,summer,10,0.1296548079699278
eta_lat_m48p374134_lon_p78p989594.npy,-48.374134,78.989594,410,420,summer,10,0.26585807371884584
eta_lat_m55p400803_lon_m47p010422.npy,-55.400803,-47.010422,20,30,summer,10,0.1563073117285967
eta_lat_m52p006847_lon_p114p989594.npy,-52.006847,114.989594,410,420,summer,10,0.0860913498327136
eta_lat_p5p545479_lon_m113p010414.npy,5.545479,-113.010414,370,380,summer,10,0.1701574046164751
eta_lat_p40p414062_lon_p156p989563.npy,40.414062,156.989563,330,340,summer,10,0.09185384074226022
eta_lat_m26p641497_lon_p90p989594.npy,-26.641497,90.989594,390,400,summer,10,0.13261885661631823
eta_lat_p11p027672_lon_m137p010422.npy,11.027672,-137.010422,0,10,summer,10,0.13295815605670214
eta_lat_m11p027672_lon_m101p010414.npy,-11.027672,-101.010414,400,410,summer,10,0.21092538256198168
eta_lat_m36p058659_lon_m107p010414.npy,-36.058659,-107.010414,340,350,summer,10,0.12129981396719813
eta_lat_m58p574665_lon_m113p010414.npy,-58.574665,-113.010414,330,340,summer,10,0.11903395177796483
eta_lat_m55p389462_lon_m161p010422.npy,-55.389462,-161.010422,390,400,summer,10,0.15880510862916708
eta_lat_m52p006847_lon_p156p989563.npy,-52.006847,156.989563,30,40,summer,10,0.6595559474080801
eta_lat_m16p395037_lon_m83p010414.npy,-16.395037,-83.010414,330,340,summer,10,0.11862491769716144
eta_lat_m44p523903_lon_p126p989594.npy,-44.523903,126.989594,350,360,summer,10,0.12082448042929173
eta_lat_m58p574665_lon_p84p989594.npy,-58.574665,84.989594,360,370,summer,10,0.9137327373027802
eta_lat_m55p400803_lon_p174p989563.npy,-55.400803,174.989563,380,390,summer,10,0.3994719348847866
eta_lat_m44p523903_lon_p90p989594.npy,-44.523903,90.989594,370,380,summer,10,0.1471849251538515
eta_lat_m72p979408_lon_m148p561707.npy,-72.979408,-148.561707,400,410,summer,10,1.134795106947422
eta_lat_p21p610189_lon_m47p010422.npy,21.610189,-47.010422,330,340,summer,10,0.11967073753476143
eta_lat_m55p400803_lon_p168p989563.npy,-55.400803,168.989563,30,40,summer,10,0.8779867477715015
eta_lat_m40p414062_lon_m131p010422.npy,-40.414062,-131.010422,10,20,summer,10,0.09116833144798875
eta_lat_m16p395037_lon_m125p010414.npy,-16.395037,-125.010414,370,380,summer,10,0.13644037209451199
eta_lat_p5p545479_lon_m41p010422.npy,5.545479,-41.010422,0,10,summer,10,0.16299967467784882
eta_lat_m40p414062_lon_m119p010414.npy,-40.414062,-119.010414,40,50,summer,10,0.09392496850341558
eta_lat_m48p374134_lon_p144p989563.npy,-48.374134,144.989563,410,420,summer,10,0.26809026300907135
eta_lat_m26p641497_lon_m155p010422.npy,-26.641497,-155.010422,400,410,summer,10,0.11470141913741827
eta_lat_m66p662788_lon_p174p989563.npy,-66.662788,174.989563,20,30,summer,10,0.5493231751024723
eta_lat_m40p414062_lon_p84p989594.npy,-40.414062,84.989594,330,340,summer,10,0.11904552392661572
eta_lat_p44p523903_lon_m23p010422.npy,44.523903,-23.010422,30,40,summer,10,0.1066010007634759
eta_lat_m36p058659_lon_p48p989578.npy,-36.058659,48.989578,350,360,summer,10,0.11556386016309261
eta_lat_p55p389462_lon_m35p010422.npy,55.389462,-35.010422,380,390,summer,10,0.1442892188206315
eta_lat_m55p400803_lon_m143p010422.npy,-55.400803,-143.010422,360,370,summer,10,0.31847362220287323
eta_lat_m16p395037_lon_m131p010422.npy,-16.395037,-131.010422,330,340,summer,10,0.09379963018000126
eta_lat_m55p400803_lon_p60p989578.npy,-55.400803,60.989578,10,20,summer,10,0.10746743530035019
eta_lat_m31p463802_lon_m41p010422.npy,-31.463802,-41.010422,410,420,summer,10,0.0946274483576417
eta_lat_m58p574665_lon_m167p010422.npy,-58.574665,-167.010422,340,350,summer,10,0.13928180932998657
eta_lat_p36p058659_lon_m149p010422.npy,36.058659,-149.010422,30,40,summer,10,0.08998732455074787
eta_lat_p44p523903_lon_m41p010422.npy,44.523903,-41.010422,390,400,summer,10,0.1204299945384264
eta_lat_m64p202515_lon_m119p010414.npy,-64.202515,-119.010414,30,40,summer,10,0.1566105829551816
eta_lat_m36p058659_lon_m113p010414.npy,-36.058659,-113.010414,370,380,summer,10,0.08958776853978634
eta_lat_m44p523903_lon_m131p010422.npy,-44.523903,-131.010422,340,350,summer,10,0.07084578648209572
eta_lat_m40p414062_lon_p24p989578.npy,-40.414062,24.989578,380,390,summer,10,0.7181344032287598
eta_lat_p16p395037_lon_p162p989563.npy,16.395037,162.989563,400,410,summer,10,0.15553206205368042
eta_lat_m36p058659_lon_p102p989594.npy,-36.058659,102.989594,390,400,summer,10,0.1076599033549428
eta_lat_m16p395037_lon_m89p010414.npy,-16.395037,-89.010414,360,370,summer,10,0.09732595458626747
eta_lat_p21p610189_lon_p126p989594.npy,21.610189,126.989594,370,380,summer,10,0.3175452034920454
eta_lat_m61p508057_lon_p60p989578.npy,-61.508057,60.989578,330,340,summer,10,0.36976442113518715
eta_lat_m21p610189_lon_p72p989594.npy,-21.610189,72.989594,20,30,summer,10,0.127233293838799
eta_lat_m55p389462_lon_m131p010422.npy,-55.389462,-131.010422,20,30,summer,10,0.31783025711774826
eta_lat_m21p610189_lon_m11p010422.npy,-21.610189,-11.010422,0,10,summer,10,0.14505185466259718
eta_lat_m48p374134_lon_p24p989578.npy,-48.374134,24.989578,350,360,summer,10,0.19373509846627712
eta_lat_m55p389462_lon_p84p989594.npy,-55.389462,84.989594,360,370,summer,10,0.20886243786662817
eta_lat_p0p009682_lon_m143p010422.npy,0.009682,-143.010422,30,40,summer,10,0.13950341660529375
eta_lat_p11p027672_lon_m53p010422.npy,11.027672,-53.010422,410,420,summer,10,0.12745966110378504
eta_lat_m21p610189_lon_m89p010414.npy,-21.610189,-89.010414,340,350,summer,10,0.1097256038337946
eta_lat_m66p662788_lon_m77p010414.npy,-66.662788,-77.010414,370,380,summer,10,0.22322870790958405
eta_lat_m48p374134_lon_p138p989563.npy,-48.374134,138.989563,380,390,summer,10,0.426008777692914
eta_lat_m51p994694_lon_m113p010414.npy,-51.994694,-113.010414,410,420,summer,10,0.1212644474580884
eta_lat_m48p374134_lon_m11p010422.npy,-48.374134,-11.010422,30,40,summer,10,0.07805069955065846
eta_lat_p68p049988_lon_p6p988419.npy,68.049988,6.988419,40,50,summer,10,0.13627754244953394
eta_lat_p40p414062_lon_m149p010422.npy,40.414062,-149.010422,410,420,summer,10,0.0772422207519412
eta_lat_m52p006847_lon_m95p010414.npy,-52.006847,-95.010414,20,30,summer,10,0.11993358749896288
eta_lat_m48p374134_lon_m47p010422.npy,-48.374134,-47.010422,20,30,summer,10,0.16999264806509018
eta_lat_m64p202515_lon_p12p989578.npy,-64.202515,12.989578,380,390,summer,10,0.2885309234261513
eta_lat_m55p400803_lon_p162p989563.npy,-55.400803,162.989563,20,30,summer,10,0.6367920935153961
eta_lat_m36p058659_lon_m167p010422.npy,-36.058659,-167.010422,380,390,summer,10,0.08658623974770308
eta_lat_p58p392208_lon_m35p018463.npy,58.392208,-35.018463,350,360,summer,10,0.1536927130073309
eta_lat_p5p545479_lon_p66p989594.npy,5.545479,66.989594,390,400,summer,10,0.16674593649804592
eta_lat_m21p610189_lon_m95p010414.npy,-21.610189,-95.010414,40,50,summer,10,0.1473410939797759
eta_lat_p26p641497_lon_m65p010414.npy,26.641497,-65.010414,380,390,summer,10,0.12896720506250858
eta_lat_m68p928383_lon_m29p010422.npy,-68.928383,-29.010422,20,30,summer,10,0.9020896404981613
eta_lat_m58p574665_lon_p54p989578.npy,-58.574665,54.989578,330,340,summer,10,0.11823463626205921
eta_lat_m26p641497_lon_m5p010422.npy,-26.641497,-5.010422,10,20,summer,10,0.12583091668784618
eta_lat_m51p994694_lon_m167p010422.npy,-51.994694,-167.010422,410,420,summer,10,0.29826752468943596
eta_lat_p44p523903_lon_m155p010422.npy,44.523903,-155.010422,350,360,summer,10,0.09919487917795777
eta_lat_m66p662788_lon_m113p010414.npy,-66.662788,-113.010414,20,30,summer,10,0.10306589119136333
eta_lat_m66p662788_lon_m53p010422.npy,-66.662788,-53.010422,0,10,summer,10,1.70925996825099
eta_lat_m52p006847_lon_m53p010422.npy,-52.006847,-53.010422,0,10,summer,10,0.33159609977155924
eta_lat_m64p202515_lon_p150p989563.npy,-64.202515,150.989563,30,40,summer,10,0.4760858714580536
eta_lat_m52p006847_lon_m125p010414.npy,-52.006847,-125.010414,0,10,summer,10,0.07828353438526392
eta_lat_m61p508057_lon_m77p010414.npy,-61.508057,-77.010414,400,410,summer,10,0.21394162997603416
eta_lat_m61p508057_lon_m107p010414.npy,-61.508057,-107.010414,400,410,summer,10,0.11376601923257113
eta_lat_m58p574665_lon_p72p989594.npy,-58.574665,72.989594,10,20,summer,10,0.27772847563028336
eta_lat_m52p006847_lon_m119p010414.npy,-52.006847,-119.010414,350,360,summer,10,0.26220427453517914
eta_lat_m31p463802_lon_p0p989578.npy,-31.463802,0.989578,400,410,summer,10,0.13503946922719479
eta_lat_m58p574665_lon_m167p010422.npy,-58.574665,-167.010422,0,10,summer,10,0.07753387792035937
eta_lat_p5p545479_lon_m131p010422.npy,5.545479,-131.010422,340,350,summer,10,0.1515013463795185
eta_lat_m66p662788_lon_m173p010422.npy,-66.662788,-173.010422,350,360,summer,10,0.535959891974926
eta_lat_m64p202515_lon_p36p989578.npy,-64.202515,36.989578,0,10,summer,10,0.21275047026574612
eta_lat_m36p058659_lon_m41p010422.npy,-36.058659,-41.010422,390,400,summer,10,0.07914081728085876
eta_lat_p5p545479_lon_m101p010414.npy,5.545479,-101.010414,20,30,summer,10,0.22074906155467033
eta_lat_p44p523903_lon_m23p010422.npy,44.523903,-23.010422,390,400,summer,10,0.2006569793447852
eta_lat_m55p400803_lon_m17p010422.npy,-55.400803,-17.010422,360,370,summer,10,0.0961154131218791
eta_lat_p11p027672_lon_m167p010422.npy,11.027672,-167.010422,330,340,summer,10,0.14739556517452002
eta_lat_m58p574665_lon_m59p010422.npy,-58.574665,-59.010422,400,410,summer,10,0.24053086899220943
eta_lat_p16p395037_lon_m119p010414.npy,16.395037,-119.010414,40,50,summer,10,0.16157158743590117
eta_lat_m16p395037_lon_p102p989594.npy,-16.395037,102.989594,410,420,summer,10,0.14229455962777138
eta_lat_m5p545479_lon_m5p010422.npy,-5.545479,-5.010422,340,350,summer,10,0.19645676668733358
eta_lat_m48p374134_lon_p126p989594.npy,-48.374134,126.989594,410,420,summer,10,0.21485991589725018
eta_lat_p51p994694_lon_m149p010422.npy,51.994694,-149.010422,400,410,summer,10,0.24781916104257107
eta_lat_m16p395037_lon_m107p010414.npy,-16.395037,-107.010414,380,390,summer,10,0.1304941256530583
eta_lat_m48p374134_lon_m143p010422.npy,-48.374134,-143.010422,410,420,summer,10,0.10166961792856455
eta_lat_m48p374134_lon_p96p989594.npy,-48.374134,96.989594,360,370,summer,10,0.1310022622346878
eta_lat_m44p523903_lon_m47p010422.npy,-44.523903,-47.010422,340,350,summer,10,0.15664589684456587
eta_lat_p11p027672_lon_m95p010414.npy,11.027672,-95.010414,410,420,summer,10,0.206836624071002
eta_lat_p16p395037_lon_m125p010414.npy,16.395037,-125.010414,330,340,summer,10,0.13145887851715088
eta_lat_p55p389462_lon_m143p010422.npy,55.389462,-143.010422,360,370,summer,10,0.18033201154321432
eta_lat_p58p499409_lon_m52p959564.npy,58.499409,-52.959564,40,50,summer,10,0.3143188189715147
eta_lat_m11p027672_lon_m17p010422.npy,-11.027672,-17.010422,390,400,summer,10,0.1163159878924489
eta_lat_m36p058659_lon_p72p989594.npy,-36.058659,72.989594,370,380,summer,10,0.09567911177873611
eta_lat_m55p400803_lon_p114p989594.npy,-55.400803,114.989594,350,360,summer,10,0.08429215382784605
eta_lat_p40p414062_lon_m143p010422.npy,40.414062,-143.010422,400,410,summer,10,0.16011917684227228
eta_lat_m55p389462_lon_m59p010422.npy,-55.389462,-59.010422,340,350,summer,10,0.5839882902801037
eta_lat_m36p058659_lon_m29p010422.npy,-36.058659,-29.010422,0,10,summer,10,0.07244412321597338
eta_lat_m36p058659_lon_m47p010422.npy,-36.058659,-47.010422,390,400,summer,10,0.2513934588059783
eta_lat_m51p994694_lon_p6p989578.npy,-51.994694,6.989578,340,350,summer,10,0.07854241970926523
eta_lat_p40p414062_lon_m167p010422.npy,40.414062,-167.010422,400,410,summer,10,0.1432769140228629
eta_lat_m21p610189_lon_m125p010414.npy,-21.610189,-125.010414,0,10,summer,10,0.061263639479875565
eta_lat_m64p202515_lon_m119p010414.npy,-64.202515,-119.010414,340,350,summer,10,0.5492025092244148
eta_lat_m26p641497_lon_m11p010422.npy,-26.641497,-11.010422,30,40,summer,10,0.19039236940443516
eta_lat_p5p545479_lon_m23p010422.npy,5.545479,-23.010422,370,380,summer,10,0.18099781312048435
eta_lat_p48p374134_lon_m41p010422.npy,48.374134,-41.010422,10,20,summer,10,0.2681680992245674
eta_lat_m52p006847_lon_m23p010422.npy,-52.006847,-23.010422,40,50,summer,10,0.11314647924154997
eta_lat_m48p374134_lon_m113p010414.npy,-48.374134,-113.010414,0,10,summer,10,0.07748119812458754
eta_lat_p26p641497_lon_p174p989563.npy,26.641497,174.989563,410,420,summer,10,0.13219104800373316
eta_lat_m58p574665_lon_m35p010422.npy,-58.574665,-35.010422,360,370,summer,10,0.11090006679296494
eta_lat_m64p202515_lon_p72p989594.npy,-64.202515,72.989594,20,30,summer,10,0.6775693148374557
eta_lat_m71p250717_lon_m47p040466.npy,-71.250717,-47.040466,40,50,summer,10,0.8053352609276772
eta_lat_m48p374134_lon_m29p010422.npy,-48.374134,-29.010422,0,10,summer,10,0.0867720665410161
eta_lat_m61p508057_lon_m89p010414.npy,-61.508057,-89.010414,390,400,summer,10,0.19170096144080162
eta_lat_m66p662788_lon_m77p010414.npy,-66.662788,-77.010414,400,410,summer,10,0.352896086871624
eta_lat_m44p523903_lon_p132p989563.npy,-44.523903,132.989563,370,380,summer,10,0.15352393221110106
eta_lat_m55p389462_lon_m23p010422.npy,-55.389462,-23.010422,360,370,summer,10,0.22502478770911694
eta_lat_p44p523903_lon_m23p010422.npy,44.523903,-23.010422,370,380,summer,10,0.23401357978582382
eta_lat_m51p994694_lon_m23p010422.npy,-51.994694,-23.010422,360,370,summer,10,0.11134233884513378
eta_lat_m11p027672_lon_m119p010414.npy,-11.027672,-119.010414,0,10,summer,10,0.11603889800608158
eta_lat_p36p058659_lon_m41p010422.npy,36.058659,-41.010422,40,50,summer,10,0.09334202017635107
eta_lat_m40p414062_lon_m167p010422.npy,-40.414062,-167.010422,350,360,summer,10,0.10016363766044378
eta_lat_m58p574665_lon_p138p989563.npy,-58.574665,138.989563,400,410,summer,10,0.13159905467182398
eta_lat_m72p569344_lon_m130p758957.npy,-72.569344,-130.758957,10,20,summer,10,3.4775713831186295
eta_lat_m55p400803_lon_p108p989594.npy,-55.400803,108.989594,330,340,summer,10,0.1394747868180275
eta_lat_m64p202515_lon_p126p989594.npy,-64.202515,126.989594,40,50,summer,10,0.43151242658495903
eta_lat_p0p009682_lon_m101p010414.npy,0.009682,-101.010414,40,50,summer,10,0.4317762739956379
eta_lat_m5p545479_lon_m113p010414.npy,-5.545479,-113.010414,380,390,summer,10,0.1922888671979308
eta_lat_m21p610189_lon_m107p010414.npy,-21.610189,-107.010414,0,10,summer,10,0.05678832205012441
eta_lat_m44p523903_lon_p126p989594.npy,-44.523903,126.989594,330,340,summer,10,0.12975556077435613
eta_lat_m58p574665_lon_p126p989594.npy,-58.574665,126.989594,400,410,summer,10,0.2534583080559969
eta_lat_m0p009682_lon_p60p989578.npy,-0.009682,60.989578,360,370,summer,10,0.16169732343405485
eta_lat_m5p545479_lon_m29p010422.npy,-5.545479,-29.010422,340,350,summer,10,0.13102475460618734
eta_lat_m40p414062_lon_m41p010422.npy,-40.414062,-41.010422,370,380,summer,10,0.22091091237962246
eta_lat_p11p027672_lon_m167p010422.npy,11.027672,-167.010422,410,420,summer,10,0.19611015170812607
eta_lat_m55p400803_lon_m5p010422.npy,-55.400803,-5.010422,30,40,summer,10,0.07118951342999935
eta_lat_m66p662788_lon_m17p010422.npy,-66.662788,-17.010422,370,380,summer,10,1.2698638290166855
eta_lat_m31p463802_lon_m5p010422.npy,-31.463802,-5.010422,380,390,summer,10,0.10209670616313815
eta_lat_m64p202515_lon_p42p989578.npy,-64.202515,42.989578,30,40,summer,10,0.3455510027706623
eta_lat_p65p913406_lon_m30p464722.npy,65.913406,-30.464722,390,400,summer,10,0.3804520070552826
eta_lat_m52p006847_lon_m155p010422.npy,-52.006847,-155.010422,350,360,summer,10,0.3470603972673416
eta_lat_p11p027672_lon_m155p010422.npy,11.027672,-155.010422,360,370,summer,10,0.14435068238526583
eta_lat_m44p523903_lon_p120p989594.npy,-44.523903,120.989594,400,410,summer,10,0.1621132306754589
eta_lat_m31p463802_lon_p48p989578.npy,-31.463802,48.989578,0,10,summer,10,0.10841382807120681
eta_lat_m5p545479_lon_m11p010422.npy,-5.545479,-11.010422,20,30,summer,10,0.1860705204308033
eta_lat_p16p395037_lon_m143p010422.npy,16.395037,-143.010422,360,370,summer,10,0.10380093846470118
eta_lat_p21p610189_lon_p150p989563.npy,21.610189,150.989563,370,380,summer,10,0.23934250976890326
eta_lat_m66p662788_lon_m47p010422.npy,-66.662788,-47.010422,360,370,summer,10,0.869631327688694
eta_lat_p44p523903_lon_p168p989563.npy,44.523903,168.989563,330,340,summer,10,0.06766842817887664
eta_lat_m61p508057_lon_m149p010422.npy,-61.508057,-149.010422,400,410,summer,10,0.12645454611629248
eta_lat_p5p545479_lon_m35p010422.npy,5.545479,-35.010422,30,40,summer,10,0.1626481655985117
eta_lat_p31p463802_lon_m167p010422.npy,31.463802,-167.010422,330,340,summer,10,0.07720156898722053
eta_lat_m64p202515_lon_p126p989594.npy,-64.202515,126.989594,360,370,summer,10,0.6198329739272594
eta_lat_m68p928383_lon_m137p010422.npy,-68.928383,-137.010422,10,20,summer,10,0.12138382717967033
eta_lat_m61p508057_lon_p96p989594.npy,-61.508057,96.989594,380,390,summer,10,0.5217694193124771
eta_lat_p26p641497_lon_m53p010422.npy,26.641497,-53.010422,330,340,summer,10,0.10654975287616253
eta_lat_m68p928383_lon_m83p010414.npy,-68.928383,-83.010414,40,50,summer,10,0.7218802869319916
eta_lat_p48p374134_lon_m161p010422.npy,48.374134,-161.010422,20,30,summer,10,0.11691958550363779
eta_lat_m31p463802_lon_p174p989563.npy,-31.463802,174.989563,390,400,summer,10,0.328158613294363
eta_lat_m55p389462_lon_p12p989578.npy,-55.389462,12.989578,0,10,summer,10,0.18528658244758844
eta_lat_m26p641497_lon_p96p989594.npy,-26.641497,96.989594,0,10,summer,10,0.10383720695972443
eta_lat_p36p058659_lon_m137p010422.npy,36.058659,-137.010422,30,40,summer,10,0.1196858398616314
eta_lat_m61p508057_lon_p126p989594.npy,-61.508057,126.989594,340,350,summer,10,0.1617194376885891
eta_lat_p44p523903_lon_p174p989563.npy,44.523903,174.989563,380,390,summer,10,0.11620545294135809
eta_lat_m58p574665_lon_p48p989578.npy,-58.574665,48.989578,400,410,summer,10,0.13095893431454897
eta_lat_m58p574665_lon_m77p010414.npy,-58.574665,-77.010414,0,10,summer,10,0.11657606344670057
eta_lat_m36p058659_lon_p42p989578.npy,-36.058659,42.989578,340,350,summer,10,0.17017044313251972
eta_lat_m64p202515_lon_p72p989594.npy,-64.202515,72.989594,380,390,summer,10,1.0595786273479462
eta_lat_m11p027672_lon_p84p989594.npy,-11.027672,84.989594,350,360,summer,10,0.1500340597704053
eta_lat_p11p027672_lon_m119p010414.npy,11.027672,-119.010414,380,390,summer,10,0.16371765360236168
eta_lat_m0p009682_lon_m11p010422.npy,-0.009682,-11.010422,330,340,summer,10,0.10935002751648426
eta_lat_m40p414062_lon_m125p010414.npy,-40.414062,-125.010414,30,40,summer,10,0.07532705087214708
eta_lat_m61p508057_lon_p132p989563.npy,-61.508057,132.989563,350,360,summer,10,0.24247073009610176
eta_lat_p11p027672_lon_m119p010414.npy,11.027672,-119.010414,0,10,summer,10,0.14249737653881311
eta_lat_m61p508057_lon_p90p989594.npy,-61.508057,90.989594,380,390,summer,10,0.6846435964107513
eta_lat_m0p009682_lon_p84p989594.npy,-0.009682,84.989594,10,20,summer,10,0.18409871216863394
eta_lat_m5p545479_lon_m23p010422.npy,-5.545479,-23.010422,0,10,summer,10,0.10552594996988773
eta_lat_m21p610189_lon_m95p010414.npy,-21.610189,-95.010414,360,370,summer,10,0.07194125046953559
eta_lat_m64p202515_lon_p30p989578.npy,-64.202515,30.989578,410,420,summer,10,0.2252381630241871
eta_lat_p5p545479_lon_m137p010422.npy,5.545479,-137.010422,360,370,summer,10,0.12518219649791718
eta_lat_m58p574665_lon_p42p989578.npy,-58.574665,42.989578,10,20,summer,10,0.1613346803933382
eta_lat_m51p994694_lon_p108p989594.npy,-51.994694,108.989594,360,370,summer,10,0.13572852592915297
eta_lat_m66p662788_lon_p6p989578.npy,-66.662788,6.989578,380,390,summer,10,0.2932915985584259
eta_lat_m44p523903_lon_m167p010422.npy,-44.523903,-167.010422,360,370,summer,10,0.11552354414016008
eta_lat_p5p545479_lon_m113p010414.npy,5.545479,-113.010414,350,360,summer,10,0.2298325151205063
eta_lat_m61p508057_lon_p132p989563.npy,-61.508057,132.989563,400,410,summer,10,0.1962318830192089
eta_lat_p16p395037_lon_m131p010422.npy,16.395037,-131.010422,330,340,summer,10,0.14335333369672298
eta_lat_m61p508057_lon_m17p010422.npy,-61.508057,-17.010422,30,40,summer,10,1.272121101617813
eta_lat_p36p058659_lon_m131p010422.npy,36.058659,-131.010422,40,50,summer,10,0.22499398700892925
eta_lat_m36p058659_lon_p72p989594.npy,-36.058659,72.989594,20,30,summer,10,0.11183569207787514
eta_lat_m44p523903_lon_p120p989594.npy,-44.523903,120.989594,340,350,summer,10,0.10870763193815947
eta_lat_m26p641497_lon_m161p010422.npy,-26.641497,-161.010422,340,350,summer,10,0.1040339283645153
eta_lat_m55p400803_lon_p54p989578.npy,-55.400803,54.989578,30,40,summer,10,0.13718821667134762
eta_lat_m40p414062_lon_m35p010422.npy,-40.414062,-35.010422,30,40,summer,10,0.10270241741091013
eta_lat_m61p508057_lon_m71p010414.npy,-61.508057,-71.010414,0,10,summer,10,0.51978949457407
eta_lat_m64p202515_lon_m71p010414.npy,-64.202515,-71.010414,330,340,summer,10,0.43243812769651413
eta_lat_m55p400803_lon_p66p989594.npy,-55.400803,66.989594,360,370,summer,10,0.0966226626187563
eta_lat_m61p508057_lon_p138p989563.npy,-61.508057,138.989563,20,30,summer,10,0.40896008908748627
eta_lat_m51p994694_lon_m95p010414.npy,-51.994694,-95.010414,40,50,summer,10,0.0639785323292017
eta_lat_m55p389462_lon_p78p989594.npy,-55.389462,78.989594,340,350,summer,10,0.11097882874310017
eta_lat_p48p374134_lon_p162p989563.npy,48.374134,162.989563,360,370,summer,10,0.09559920756146312
eta_lat_m55p400803_lon_p108p989594.npy,-55.400803,108.989594,390,400,summer,10,0.08099418040364981
eta_lat_m40p414062_lon_p12p989578.npy,-40.414062,12.989578,400,410,summer,10,0.19353728462010622
eta_lat_m16p395037_lon_m95p010414.npy,-16.395037,-95.010414,360,370,summer,10,0.12461354490369558
eta_lat_p11p027672_lon_m47p010422.npy,11.027672,-47.010422,390,400,summer,10,0.12283483613282442
eta_lat_m55p400803_lon_m113p010414.npy,-55.400803,-113.010414,350,360,summer,10,0.13740515150129795
eta_lat_m21p610189_lon_m113p010414.npy,-21.610189,-113.010414,40,50,summer,10,0.10414748452603817
eta_lat_p21p610189_lon_m53p010422.npy,21.610189,-53.010422,380,390,summer,10,0.147011355496943
eta_lat_p61p082935_lon_m35p089630.npy,61.082935,-35.08963,410,420,summer,10,0.13210252858698368
eta_lat_m48p374134_lon_p60p989578.npy,-48.374134,60.989578,10,20,summer,10,0.08236782951280475
eta_lat_m36p058659_lon_p42p989578.npy,-36.058659,42.989578,370,380,summer,10,0.16903157392516732
eta_lat_p70p660629_lon_m0p213028.npy,70.660629,-0.213028,400,410,summer,10,0.08547252789139748
eta_lat_m44p523903_lon_p132p989563.npy,-44.523903,132.989563,340,350,summer,10,0.1355377514846623
eta_lat_m31p463802_lon_m107p010414.npy,-31.463802,-107.010414,10,20,summer,10,0.08305561309680343
eta_lat_p36p058659_lon_m59p010422.npy,36.058659,-59.010422,10,20,summer,10,0.2118402924388647
eta_lat_m64p202515_lon_p126p989594.npy,-64.202515,126.989594,330,340,summer,10,0.4782168045639992
eta_lat_p64p927673_lon_m5p599991.npy,64.927673,-5.599991,390,400,summer,10,0.2992440890520811
eta_lat_p51p994694_lon_p150p989563.npy,51.994694,150.989563,20,30,summer,10,0.10814337432384491
eta_lat_m55p389462_lon_m113p010414.npy,-55.389462,-113.010414,30,40,summer,10,0.24068674631416798
eta_lat_m26p641497_lon_m155p010422.npy,-26.641497,-155.010422,10,20,summer,10,0.11848440067842603
eta_lat_m36p058659_lon_m35p010422.npy,-36.058659,-35.010422,40,50,summer,10,0.08459361735731363
eta_lat_m52p006847_lon_p96p989594.npy,-52.006847,96.989594,350,360,summer,10,0.29802827909588814
eta_lat_m55p389462_lon_p114p989594.npy,-55.389462,114.989594,390,400,summer,10,0.07684678118675947
eta_lat_m26p641497_lon_m29p010422.npy,-26.641497,-29.010422,20,30,summer,10,0.12158786738291383
eta_lat_p40p414062_lon_m155p010422.npy,40.414062,-155.010422,370,380,summer,10,0.13850367534905672
eta_lat_m68p928383_lon_m119p010414.npy,-68.928383,-119.010414,30,40,summer,10,0.43544684536755085
eta_lat_p21p610189_lon_p174p989563.npy,21.610189,174.989563,340,350,summer,10,0.15558178815990686
eta_lat_p40p414062_lon_p174p989563.npy,40.414062,174.989563,410,420,summer,10,0.1415625074878335
eta_lat_m64p202515_lon_m23p010422.npy,-64.202515,-23.010422,10,20,summer,10,0.6484351828694344
eta_lat_p26p641497_lon_p150p989563.npy,26.641497,150.989563,40,50,summer,10,0.20486092939972878
eta_lat_p40p414062_lon_p174p989563.npy,40.414062,174.989563,390,400,summer,10,0.18296147882938385
eta_lat_m36p058659_lon_p48p989578.npy,-36.058659,48.989578,330,340,summer,10,0.09433195926249027
eta_lat_p48p374134_lon_m161p010422.npy,48.374134,-161.010422,350,360,summer,10,0.16520733945071697
eta_lat_m5p545479_lon_p66p989594.npy,-5.545479,66.989594,20,30,summer,10,0.18668935727328062
eta_lat_p21p610189_lon_p150p989563.npy,21.610189,150.989563,30,40,summer,10,0.1472114361822605
eta_lat_p36p058659_lon_m137p010422.npy,36.058659,-137.010422,360,370,summer,10,0.10146980918943882
eta_lat_m36p058659_lon_m41p010422.npy,-36.058659,-41.010422,410,420,summer,10,0.1427564062178135
eta_lat_m71p306725_lon_m29p016449.npy,-71.306725,-29.016449,370,380,summer,10,0.7171320542693138
eta_lat_m44p523903_lon_m17p010422.npy,-44.523903,-17.010422,370,380,summer,10,0.12972728349268436
eta_lat_m21p610189_lon_m113p010414.npy,-21.610189,-113.010414,400,410,summer,10,0.09572347160428762
eta_lat_p36p058659_lon_m137p010422.npy,36.058659,-137.010422,330,340,summer,10,0.10121445776894689
eta_lat_m11p027672_lon_p78p989594.npy,-11.027672,78.989594,20,30,summer,10,0.11002053506672382
eta_lat_m66p662788_lon_m107p010414.npy,-66.662788,-107.010414,40,50,summer,10,0.18717394582927227
eta_lat_m58p574665_lon_p36p989578.npy,-58.574665,36.989578,410,420,summer,10,0.1325536398217082
eta_lat_m48p374134_lon_p78p989594.npy,-48.374134,78.989594,30,40,summer,10,0.7832221910357475
eta_lat_m61p508057_lon_m131p010422.npy,-61.508057,-131.010422,0,10,summer,10,0.08368280902504921
eta_lat_p31p463802_lon_m41p010422.npy,31.463802,-41.010422,20,30,summer,10,0.08572982298210263
eta_lat_m52p006847_lon_p156p989563.npy,-52.006847,156.989563,390,400,summer,10,0.4113987348973751
eta_lat_m40p414062_lon_p36p989578.npy,-40.414062,36.989578,0,10,summer,10,0.32265725545585155
eta_lat_p26p641497_lon_m161p010422.npy,26.641497,-161.010422,10,20,summer,10,0.13575753662735224
eta_lat_p40p414062_lon_m143p010422.npy,40.414062,-143.010422,380,390,summer,10,0.14411064144223928
eta_lat_m44p523903_lon_p102p989594.npy,-44.523903,102.989594,10,20,summer,10,0.15532021783292294
eta_lat_m61p508057_lon_m161p010422.npy,-61.508057,-161.010422,40,50,summer,10,0.10772821586579084
eta_lat_m55p389462_lon_p174p989563.npy,-55.389462,174.989563,340,350,summer,10,0.3941994998604059
eta_lat_m64p202515_lon_m143p010422.npy,-64.202515,-143.010422,380,390,summer,10,1.0255286321043968
eta_lat_m66p662788_lon_p0p989578.npy,-66.662788,0.989578,40,50,summer,10,0.8415258564054966
eta_lat_m64p202515_lon_m173p010422.npy,-64.202515,-173.010422,410,420,summer,10,0.3968919366598129
eta_lat_m70p951729_lon_m142p952744.npy,-70.951729,-142.952744,0,10,summer,10,0.2429358446970582
eta_lat_p5p545479_lon_m125p010414.npy,5.545479,-125.010414,390,400,summer,10,0.18810420110821724
eta_lat_m40p414062_lon_p96p989594.npy,-40.414062,96.989594,0,10,summer,10,0.10370459780097008
eta_lat_m36p058659_lon_m23p010422.npy,-36.058659,-23.010422,350,360,summer,10,0.13389246352016926
eta_lat_m36p058659_lon_m167p010422.npy,-36.058659,-167.010422,20,30,summer,10,0.11982439318671823
eta_lat_m26p641497_lon_p78p989594.npy,-26.641497,78.989594,410,420,summer,10,0.13007627334445715
eta_lat_m11p027672_lon_p66p989594.npy,-11.027672,66.989594,410,420,summer,10,0.12085983250290155
eta_lat_m31p463802_lon_p108p989594.npy,-31.463802,108.989594,380,390,summer,10,0.19704608246684074
eta_lat_p21p610189_lon_m143p010422.npy,21.610189,-143.010422,390,400,summer,10,0.08990235812962055
eta_lat_m26p641497_lon_p96p989594.npy,-26.641497,96.989594,360,370,summer,10,0.1308238236233592
eta_lat_m68p928383_lon_m149p010422.npy,-68.928383,-149.010422,370,380,summer,10,0.7013655081391335
eta_lat_m55p400803_lon_p84p989594.npy,-55.400803,84.989594,340,350,summer,10,0.3804533500224352
eta_lat_m11p027672_lon_m29p010422.npy,-11.027672,-29.010422,40,50,summer,10,0.20541487354785204
eta_lat_p31p463802_lon_m41p010422.npy,31.463802,-41.010422,350,360,summer,10,0.16169729083776474
eta_lat_m55p400803_lon_m119p010414.npy,-55.400803,-119.010414,380,390,summer,10,0.3446848411113024
eta_lat_m40p414062_lon_p48p989578.npy,-40.414062,48.989578,10,20,summer,10,0.16752272099256516
eta_lat_p0p009682_lon_m101p010414.npy,0.009682,-101.010414,10,20,summer,10,0.44743868708610535
eta_lat_p26p641497_lon_m149p010422.npy,26.641497,-149.010422,380,390,summer,10,0.09488640632480383
eta_lat_m11p027672_lon_p72p989594.npy,-11.027672,72.989594,340,350,summer,10,0.11409777216613293
eta_lat_m52p006847_lon_p108p989594.npy,-52.006847,108.989594,30,40,summer,10,0.1795093035325408
eta_lat_m55p389462_lon_m5p010422.npy,-55.389462,-5.010422,10,20,summer,10,0.20778492279350758
eta_lat_m61p508057_lon_m155p010422.npy,-61.508057,-155.010422,380,390,summer,10,0.12789264041930437
eta_lat_m51p994694_lon_m167p010422.npy,-51.994694,-167.010422,330,340,summer,10,0.3034223522990942
eta_lat_m64p202515_lon_p30p989578.npy,-64.202515,30.989578,40,50,summer,10,0.2691667973995209
eta_lat_m48p374134_lon_m137p010422.npy,-48.374134,-137.010422,20,30,summer,10,0.09213788621127605
eta_lat_m68p928383_lon_p174p989563.npy,-68.928383,174.989563,30,40,summer,10,0.6314960271120071
eta_lat_p26p641497_lon_m143p010422.npy,26.641497,-143.010422,0,10,summer,10,0.11305339634418488
eta_lat_m31p463802_lon_p66p989594.npy,-31.463802,66.989594,370,380,summer,10,0.08337774174287915
eta_lat_m64p202515_lon_m173p010422.npy,-64.202515,-173.010422,40,50,summer,10,0.4453079178929329
eta_lat_m16p395037_lon_m11p010422.npy,-16.395037,-11.010422,400,410,summer,10,0.2575266966596246
eta_lat_m73p118896_lon_m154p539932.npy,-73.118896,-154.539932,10,20,summer,10,0.7266594506800175
eta_lat_m5p545479_lon_m131p010422.npy,-5.545479,-131.010422,370,380,summer,10,0.15685746725648642
eta_lat_m66p662788_lon_m161p010422.npy,-66.662788,-161.010422,370,380,summer,10,0.615509495139122
eta_lat_m55p400803_lon_p54p989578.npy,-55.400803,54.989578,360,370,summer,10,0.10960341896861792
eta_lat_m40p414062_lon_m161p010422.npy,-40.414062,-161.010422,380,390,summer,10,0.08095998642966151
eta_lat_m71p317345_lon_m23p007370.npy,-71.317345,-23.00737,20,30,summer,10,1.1886449940502644
eta_lat_m55p389462_lon_p6p989578.npy,-55.389462,6.989578,330,340,summer,10,0.14885224122554064
eta_lat_m0p009682_lon_m17p010422.npy,-0.009682,-17.010422,360,370,summer,10,0.11708505917340517
eta_lat_m55p389462_lon_m125p010414.npy,-55.389462,-125.010414,370,380,summer,10,0.30826255679130554
eta_lat_m21p610189_lon_p78p989594.npy,-21.610189,78.989594,30,40,summer,10,0.10059093590825796
eta_lat_m26p641497_lon_m173p010422.npy,-26.641497,-173.010422,350,360,summer,10,0.09523886581882834
eta_lat_m31p463802_lon_m11p010422.npy,-31.463802,-11.010422,340,350,summer,10,0.16701168846338987
eta_lat_m51p994694_lon_p114p989594.npy,-51.994694,114.989594,380,390,summer,10,0.14376676827669144
eta_lat_p51p994694_lon_m47p010422.npy,51.994694,-47.010422,0,10,summer,10,0.15067537687718868
eta_lat_m64p202515_lon_p12p989578.npy,-64.202515,12.989578,20,30,summer,10,0.2933414373546839
eta_lat_m64p202515_lon_m125p010414.npy,-64.202515,-125.010414,340,350,summer,10,0.5613325573503971
eta_lat_m21p610189_lon_p102p989594.npy,-21.610189,102.989594,340,350,summer,10,0.1783780874684453
eta_lat_m55p389462_lon_p24p989578.npy,-55.389462,24.989578,20,30,summer,10,0.09427277091890574
eta_lat_m48p374134_lon_p150p989563.npy,-48.374134,150.989563,400,410,summer,10,0.4355481117963791
eta_lat_p36p058659_lon_p162p989563.npy,36.058659,162.989563,380,390,summer,10,0.19334062095731497
eta_lat_m11p027672_lon_m131p010422.npy,-11.027672,-131.010422,390,400,summer,10,0.12145710736513138
eta_lat_m51p994694_lon_m47p010422.npy,-51.994694,-47.010422,410,420,summer,10,0.13707092311233282
eta_lat_p31p463802_lon_m59p010422.npy,31.463802,-59.010422,380,390,summer,10,0.17297237552702427
eta_lat_m52p006847_lon_p126p989594.npy,-52.006847,126.989594,360,370,summer,10,0.23230611067265272
eta_lat_m66p662788_lon_p0p989578.npy,-66.662788,0.989578,410,420,summer,10,0.4192488044500351
eta_lat_m55p389462_lon_m173p010422.npy,-55.389462,-173.010422,340,350,summer,10,0.21266991458833218
eta_lat_m61p508057_lon_p162p989563.npy,-61.508057,162.989563,20,30,summer,10,0.196736890822649
eta_lat_m51p994694_lon_m11p010422.npy,-51.994694,-11.010422,0,10,summer,10,0.09314734861254692
eta_lat_m44p523903_lon_p18p989578.npy,-44.523903,18.989578,40,50,summer,10,0.15103380475193262
eta_lat_m58p574665_lon_m107p010414.npy,-58.574665,-107.010414,350,360,summer,10,0.1751781441271305
eta_lat_m31p463802_lon_m167p010422.npy,-31.463802,-167.010422,360,370,summer,10,0.09081469010561705
eta_lat_m40p414062_lon_p66p989594.npy,-40.414062,66.989594,400,410,summer,10,0.09957732120528817
eta_lat_m55p400803_lon_p24p989578.npy,-55.400803,24.989578,410,420,summer,10,0.249877305701375
eta_lat_p55p389462_lon_m35p010422.npy,55.389462,-35.010422,340,350,summer,10,0.294388297945261
eta_lat_m48p374134_lon_p174p989563.npy,-48.374134,174.989563,380,390,summer,10,0.357263894751668
eta_lat_p5p545479_lon_m167p010422.npy,5.545479,-167.010422,370,380,summer,10,0.15328968409448862
eta_lat_m11p027672_lon_m125p010414.npy,-11.027672,-125.010414,400,410,summer,10,0.11558669712394476
eta_lat_m21p610189_lon_m101p010414.npy,-21.610189,-101.010414,380,390,summer,10,0.09421772044152021
eta_lat_p40p414062_lon_m167p010422.npy,40.414062,-167.010422,340,350,summer,10,0.11440428486093879
eta_lat_p61p367260_lon_m23p297623.npy,61.36726,-23.297623,390,400,summer,10,0.1312095085158944
eta_lat_m55p389462_lon_p108p989594.npy,-55.389462,108.989594,0,10,summer,10,0.1808881126344204
eta_lat_p44p523903_lon_m137p010422.npy,44.523903,-137.010422,0,10,summer,10,0.13959939684718847
eta_lat_m58p574665_lon_m155p010422.npy,-58.574665,-155.010422,330,340,summer,10,0.11834477679803967
eta_lat_m51p994694_lon_m101p010414.npy,-51.994694,-101.010414,30,40,summer,10,0.0977446660399437
eta_lat_m40p414062_lon_p54p989578.npy,-40.414062,54.989578,30,40,summer,10,0.24164259247481823
eta_lat_m55p389462_lon_m149p010422.npy,-55.389462,-149.010422,330,340,summer,10,0.13055352959781885
eta_lat_m40p414062_lon_p60p989578.npy,-40.414062,60.989578,30,40,summer,10,0.15140327624976635
eta_lat_m26p641497_lon_p90p989594.npy,-26.641497,90.989594,10,20,summer,10,0.13397174049168825
eta_lat_p67p749512_lon_m6p266800.npy,67.749512,-6.2668,400,410,summer,10,0.10662559978663921
eta_lat_m55p400803_lon_p168p989563.npy,-55.400803,168.989563,370,380,summer,10,1.0844242572784424
eta_lat_m44p523903_lon_m53p010422.npy,-44.523903,-53.010422,410,420,summer,10,0.5435853246599436
eta_lat_m61p508057_lon_p84p989594.npy,-61.508057,84.989594,370,380,summer,10,0.5755605921149254
eta_lat_p11p027672_lon_m149p010422.npy,11.027672,-149.010422,360,370,summer,10,0.15957893431186676
eta_lat_p11p027672_lon_p66p989594.npy,11.027672,66.989594,40,50,summer,10,0.12665365170687437
eta_lat_m5p545479_lon_p90p989594.npy,-5.545479,90.989594,410,420,summer,10,0.1288107940927148
eta_lat_p36p058659_lon_m35p010422.npy,36.058659,-35.010422,10,20,summer,10,0.13769463077187538
eta_lat_m73p621971_lon_m53p396431.npy,-73.621971,-53.396431,340,350,summer,10,1.2588846310973167
eta_lat_m11p027672_lon_m113p010414.npy,-11.027672,-113.010414,10,20,summer,10,0.1989080896601081
eta_lat_m31p463802_lon_p174p989563.npy,-31.463802,174.989563,360,370,summer,10,0.2460235096514225
eta_lat_m64p202515_lon_p48p989578.npy,-64.202515,48.989578,400,410,summer,10,0.753787949681282
eta_lat_m26p641497_lon_m155p010422.npy,-26.641497,-155.010422,20,30,summer,10,0.13679743371903896
eta_lat_m26p641497_lon_p72p989594.npy,-26.641497,72.989594,30,40,summer,10,0.10169951897114515
eta_lat_m5p545479_lon_p84p989594.npy,-5.545479,84.989594,20,30,summer,10,0.11896195914596319
eta_lat_m16p395037_lon_m11p010422.npy,-16.395037,-11.010422,40,50,summer,10,0.24209793843328953
eta_lat_m55p389462_lon_p168p989563.npy,-55.389462,168.989563,410,420,summer,10,1.0886775590479374
eta_lat_p63p507416_lon_m35p256088.npy,63.507416,-35.256088,30,40,summer,10,0.1327075930312276
eta_lat_m36p058659_lon_m149p010422.npy,-36.058659,-149.010422,350,360,summer,10,0.08820654125884175
eta_lat_p48p374134_lon_m161p010422.npy,48.374134,-161.010422,30,40,summer,10,0.11325302068144083
eta_lat_p0p009682_lon_p162p989563.npy,0.009682,162.989563,380,390,summer,10,0.19592181779444218
eta_lat_m51p994694_lon_p36p989578.npy,-51.994694,36.989578,400,410,summer,10,0.16342856641858816
eta_lat_m55p400803_lon_p108p989594.npy,-55.400803,108.989594,410,420,summer,10,0.06968631083145738
eta_lat_m5p545479_lon_p48p989578.npy,-5.545479,48.989578,0,10,summer,10,0.1116907550022006
eta_lat_m52p006847_lon_p174p989563.npy,-52.006847,174.989563,0,10,summer,10,0.18753674440085888
eta_lat_m21p610189_lon_m17p010422.npy,-21.610189,-17.010422,20,30,summer,10,0.13100043777376413
eta_lat_m55p400803_lon_p144p989563.npy,-55.400803,144.989563,400,410,summer,10,0.15047127520665526
eta_lat_m55p400803_lon_p144p989563.npy,-55.400803,144.989563,20,30,summer,10,0.1613984201103449
eta_lat_m66p662788_lon_m119p010414.npy,-66.662788,-119.010414,10,20,summer,10,0.226983904838562
eta_lat_m36p058659_lon_p12p989578.npy,-36.058659,12.989578,20,30,summer,10,0.14217719435691833
eta_lat_m40p414062_lon_m41p010422.npy,-40.414062,-41.010422,380,390,summer,10,0.14543255791068077
eta_lat_m55p400803_lon_m113p010414.npy,-55.400803,-113.010414,0,10,summer,10,0.114061139523983
eta_lat_m21p610189_lon_m107p010414.npy,-21.610189,-107.010414,400,410,summer,10,0.09871644154191017
eta_lat_m55p400803_lon_m119p010414.npy,-55.400803,-119.010414,350,360,summer,10,0.16177220176905394
eta_lat_m55p389462_lon_m95p010414.npy,-55.389462,-95.010414,340,350,summer,10,0.15493341349065304
eta_lat_m58p574665_lon_p30p989578.npy,-58.574665,30.989578,390,400,summer,10,0.31292021088302135
eta_lat_m52p006847_lon_m107p010414.npy,-52.006847,-107.010414,0,10,summer,10,0.14587690122425556
eta_lat_m58p574665_lon_m95p010414.npy,-58.574665,-95.010414,340,350,summer,10,0.13861723244190216
eta_lat_m55p389462_lon_m11p010422.npy,-55.389462,-11.010422,10,20,summer,10,0.16091729421168566
eta_lat_m66p662788_lon_m17p010422.npy,-66.662788,-17.010422,340,350,summer,10,1.1712699383497238
eta_lat_m61p508057_lon_m29p010422.npy,-61.508057,-29.010422,0,10,summer,10,1.2520833536982536
eta_lat_m48p374134_lon_p144p989563.npy,-48.374134,144.989563,360,370,summer,10,0.1965337572619319
eta_lat_p36p058659_lon_m29p010422.npy,36.058659,-29.010422,350,360,summer,10,0.12265230342745781
eta_lat_m55p400803_lon_p150p989563.npy,-55.400803,150.989563,380,390,summer,10,0.25264010950922966
eta_lat_m61p508057_lon_p54p989578.npy,-61.508057,54.989578,390,400,summer,10,0.35505833476781845
eta_lat_m61p508057_lon_m155p010422.npy,-61.508057,-155.010422,410,420,summer,10,0.16663232492282987
eta_lat_m36p058659_lon_p72p989594.npy,-36.058659,72.989594,10,20,summer,10,0.09065079502761364
eta_lat_m72p698387_lon_m136p683899.npy,-72.698387,-136.683899,410,420,summer,10,0.477041769772768
eta_lat_m48p374134_lon_m53p010422.npy,-48.374134,-53.010422,10,20,summer,10,0.1883530905470252
eta_lat_m52p006847_lon_p36p989578.npy,-52.006847,36.989578,390,400,summer,10,0.12915995344519615
eta_lat_p40p414062_lon_p156p989563.npy,40.414062,156.989563,340,350,summer,10,0.08403845177963376
eta_lat_m36p058659_lon_m113p010414.npy,-36.058659,-113.010414,410,420,summer,10,0.09602590464055538
eta_lat_m52p006847_lon_m95p010414.npy,-52.006847,-95.010414,350,360,summer,10,0.11183034582063556
eta_lat_m68p928383_lon_m59p010422.npy,-68.928383,-59.010422,0,10,summer,10,2.683390997350216
eta_lat_m26p641497_lon_m23p010422.npy,-26.641497,-23.010422,370,380,summer,10,0.10441871313378215
eta_lat_m40p414062_lon_p102p989594.npy,-40.414062,102.989594,340,350,summer,10,0.1342166420072317
eta_lat_m55p389462_lon_p168p989563.npy,-55.389462,168.989563,10,20,summer,10,0.6361438855528831
eta_lat_m36p058659_lon_m155p010422.npy,-36.058659,-155.010422,20,30,summer,10,0.11913665011525154
eta_lat_m72p830154_lon_m142p626068.npy,-72.830154,-142.626068,410,420,summer,10,0.7236430570483208
eta_lat_m72p569344_lon_m130p758957.npy,-72.569344,-130.758957,390,400,summer,10,0.741582877933979
eta_lat_m61p508057_lon_p138p989563.npy,-61.508057,138.989563,330,340,summer,10,0.229927446693182
eta_lat_m61p508057_lon_p0p989578.npy,-61.508057,0.989578,410,420,summer,10,0.766774021089077
eta_lat_m55p400803_lon_m167p010422.npy,-55.400803,-167.010422,370,380,summer,10,0.1500580506399274
eta_lat_m48p374134_lon_p138p989563.npy,-48.374134,138.989563,330,340,summer,10,0.15201618522405624
eta_lat_m21p610189_lon_p78p989594.npy,-21.610189,78.989594,390,400,summer,10,0.14191531389951706
eta_lat_p5p545479_lon_m131p010422.npy,5.545479,-131.010422,410,420,summer,10,0.14893355779349804
eta_lat_m16p395037_lon_p78p989594.npy,-16.395037,78.989594,350,360,summer,10,0.12642308976501226
eta_lat_p36p058659_lon_m41p010422.npy,36.058659,-41.010422,0,10,summer,10,0.10380710661411285
eta_lat_m40p414062_lon_p84p989594.npy,-40.414062,84.989594,340,350,summer,10,0.13360733119770885
eta_lat_m51p994694_lon_m17p010422.npy,-51.994694,-17.010422,410,420,summer,10,0.0919085773639381
eta_lat_m44p523903_lon_m137p010422.npy,-44.523903,-137.010422,40,50,summer,10,0.07094917446374893
eta_lat_m36p058659_lon_m17p010422.npy,-36.058659,-17.010422,30,40,summer,10,0.10466364491730928
eta_lat_p16p395037_lon_p156p989563.npy,16.395037,156.989563,370,380,summer,10,0.1839014319702983
eta_lat_m73p888268_lon_m29p051193.npy,-73.888268,-29.051193,30,40,summer,10,1.8599927574396133
eta_lat_m48p374134_lon_m113p010414.npy,-48.374134,-113.010414,390,400,summer,10,0.12595620937645435
eta_lat_m52p006847_lon_p36p989578.npy,-52.006847,36.989578,40,50,summer,10,0.1224521603435278
eta_lat_p36p058659_lon_m155p010422.npy,36.058659,-155.010422,0,10,summer,10,0.0803276402875781
eta_lat_p26p641497_lon_p156p989563.npy,26.641497,156.989563,20,30,summer,10,0.1242515416815877
eta_lat_m52p006847_lon_p144p989563.npy,-52.006847,144.989563,40,50,summer,10,0.17770134005695581
eta_lat_m61p508057_lon_m107p010414.npy,-61.508057,-107.010414,410,420,summer,10,0.11321479268372059
eta_lat_m52p006847_lon_p90p989594.npy,-52.006847,90.989594,340,350,summer,10,0.2716032825410366
eta_lat_m58p574665_lon_p162p989563.npy,-58.574665,162.989563,410,420,summer,10,0.19084414653480053
eta_lat_m64p202515_lon_m17p010422.npy,-64.202515,-17.010422,370,380,summer,10,0.9669832289218903
eta_lat_m64p202515_lon_m149p010422.npy,-64.202515,-149.010422,380,390,summer,10,0.7282997779548168
eta_lat_m55p389462_lon_m11p010422.npy,-55.389462,-11.010422,350,360,summer,10,0.08823077706620097
eta_lat_m51p994694_lon_p24p989578.npy,-51.994694,24.989578,370,380,summer,10,0.17430512886494398
eta_lat_m58p574665_lon_m155p010422.npy,-58.574665,-155.010422,390,400,summer,10,0.11715985927730799
eta_lat_m52p006847_lon_m113p010414.npy,-52.006847,-113.010414,330,340,summer,10,0.13181756250560284
eta_lat_p26p641497_lon_m65p010414.npy,26.641497,-65.010414,350,360,summer,10,0.18750187009572983
eta_lat_m44p523903_lon_m167p010422.npy,-44.523903,-167.010422,340,350,summer,10,0.11589826829731464
eta_lat_m68p928383_lon_m53p010422.npy,-68.928383,-53.010422,340,350,summer,10,0.8764181658625603
eta_lat_m64p202515_lon_p0p989578.npy,-64.202515,0.989578,340,350,summer,10,0.5320320650935173
eta_lat_m66p662788_lon_m119p010414.npy,-66.662788,-119.010414,30,40,summer,10,0.15182924503460526
eta_lat_m44p523903_lon_p66p989594.npy,-44.523903,66.989594,350,360,summer,10,0.39137731306254864
eta_lat_p16p395037_lon_m161p010422.npy,16.395037,-161.010422,10,20,summer,10,0.15483624022454023
eta_lat_m5p545479_lon_m167p010422.npy,-5.545479,-167.010422,20,30,summer,10,0.19312610942870378
eta_lat_m52p006847_lon_m113p010414.npy,-52.006847,-113.010414,400,410,summer,10,0.15171313844621181
eta_lat_m55p400803_lon_m17p010422.npy,-55.400803,-17.010422,380,390,summer,10,0.08060862449929118
eta_lat_m51p994694_lon_p126p989594.npy,-51.994694,126.989594,10,20,summer,10,0.355392562225461
eta_lat_m48p374134_lon_m161p010422.npy,-48.374134,-161.010422,370,380,summer,10,0.12775487452745438
eta_lat_m21p610189_lon_p108p989594.npy,-21.610189,108.989594,330,340,summer,10,0.19727597944438457
eta_lat_m64p202515_lon_p48p989578.npy,-64.202515,48.989578,20,30,summer,10,0.5548318326473236
eta_lat_m16p395037_lon_m83p010414.npy,-16.395037,-83.010414,360,370,summer,10,0.10465513821691275
eta_lat_m61p508057_lon_p102p989594.npy,-61.508057,102.989594,330,340,summer,10,0.6483226791024208
eta_lat_m26p641497_lon_p0p989578.npy,-26.641497,0.989578,360,370,summer,10,0.11182949878275394
eta_lat_m48p374134_lon_p96p989594.npy,-48.374134,96.989594,380,390,summer,10,0.1890544854104519
eta_lat_m66p662788_lon_m101p010414.npy,-66.662788,-101.010414,10,20,summer,10,0.1897402722388506
eta_lat_m36p058659_lon_m107p010414.npy,-36.058659,-107.010414,10,20,summer,10,0.09915240155532956
eta_lat_p5p545479_lon_m29p010422.npy,5.545479,-29.010422,390,400,summer,10,0.13498260453343391
eta_lat_m48p374134_lon_p102p989594.npy,-48.374134,102.989594,390,400,summer,10,0.14547252468764782
eta_lat_m0p009682_lon_m17p010422.npy,-0.009682,-17.010422,380,390,summer,10,0.12900348473340273
eta_lat_p5p545479_lon_p66p989594.npy,5.545479,66.989594,0,10,summer,10,0.1741409981623292
eta_lat_m64p202515_lon_m5p010422.npy,-64.202515,-5.010422,380,390,summer,10,0.7085355222225189
eta_lat_p11p027672_lon_m29p010422.npy,11.027672,-29.010422,370,380,summer,10,0.16570316441357136
eta_lat_m16p395037_lon_m29p010422.npy,-16.395037,-29.010422,40,50,summer,10,0.18900332413613796
eta_lat_m58p574665_lon_m95p010414.npy,-58.574665,-95.010414,330,340,summer,10,0.13868575915694237
eta_lat_p26p641497_lon_m155p010422.npy,26.641497,-155.010422,20,30,summer,10,0.08849780587479472
eta_lat_p36p058659_lon_m65p010414.npy,36.058659,-65.010414,350,360,summer,10,0.4082525819540024
eta_lat_m52p006847_lon_m53p010422.npy,-52.006847,-53.010422,20,30,summer,10,0.30872148647904396
eta_lat_m16p395037_lon_p72p989594.npy,-16.395037,72.989594,390,400,summer,10,0.08599843876436353
eta_lat_m31p463802_lon_m161p010422.npy,-31.463802,-161.010422,370,380,summer,10,0.09850960178300738
eta_lat_m55p400803_lon_m113p010414.npy,-55.400803,-113.010414,370,380,summer,10,0.1598364282399416
eta_lat_m48p374134_lon_p120p989594.npy,-48.374134,120.989594,10,20,summer,10,0.14106682315468788
eta_lat_m48p374134_lon_p108p989594.npy,-48.374134,108.989594,20,30,summer,10,0.10453433496877551
eta_lat_p16p395037_lon_m41p010422.npy,16.395037,-41.010422,380,390,summer,10,0.13083908520638943
eta_lat_m68p928383_lon_m125p010414.npy,-68.928383,-125.010414,370,380,summer,10,0.49891941994428635
eta_lat_m61p508057_lon_p60p989578.npy,-61.508057,60.989578,370,380,summer,10,0.5407708398997784
eta_lat_m58p574665_lon_m125p010414.npy,-58.574665,-125.010414,360,370,summer,10,0.49762481451034546
eta_lat_m26p641497_lon_m167p010422.npy,-26.641497,-167.010422,370,380,summer,10,0.11077485140413046
eta_lat_m36p058659_lon_m89p010414.npy,-36.058659,-89.010414,400,410,summer,10,0.10543876700103283
eta_lat_m48p374134_lon_m173p010422.npy,-48.374134,-173.010422,370,380,summer,10,0.1999249141663313
eta_lat_m21p610189_lon_m125p010414.npy,-21.610189,-125.010414,400,410,summer,10,0.08415440004318953
eta_lat_p31p463802_lon_m59p010422.npy,31.463802,-59.010422,390,400,summer,10,0.11663408856838942
eta_lat_p44p523903_lon_m149p010422.npy,44.523903,-149.010422,360,370,summer,10,0.10656832624226809
eta_lat_m55p400803_lon_m131p010422.npy,-55.400803,-131.010422,10,20,summer,10,0.8801229260861874
eta_lat_m40p414062_lon_m155p010422.npy,-40.414062,-155.010422,40,50,summer,10,0.08545709308236837
eta_lat_p51p994694_lon_m35p010422.npy,51.994694,-35.010422,380,390,summer,10,0.1479330649599433
eta_lat_m55p400803_lon_p108p989594.npy,-55.400803,108.989594,0,10,summer,10,0.16394426766783
eta_lat_m21p610189_lon_m23p010422.npy,-21.610189,-23.010422,30,40,summer,10,0.1061710650101304
eta_lat_m55p389462_lon_p54p989578.npy,-55.389462,54.989578,360,370,summer,10,0.13217877130955458
eta_lat_p48p374134_lon_m41p010422.npy,48.374134,-41.010422,20,30,summer,10,0.197149857878685
eta_lat_m40p414062_lon_m137p010422.npy,-40.414062,-137.010422,400,410,summer,10,0.07000125385820866
eta_lat_p11p027672_lon_m143p010422.npy,11.027672,-143.010422,400,410,summer,10,0.1748930923640728
eta_lat_m52p006847_lon_p96p989594.npy,-52.006847,96.989594,360,370,summer,10,0.24742973409593105
eta_lat_m70p857033_lon_m130p966385.npy,-70.857033,-130.966385,330,340,summer,10,1.2328696325421333
eta_lat_p5p545479_lon_m173p010422.npy,5.545479,-173.010422,10,20,summer,10,0.2119162306189537
eta_lat_m11p027672_lon_m29p010422.npy,-11.027672,-29.010422,20,30,summer,10,0.10673003410920501
eta_lat_m26p641497_lon_m11p010422.npy,-26.641497,-11.010422,370,380,summer,10,0.24052872508764267
eta_lat_m58p574665_lon_m95p010414.npy,-58.574665,-95.010414,350,360,summer,10,0.11401745118200779
eta_lat_m21p610189_lon_p72p989594.npy,-21.610189,72.989594,30,40,summer,10,0.08571793371811509
eta_lat_m31p463802_lon_m95p010414.npy,-31.463802,-95.010414,0,10,summer,10,0.08924353867769241
eta_lat_p5p545479_lon_m155p010422.npy,5.545479,-155.010422,20,30,summer,10,0.1655781613662839
eta_lat_p5p545479_lon_m107p010414.npy,5.545479,-107.010414,30,40,summer,10,0.15670022647827864
eta_lat_m48p374134_lon_p60p989578.npy,-48.374134,60.989578,360,370,summer,10,0.10217447159811854
eta_lat_p44p523903_lon_p168p989563.npy,44.523903,168.989563,350,360,summer,10,0.0869694328866899
eta_lat_m5p545479_lon_m167p010422.npy,-5.545479,-167.010422,340,350,summer,10,0.13476877752691507
eta_lat_p11p027672_lon_m113p010414.npy,11.027672,-113.010414,10,20,summer,10,0.22413212433457375
eta_lat_m61p508057_lon_m89p010414.npy,-61.508057,-89.010414,40,50,summer,10,0.0977022796869278
eta_lat_m58p574665_lon_m23p010422.npy,-58.574665,-23.010422,370,380,summer,10,0.6265840493142605
eta_lat_m52p006847_lon_m131p010422.npy,-52.006847,-131.010422,340,350,summer,10,0.1346908281557262
eta_lat_p36p058659_lon_m29p010422.npy,36.058659,-29.010422,360,370,summer,10,0.1152712139301002
eta_lat_p16p395037_lon_m161p010422.npy,16.395037,-161.010422,340,350,summer,10,0.14241380617022514
eta_lat_m11p027672_lon_p6p989578.npy,-11.027672,6.989578,360,370,summer,10,0.11950455699115992
eta_lat_p11p027672_lon_m23p010422.npy,11.027672,-23.010422,410,420,summer,10,0.16874526627361774
eta_lat_m48p374134_lon_m167p010422.npy,-48.374134,-167.010422,380,390,summer,10,0.08524535689502954
eta_lat_m61p508057_lon_m83p010414.npy,-61.508057,-83.010414,330,340,summer,10,0.20435145124793053
eta_lat_m55p400803_lon_p12p989578.npy,-55.400803,12.989578,340,350,summer,10,0.09928457532078028
eta_lat_p58p499409_lon_m23p040436.npy,58.499409,-23.040436,350,360,summer,10,0.13847889099270105
eta_lat_m58p574665_lon_m23p010422.npy,-58.574665,-23.010422,410,420,summer,10,0.7294103838503361
eta_lat_m31p463802_lon_m23p010422.npy,-31.463802,-23.010422,10,20,summer,10,0.15204499289393425
eta_lat_m36p058659_lon_p90p989594.npy,-36.058659,90.989594,400,410,summer,10,0.09056372847408056
eta_lat_m55p400803_lon_p132p989563.npy,-55.400803,132.989563,40,50,summer,10,0.32722030207514763
eta_lat_m51p994694_lon_p144p989563.npy,-51.994694,144.989563,30,40,summer,10,0.27538212947547436
eta_lat_m48p374134_lon_p24p989578.npy,-48.374134,24.989578,360,370,summer,10,0.14868781808763742
eta_lat_m0p009682_lon_p78p989594.npy,-0.009682,78.989594,20,30,summer,10,0.18619310948997736
eta_lat_m68p928383_lon_m137p010422.npy,-68.928383,-137.010422,380,390,summer,10,0.8574554026126862
eta_lat_m40p414062_lon_m167p010422.npy,-40.414062,-167.010422,410,420,summer,10,0.10758804390206933
eta_lat_m48p374134_lon_p12p989578.npy,-48.374134,12.989578,20,30,summer,10,0.137231326662004
eta_lat_m58p574665_lon_p0p989578.npy,-58.574665,0.989578,350,360,summer,10,0.5636098645627499
eta_lat_p21p610189_lon_m41p010422.npy,21.610189,-41.010422,370,380,summer,10,0.18001812137663364
eta_lat_m58p574665_lon_m173p010422.npy,-58.574665,-173.010422,20,30,summer,10,0.14857632294297218
eta_lat_m58p574665_lon_m161p010422.npy,-58.574665,-161.010422,350,360,summer,10,0.07201274344697595
eta_lat_m55p400803_lon_m5p010422.npy,-55.400803,-5.010422,330,340,summer,10,0.0911056138575077
eta_lat_m16p395037_lon_m107p010414.npy,-16.395037,-107.010414,370,380,summer,10,0.12864941265434027
eta_lat_m16p395037_lon_m113p010414.npy,-16.395037,-113.010414,30,40,summer,10,0.07617154810577631
eta_lat_m61p508057_lon_p90p989594.npy,-61.508057,90.989594,350,360,summer,10,0.41702262684702873
eta_lat_m64p202515_lon_p78p989594.npy,-64.202515,78.989594,390,400,summer,10,0.9853336811065674
eta_lat_m52p006847_lon_m113p010414.npy,-52.006847,-113.010414,350,360,summer,10,0.2453913651406765
eta_lat_m58p574665_lon_p66p989594.npy,-58.574665,66.989594,410,420,summer,10,0.3388069812208414
eta_lat_m16p395037_lon_p84p989594.npy,-16.395037,84.989594,390,400,summer,10,0.09466085163876414
eta_lat_m51p994694_lon_p174p989563.npy,-51.994694,174.989563,10,20,summer,10,0.28955903463065624
eta_lat_m55p389462_lon_p6p989578.npy,-55.389462,6.989578,0,10,summer,10,0.17117536813020706
eta_lat_m55p389462_lon_p84p989594.npy,-55.389462,84.989594,330,340,summer,10,0.23133111000061035
eta_lat_m36p058659_lon_m173p010422.npy,-36.058659,-173.010422,400,410,summer,10,0.11687457235530019
eta_lat_p31p463802_lon_p162p989563.npy,31.463802,162.989563,350,360,summer,10,0.13290427811443806
eta_lat_m51p994694_lon_m101p010414.npy,-51.994694,-101.010414,330,340,summer,10,0.13889760710299015
eta_lat_m68p928383_lon_m167p010422.npy,-68.928383,-167.010422,40,50,summer,10,0.746937982738018
eta_lat_p51p994694_lon_m149p010422.npy,51.994694,-149.010422,20,30,summer,10,0.14520621486008167
eta_lat_m55p400803_lon_p174p989563.npy,-55.400803,174.989563,400,410,summer,10,0.25272936187684536
eta_lat_m52p006847_lon_m17p010422.npy,-52.006847,-17.010422,400,410,summer,10,0.10975286178290844
eta_lat_m73p859009_lon_m35p162323.npy,-73.859009,-35.162323,340,350,summer,10,0.6686094105243683
eta_lat_p48p374134_lon_m155p010422.npy,48.374134,-155.010422,340,350,summer,10,0.14660843554884195
eta_lat_m58p574665_lon_p102p989594.npy,-58.574665,102.989594,20,30,summer,10,0.13668361585587263
eta_lat_m68p928383_lon_m137p010422.npy,-68.928383,-137.010422,340,350,summer,10,1.1540321931242943
eta_lat_p44p523903_lon_m173p010422.npy,44.523903,-173.010422,380,390,summer,10,0.11161747016012669
eta_lat_m71p260567_lon_p175p038208.npy,-71.260567,175.038208,40,50,summer,10,1.9391262456774712
eta_lat_m26p641497_lon_m161p010422.npy,-26.641497,-161.010422,370,380,summer,10,0.10317838937044144
eta_lat_m61p508057_lon_m17p010422.npy,-61.508057,-17.010422,410,420,summer,10,0.9681248813867569
eta_lat_p16p395037_lon_m119p010414.npy,16.395037,-119.010414,410,420,summer,10,0.1596878720447421
eta_lat_m31p463802_lon_p36p989578.npy,-31.463802,36.989578,350,360,summer,10,0.1271369569003582
