file_name,lat,lon,start,end,season,chunk_size,crps
eta_lat_m44p523903_lon_p102p989594.npy,-44.523903,102.989594,40,45,summer,5,0.13954400022824606
eta_lat_p31p463802_lon_p162p989563.npy,31.463802,162.989563,340,345,summer,5,0.07810908804337184
eta_lat_p21p610189_lon_m23p010422.npy,21.610189,-23.010422,415,420,summer,5,0.07242388774951299
eta_lat_m58p574665_lon_p168p989563.npy,-58.574665,168.989563,345,350,summer,5,0.08922850340604782
eta_lat_m68p928383_lon_m41p010422.npy,-68.928383,-41.010422,390,395,summer,5,1.1316136916478474
eta_lat_m52p006847_lon_p114p989594.npy,-52.006847,114.989594,395,400,summer,5,0.07611296077569325
eta_lat_p44p523903_lon_m131p010422.npy,44.523903,-131.010422,15,20,summer,5,0.07930104931195577
eta_lat_m48p374134_lon_m101p010414.npy,-48.374134,-101.010414,380,385,summer,5,0.08372346063454945
eta_lat_m11p027672_lon_m89p010414.npy,-11.027672,-89.010414,370,375,summer,5,0.08920953174432118
eta_lat_p11p027672_lon_m29p010422.npy,11.027672,-29.010422,375,380,summer,5,0.12951416273911795
eta_lat_m11p027672_lon_m11p010422.npy,-11.027672,-11.010422,385,390,summer,5,0.07258779307206471
eta_lat_m55p400803_lon_m155p010422.npy,-55.400803,-155.010422,35,40,summer,5,0.06473940114180247
eta_lat_m11p027672_lon_p84p989594.npy,-11.027672,84.989594,350,355,summer,5,0.1136661171913147
eta_lat_m61p508057_lon_p150p989563.npy,-61.508057,150.989563,360,365,summer,5,0.10118981450796127
eta_lat_p44p523903_lon_m17p010422.npy,44.523903,-17.010422,0,5,summer,5,0.06303900231917699
eta_lat_p21p610189_lon_p126p989594.npy,21.610189,126.989594,385,390,summer,5,0.17787230014801025
eta_lat_m55p389462_lon_p114p989594.npy,-55.389462,114.989594,10,15,summer,5,0.07258448749780655
eta_lat_m48p374134_lon_m23p010422.npy,-48.374134,-23.010422,0,5,summer,5,0.10159384955962499
eta_lat_m48p374134_lon_m113p010414.npy,-48.374134,-113.010414,30,35,summer,5,0.08128846560915311
eta_lat_m66p662788_lon_p24p989578.npy,-66.662788,24.989578,325,330,summer,5,0.3477601210276286
eta_lat_m55p389462_lon_m83p010414.npy,-55.389462,-83.010414,25,30,summer,5,0.06460675969719887
eta_lat_m52p006847_lon_m101p010414.npy,-52.006847,-101.010414,390,395,summer,5,0.07770464569330215
eta_lat_m64p202515_lon_m29p010422.npy,-64.202515,-29.010422,375,380,summer,5,1.1616636117299397
eta_lat_m48p374134_lon_p120p989594.npy,-48.374134,120.989594,20,25,summer,5,0.10540740688641866
eta_lat_m55p389462_lon_p108p989594.npy,-55.389462,108.989594,25,30,summer,5,0.10086356848478317
eta_lat_m58p574665_lon_p108p989594.npy,-58.574665,108.989594,355,360,summer,5,0.11876470595598221
eta_lat_p21p610189_lon_p174p989563.npy,21.610189,174.989563,385,390,summer,5,0.09925895680983861
eta_lat_m55p389462_lon_m11p010422.npy,-55.389462,-11.010422,330,335,summer,5,0.08379919578631718
eta_lat_m0p009682_lon_p60p989578.npy,-0.009682,60.989578,25,30,summer,5,0.14494127531846365
eta_lat_m48p374134_lon_m137p010422.npy,-48.374134,-137.010422,365,370,summer,5,0.09239137917757034
eta_lat_m52p006847_lon_p132p989563.npy,-52.006847,132.989563,340,345,summer,5,0.1008549431959788
eta_lat_m55p389462_lon_m131p010422.npy,-55.389462,-131.010422,405,410,summer,5,0.11194135000308354
eta_lat_m36p058659_lon_p12p989578.npy,-36.058659,12.989578,25,30,summer,5,0.1068261091907819
eta_lat_m31p463802_lon_m167p010422.npy,-31.463802,-167.010422,40,45,summer,5,0.06226650873819987
eta_lat_p16p395037_lon_p66p989594.npy,16.395037,66.989594,345,350,summer,5,0.06126671905318896
eta_lat_m11p027672_lon_m125p010414.npy,-11.027672,-125.010414,45,50,summer,5,0.08647485574086507
eta_lat_p5p545479_lon_m113p010414.npy,5.545479,-113.010414,5,10,summer,5,0.1316768079996109
eta_lat_p58p499409_lon_m52p959564.npy,58.499409,-52.959564,335,340,summer,5,0.05265089000264803
eta_lat_m11p027672_lon_m113p010414.npy,-11.027672,-113.010414,415,420,summer,5,0.07707635809977849
eta_lat_m61p508057_lon_m11p010422.npy,-61.508057,-11.010422,5,10,summer,5,0.9327295621236166
eta_lat_m36p058659_lon_p72p989594.npy,-36.058659,72.989594,45,50,summer,5,0.10449599226315816
eta_lat_m58p574665_lon_m59p010422.npy,-58.574665,-59.010422,415,420,summer,5,0.0981305365761121
eta_lat_m58p574665_lon_p24p989578.npy,-58.574665,24.989578,395,400,summer,5,0.30797645449638367
eta_lat_p5p545479_lon_p66p989594.npy,5.545479,66.989594,380,385,summer,5,0.116455872853597
eta_lat_m16p395037_lon_m113p010414.npy,-16.395037,-113.010414,45,50,summer,5,0.07361592724919319
eta_lat_m31p463802_lon_m41p010422.npy,-31.463802,-41.010422,380,385,summer,5,0.07447930549581845
eta_lat_m70p818817_lon_m112p992744.npy,-70.818817,-112.992744,5,10,summer,5,0.5092345078786215
eta_lat_p65p913406_lon_m30p464722.npy,65.913406,-30.464722,340,345,summer,5,0.18146261076132456
eta_lat_m55p400803_lon_p144p989563.npy,-55.400803,144.989563,350,355,summer,5,0.08943880846103032
eta_lat_m40p414062_lon_p48p989578.npy,-40.414062,48.989578,25,30,summer,5,0.08496928711732228
eta_lat_m40p414062_lon_p72p989594.npy,-40.414062,72.989594,0,5,summer,5,0.11023253202438354
eta_lat_m36p058659_lon_p60p989578.npy,-36.058659,60.989578,415,420,summer,5,0.06644277274608612
eta_lat_m26p641497_lon_p60p989578.npy,-26.641497,60.989578,15,20,summer,5,0.07189040631055832
eta_lat_m66p662788_lon_p12p989578.npy,-66.662788,12.989578,20,25,summer,5,0.3034567137559255
eta_lat_p44p523903_lon_p174p989563.npy,44.523903,174.989563,25,30,summer,5,0.10998863975207011
eta_lat_m44p523903_lon_p84p989594.npy,-44.523903,84.989594,340,345,summer,5,0.09544709821542104
eta_lat_m44p523903_lon_m149p010422.npy,-44.523903,-149.010422,345,350,summer,5,0.05199068784713745
eta_lat_m66p662788_lon_m143p010422.npy,-66.662788,-143.010422,340,345,summer,5,0.9887422323226929
eta_lat_m11p027672_lon_p84p989594.npy,-11.027672,84.989594,355,360,summer,5,0.09450125445922215
eta_lat_m48p374134_lon_m89p010414.npy,-48.374134,-89.010414,375,380,summer,5,0.05677407110730807
eta_lat_m55p400803_lon_m53p010422.npy,-55.400803,-53.010422,45,50,summer,5,0.2207664499680201
eta_lat_m40p414062_lon_m161p010422.npy,-40.414062,-161.010422,340,345,summer,5,0.06664064154028893
eta_lat_p58p392208_lon_m35p018463.npy,58.392208,-35.018463,30,35,summer,5,0.05737285564343134
eta_lat_p5p545479_lon_m149p010422.npy,5.545479,-149.010422,350,355,summer,5,0.11660633732875188
eta_lat_m16p395037_lon_p6p989578.npy,-16.395037,6.989578,15,20,summer,5,0.0901346355676651
eta_lat_p36p058659_lon_p156p989563.npy,36.058659,156.989563,25,30,summer,5,0.17369433244069418
eta_lat_p21p610189_lon_m149p010422.npy,21.610189,-149.010422,380,385,summer,5,0.07446554178992908
eta_lat_m66p662788_lon_m113p010414.npy,-66.662788,-113.010414,35,40,summer,5,0.2362285703420639
eta_lat_m40p414062_lon_p24p989578.npy,-40.414062,24.989578,25,30,summer,5,0.21334044635295868
eta_lat_m61p508057_lon_p84p989594.npy,-61.508057,84.989594,20,25,summer,5,0.4719773332277934
eta_lat_m58p574665_lon_p60p989578.npy,-58.574665,60.989578,380,385,summer,5,0.1205734262863795
eta_lat_m52p006847_lon_p0p989578.npy,-52.006847,0.989578,415,420,summer,5,0.11449706057707469
eta_lat_p31p463802_lon_m137p010422.npy,31.463802,-137.010422,415,420,summer,5,0.07654314363996188
eta_lat_m26p641497_lon_p66p989594.npy,-26.641497,66.989594,360,365,summer,5,0.0669627587000529
eta_lat_p16p395037_lon_m47p010422.npy,16.395037,-47.010422,340,345,summer,5,0.07867024342219035
eta_lat_m48p374134_lon_m167p010422.npy,-48.374134,-167.010422,395,400,summer,5,0.13808181881904602
eta_lat_m52p006847_lon_m101p010414.npy,-52.006847,-101.010414,35,40,summer,5,0.0534961906572183
eta_lat_p31p463802_lon_m35p010422.npy,31.463802,-35.010422,330,335,summer,5,0.07988766580820084
eta_lat_p5p545479_lon_p54p989578.npy,5.545479,54.989578,380,385,summer,5,0.09173149118820827
eta_lat_p5p545479_lon_m23p010422.npy,5.545479,-23.010422,415,420,summer,5,0.13472700119018555
eta_lat_m71p057938_lon_m154p945801.npy,-71.057938,-154.945801,5,10,summer,5,0.14721607665220895
eta_lat_m58p574665_lon_p114p989594.npy,-58.574665,114.989594,400,405,summer,5,0.07918012887239456
eta_lat_m31p463802_lon_m149p010422.npy,-31.463802,-149.010422,0,5,summer,5,0.06636496881643932
eta_lat_p48p374134_lon_p168p989563.npy,48.374134,168.989563,365,370,summer,5,0.05930939813454946
eta_lat_p40p414062_lon_m35p010422.npy,40.414062,-35.010422,330,335,summer,5,0.06495522956053416
eta_lat_m51p994694_lon_p36p989578.npy,-51.994694,36.989578,410,415,summer,5,0.10635482519865036
eta_lat_m31p463802_lon_p174p989563.npy,-31.463802,174.989563,395,400,summer,5,0.16549529135227203
eta_lat_m58p574665_lon_m71p010414.npy,-58.574665,-71.010414,390,395,summer,5,0.27214673161506653
eta_lat_m52p006847_lon_p108p989594.npy,-52.006847,108.989594,25,30,summer,5,0.11932349701722463
eta_lat_p21p610189_lon_m125p010414.npy,21.610189,-125.010414,325,330,summer,5,0.07946103314558665
eta_lat_m21p610189_lon_m125p010414.npy,-21.610189,-125.010414,340,345,summer,5,0.06960355366269748
eta_lat_p40p414062_lon_m53p010422.npy,40.414062,-53.010422,25,30,summer,5,0.09333805739879608
eta_lat_m44p523903_lon_p108p989594.npy,-44.523903,108.989594,45,50,summer,5,0.08633919308582942
eta_lat_m51p994694_lon_p132p989563.npy,-51.994694,132.989563,25,30,summer,5,0.09289879848559697
eta_lat_m40p414062_lon_p72p989594.npy,-40.414062,72.989594,35,40,summer,5,0.08363936096429825
eta_lat_m72p442223_lon_m113p020538.npy,-72.442223,-113.020538,40,45,summer,5,2.833390235900879
eta_lat_m66p662788_lon_p36p989578.npy,-66.662788,36.989578,350,355,summer,5,0.12423828989267349
eta_lat_m36p058659_lon_p30p989578.npy,-36.058659,30.989578,395,400,summer,5,0.10530934731165568
eta_lat_p48p374134_lon_m17p010422.npy,48.374134,-17.010422,415,420,summer,5,0.08658546830217044
eta_lat_m52p006847_lon_p144p989563.npy,-52.006847,144.989563,410,415,summer,5,0.10915428151686986
eta_lat_m51p994694_lon_p30p989578.npy,-51.994694,30.989578,5,10,summer,5,0.13079339762528738
eta_lat_p51p994694_lon_m143p010422.npy,51.994694,-143.010422,400,405,summer,5,0.12489765634139378
eta_lat_m52p006847_lon_p138p989563.npy,-52.006847,138.989563,15,20,summer,5,0.11945674816767375
eta_lat_m51p994694_lon_m125p010414.npy,-51.994694,-125.010414,350,355,summer,5,0.07276318222284317
eta_lat_m40p414062_lon_m83p010414.npy,-40.414062,-83.010414,385,390,summer,5,0.06444588427742322
eta_lat_m16p395037_lon_m101p010414.npy,-16.395037,-101.010414,375,380,summer,5,0.06461711600422859
eta_lat_m61p508057_lon_m113p010414.npy,-61.508057,-113.010414,365,370,summer,5,0.09022435049215953
eta_lat_p16p395037_lon_m41p010422.npy,16.395037,-41.010422,375,380,summer,5,0.10883350670337677
eta_lat_m64p202515_lon_m143p010422.npy,-64.202515,-143.010422,390,395,summer,5,1.047243634859721
eta_lat_m55p400803_lon_m113p010414.npy,-55.400803,-113.010414,370,375,summer,5,0.13471264143784842
eta_lat_m61p508057_lon_p12p989578.npy,-61.508057,12.989578,375,380,summer,5,0.2501810888449351
eta_lat_m73p545830_lon_m172p573288.npy,-73.54583,-172.573288,350,355,summer,5,0.4825350145498912
eta_lat_m48p374134_lon_m113p010414.npy,-48.374134,-113.010414,395,400,summer,5,0.07660505672295888
eta_lat_m48p374134_lon_p144p989563.npy,-48.374134,144.989563,330,335,summer,5,0.10736544181903203
eta_lat_m64p202515_lon_p24p989578.npy,-64.202515,24.989578,365,370,summer,5,0.16893854240576425
eta_lat_m44p523903_lon_m167p010422.npy,-44.523903,-167.010422,15,20,summer,5,0.0980446810523669
eta_lat_p36p058659_lon_p174p989563.npy,36.058659,174.989563,405,410,summer,5,0.11208239694436391
eta_lat_m40p414062_lon_m95p010414.npy,-40.414062,-95.010414,330,335,summer,5,0.08120888471603394
eta_lat_m58p574665_lon_m119p010414.npy,-58.574665,-119.010414,20,25,summer,5,0.09387715409199397
eta_lat_m36p058659_lon_p12p989578.npy,-36.058659,12.989578,375,380,summer,5,0.1531932850678762
eta_lat_p16p395037_lon_p156p989563.npy,16.395037,156.989563,45,50,summer,5,0.10222883770863216
eta_lat_m58p574665_lon_p108p989594.npy,-58.574665,108.989594,5,10,summer,5,0.07186972846587499
eta_lat_m66p662788_lon_m47p010422.npy,-66.662788,-47.010422,350,355,summer,5,0.3825290302435557
eta_lat_m58p574665_lon_m47p010422.npy,-58.574665,-47.010422,0,5,summer,5,0.21281827986240387
eta_lat_m36p058659_lon_m173p010422.npy,-36.058659,-173.010422,30,35,summer,5,0.08773447821537654
eta_lat_p40p414062_lon_m149p010422.npy,40.414062,-149.010422,5,10,summer,5,0.09073079998294513
eta_lat_m55p389462_lon_p84p989594.npy,-55.389462,84.989594,0,5,summer,5,0.09531026581923167
eta_lat_m0p009682_lon_m11p010422.npy,-0.009682,-11.010422,390,395,summer,5,0.13413279255231222
eta_lat_m51p994694_lon_p84p989594.npy,-51.994694,84.989594,370,375,summer,5,0.14654439687728882
eta_lat_m68p928383_lon_m113p010414.npy,-68.928383,-113.010414,40,45,summer,5,0.32109997669855755
eta_lat_p58p392208_lon_m35p018463.npy,58.392208,-35.018463,380,385,summer,5,0.07866951078176498
eta_lat_m36p058659_lon_p72p989594.npy,-36.058659,72.989594,385,390,summer,5,0.056894627710183464
eta_lat_m36p058659_lon_p6p989578.npy,-36.058659,6.989578,25,30,summer,5,0.07681011656920116
eta_lat_m58p574665_lon_p126p989594.npy,-58.574665,126.989594,390,395,summer,5,0.1423005685210228
eta_lat_m73p888268_lon_m29p051193.npy,-73.888268,-29.051193,40,45,summer,5,0.9976873596509298
eta_lat_m55p400803_lon_m95p010414.npy,-55.400803,-95.010414,15,20,summer,5,0.08760751535495122
eta_lat_m55p389462_lon_p132p989563.npy,-55.389462,132.989563,350,355,summer,5,0.11062223960955937
eta_lat_m66p662788_lon_m107p010414.npy,-66.662788,-107.010414,10,15,summer,5,0.14163891971111298
eta_lat_m44p523903_lon_p96p989594.npy,-44.523903,96.989594,410,415,summer,5,0.07930115362008412
eta_lat_m55p389462_lon_p78p989594.npy,-55.389462,78.989594,400,405,summer,5,0.07375554367899895
eta_lat_p48p374134_lon_m41p010422.npy,48.374134,-41.010422,380,385,summer,5,0.0858461285630862
eta_lat_m55p389462_lon_m89p010414.npy,-55.389462,-89.010414,350,355,summer,5,0.08953417837619781
eta_lat_p48p374134_lon_p174p989563.npy,48.374134,174.989563,395,400,summer,5,0.0963122695684433
eta_lat_p40p414062_lon_m137p010422.npy,40.414062,-137.010422,385,390,summer,5,0.06980602443218231
eta_lat_m48p374134_lon_p96p989594.npy,-48.374134,96.989594,360,365,summer,5,0.10039521257082622
eta_lat_m55p389462_lon_m5p010422.npy,-55.389462,-5.010422,45,50,summer,5,0.05645534892876943
eta_lat_p36p058659_lon_m53p010422.npy,36.058659,-53.010422,40,45,summer,5,0.07109805444876353
eta_lat_p31p463802_lon_m71p010414.npy,31.463802,-71.010414,415,420,summer,5,0.09465835988521576
eta_lat_m40p414062_lon_p48p989578.npy,-40.414062,48.989578,355,360,summer,5,0.10205319772164027
eta_lat_p63p507416_lon_m35p256088.npy,63.507416,-35.256088,380,385,summer,5,0.10140808671712875
eta_lat_m55p400803_lon_m83p010414.npy,-55.400803,-83.010414,20,25,summer,5,0.0755247784157594
eta_lat_m64p202515_lon_p72p989594.npy,-64.202515,72.989594,380,385,summer,5,1.1366073687871296
eta_lat_m64p202515_lon_m137p010422.npy,-64.202515,-137.010422,370,375,summer,5,1.2982697089513142
eta_lat_p21p610189_lon_m53p010422.npy,21.610189,-53.010422,385,390,summer,5,0.0793544848759969
eta_lat_m44p523903_lon_p36p989578.npy,-44.523903,36.989578,30,35,summer,5,0.12052701537807782
eta_lat_m55p400803_lon_p12p989578.npy,-55.400803,12.989578,325,330,summer,5,0.10935068378845851
eta_lat_m73p291496_lon_m160p547073.npy,-73.291496,-160.547073,345,350,summer,5,1.5162411133448284
eta_lat_m55p389462_lon_p144p989563.npy,-55.389462,144.989563,40,45,summer,5,0.14818203945954642
eta_lat_p0p009682_lon_m167p010422.npy,0.009682,-167.010422,40,45,summer,5,0.10887693365414937
eta_lat_m61p508057_lon_m167p010422.npy,-61.508057,-167.010422,15,20,summer,5,0.08278859903415044
eta_lat_m55p389462_lon_m101p010414.npy,-55.389462,-101.010414,20,25,summer,5,0.06560714542865753
eta_lat_m64p202515_lon_m5p010422.npy,-64.202515,-5.010422,415,420,summer,5,0.7476596534252167
eta_lat_m51p994694_lon_p120p989594.npy,-51.994694,120.989594,380,385,summer,5,0.16299152870972952
eta_lat_p67p749512_lon_m6p266800.npy,67.749512,-6.2668,360,365,summer,5,0.1200797160466512
eta_lat_m68p928383_lon_m17p010422.npy,-68.928383,-17.010422,20,25,summer,5,0.9700418512026469
eta_lat_m68p928383_lon_m143p010422.npy,-68.928383,-143.010422,35,40,summer,5,0.09979961315790813
eta_lat_m71p250717_lon_m47p040466.npy,-71.250717,-47.040466,0,5,summer,5,0.33753406008084613
eta_lat_p11p027672_lon_p66p989594.npy,11.027672,66.989594,20,25,summer,5,0.09384216119845708
eta_lat_m40p414062_lon_p162p989563.npy,-40.414062,162.989563,390,395,summer,5,0.13005051265160242
eta_lat_m52p006847_lon_m23p010422.npy,-52.006847,-23.010422,45,50,summer,5,0.08399565269549687
eta_lat_m51p994694_lon_m11p010422.npy,-51.994694,-11.010422,390,395,summer,5,0.08384901036818822
eta_lat_m55p389462_lon_p120p989594.npy,-55.389462,120.989594,325,330,summer,5,0.0996541753411293
eta_lat_m31p463802_lon_p60p989578.npy,-31.463802,60.989578,335,340,summer,5,0.05972350140412649
eta_lat_m11p027672_lon_m17p010422.npy,-11.027672,-17.010422,390,395,summer,5,0.09087194750706355
eta_lat_p11p027672_lon_p156p989563.npy,11.027672,156.989563,360,365,summer,5,0.13309228420257568
eta_lat_p31p463802_lon_m167p010422.npy,31.463802,-167.010422,350,355,summer,5,0.06629945586125056
eta_lat_m58p574665_lon_m89p010414.npy,-58.574665,-89.010414,405,410,summer,5,0.07595737030108769
eta_lat_m71p277649_lon_m41p033340.npy,-71.277649,-41.03334,370,375,summer,5,0.6659719447294871
eta_lat_m52p006847_lon_m89p010414.npy,-52.006847,-89.010414,395,400,summer,5,0.05781936397155126
eta_lat_m31p463802_lon_m167p010422.npy,-31.463802,-167.010422,325,330,summer,5,0.0762174924214681
eta_lat_m61p508057_lon_m131p010422.npy,-61.508057,-131.010422,5,10,summer,5,0.06506125132242839
eta_lat_m51p994694_lon_p150p989563.npy,-51.994694,150.989563,0,5,summer,5,0.2647413412729899
eta_lat_m70p821320_lon_m118p983330.npy,-70.82132,-118.98333,370,375,summer,5,0.17978653808434805
eta_lat_m48p374134_lon_m119p010414.npy,-48.374134,-119.010414,415,420,summer,5,0.1007430503765742
eta_lat_p36p058659_lon_p156p989563.npy,36.058659,156.989563,375,380,summer,5,0.10164826611677806
eta_lat_m48p374134_lon_m113p010414.npy,-48.374134,-113.010414,0,5,summer,5,0.1039730856815974
eta_lat_m51p994694_lon_p36p989578.npy,-51.994694,36.989578,380,385,summer,5,0.09395533551772435
eta_lat_p51p994694_lon_m155p010422.npy,51.994694,-155.010422,40,45,summer,5,0.13422279059886932
eta_lat_p36p058659_lon_m59p010422.npy,36.058659,-59.010422,20,25,summer,5,0.18871626257896423
eta_lat_m16p395037_lon_m101p010414.npy,-16.395037,-101.010414,390,395,summer,5,0.06562256440520287
eta_lat_m55p400803_lon_p150p989563.npy,-55.400803,150.989563,365,370,summer,5,0.19569319983323416
eta_lat_m21p610189_lon_p102p989594.npy,-21.610189,102.989594,375,380,summer,5,0.09823427597681682
eta_lat_m36p058659_lon_p36p989578.npy,-36.058659,36.989578,355,360,summer,5,0.06898503005504608
eta_lat_m48p374134_lon_p24p989578.npy,-48.374134,24.989578,370,375,summer,5,0.10670314977566402
eta_lat_m55p389462_lon_p42p989578.npy,-55.389462,42.989578,415,420,summer,5,0.07008638729651769
eta_lat_m58p574665_lon_p156p989563.npy,-58.574665,156.989563,330,335,summer,5,0.11679816494385402
eta_lat_p5p545479_lon_m95p010414.npy,5.545479,-95.010414,0,5,summer,5,0.10065027823050816
eta_lat_m16p395037_lon_p78p989594.npy,-16.395037,78.989594,325,330,summer,5,0.08446013182401657
eta_lat_m58p574665_lon_m17p010422.npy,-58.574665,-17.010422,365,370,summer,5,0.5125173330307007
eta_lat_m58p574665_lon_p84p989594.npy,-58.574665,84.989594,390,395,summer,5,0.4112870395183563
eta_lat_p26p641497_lon_p162p989563.npy,26.641497,162.989563,355,360,summer,5,0.07478377223014832
eta_lat_m61p508057_lon_m29p010422.npy,-61.508057,-29.010422,45,50,summer,5,1.834812601407369
eta_lat_m58p574665_lon_p102p989594.npy,-58.574665,102.989594,5,10,summer,5,0.06006871536374092
eta_lat_m26p641497_lon_p72p989594.npy,-26.641497,72.989594,0,5,summer,5,0.06426158050696056
eta_lat_m72p830154_lon_m142p626068.npy,-72.830154,-142.626068,340,345,summer,5,1.8505543073018391
eta_lat_m51p994694_lon_p138p989563.npy,-51.994694,138.989563,350,355,summer,5,0.07731793448328972
eta_lat_m70p941582_lon_m89p045937.npy,-70.941582,-89.045937,45,50,summer,5,0.9642141461372375
eta_lat_p5p545479_lon_p54p989578.npy,5.545479,54.989578,20,25,summer,5,0.09744486212730408
eta_lat_p31p463802_lon_m173p010422.npy,31.463802,-173.010422,25,30,summer,5,0.06392842407027881
eta_lat_p55p389462_lon_m29p010422.npy,55.389462,-29.010422,45,50,summer,5,0.11252303421497345
eta_lat_p55p389462_lon_m29p010422.npy,55.389462,-29.010422,365,370,summer,5,0.09147163232167561
eta_lat_p21p610189_lon_m23p010422.npy,21.610189,-23.010422,340,345,summer,5,0.07982457180817921
eta_lat_m40p414062_lon_m107p010414.npy,-40.414062,-107.010414,25,30,summer,5,0.07367395982146263
eta_lat_p40p414062_lon_m53p010422.npy,40.414062,-53.010422,40,45,summer,5,0.11272432903448741
eta_lat_m61p508057_lon_m173p010422.npy,-61.508057,-173.010422,335,340,summer,5,0.0666576474905014
eta_lat_p5p545479_lon_m35p010422.npy,5.545479,-35.010422,385,390,summer,5,0.141729603211085
eta_lat_p31p463802_lon_m173p010422.npy,31.463802,-173.010422,350,355,summer,5,0.07125879327456157
eta_lat_m31p463802_lon_p90p989594.npy,-31.463802,90.989594,360,365,summer,5,0.0809584731856982
eta_lat_p11p027672_lon_m29p010422.npy,11.027672,-29.010422,350,355,summer,5,0.12362108876307805
eta_lat_m44p523903_lon_p12p989578.npy,-44.523903,12.989578,35,40,summer,5,0.07384137312571208
eta_lat_p61p185383_lon_m29p222214.npy,61.185383,-29.222214,360,365,summer,5,0.08107104152441025
eta_lat_m48p374134_lon_m119p010414.npy,-48.374134,-119.010414,25,30,summer,5,0.07340585067868233
eta_lat_m40p414062_lon_p90p989594.npy,-40.414062,90.989594,410,415,summer,5,0.07589366535345714
eta_lat_m26p641497_lon_m17p010422.npy,-26.641497,-17.010422,390,395,summer,5,0.06306626896063487
eta_lat_m48p374134_lon_m167p010422.npy,-48.374134,-167.010422,15,20,summer,5,0.07169253379106522
eta_lat_m40p414062_lon_m17p010422.npy,-40.414062,-17.010422,365,370,summer,5,0.05925251543521881
eta_lat_p0p009682_lon_m119p010414.npy,0.009682,-119.010414,5,10,summer,5,0.09237290173768997
eta_lat_m5p545479_lon_m119p010414.npy,-5.545479,-119.010414,350,355,summer,5,0.09546725203593572
eta_lat_m66p662788_lon_m161p010422.npy,-66.662788,-161.010422,340,345,summer,5,1.2031564712524414
eta_lat_p36p058659_lon_m155p010422.npy,36.058659,-155.010422,355,360,summer,5,0.06612611065308253
eta_lat_p21p610189_lon_m119p010414.npy,21.610189,-119.010414,10,15,summer,5,0.1098289613922437
eta_lat_p44p523903_lon_p174p989563.npy,44.523903,174.989563,30,35,summer,5,0.09396366775035858
eta_lat_p64p927673_lon_m5p599991.npy,64.927673,-5.599991,15,20,summer,5,0.12140613794326782
eta_lat_m40p414062_lon_m167p010422.npy,-40.414062,-167.010422,415,420,summer,5,0.06531118353207906
eta_lat_m48p374134_lon_p114p989594.npy,-48.374134,114.989594,340,345,summer,5,0.1266943390170733
eta_lat_p26p641497_lon_p156p989563.npy,26.641497,156.989563,410,415,summer,5,0.09072994689146678
eta_lat_m51p994694_lon_p144p989563.npy,-51.994694,144.989563,415,420,summer,5,0.1212827538450559
eta_lat_p16p395037_lon_p162p989563.npy,16.395037,162.989563,10,15,summer,5,0.09925101945797603
eta_lat_m55p400803_lon_m17p010422.npy,-55.400803,-17.010422,20,25,summer,5,0.08591632048288982
eta_lat_m51p994694_lon_p30p989578.npy,-51.994694,30.989578,350,355,summer,5,0.13025344411532083
eta_lat_m36p058659_lon_p66p989594.npy,-36.058659,66.989594,390,395,summer,5,0.11194318532943726
eta_lat_p0p009682_lon_m101p010414.npy,0.009682,-101.010414,370,375,summer,5,0.11950834095478058
eta_lat_p51p994694_lon_m143p010422.npy,51.994694,-143.010422,365,370,summer,5,0.10389849295218785
eta_lat_p31p463802_lon_p168p989563.npy,31.463802,168.989563,360,365,summer,5,0.08131925016641617
eta_lat_m66p662788_lon_m149p010422.npy,-66.662788,-149.010422,350,355,summer,5,0.9264620145161947
eta_lat_m31p463802_lon_m101p010414.npy,-31.463802,-101.010414,45,50,summer,5,0.0703725591301918
eta_lat_m58p574665_lon_m143p010422.npy,-58.574665,-143.010422,380,385,summer,5,0.1883691598971685
eta_lat_m26p641497_lon_p72p989594.npy,-26.641497,72.989594,15,20,summer,5,0.07460899154345195
eta_lat_m31p463802_lon_m119p010414.npy,-31.463802,-119.010414,30,35,summer,5,0.05482850720485052
eta_lat_m52p006847_lon_p90p989594.npy,-52.006847,90.989594,395,400,summer,5,0.16190514465173086
eta_lat_m31p463802_lon_p54p989578.npy,-31.463802,54.989578,405,410,summer,5,0.07636998345454533
eta_lat_m55p389462_lon_m47p010422.npy,-55.389462,-47.010422,325,330,summer,5,0.0923609659075737
eta_lat_m16p395037_lon_m89p010414.npy,-16.395037,-89.010414,355,360,summer,5,0.06770978371302287
eta_lat_m21p610189_lon_m119p010414.npy,-21.610189,-119.010414,375,380,summer,5,0.05437536537647247
eta_lat_m61p508057_lon_m17p010422.npy,-61.508057,-17.010422,5,10,summer,5,0.6588519414265951
eta_lat_m40p414062_lon_m47p010422.npy,-40.414062,-47.010422,355,360,summer,5,0.16553804278373718
eta_lat_p36p058659_lon_p156p989563.npy,36.058659,156.989563,340,345,summer,5,0.12416980415582657
eta_lat_m40p414062_lon_p96p989594.npy,-40.414062,96.989594,405,410,summer,5,0.05496018876632055
eta_lat_m55p400803_lon_p42p989578.npy,-55.400803,42.989578,345,350,summer,5,0.09484068055947621
eta_lat_p64p927673_lon_m5p599991.npy,64.927673,-5.599991,25,30,summer,5,0.12982255344589552
eta_lat_p26p641497_lon_m53p010422.npy,26.641497,-53.010422,385,390,summer,5,0.07100639988978703
eta_lat_m51p994694_lon_p0p989578.npy,-51.994694,0.989578,40,45,summer,5,0.062223722537358604
eta_lat_m61p508057_lon_p144p989563.npy,-61.508057,144.989563,380,385,summer,5,0.12127259622017543
eta_lat_m55p389462_lon_m167p010422.npy,-55.389462,-167.010422,390,395,summer,5,0.11253396918376286
eta_lat_m66p662788_lon_m5p010422.npy,-66.662788,-5.010422,355,360,summer,5,1.8921301364898682
eta_lat_p44p523903_lon_m161p010422.npy,44.523903,-161.010422,350,355,summer,5,0.0653484823803107
eta_lat_m36p058659_lon_m143p010422.npy,-36.058659,-143.010422,355,360,summer,5,0.14449664702018103
eta_lat_m26p641497_lon_m173p010422.npy,-26.641497,-173.010422,360,365,summer,5,0.08107087512811025
eta_lat_m72p438423_lon_m118p949417.npy,-72.438423,-118.949417,370,375,summer,5,0.17324634393056235
eta_lat_m61p508057_lon_m137p010422.npy,-61.508057,-137.010422,375,380,summer,5,0.4960704545180003
eta_lat_m16p395037_lon_p54p989578.npy,-16.395037,54.989578,395,400,summer,5,0.07255515704552333
eta_lat_m61p508057_lon_m161p010422.npy,-61.508057,-161.010422,355,360,summer,5,0.11597236742575963
eta_lat_m21p610189_lon_p96p989594.npy,-21.610189,96.989594,360,365,summer,5,0.08640772104263306
eta_lat_m11p027672_lon_m17p010422.npy,-11.027672,-17.010422,0,5,summer,5,0.06319282824794452
eta_lat_m36p058659_lon_p0p989578.npy,-36.058659,0.989578,25,30,summer,5,0.06972325841585796
eta_lat_m70p941582_lon_m89p045937.npy,-70.941582,-89.045937,5,10,summer,5,0.32498375574747723
eta_lat_m26p641497_lon_p54p989578.npy,-26.641497,54.989578,330,335,summer,5,0.06121634071071943
eta_lat_m52p006847_lon_m125p010414.npy,-52.006847,-125.010414,365,370,summer,5,0.11645085364580154
eta_lat_m66p662788_lon_m125p010414.npy,-66.662788,-125.010414,40,45,summer,5,0.24237332741419473
eta_lat_m51p994694_lon_p30p989578.npy,-51.994694,30.989578,400,405,summer,5,0.13794957598050436
eta_lat_p51p994694_lon_m137p010422.npy,51.994694,-137.010422,415,420,summer,5,0.1094558909535408
eta_lat_m61p508057_lon_m131p010422.npy,-61.508057,-131.010422,40,45,summer,5,0.1025066152215004
eta_lat_m44p523903_lon_m17p010422.npy,-44.523903,-17.010422,415,420,summer,5,0.06570354104042053
eta_lat_m58p574665_lon_m47p010422.npy,-58.574665,-47.010422,325,330,summer,5,0.1311273773511251
eta_lat_m52p006847_lon_m83p010414.npy,-52.006847,-83.010414,335,340,summer,5,0.07735067109266917
eta_lat_p26p641497_lon_m71p010414.npy,26.641497,-71.010414,325,330,summer,5,0.07130333905418713
eta_lat_p16p395037_lon_p66p989594.npy,16.395037,66.989594,370,375,summer,5,0.10352583477894466
eta_lat_m48p374134_lon_p96p989594.npy,-48.374134,96.989594,325,330,summer,5,0.08309871206680934
eta_lat_m40p414062_lon_m155p010422.npy,-40.414062,-155.010422,415,420,summer,5,0.07122411082188289
eta_lat_p44p523903_lon_m149p010422.npy,44.523903,-149.010422,35,40,summer,5,0.07128692666689555
eta_lat_m40p414062_lon_p96p989594.npy,-40.414062,96.989594,370,375,summer,5,0.06589625030755997
eta_lat_p11p027672_lon_m113p010414.npy,11.027672,-113.010414,10,15,summer,5,0.11234401166439056
eta_lat_m16p395037_lon_m125p010414.npy,-16.395037,-125.010414,335,340,summer,5,0.06868055214484532
eta_lat_m68p928383_lon_m125p010414.npy,-68.928383,-125.010414,45,50,summer,5,0.6940529942512512
eta_lat_m61p508057_lon_p66p989594.npy,-61.508057,66.989594,410,415,summer,5,0.49506311615308124
eta_lat_m16p395037_lon_m23p010422.npy,-16.395037,-23.010422,395,400,summer,5,0.060525683065255485
eta_lat_m52p006847_lon_m5p010422.npy,-52.006847,-5.010422,410,415,summer,5,0.08241319408019383
eta_lat_p31p463802_lon_m125p010414.npy,31.463802,-125.010414,415,420,summer,5,0.07986927529176076
eta_lat_m55p389462_lon_m23p010422.npy,-55.389462,-23.010422,0,5,summer,5,0.08242584764957428
eta_lat_p11p027672_lon_m47p010422.npy,11.027672,-47.010422,350,355,summer,5,0.10478382557630539
eta_lat_p16p395037_lon_p162p989563.npy,16.395037,162.989563,415,420,summer,5,0.0955807367960612
eta_lat_m21p610189_lon_m113p010414.npy,-21.610189,-113.010414,340,345,summer,5,0.06247629225254059
eta_lat_m55p389462_lon_m11p010422.npy,-55.389462,-11.010422,345,350,summer,5,0.07866743455330531
eta_lat_p48p374134_lon_m29p010422.npy,48.374134,-29.010422,340,345,summer,5,0.07101980845133464
eta_lat_m58p574665_lon_m173p010422.npy,-58.574665,-173.010422,360,365,summer,5,0.09498441964387894
eta_lat_m55p389462_lon_p66p989594.npy,-55.389462,66.989594,45,50,summer,5,0.1404765024781227
eta_lat_m31p463802_lon_m161p010422.npy,-31.463802,-161.010422,10,15,summer,5,0.06994765500227611
eta_lat_m31p463802_lon_p84p989594.npy,-31.463802,84.989594,25,30,summer,5,0.05883606895804405
eta_lat_m26p641497_lon_m23p010422.npy,-26.641497,-23.010422,410,415,summer,5,0.08687726656595866
eta_lat_m58p574665_lon_p156p989563.npy,-58.574665,156.989563,35,40,summer,5,0.07906489819288254
eta_lat_p0p009682_lon_m101p010414.npy,0.009682,-101.010414,340,345,summer,5,0.1050977682073911
eta_lat_p11p027672_lon_m155p010422.npy,11.027672,-155.010422,340,345,summer,5,0.09578371544679005
eta_lat_m64p202515_lon_m5p010422.npy,-64.202515,-5.010422,385,390,summer,5,0.7734812299410502
eta_lat_m66p662788_lon_p174p989563.npy,-66.662788,174.989563,370,375,summer,5,0.5182937383651733
eta_lat_m48p374134_lon_m53p010422.npy,-48.374134,-53.010422,415,420,summer,5,0.1708739846944809
eta_lat_m40p414062_lon_m131p010422.npy,-40.414062,-131.010422,345,350,summer,5,0.056967890510956444
eta_lat_m51p994694_lon_m53p010422.npy,-51.994694,-53.010422,355,360,summer,5,0.10182856768369675
eta_lat_p36p058659_lon_m65p010414.npy,36.058659,-65.010414,395,400,summer,5,0.35159828265508014
eta_lat_m26p641497_lon_p60p989578.npy,-26.641497,60.989578,30,35,summer,5,0.06588841726382573
eta_lat_p26p641497_lon_m161p010422.npy,26.641497,-161.010422,45,50,summer,5,0.08751702805360158
eta_lat_m51p994694_lon_p30p989578.npy,-51.994694,30.989578,25,30,summer,5,0.1902814656496048
eta_lat_m36p058659_lon_m23p010422.npy,-36.058659,-23.010422,10,15,summer,5,0.07798477013905843
eta_lat_m61p508057_lon_p42p989578.npy,-61.508057,42.989578,20,25,summer,5,0.19724677503108978
eta_lat_m55p400803_lon_p90p989594.npy,-55.400803,90.989594,25,30,summer,5,0.09772432098786037
eta_lat_m36p058659_lon_m167p010422.npy,-36.058659,-167.010422,360,365,summer,5,0.09377151106794675
eta_lat_m55p389462_lon_p18p989578.npy,-55.389462,18.989578,400,405,summer,5,0.3574286997318268
eta_lat_m66p662788_lon_m101p010414.npy,-66.662788,-101.010414,15,20,summer,5,0.08581320693095525
eta_lat_m51p994694_lon_m17p010422.npy,-51.994694,-17.010422,25,30,summer,5,0.07211191207170486
eta_lat_p36p058659_lon_m53p010422.npy,36.058659,-53.010422,390,395,summer,5,0.08497435599565506
eta_lat_p48p374134_lon_p162p989563.npy,48.374134,162.989563,335,340,summer,5,0.06960323204596837
eta_lat_m40p414062_lon_m119p010414.npy,-40.414062,-119.010414,350,355,summer,5,0.08789620796839397
eta_lat_m55p389462_lon_m125p010414.npy,-55.389462,-125.010414,330,335,summer,5,0.1163028006752332
eta_lat_p31p463802_lon_m161p010422.npy,31.463802,-161.010422,335,340,summer,5,0.060847245156764984
eta_lat_m66p662788_lon_m47p010422.npy,-66.662788,-47.010422,10,15,summer,5,1.448453386624654
eta_lat_m36p058659_lon_m167p010422.npy,-36.058659,-167.010422,385,390,summer,5,0.06529191633065541
eta_lat_m58p574665_lon_p174p989563.npy,-58.574665,174.989563,375,380,summer,5,0.08036492019891739
eta_lat_p31p463802_lon_m167p010422.npy,31.463802,-167.010422,390,395,summer,5,0.07053575416405995
eta_lat_p48p374134_lon_m161p010422.npy,48.374134,-161.010422,30,35,summer,5,0.13165229558944702
eta_lat_m66p662788_lon_m47p010422.npy,-66.662788,-47.010422,380,385,summer,5,1.0689600904782612
eta_lat_m31p463802_lon_m35p010422.npy,-31.463802,-35.010422,15,20,summer,5,0.10654764870802562
eta_lat_m71p306725_lon_m29p016449.npy,-71.306725,-29.016449,350,355,summer,5,1.0615412791570027
eta_lat_p5p545479_lon_m143p010422.npy,5.545479,-143.010422,340,345,summer,5,0.10616333782672882
eta_lat_m58p574665_lon_p30p989578.npy,-58.574665,30.989578,10,15,summer,5,0.11623399704694748
eta_lat_p36p058659_lon_p156p989563.npy,36.058659,156.989563,400,405,summer,5,0.15920626123746237
eta_lat_m48p374134_lon_p132p989563.npy,-48.374134,132.989563,410,415,summer,5,0.15131905178229013
eta_lat_m55p400803_lon_p126p989594.npy,-55.400803,126.989594,390,395,summer,5,0.1412224074204763
eta_lat_m11p027672_lon_p78p989594.npy,-11.027672,78.989594,360,365,summer,5,0.10022170344988506
eta_lat_m58p574665_lon_m131p010422.npy,-58.574665,-131.010422,395,400,summer,5,0.07643103847901027
eta_lat_m44p523903_lon_m29p010422.npy,-44.523903,-29.010422,405,410,summer,5,0.13805064807335535
eta_lat_p40p414062_lon_m47p010422.npy,40.414062,-47.010422,45,50,summer,5,0.13075211147467294
eta_lat_m61p508057_lon_m23p010422.npy,-61.508057,-23.010422,360,365,summer,5,1.379353682200114
eta_lat_p21p610189_lon_m59p010422.npy,21.610189,-59.010422,15,20,summer,5,0.09550814827283223
eta_lat_p31p463802_lon_m29p010422.npy,31.463802,-29.010422,380,385,summer,5,0.08431617170572281
eta_lat_m55p389462_lon_m125p010414.npy,-55.389462,-125.010414,370,375,summer,5,0.12945969899495444
eta_lat_p51p994694_lon_m137p010422.npy,51.994694,-137.010422,385,390,summer,5,0.08366844058036804
eta_lat_m44p523903_lon_p102p989594.npy,-44.523903,102.989594,390,395,summer,5,0.19243845840295157
eta_lat_m61p508057_lon_p126p989594.npy,-61.508057,126.989594,45,50,summer,5,0.17281155288219452
eta_lat_m36p058659_lon_m101p010414.npy,-36.058659,-101.010414,15,20,summer,5,0.05433718611796697
eta_lat_m26p641497_lon_p78p989594.npy,-26.641497,78.989594,375,380,summer,5,0.10954367866118749
eta_lat_m40p414062_lon_p96p989594.npy,-40.414062,96.989594,25,30,summer,5,0.08876551936070125
eta_lat_m58p574665_lon_p96p989594.npy,-58.574665,96.989594,415,420,summer,5,0.1042488490541776
eta_lat_m55p400803_lon_m47p010422.npy,-55.400803,-47.010422,415,420,summer,5,0.06558155889312427
eta_lat_p26p641497_lon_m131p010422.npy,26.641497,-131.010422,410,415,summer,5,0.06852279603481293
eta_lat_p11p027672_lon_m131p010422.npy,11.027672,-131.010422,10,15,summer,5,0.13457087179025015
eta_lat_m40p414062_lon_m167p010422.npy,-40.414062,-167.010422,360,365,summer,5,0.08451241503159206
eta_lat_m44p523903_lon_m35p010422.npy,-44.523903,-35.010422,325,330,summer,5,0.10088183482487996
eta_lat_m58p574665_lon_p6p989578.npy,-58.574665,6.989578,380,385,summer,5,0.4670534133911133
eta_lat_m55p389462_lon_m155p010422.npy,-55.389462,-155.010422,395,400,summer,5,0.0788420836130778
eta_lat_p11p027672_lon_m149p010422.npy,11.027672,-149.010422,35,40,summer,5,0.10579162339369456
eta_lat_m0p009682_lon_m17p010422.npy,-0.009682,-17.010422,15,20,summer,5,0.13995315631230673
eta_lat_m0p009682_lon_p90p989594.npy,-0.009682,90.989594,390,395,summer,5,0.11853605012098949
eta_lat_p36p058659_lon_p150p989563.npy,36.058659,150.989563,405,410,summer,5,0.2299018750588099
eta_lat_m16p395037_lon_m83p010414.npy,-16.395037,-83.010414,325,330,summer,5,0.05984963973363241
eta_lat_p48p374134_lon_m23p010422.npy,48.374134,-23.010422,355,360,summer,5,0.10668504983186722
eta_lat_m40p414062_lon_p84p989594.npy,-40.414062,84.989594,325,330,summer,5,0.10263924300670624
eta_lat_p31p463802_lon_m137p010422.npy,31.463802,-137.010422,40,45,summer,5,0.08185145010550816
eta_lat_m51p994694_lon_m119p010414.npy,-51.994694,-119.010414,360,365,summer,5,0.24314687649408975
eta_lat_m58p574665_lon_m155p010422.npy,-58.574665,-155.010422,350,355,summer,5,0.07098134607076645
eta_lat_m55p389462_lon_p138p989563.npy,-55.389462,138.989563,395,400,summer,5,0.09861640135447185
eta_lat_m55p389462_lon_p66p989594.npy,-55.389462,66.989594,340,345,summer,5,0.09542325635751088
eta_lat_m55p400803_lon_p144p989563.npy,-55.400803,144.989563,395,400,summer,5,0.10438633213440578
eta_lat_m61p508057_lon_p12p989578.npy,-61.508057,12.989578,0,5,summer,5,0.17996478080749512
eta_lat_m55p389462_lon_m143p010422.npy,-55.389462,-143.010422,325,330,summer,5,0.16441525518894196
eta_lat_p11p027672_lon_m47p010422.npy,11.027672,-47.010422,415,420,summer,5,0.08819385121266048
eta_lat_m55p400803_lon_m59p010422.npy,-55.400803,-59.010422,390,395,summer,5,0.762808620929718
eta_lat_m70p831284_lon_m107p022827.npy,-70.831284,-107.022827,15,20,summer,5,0.8890526294708252
eta_lat_p48p374134_lon_m137p010422.npy,48.374134,-137.010422,385,390,summer,5,0.09155697996417682
eta_lat_m58p574665_lon_p0p989578.npy,-58.574665,0.989578,365,370,summer,5,0.7543739279111227
eta_lat_m64p202515_lon_m71p010414.npy,-64.202515,-71.010414,5,10,summer,5,0.23535042007764181
eta_lat_m48p374134_lon_m131p010422.npy,-48.374134,-131.010422,335,340,summer,5,0.0656030426422755
eta_lat_m52p006847_lon_m101p010414.npy,-52.006847,-101.010414,330,335,summer,5,0.08103246241807938
eta_lat_m21p610189_lon_m107p010414.npy,-21.610189,-107.010414,365,370,summer,5,0.07737461229165395
eta_lat_p5p545479_lon_m143p010422.npy,5.545479,-143.010422,5,10,summer,5,0.11872745305299759
eta_lat_p51p994694_lon_m23p010422.npy,51.994694,-23.010422,30,35,summer,5,0.11009324093659718
eta_lat_m73p545830_lon_m172p573288.npy,-73.54583,-172.573288,385,390,summer,5,1.153230905532837
eta_lat_m61p508057_lon_m11p010422.npy,-61.508057,-11.010422,325,330,summer,5,0.54558797677358
eta_lat_m0p009682_lon_p78p989594.npy,-0.009682,78.989594,375,380,summer,5,0.1356895516316096
eta_lat_p5p545479_lon_m101p010414.npy,5.545479,-101.010414,30,35,summer,5,0.12637291848659515
eta_lat_p31p463802_lon_p168p989563.npy,31.463802,168.989563,25,30,summer,5,0.07768825193246205
eta_lat_m31p463802_lon_m35p010422.npy,-31.463802,-35.010422,390,395,summer,5,0.06201170260707537
eta_lat_m66p662788_lon_m47p010422.npy,-66.662788,-47.010422,325,330,summer,5,0.8438687324523926
eta_lat_p36p058659_lon_m173p010422.npy,36.058659,-173.010422,350,355,summer,5,0.09633924315373103
eta_lat_p55p389462_lon_m23p010422.npy,55.389462,-23.010422,405,410,summer,5,0.0816102201739947
eta_lat_p21p610189_lon_m53p010422.npy,21.610189,-53.010422,20,25,summer,5,0.0895557627081871
eta_lat_m58p574665_lon_p18p989578.npy,-58.574665,18.989578,40,45,summer,5,0.16015465060869852
eta_lat_m40p414062_lon_m131p010422.npy,-40.414062,-131.010422,325,330,summer,5,0.05976701776186625
eta_lat_m21p610189_lon_m113p010414.npy,-21.610189,-113.010414,0,5,summer,5,0.06139393523335457
eta_lat_m66p662788_lon_m95p010414.npy,-66.662788,-95.010414,410,415,summer,5,0.3613575796286265
eta_lat_p48p374134_lon_m35p010422.npy,48.374134,-35.010422,45,50,summer,5,0.08882943292458852
eta_lat_m52p006847_lon_p138p989563.npy,-52.006847,138.989563,30,35,summer,5,0.106304536263148
eta_lat_m52p006847_lon_p120p989594.npy,-52.006847,120.989594,390,395,summer,5,0.09386480102936427
eta_lat_m61p508057_lon_m89p010414.npy,-61.508057,-89.010414,20,25,summer,5,0.06928879767656326
eta_lat_p44p523903_lon_p156p989563.npy,44.523903,156.989563,395,400,summer,5,0.059019435197114944
eta_lat_m5p545479_lon_p66p989594.npy,-5.545479,66.989594,400,405,summer,5,0.12935619801282883
eta_lat_m73p545830_lon_m172p573288.npy,-73.54583,-172.573288,415,420,summer,5,1.640924056371053
eta_lat_p40p414062_lon_m167p010422.npy,40.414062,-167.010422,380,385,summer,5,0.07957356174786885
eta_lat_m66p662788_lon_m167p010422.npy,-66.662788,-167.010422,330,335,summer,5,1.4323270718256633
eta_lat_m64p202515_lon_m137p010422.npy,-64.202515,-137.010422,415,420,summer,5,0.46514399846394855
eta_lat_m36p058659_lon_p162p989563.npy,-36.058659,162.989563,385,390,summer,5,0.11234526336193085
eta_lat_m52p006847_lon_p84p989594.npy,-52.006847,84.989594,345,350,summer,5,0.19821893672148386
eta_lat_m55p400803_lon_m17p010422.npy,-55.400803,-17.010422,10,15,summer,5,0.0932356168826421
eta_lat_p40p414062_lon_m59p010422.npy,40.414062,-59.010422,340,345,summer,5,0.12101774911085765
eta_lat_m48p374134_lon_m95p010414.npy,-48.374134,-95.010414,20,25,summer,5,0.09146059552828471
eta_lat_m26p641497_lon_m113p010414.npy,-26.641497,-113.010414,365,370,summer,5,0.06247208764155706
eta_lat_m0p009682_lon_m29p010422.npy,-0.009682,-29.010422,35,40,summer,5,0.11621453613042831
eta_lat_m71p306725_lon_m29p016449.npy,-71.306725,-29.016449,415,420,summer,5,0.8630843559900919
eta_lat_m55p389462_lon_m83p010414.npy,-55.389462,-83.010414,335,340,summer,5,0.07264150430758794
eta_lat_m40p414062_lon_m149p010422.npy,-40.414062,-149.010422,380,385,summer,5,0.06647917876640956
eta_lat_m36p058659_lon_m167p010422.npy,-36.058659,-167.010422,345,350,summer,5,0.0783081203699112
eta_lat_p5p545479_lon_p54p989578.npy,5.545479,54.989578,370,375,summer,5,0.09738666067520778
eta_lat_m11p027672_lon_m125p010414.npy,-11.027672,-125.010414,395,400,summer,5,0.09102333088715871
eta_lat_m70p951729_lon_m142p952744.npy,-70.951729,-142.952744,355,360,summer,5,1.2984741926193237
eta_lat_p55p389462_lon_m23p010422.npy,55.389462,-23.010422,325,330,summer,5,0.16640834510326385
eta_lat_m31p463802_lon_p48p989578.npy,-31.463802,48.989578,415,420,summer,5,0.09267648061116536
eta_lat_p31p463802_lon_p144p989563.npy,31.463802,144.989563,15,20,summer,5,0.09290860841671626
eta_lat_m71p110893_lon_m160p945129.npy,-71.110893,-160.945129,335,340,summer,5,1.2417720158894856
eta_lat_m66p662788_lon_m101p010414.npy,-66.662788,-101.010414,35,40,summer,5,0.15178720404704413
eta_lat_m58p574665_lon_p42p989578.npy,-58.574665,42.989578,365,370,summer,5,0.12221860140562057
eta_lat_p21p610189_lon_m29p010422.npy,21.610189,-29.010422,375,380,summer,5,0.0872873788078626
eta_lat_p16p395037_lon_m131p010422.npy,16.395037,-131.010422,20,25,summer,5,0.10438213745752971
eta_lat_m64p202515_lon_p54p989578.npy,-64.202515,54.989578,10,15,summer,5,0.4713412920633952
eta_lat_m52p006847_lon_m161p010422.npy,-52.006847,-161.010422,385,390,summer,5,0.08796470612287521
eta_lat_m58p574665_lon_m125p010414.npy,-58.574665,-125.010414,365,370,summer,5,0.11589247236649196
eta_lat_p31p463802_lon_m41p010422.npy,31.463802,-41.010422,415,420,summer,5,0.06499357645710309
eta_lat_m48p374134_lon_m125p010414.npy,-48.374134,-125.010414,410,415,summer,5,0.06361919889847438
eta_lat_m68p928383_lon_m17p010422.npy,-68.928383,-17.010422,360,365,summer,5,0.950345516204834
eta_lat_m52p006847_lon_p24p989578.npy,-52.006847,24.989578,400,405,summer,5,0.11712317665417989
eta_lat_m68p928383_lon_m23p010422.npy,-68.928383,-23.010422,15,20,summer,5,0.7611162463823954
eta_lat_m16p395037_lon_m131p010422.npy,-16.395037,-131.010422,405,410,summer,5,0.07230900724728902
eta_lat_m66p662788_lon_m29p010422.npy,-66.662788,-29.010422,360,365,summer,5,1.154489795366923
eta_lat_p51p994694_lon_m23p010422.npy,51.994694,-23.010422,385,390,summer,5,0.12034094085295995
eta_lat_m68p928383_lon_m113p010414.npy,-68.928383,-113.010414,340,345,summer,5,0.45749662319819134
eta_lat_m44p523903_lon_p102p989594.npy,-44.523903,102.989594,410,415,summer,5,0.11360274006923039
eta_lat_m55p389462_lon_m89p010414.npy,-55.389462,-89.010414,325,330,summer,5,0.09667452797293663
eta_lat_m55p400803_lon_m101p010414.npy,-55.400803,-101.010414,0,5,summer,5,0.08451422552267711
eta_lat_m55p389462_lon_m83p010414.npy,-55.389462,-83.010414,350,355,summer,5,0.06974592556556065
eta_lat_m40p414062_lon_p126p989594.npy,-40.414062,126.989594,390,395,summer,5,0.05647317816813787
eta_lat_m64p202515_lon_m11p010422.npy,-64.202515,-11.010422,25,30,summer,5,0.7449464996655782
eta_lat_m44p523903_lon_p156p989563.npy,-44.523903,156.989563,10,15,summer,5,0.06883800029754639
eta_lat_m11p027672_lon_p84p989594.npy,-11.027672,84.989594,370,375,summer,5,0.10265589505434036
eta_lat_m61p508057_lon_m167p010422.npy,-61.508057,-167.010422,0,5,summer,5,0.08519040793180466
eta_lat_m44p523903_lon_m89p010414.npy,-44.523903,-89.010414,45,50,summer,5,0.06909293681383133
eta_lat_p31p463802_lon_m131p010422.npy,31.463802,-131.010422,400,405,summer,5,0.07438972840706508
eta_lat_m36p058659_lon_m17p010422.npy,-36.058659,-17.010422,325,330,summer,5,0.14087398598591486
eta_lat_m66p662788_lon_m101p010414.npy,-66.662788,-101.010414,370,375,summer,5,0.21432670950889587
eta_lat_m51p994694_lon_m83p010414.npy,-51.994694,-83.010414,365,370,summer,5,0.1050674890478452
eta_lat_p44p523903_lon_m17p010422.npy,44.523903,-17.010422,390,395,summer,5,0.12398932874202728
eta_lat_m58p574665_lon_m47p010422.npy,-58.574665,-47.010422,10,15,summer,5,0.22110647956530252
eta_lat_p48p374134_lon_p174p989563.npy,48.374134,174.989563,340,345,summer,5,0.0650527539352576
eta_lat_m16p395037_lon_m95p010414.npy,-16.395037,-95.010414,330,335,summer,5,0.076624629398187
eta_lat_p44p523903_lon_m131p010422.npy,44.523903,-131.010422,350,355,summer,5,0.07126504431168239
eta_lat_m44p523903_lon_p72p989594.npy,-44.523903,72.989594,20,25,summer,5,0.1481518050034841
eta_lat_m55p389462_lon_m131p010422.npy,-55.389462,-131.010422,0,5,summer,5,0.2325914204120636
eta_lat_m55p400803_lon_p120p989594.npy,-55.400803,120.989594,405,410,summer,5,0.12483239670594533
eta_lat_m55p400803_lon_p84p989594.npy,-55.400803,84.989594,40,45,summer,5,0.09576388945182164
eta_lat_p55p389462_lon_m35p010422.npy,55.389462,-35.010422,395,400,summer,5,0.10675153136253357
eta_lat_m21p610189_lon_m113p010414.npy,-21.610189,-113.010414,325,330,summer,5,0.05815398693084717
eta_lat_m44p523903_lon_m107p010414.npy,-44.523903,-107.010414,390,395,summer,5,0.05361449842651685
eta_lat_m40p414062_lon_p24p989578.npy,-40.414062,24.989578,40,45,summer,5,0.3612174888451894
eta_lat_m16p395037_lon_p6p989578.npy,-16.395037,6.989578,45,50,summer,5,0.07331089427073796
eta_lat_p21p610189_lon_m173p010422.npy,21.610189,-173.010422,385,390,summer,5,0.08301443606615067
eta_lat_m58p574665_lon_p84p989594.npy,-58.574665,84.989594,385,390,summer,5,0.3473716775576274
eta_lat_p11p027672_lon_m125p010414.npy,11.027672,-125.010414,355,360,summer,5,0.1254180371761322
eta_lat_m21p610189_lon_p96p989594.npy,-21.610189,96.989594,5,10,summer,5,0.0876554548740387
eta_lat_m31p463802_lon_m29p010422.npy,-31.463802,-29.010422,370,375,summer,5,0.06816344211498897
eta_lat_m26p641497_lon_p90p989594.npy,-26.641497,90.989594,0,5,summer,5,0.06780918439229329
eta_lat_m64p202515_lon_p120p989594.npy,-64.202515,120.989594,10,15,summer,5,0.23324628671010336
eta_lat_m44p523903_lon_p108p989594.npy,-44.523903,108.989594,5,10,summer,5,0.08273689200480779
eta_lat_m55p400803_lon_m59p010422.npy,-55.400803,-59.010422,405,410,summer,5,0.3281439443429311
eta_lat_m44p523903_lon_p138p989563.npy,-44.523903,138.989563,385,390,summer,5,0.08457641800244649
eta_lat_m48p374134_lon_m53p010422.npy,-48.374134,-53.010422,400,405,summer,5,0.22706401844819388
eta_lat_p36p058659_lon_m41p010422.npy,36.058659,-41.010422,15,20,summer,5,0.06816352407137553
eta_lat_m26p641497_lon_m11p010422.npy,-26.641497,-11.010422,40,45,summer,5,0.08223183701435725
eta_lat_p48p374134_lon_m17p010422.npy,48.374134,-17.010422,330,335,summer,5,0.07691562672456105
eta_lat_m71p110893_lon_m160p945129.npy,-71.110893,-160.945129,390,395,summer,5,1.0425760944684346
eta_lat_m73p291496_lon_m160p547073.npy,-73.291496,-160.547073,10,15,summer,5,0.7418363491694132
eta_lat_m58p574665_lon_p108p989594.npy,-58.574665,108.989594,380,385,summer,5,0.12131407608588536
eta_lat_m61p508057_lon_p132p989563.npy,-61.508057,132.989563,365,370,summer,5,0.14153954883416495
eta_lat_m0p009682_lon_p0p989578.npy,-0.009682,0.989578,35,40,summer,5,0.09023644030094147
eta_lat_m36p058659_lon_m155p010422.npy,-36.058659,-155.010422,5,10,summer,5,0.09606653451919556
eta_lat_m48p374134_lon_p60p989578.npy,-48.374134,60.989578,340,345,summer,5,0.07569101204474767
eta_lat_m51p994694_lon_p30p989578.npy,-51.994694,30.989578,390,395,summer,5,0.14966698984305063
eta_lat_p0p009682_lon_m101p010414.npy,0.009682,-101.010414,395,400,summer,5,0.09703909854094188
eta_lat_p26p641497_lon_m29p010422.npy,26.641497,-29.010422,40,45,summer,5,0.08276328692833583
eta_lat_m48p374134_lon_m119p010414.npy,-48.374134,-119.010414,0,5,summer,5,0.07970127214988072
eta_lat_m5p545479_lon_m113p010414.npy,-5.545479,-113.010414,375,380,summer,5,0.14117883145809174
eta_lat_m55p389462_lon_p162p989563.npy,-55.389462,162.989563,30,35,summer,5,0.272046039501826
eta_lat_m58p574665_lon_p42p989578.npy,-58.574665,42.989578,350,355,summer,5,0.11136680220564206
eta_lat_m61p508057_lon_p60p989578.npy,-61.508057,60.989578,370,375,summer,5,0.5385088324546814
eta_lat_m58p574665_lon_p120p989594.npy,-58.574665,120.989594,335,340,summer,5,0.10240751504898071
eta_lat_p51p994694_lon_m161p010422.npy,51.994694,-161.010422,35,40,summer,5,0.08539166301488876
eta_lat_m52p006847_lon_m23p010422.npy,-52.006847,-23.010422,405,410,summer,5,0.09738455216089885
eta_lat_p5p545479_lon_m143p010422.npy,5.545479,-143.010422,40,45,summer,5,0.11319575707117717
eta_lat_m40p414062_lon_m29p010422.npy,-40.414062,-29.010422,330,335,summer,5,0.09486736357212067
eta_lat_m36p058659_lon_p60p989578.npy,-36.058659,60.989578,345,350,summer,5,0.10140033066272736
eta_lat_m31p463802_lon_m107p010414.npy,-31.463802,-107.010414,35,40,summer,5,0.04928489774465561
eta_lat_m51p994694_lon_m161p010422.npy,-51.994694,-161.010422,405,410,summer,5,0.14506911486387253
eta_lat_m68p928383_lon_m41p010422.npy,-68.928383,-41.010422,20,25,summer,5,0.5475590328375498
eta_lat_p16p395037_lon_m29p010422.npy,16.395037,-29.010422,415,420,summer,5,0.08387245734532674
eta_lat_m5p545479_lon_m101p010414.npy,-5.545479,-101.010414,330,335,summer,5,0.10496183981498082
eta_lat_m68p928383_lon_m125p010414.npy,-68.928383,-125.010414,415,420,summer,5,0.4534787138303121
eta_lat_m48p374134_lon_p114p989594.npy,-48.374134,114.989594,385,390,summer,5,0.07214297975103061
eta_lat_m55p400803_lon_p120p989594.npy,-55.400803,120.989594,360,365,summer,5,0.1083115537961324
eta_lat_p31p463802_lon_m155p010422.npy,31.463802,-155.010422,375,380,summer,5,0.06901333729426067
eta_lat_m64p202515_lon_m161p010422.npy,-64.202515,-161.010422,45,50,summer,5,1.0590781569480896
eta_lat_m44p523903_lon_m17p010422.npy,-44.523903,-17.010422,400,405,summer,5,0.09482701122760773
eta_lat_m66p662788_lon_m41p010422.npy,-66.662788,-41.010422,410,415,summer,5,0.8795042236646017
eta_lat_p36p058659_lon_p150p989563.npy,36.058659,150.989563,390,395,summer,5,0.265605886777242
eta_lat_m55p400803_lon_p144p989563.npy,-55.400803,144.989563,340,345,summer,5,0.08495222528775533
eta_lat_p65p078934_lon_p0p678101.npy,65.078934,0.678101,375,380,summer,5,0.10810345908006032
eta_lat_p0p009682_lon_m167p010422.npy,0.009682,-167.010422,395,400,summer,5,0.11774786810080211
eta_lat_m55p400803_lon_m95p010414.npy,-55.400803,-95.010414,345,350,summer,5,0.14714129020770392
eta_lat_m61p508057_lon_m173p010422.npy,-61.508057,-173.010422,385,390,summer,5,0.07751470804214478
eta_lat_p21p610189_lon_m65p010414.npy,21.610189,-65.010414,405,410,summer,5,0.0801412562529246
eta_lat_m44p523903_lon_p102p989594.npy,-44.523903,102.989594,385,390,summer,5,0.14887796839078268
eta_lat_m5p545479_lon_m107p010414.npy,-5.545479,-107.010414,410,415,summer,5,0.11852174997329712
eta_lat_p21p610189_lon_p132p989563.npy,21.610189,132.989563,15,20,summer,5,0.10602230081955592
eta_lat_p61p367260_lon_m23p297623.npy,61.36726,-23.297623,415,420,summer,5,0.0641165462632974
eta_lat_m73p433556_lon_m166p559235.npy,-73.433556,-166.559235,385,390,summer,5,1.0917120774586995
eta_lat_m71p296463_lon_m35p025223.npy,-71.296463,-35.025223,15,20,summer,5,0.7444170415401459
eta_lat_p16p395037_lon_m35p010422.npy,16.395037,-35.010422,345,350,summer,5,0.1272264619668325
eta_lat_m55p400803_lon_p60p989578.npy,-55.400803,60.989578,330,335,summer,5,0.051399013648430504
eta_lat_m44p523903_lon_p132p989563.npy,-44.523903,132.989563,380,385,summer,5,0.06960514063636462
eta_lat_m11p027672_lon_m29p010422.npy,-11.027672,-29.010422,390,395,summer,5,0.08137918760379155
eta_lat_m16p395037_lon_m89p010414.npy,-16.395037,-89.010414,360,365,summer,5,0.07554453114668529
eta_lat_p21p610189_lon_m149p010422.npy,21.610189,-149.010422,410,415,summer,5,0.07241188734769821
eta_lat_p21p610189_lon_m35p010422.npy,21.610189,-35.010422,370,375,summer,5,0.07336468994617462
eta_lat_p16p395037_lon_m47p010422.npy,16.395037,-47.010422,0,5,summer,5,0.07663778960704803
eta_lat_p21p610189_lon_m41p010422.npy,21.610189,-41.010422,340,345,summer,5,0.07356924811999004
eta_lat_m55p400803_lon_p90p989594.npy,-55.400803,90.989594,325,330,summer,5,0.2434147298336029
eta_lat_p44p523903_lon_m23p010422.npy,44.523903,-23.010422,35,40,summer,5,0.07347033421198527
eta_lat_m51p994694_lon_p138p989563.npy,-51.994694,138.989563,405,410,summer,5,0.057125608126322426
eta_lat_m51p994694_lon_p144p989563.npy,-51.994694,144.989563,360,365,summer,5,0.08880006273587544
eta_lat_m66p662788_lon_m83p010414.npy,-66.662788,-83.010414,375,380,summer,5,0.1853201985359192
eta_lat_m70p941582_lon_m89p045937.npy,-70.941582,-89.045937,375,380,summer,5,0.0906594271461169
eta_lat_m55p400803_lon_p6p989578.npy,-55.400803,6.989578,10,15,summer,5,0.19548670947551727
eta_lat_m44p523903_lon_p102p989594.npy,-44.523903,102.989594,400,405,summer,5,0.16906044135491052
eta_lat_m48p374134_lon_p108p989594.npy,-48.374134,108.989594,0,5,summer,5,0.10722882797320683
eta_lat_m55p389462_lon_m173p010422.npy,-55.389462,-173.010422,335,340,summer,5,0.11569395909706752
eta_lat_m26p641497_lon_m35p010422.npy,-26.641497,-35.010422,385,390,summer,5,0.05538380642731985
eta_lat_p21p610189_lon_m125p010414.npy,21.610189,-125.010414,25,30,summer,5,0.07800592482089996
eta_lat_m58p574665_lon_m149p010422.npy,-58.574665,-149.010422,400,405,summer,5,0.07938722769419353
eta_lat_p5p545479_lon_m143p010422.npy,5.545479,-143.010422,395,400,summer,5,0.11915961901346843
eta_lat_m61p508057_lon_m89p010414.npy,-61.508057,-89.010414,335,340,summer,5,0.07047026356061299
eta_lat_m5p545479_lon_p78p989594.npy,-5.545479,78.989594,335,340,summer,5,0.10496895511945088
eta_lat_m44p523903_lon_m149p010422.npy,-44.523903,-149.010422,385,390,summer,5,0.07953329135974248
eta_lat_m66p662788_lon_m53p010422.npy,-66.662788,-53.010422,415,420,summer,5,2.148743987083435
eta_lat_m51p994694_lon_p114p989594.npy,-51.994694,114.989594,410,415,summer,5,0.07231155534585317
eta_lat_m75p785980_lon_m171p738495.npy,-75.78598,-171.738495,25,30,summer,5,1.5444068312644958
eta_lat_m52p006847_lon_m29p010422.npy,-52.006847,-29.010422,330,335,summer,5,0.15841362128655115
eta_lat_m55p389462_lon_p174p989563.npy,-55.389462,174.989563,335,340,summer,5,0.17907004555066428
eta_lat_p40p414062_lon_m47p010422.npy,40.414062,-47.010422,30,35,summer,5,0.0764518603682518
eta_lat_m48p374134_lon_m131p010422.npy,-48.374134,-131.010422,20,25,summer,5,0.09031437585751216
eta_lat_m58p574665_lon_p156p989563.npy,-58.574665,156.989563,365,370,summer,5,0.10172192752361298
eta_lat_m21p610189_lon_p72p989594.npy,-21.610189,72.989594,375,380,summer,5,0.08301215122143428
eta_lat_p21p610189_lon_m23p010422.npy,21.610189,-23.010422,335,340,summer,5,0.0759769082069397
eta_lat_m31p463802_lon_m107p010414.npy,-31.463802,-107.010414,330,335,summer,5,0.05971220259865125
eta_lat_p5p545479_lon_p66p989594.npy,5.545479,66.989594,25,30,summer,5,0.09608947734038036
eta_lat_m44p523903_lon_p114p989594.npy,-44.523903,114.989594,20,25,summer,5,0.09453246494134267
eta_lat_m5p545479_lon_m5p010422.npy,-5.545479,-5.010422,330,335,summer,5,0.0811220109462738
eta_lat_p44p523903_lon_m29p010422.npy,44.523903,-29.010422,45,50,summer,5,0.12181999037663142
eta_lat_p55p389462_lon_m47p010422.npy,55.389462,-47.010422,340,345,summer,5,0.0823892243206501
eta_lat_p36p058659_lon_m155p010422.npy,36.058659,-155.010422,375,380,summer,5,0.07065464556217194
eta_lat_m61p508057_lon_p114p989594.npy,-61.508057,114.989594,365,370,summer,5,0.3879811962445577
eta_lat_m31p463802_lon_m107p010414.npy,-31.463802,-107.010414,340,345,summer,5,0.061720543851455055
eta_lat_m36p058659_lon_p6p989578.npy,-36.058659,6.989578,10,15,summer,5,0.06732516984144847
eta_lat_p21p610189_lon_p126p989594.npy,21.610189,126.989594,45,50,summer,5,0.15966658294200897
eta_lat_m26p641497_lon_p0p989578.npy,-26.641497,0.989578,30,35,summer,5,0.05240791787703832
eta_lat_m40p414062_lon_p114p989594.npy,-40.414062,114.989594,400,405,summer,5,0.06434410065412521
eta_lat_m5p545479_lon_m101p010414.npy,-5.545479,-101.010414,10,15,summer,5,0.12029464542865753
eta_lat_m11p027672_lon_p90p989594.npy,-11.027672,90.989594,25,30,summer,5,0.08124745637178421
eta_lat_m40p414062_lon_m35p010422.npy,-40.414062,-35.010422,400,405,summer,5,0.08533397813638051
eta_lat_m44p523903_lon_p84p989594.npy,-44.523903,84.989594,20,25,summer,5,0.09581467757622401
eta_lat_p51p994694_lon_m29p010422.npy,51.994694,-29.010422,400,405,summer,5,0.23824119567871094
eta_lat_m58p574665_lon_p54p989578.npy,-58.574665,54.989578,375,380,summer,5,0.0735563337802887
eta_lat_m52p006847_lon_m5p010422.npy,-52.006847,-5.010422,15,20,summer,5,0.08862752219041188
eta_lat_p31p463802_lon_m143p010422.npy,31.463802,-143.010422,400,405,summer,5,0.06802308559417725
eta_lat_m26p641497_lon_m137p010422.npy,-26.641497,-137.010422,405,410,summer,5,0.08753678947687149
eta_lat_m66p662788_lon_m131p010422.npy,-66.662788,-131.010422,410,415,summer,5,0.6748376687367758
eta_lat_m55p389462_lon_p54p989578.npy,-55.389462,54.989578,360,365,summer,5,0.12057041625181834
eta_lat_m40p414062_lon_p30p989578.npy,-40.414062,30.989578,410,415,summer,5,0.22770870725313822
eta_lat_m66p662788_lon_m47p010422.npy,-66.662788,-47.010422,370,375,summer,5,0.93984787662824
eta_lat_m31p463802_lon_p102p989594.npy,-31.463802,102.989594,405,410,summer,5,0.0812796081105868
eta_lat_m48p374134_lon_m41p010422.npy,-48.374134,-41.010422,40,45,summer,5,0.1053746963540713
eta_lat_m44p523903_lon_p36p989578.npy,-44.523903,36.989578,385,390,summer,5,0.09120293334126472
eta_lat_m5p545479_lon_m11p010422.npy,-5.545479,-11.010422,330,335,summer,5,0.0898481657107671
eta_lat_m58p574665_lon_m83p010414.npy,-58.574665,-83.010414,20,25,summer,5,0.14019502699375153
eta_lat_p16p395037_lon_m41p010422.npy,16.395037,-41.010422,415,420,summer,5,0.0941511665781339
eta_lat_m31p463802_lon_m161p010422.npy,-31.463802,-161.010422,340,345,summer,5,0.07199444621801376
eta_lat_p40p414062_lon_m41p010422.npy,40.414062,-41.010422,330,335,summer,5,0.061883034805456795
eta_lat_m5p545479_lon_m11p010422.npy,-5.545479,-11.010422,385,390,summer,5,0.10192020734151204
eta_lat_m58p574665_lon_p30p989578.npy,-58.574665,30.989578,30,35,summer,5,0.10869251688321431
eta_lat_m55p389462_lon_p108p989594.npy,-55.389462,108.989594,335,340,summer,5,0.15373526016871134
eta_lat_m66p662788_lon_m167p010422.npy,-66.662788,-167.010422,340,345,summer,5,0.7727540334065756
eta_lat_m31p463802_lon_p90p989594.npy,-31.463802,90.989594,365,370,summer,5,0.1149252379933993
eta_lat_m64p202515_lon_p144p989563.npy,-64.202515,144.989563,400,405,summer,5,1.0259806315104167
eta_lat_m26p641497_lon_p102p989594.npy,-26.641497,102.989594,35,40,summer,5,0.08934528132279713
eta_lat_m73p291496_lon_m160p547073.npy,-73.291496,-160.547073,415,420,summer,5,0.9630557099978129
eta_lat_m55p389462_lon_p174p989563.npy,-55.389462,174.989563,10,15,summer,5,0.21155143777529398
eta_lat_m64p202515_lon_p54p989578.npy,-64.202515,54.989578,325,330,summer,5,0.4468715886274974
eta_lat_m66p662788_lon_m143p010422.npy,-66.662788,-143.010422,40,45,summer,5,0.1420862873395284
eta_lat_m48p374134_lon_m89p010414.npy,-48.374134,-89.010414,40,45,summer,5,0.05172934631506602
eta_lat_m61p508057_lon_m5p010422.npy,-61.508057,-5.010422,385,390,summer,5,1.0827742218971252
eta_lat_m31p463802_lon_m95p010414.npy,-31.463802,-95.010414,375,380,summer,5,0.05719989910721779
eta_lat_m52p006847_lon_m161p010422.npy,-52.006847,-161.010422,335,340,summer,5,0.09554556508858998
eta_lat_p58p669430_lon_p174p969116.npy,58.66943,174.969116,15,20,summer,5,0.10320642342170079
eta_lat_m72p698387_lon_m136p683899.npy,-72.698387,-136.683899,325,330,summer,5,1.441005786259969
eta_lat_p11p027672_lon_m59p010422.npy,11.027672,-59.010422,5,10,summer,5,0.08022814740737279
eta_lat_m40p414062_lon_p120p989594.npy,-40.414062,120.989594,15,20,summer,5,0.057863557090361915
eta_lat_p21p610189_lon_m35p010422.npy,21.610189,-35.010422,390,395,summer,5,0.08900560190280278
eta_lat_m55p400803_lon_m17p010422.npy,-55.400803,-17.010422,365,370,summer,5,0.12820016841093698
eta_lat_m36p058659_lon_p6p989578.npy,-36.058659,6.989578,325,330,summer,5,0.08208410441875458
eta_lat_m66p662788_lon_m41p010422.npy,-66.662788,-41.010422,335,340,summer,5,0.48922159274419147
eta_lat_m64p202515_lon_p162p989563.npy,-64.202515,162.989563,10,15,summer,5,0.2928592562675476
eta_lat_p36p058659_lon_m137p010422.npy,36.058659,-137.010422,25,30,summer,5,0.08648139486710231
eta_lat_m58p574665_lon_p48p989578.npy,-58.574665,48.989578,365,370,summer,5,0.0629093199968338
eta_lat_m44p523903_lon_p126p989594.npy,-44.523903,126.989594,15,20,summer,5,0.05739027882615725
eta_lat_m51p994694_lon_m107p010414.npy,-51.994694,-107.010414,330,335,summer,5,0.08431567500034969
eta_lat_p5p545479_lon_m101p010414.npy,5.545479,-101.010414,370,375,summer,5,0.15672607719898224
eta_lat_p36p058659_lon_p150p989563.npy,36.058659,150.989563,355,360,summer,5,0.31091588735580444
eta_lat_p31p463802_lon_p156p989563.npy,31.463802,156.989563,40,45,summer,5,0.09128512690464656
eta_lat_m73p118896_lon_m154p539932.npy,-73.118896,-154.539932,395,400,summer,5,0.5674698352813721
eta_lat_m61p508057_lon_p48p989578.npy,-61.508057,48.989578,375,380,summer,5,0.17165605227152506
eta_lat_m68p928383_lon_m173p010422.npy,-68.928383,-173.010422,410,415,summer,5,0.9541897376378378
eta_lat_m11p027672_lon_p66p989594.npy,-11.027672,66.989594,40,45,summer,5,0.07784634083509445
eta_lat_m55p400803_lon_m149p010422.npy,-55.400803,-149.010422,395,400,summer,5,0.08771205445130666
eta_lat_p44p523903_lon_p174p989563.npy,44.523903,174.989563,10,15,summer,5,0.10189895083506902
eta_lat_m58p574665_lon_m23p010422.npy,-58.574665,-23.010422,395,400,summer,5,1.1651476621627808
eta_lat_m36p058659_lon_p102p989594.npy,-36.058659,102.989594,35,40,summer,5,0.08447392533222835
eta_lat_m21p610189_lon_p72p989594.npy,-21.610189,72.989594,350,355,summer,5,0.078715896854798
eta_lat_p51p994694_lon_m29p010422.npy,51.994694,-29.010422,335,340,summer,5,0.07780282199382782
eta_lat_m21p610189_lon_p78p989594.npy,-21.610189,78.989594,355,360,summer,5,0.08596134682496388
eta_lat_p58p669430_lon_p174p969116.npy,58.66943,174.969116,380,385,summer,5,0.09346857170263927
eta_lat_m52p006847_lon_p60p989578.npy,-52.006847,60.989578,340,345,summer,5,0.07880458484093349
eta_lat_m64p202515_lon_p36p989578.npy,-64.202515,36.989578,45,50,summer,5,0.3270845611890157
eta_lat_m58p574665_lon_p36p989578.npy,-58.574665,36.989578,380,385,summer,5,0.09662074595689774
eta_lat_p5p545479_lon_m35p010422.npy,5.545479,-35.010422,370,375,summer,5,0.12702263643344244
eta_lat_p5p545479_lon_m35p010422.npy,5.545479,-35.010422,330,335,summer,5,0.13563455641269684
eta_lat_m55p389462_lon_m149p010422.npy,-55.389462,-149.010422,350,355,summer,5,0.08395390957593918
eta_lat_m48p374134_lon_p96p989594.npy,-48.374134,96.989594,25,30,summer,5,0.10010232776403427
eta_lat_m5p545479_lon_p78p989594.npy,-5.545479,78.989594,390,395,summer,5,0.10733528931935628
eta_lat_p31p463802_lon_m23p010422.npy,31.463802,-23.010422,400,405,summer,5,0.09731159855922063
eta_lat_m31p463802_lon_m23p010422.npy,-31.463802,-23.010422,405,410,summer,5,0.07720999419689178
eta_lat_p40p414062_lon_m131p010422.npy,40.414062,-131.010422,335,340,summer,5,0.09641314049561818
eta_lat_p36p058659_lon_m137p010422.npy,36.058659,-137.010422,360,365,summer,5,0.09484537939230601
eta_lat_p0p009682_lon_m149p010422.npy,0.009682,-149.010422,10,15,summer,5,0.11225409309069316
eta_lat_p36p058659_lon_p162p989563.npy,36.058659,162.989563,15,20,summer,5,0.14186108112335205
eta_lat_p11p027672_lon_p156p989563.npy,11.027672,156.989563,10,15,summer,5,0.10920853167772293
eta_lat_m66p662788_lon_p24p989578.npy,-66.662788,24.989578,40,45,summer,5,1.0229677557945251
eta_lat_m68p928383_lon_m17p010422.npy,-68.928383,-17.010422,380,385,summer,5,0.5179792841275533
eta_lat_m64p202515_lon_m137p010422.npy,-64.202515,-137.010422,365,370,summer,5,1.3444407780965169
eta_lat_m66p662788_lon_m119p010414.npy,-66.662788,-119.010414,35,40,summer,5,0.16357666750748953
eta_lat_p0p009682_lon_m131p010422.npy,0.009682,-131.010422,360,365,summer,5,0.127977987130483
eta_lat_m16p395037_lon_m95p010414.npy,-16.395037,-95.010414,370,375,summer,5,0.06099960456291834
eta_lat_m55p400803_lon_m173p010422.npy,-55.400803,-173.010422,390,395,summer,5,0.1118294969201088
eta_lat_p5p545479_lon_p54p989578.npy,5.545479,54.989578,405,410,summer,5,0.10504102210203807
eta_lat_m71p216316_lon_m53p046265.npy,-71.216316,-53.046265,15,20,summer,5,4.183540423711141
eta_lat_p40p414062_lon_m155p010422.npy,40.414062,-155.010422,395,400,summer,5,0.07805451254049937
eta_lat_m40p414062_lon_m155p010422.npy,-40.414062,-155.010422,400,405,summer,5,0.07665710647900899
eta_lat_m52p006847_lon_p174p989563.npy,-52.006847,174.989563,40,45,summer,5,0.24864941835403442
eta_lat_m64p202515_lon_m77p010414.npy,-64.202515,-77.010414,0,5,summer,5,0.1291860987742742
eta_lat_m36p058659_lon_m41p010422.npy,-36.058659,-41.010422,360,365,summer,5,0.08195922772089641
eta_lat_m66p662788_lon_p18p989578.npy,-66.662788,18.989578,410,415,summer,5,0.5724805196126302
eta_lat_m16p395037_lon_m11p010422.npy,-16.395037,-11.010422,395,400,summer,5,0.07042555510997772
eta_lat_m61p508057_lon_m119p010414.npy,-61.508057,-119.010414,330,335,summer,5,0.0898033653696378
eta_lat_p31p463802_lon_p150p989563.npy,31.463802,150.989563,345,350,summer,5,0.1162162721157074
eta_lat_m52p006847_lon_m119p010414.npy,-52.006847,-119.010414,355,360,summer,5,0.09146484732627869
eta_lat_m51p994694_lon_m119p010414.npy,-51.994694,-119.010414,25,30,summer,5,0.0741302656630675
eta_lat_m31p463802_lon_m11p010422.npy,-31.463802,-11.010422,360,365,summer,5,0.06687666724125545
eta_lat_m64p202515_lon_m161p010422.npy,-64.202515,-161.010422,330,335,summer,5,0.41313016414642334
eta_lat_p11p027672_lon_p174p989563.npy,11.027672,174.989563,395,400,summer,5,0.09251254051923752
eta_lat_m21p610189_lon_m125p010414.npy,-21.610189,-125.010414,335,340,summer,5,0.05634638170401255
eta_lat_p65p078934_lon_p0p678101.npy,65.078934,0.678101,40,45,summer,5,0.1013152077794075
eta_lat_m72p698387_lon_m136p683899.npy,-72.698387,-136.683899,20,25,summer,5,1.0814998348553975
eta_lat_m44p523903_lon_p126p989594.npy,-44.523903,126.989594,45,50,summer,5,0.09253757198651631
eta_lat_m36p058659_lon_p90p989594.npy,-36.058659,90.989594,410,415,summer,5,0.0704690267642339
eta_lat_m61p508057_lon_p102p989594.npy,-61.508057,102.989594,20,25,summer,5,0.4211312532424927
eta_lat_m40p414062_lon_m119p010414.npy,-40.414062,-119.010414,0,5,summer,5,0.09311716010173161
eta_lat_m36p058659_lon_p30p989578.npy,-36.058659,30.989578,25,30,summer,5,0.22885969281196594
eta_lat_m48p374134_lon_m35p010422.npy,-48.374134,-35.010422,15,20,summer,5,0.08861122777064641
eta_lat_m51p994694_lon_p36p989578.npy,-51.994694,36.989578,325,330,summer,5,0.08562360828121503
eta_lat_m0p009682_lon_m17p010422.npy,-0.009682,-17.010422,395,400,summer,5,0.12023596713940303
eta_lat_m55p400803_lon_p162p989563.npy,-55.400803,162.989563,20,25,summer,5,0.18705702324708304
eta_lat_m52p006847_lon_p90p989594.npy,-52.006847,90.989594,390,395,summer,5,0.12723675866921744
eta_lat_m40p414062_lon_p60p989578.npy,-40.414062,60.989578,35,40,summer,5,0.11488472670316696
eta_lat_m36p058659_lon_p0p989578.npy,-36.058659,0.989578,325,330,summer,5,0.06773984183867772
eta_lat_m64p202515_lon_m11p010422.npy,-64.202515,-11.010422,10,15,summer,5,1.1734015146891277
eta_lat_m40p414062_lon_m47p010422.npy,-40.414062,-47.010422,400,405,summer,5,0.25701741377512616
eta_lat_m55p400803_lon_p12p989578.npy,-55.400803,12.989578,400,405,summer,5,0.4302252431710561
eta_lat_p31p463802_lon_p174p989563.npy,31.463802,174.989563,345,350,summer,5,0.07228606442610423
eta_lat_m68p928383_lon_m35p010422.npy,-68.928383,-35.010422,385,390,summer,5,0.6093230843544006
eta_lat_p48p374134_lon_m173p010422.npy,48.374134,-173.010422,355,360,summer,5,0.09589538971583049
eta_lat_m44p523903_lon_m155p010422.npy,-44.523903,-155.010422,360,365,summer,5,0.11164989819129308
eta_lat_m52p006847_lon_p126p989594.npy,-52.006847,126.989594,40,45,summer,5,0.18224599460760751
eta_lat_m48p374134_lon_p90p989594.npy,-48.374134,90.989594,385,390,summer,5,0.1272075225909551
eta_lat_p31p463802_lon_p144p989563.npy,31.463802,144.989563,335,340,summer,5,0.0859204853574435
eta_lat_p26p641497_lon_m161p010422.npy,26.641497,-161.010422,25,30,summer,5,0.06226520364483198
eta_lat_m68p928383_lon_m41p010422.npy,-68.928383,-41.010422,15,20,summer,5,0.4809696475664775
eta_lat_m40p414062_lon_m125p010414.npy,-40.414062,-125.010414,350,355,summer,5,0.12357354412476222
eta_lat_m40p414062_lon_m95p010414.npy,-40.414062,-95.010414,375,380,summer,5,0.06790543595949809
eta_lat_m55p400803_lon_p168p989563.npy,-55.400803,168.989563,360,365,summer,5,0.15187030037244162
eta_lat_m55p389462_lon_p6p989578.npy,-55.389462,6.989578,40,45,summer,5,0.13525586823622385
eta_lat_p48p374134_lon_m137p010422.npy,48.374134,-137.010422,355,360,summer,5,0.08903968706727028
eta_lat_m58p574665_lon_m95p010414.npy,-58.574665,-95.010414,25,30,summer,5,0.08546870201826096
eta_lat_p5p545479_lon_m107p010414.npy,5.545479,-107.010414,350,355,summer,5,0.13104038933912912
eta_lat_p48p374134_lon_m149p010422.npy,48.374134,-149.010422,370,375,summer,5,0.11502771576245625
eta_lat_m68p928383_lon_m173p010422.npy,-68.928383,-173.010422,375,380,summer,5,0.3618074754873912
eta_lat_m51p994694_lon_p102p989594.npy,-51.994694,102.989594,330,335,summer,5,0.11042895416418712
eta_lat_m51p994694_lon_m47p010422.npy,-51.994694,-47.010422,365,370,summer,5,0.08045997843146324
eta_lat_p11p027672_lon_m131p010422.npy,11.027672,-131.010422,30,35,summer,5,0.12943290919065475
eta_lat_m48p374134_lon_m137p010422.npy,-48.374134,-137.010422,350,355,summer,5,0.058086078613996506
eta_lat_p21p610189_lon_m143p010422.npy,21.610189,-143.010422,405,410,summer,5,0.07844033092260361
eta_lat_m55p400803_lon_m131p010422.npy,-55.400803,-131.010422,400,405,summer,5,0.10660556703805923
eta_lat_p58p499409_lon_m23p040436.npy,58.499409,-23.040436,370,375,summer,5,0.08733491599559784
eta_lat_m58p574665_lon_p78p989594.npy,-58.574665,78.989594,375,380,summer,5,0.20338439444700876
eta_lat_p48p374134_lon_p168p989563.npy,48.374134,168.989563,350,355,summer,5,0.07530571520328522
eta_lat_m58p574665_lon_p24p989578.npy,-58.574665,24.989578,405,410,summer,5,0.26644045611222583
eta_lat_p40p414062_lon_m59p010422.npy,40.414062,-59.010422,415,420,summer,5,0.09985857705275218
eta_lat_p0p009682_lon_m131p010422.npy,0.009682,-131.010422,400,405,summer,5,0.11169587820768356
eta_lat_p40p414062_lon_m143p010422.npy,40.414062,-143.010422,340,345,summer,5,0.07130690415700276
eta_lat_m55p400803_lon_p18p989578.npy,-55.400803,18.989578,365,370,summer,5,0.0927504872282346
eta_lat_p55p389462_lon_p174p989563.npy,55.389462,174.989563,10,15,summer,5,0.07501605028907458
eta_lat_m55p389462_lon_m11p010422.npy,-55.389462,-11.010422,45,50,summer,5,0.06013487031062444
eta_lat_m55p389462_lon_p162p989563.npy,-55.389462,162.989563,45,50,summer,5,0.16179035107294717
eta_lat_m26p641497_lon_m161p010422.npy,-26.641497,-161.010422,375,380,summer,5,0.09135385602712631
eta_lat_p61p185383_lon_m29p222214.npy,61.185383,-29.222214,400,405,summer,5,0.11968715488910675
eta_lat_p16p395037_lon_m173p010422.npy,16.395037,-173.010422,335,340,summer,5,0.07954911887645721
eta_lat_m58p574665_lon_m71p010414.npy,-58.574665,-71.010414,405,410,summer,5,0.1438832382361094
eta_lat_p36p058659_lon_m29p010422.npy,36.058659,-29.010422,405,410,summer,5,0.082976999382178
eta_lat_m26p641497_lon_p0p989578.npy,-26.641497,0.989578,410,415,summer,5,0.06768105675776799
eta_lat_m26p641497_lon_m137p010422.npy,-26.641497,-137.010422,45,50,summer,5,0.06698734064896901
eta_lat_m31p463802_lon_m23p010422.npy,-31.463802,-23.010422,0,5,summer,5,0.09396405766407649
eta_lat_p48p374134_lon_m41p010422.npy,48.374134,-41.010422,355,360,summer,5,0.11662967006365459
eta_lat_m55p389462_lon_p60p989578.npy,-55.389462,60.989578,405,410,summer,5,0.06460925564169884
eta_lat_m52p006847_lon_m131p010422.npy,-52.006847,-131.010422,25,30,summer,5,0.09450422103206317
eta_lat_m61p508057_lon_m125p010414.npy,-61.508057,-125.010414,10,15,summer,5,0.08432434995969136
eta_lat_m36p058659_lon_m155p010422.npy,-36.058659,-155.010422,340,345,summer,5,0.07106019929051399
eta_lat_m31p463802_lon_m101p010414.npy,-31.463802,-101.010414,365,370,summer,5,0.05521682774027189
eta_lat_m31p463802_lon_m113p010414.npy,-31.463802,-113.010414,380,385,summer,5,0.068042637159427
eta_lat_m52p006847_lon_m107p010414.npy,-52.006847,-107.010414,405,410,summer,5,0.10005287826061249
eta_lat_m55p400803_lon_p102p989594.npy,-55.400803,102.989594,375,380,summer,5,0.07989453027645747
eta_lat_m58p574665_lon_p72p989594.npy,-58.574665,72.989594,25,30,summer,5,0.28542173902193707
eta_lat_m51p994694_lon_p6p989578.npy,-51.994694,6.989578,10,15,summer,5,0.10592454175154369
eta_lat_m51p994694_lon_m17p010422.npy,-51.994694,-17.010422,0,5,summer,5,0.0932424043615659
eta_lat_m51p994694_lon_m173p010422.npy,-51.994694,-173.010422,20,25,summer,5,0.11216775576273601
eta_lat_p40p414062_lon_m149p010422.npy,40.414062,-149.010422,35,40,summer,5,0.12506112456321716
eta_lat_m26p641497_lon_p102p989594.npy,-26.641497,102.989594,330,335,summer,5,0.09813811630010605
eta_lat_m11p027672_lon_m101p010414.npy,-11.027672,-101.010414,335,340,summer,5,0.09323863436778386
eta_lat_m40p414062_lon_p84p989594.npy,-40.414062,84.989594,365,370,summer,5,0.11904217799504598
eta_lat_m48p374134_lon_p114p989594.npy,-48.374134,114.989594,405,410,summer,5,0.10541389385859172
eta_lat_m11p027672_lon_p84p989594.npy,-11.027672,84.989594,20,25,summer,5,0.09447806825240453
eta_lat_p11p027672_lon_m113p010414.npy,11.027672,-113.010414,385,390,summer,5,0.11967943608760834
eta_lat_p61p579643_lon_m17p313934.npy,61.579643,-17.313934,370,375,summer,5,0.06445748855670293
eta_lat_m64p202515_lon_p0p989578.npy,-64.202515,0.989578,40,45,summer,5,0.37763458490371704
eta_lat_m52p006847_lon_m29p010422.npy,-52.006847,-29.010422,365,370,summer,5,0.11416426797707875
eta_lat_m55p400803_lon_p174p989563.npy,-55.400803,174.989563,15,20,summer,5,0.17734108865261078
eta_lat_m52p006847_lon_p0p989578.npy,-52.006847,0.989578,0,5,summer,5,0.10725792497396469
eta_lat_m44p523903_lon_p72p989594.npy,-44.523903,72.989594,45,50,summer,5,0.12222603460152943
eta_lat_m40p414062_lon_m113p010414.npy,-40.414062,-113.010414,365,370,summer,5,0.06444090604782104
eta_lat_m0p009682_lon_p84p989594.npy,-0.009682,84.989594,325,330,summer,5,0.1044902503490448
eta_lat_m75p355705_lon_m159p614578.npy,-75.355705,-159.614578,350,355,summer,5,1.1309224764506023
eta_lat_m61p508057_lon_p144p989563.npy,-61.508057,144.989563,15,20,summer,5,0.12307630479335785
eta_lat_m61p508057_lon_p90p989594.npy,-61.508057,90.989594,370,375,summer,5,0.49998793999354046
eta_lat_m61p508057_lon_p96p989594.npy,-61.508057,96.989594,405,410,summer,5,0.5312444468339285
eta_lat_p44p523903_lon_m23p010422.npy,44.523903,-23.010422,325,330,summer,5,0.08778566122055054
eta_lat_p48p374134_lon_p162p989563.npy,48.374134,162.989563,340,345,summer,5,0.0691855177283287
eta_lat_m64p202515_lon_p18p989578.npy,-64.202515,18.989578,0,5,summer,5,0.1116391991575559
eta_lat_m66p662788_lon_m119p010414.npy,-66.662788,-119.010414,385,390,summer,5,0.43664602438608807
eta_lat_p36p058659_lon_m161p010422.npy,36.058659,-161.010422,385,390,summer,5,0.08557089418172836
eta_lat_m48p374134_lon_p114p989594.npy,-48.374134,114.989594,5,10,summer,5,0.09855847805738449
eta_lat_m51p994694_lon_m167p010422.npy,-51.994694,-167.010422,30,35,summer,5,0.06566777577002843
eta_lat_m44p523903_lon_m119p010414.npy,-44.523903,-119.010414,375,380,summer,5,0.10714144011338551
eta_lat_m26p641497_lon_p84p989594.npy,-26.641497,84.989594,365,370,summer,5,0.08415639648834865
eta_lat_m44p523903_lon_p138p989563.npy,-44.523903,138.989563,415,420,summer,5,0.0577288419008255
eta_lat_p11p027672_lon_m53p010422.npy,11.027672,-53.010422,390,395,summer,5,0.09339974572261174
eta_lat_m40p414062_lon_m35p010422.npy,-40.414062,-35.010422,395,400,summer,5,0.0635300191740195
eta_lat_m64p202515_lon_p48p989578.npy,-64.202515,48.989578,380,385,summer,5,0.30901870131492615
eta_lat_p36p058659_lon_m173p010422.npy,36.058659,-173.010422,365,370,summer,5,0.07945254445075989
eta_lat_m70p821320_lon_m118p983330.npy,-70.82132,-118.98333,365,370,summer,5,0.19725200037161508
eta_lat_m0p009682_lon_p66p989594.npy,-0.009682,66.989594,395,400,summer,5,0.1162048230568568
eta_lat_m48p374134_lon_m101p010414.npy,-48.374134,-101.010414,410,415,summer,5,0.08570104837417603
eta_lat_m26p641497_lon_p174p989563.npy,-26.641497,174.989563,400,405,summer,5,0.11740055183569591
eta_lat_m70p951729_lon_m142p952744.npy,-70.951729,-142.952744,10,15,summer,5,0.10549702495336533
eta_lat_m66p662788_lon_m29p010422.npy,-66.662788,-29.010422,40,45,summer,5,0.7613300085067749
eta_lat_m64p202515_lon_p174p989563.npy,-64.202515,174.989563,385,390,summer,5,0.44224146008491516
eta_lat_p26p641497_lon_m71p010414.npy,26.641497,-71.010414,45,50,summer,5,0.07717667023340861
eta_lat_m68p928383_lon_m11p010422.npy,-68.928383,-11.010422,25,30,summer,5,0.9403968652089437
eta_lat_m44p523903_lon_p120p989594.npy,-44.523903,120.989594,340,345,summer,5,0.10970185200373332
eta_lat_m51p994694_lon_m17p010422.npy,-51.994694,-17.010422,380,385,summer,5,0.07095087692141533
eta_lat_m5p545479_lon_m131p010422.npy,-5.545479,-131.010422,395,400,summer,5,0.09194815407196681
eta_lat_m44p523903_lon_p66p989594.npy,-44.523903,66.989594,20,25,summer,5,0.11347722262144089
eta_lat_m48p374134_lon_m5p010422.npy,-48.374134,-5.010422,390,395,summer,5,0.0749612624446551
eta_lat_m11p027672_lon_p72p989594.npy,-11.027672,72.989594,0,5,summer,5,0.09719833980003993
eta_lat_m0p009682_lon_p0p989578.npy,-0.009682,0.989578,365,370,summer,5,0.09366998821496964
eta_lat_m58p574665_lon_p96p989594.npy,-58.574665,96.989594,400,405,summer,5,0.09184316297372182
eta_lat_p0p009682_lon_m131p010422.npy,0.009682,-131.010422,20,25,summer,5,0.12084143857161204
eta_lat_m0p009682_lon_m5p010422.npy,-0.009682,-5.010422,5,10,summer,5,0.10205414394537608
eta_lat_p44p523903_lon_m23p010422.npy,44.523903,-23.010422,30,35,summer,5,0.0961901272336642
eta_lat_m61p508057_lon_m95p010414.npy,-61.508057,-95.010414,15,20,summer,5,0.07647692660490672
eta_lat_p36p058659_lon_m29p010422.npy,36.058659,-29.010422,345,350,summer,5,0.09326167404651642
eta_lat_p31p463802_lon_m131p010422.npy,31.463802,-131.010422,340,345,summer,5,0.07373028496901195
eta_lat_p40p414062_lon_m143p010422.npy,40.414062,-143.010422,10,15,summer,5,0.07465795675913493
eta_lat_m40p414062_lon_m101p010414.npy,-40.414062,-101.010414,35,40,summer,5,0.07065526644388835
eta_lat_m55p389462_lon_m5p010422.npy,-55.389462,-5.010422,400,405,summer,5,0.2332486112912496
eta_lat_m68p928383_lon_m101p010414.npy,-68.928383,-101.010414,0,5,summer,5,0.4340217610200246
eta_lat_m55p400803_lon_m113p010414.npy,-55.400803,-113.010414,390,395,summer,5,0.1008881206313769
eta_lat_p61p367260_lon_m23p297623.npy,61.36726,-23.297623,345,350,summer,5,0.08726279934247334
eta_lat_m58p574665_lon_m131p010422.npy,-58.574665,-131.010422,45,50,summer,5,0.1073593720793724
eta_lat_m55p400803_lon_p78p989594.npy,-55.400803,78.989594,390,395,summer,5,0.08257029578089714
eta_lat_m55p400803_lon_m125p010414.npy,-55.400803,-125.010414,25,30,summer,5,0.17782183984915415
eta_lat_m58p574665_lon_p156p989563.npy,-58.574665,156.989563,405,410,summer,5,0.07450813303391139
eta_lat_m48p374134_lon_p102p989594.npy,-48.374134,102.989594,0,5,summer,5,0.16202360888322195
eta_lat_m51p994694_lon_m53p010422.npy,-51.994694,-53.010422,5,10,summer,5,0.13567322492599487
eta_lat_m64p202515_lon_p174p989563.npy,-64.202515,174.989563,380,385,summer,5,0.23079664508501688
eta_lat_m64p202515_lon_m77p010414.npy,-64.202515,-77.010414,340,345,summer,5,0.15608735382556915
eta_lat_p16p395037_lon_m41p010422.npy,16.395037,-41.010422,390,395,summer,5,0.10348182668288548
eta_lat_m36p058659_lon_m35p010422.npy,-36.058659,-35.010422,35,40,summer,5,0.06981015329559644
eta_lat_m70p827019_lon_m124p974617.npy,-70.827019,-124.974617,5,10,summer,5,0.5671279430389404
eta_lat_p21p610189_lon_m53p010422.npy,21.610189,-53.010422,380,385,summer,5,0.08061369508504868
eta_lat_m58p574665_lon_m77p010414.npy,-58.574665,-77.010414,355,360,summer,5,0.09308484196662903
eta_lat_m66p662788_lon_m41p010422.npy,-66.662788,-41.010422,385,390,summer,5,0.9325007001558939
eta_lat_m36p058659_lon_p96p989594.npy,-36.058659,96.989594,5,10,summer,5,0.06151218588153521
eta_lat_m55p389462_lon_m143p010422.npy,-55.389462,-143.010422,360,365,summer,5,0.14398030936717987
eta_lat_p40p414062_lon_m167p010422.npy,40.414062,-167.010422,335,340,summer,5,0.07116217042009036
eta_lat_p21p610189_lon_m41p010422.npy,21.610189,-41.010422,350,355,summer,5,0.08128680785497029
eta_lat_p40p414062_lon_m149p010422.npy,40.414062,-149.010422,335,340,summer,5,0.06297759960095088
eta_lat_m36p058659_lon_m107p010414.npy,-36.058659,-107.010414,370,375,summer,5,0.11393503348032634
eta_lat_m5p545479_lon_p78p989594.npy,-5.545479,78.989594,410,415,summer,5,0.1145855039358139
eta_lat_m44p523903_lon_m149p010422.npy,-44.523903,-149.010422,30,35,summer,5,0.05567113682627678
eta_lat_m26p641497_lon_m5p010422.npy,-26.641497,-5.010422,15,20,summer,5,0.08081543445587158
eta_lat_m44p523903_lon_m47p010422.npy,-44.523903,-47.010422,360,365,summer,5,0.0783977173268795
eta_lat_m51p994694_lon_m107p010414.npy,-51.994694,-107.010414,15,20,summer,5,0.06361755356192589
eta_lat_m48p374134_lon_m173p010422.npy,-48.374134,-173.010422,390,395,summer,5,0.1646405334273974
eta_lat_m66p662788_lon_m131p010422.npy,-66.662788,-131.010422,325,330,summer,5,0.6080255111058553
eta_lat_m16p395037_lon_m113p010414.npy,-16.395037,-113.010414,400,405,summer,5,0.0685805914302667
eta_lat_m16p395037_lon_m95p010414.npy,-16.395037,-95.010414,45,50,summer,5,0.05556469907363256
eta_lat_m55p400803_lon_p36p989578.npy,-55.400803,36.989578,410,415,summer,5,0.09063596278429031
eta_lat_p31p463802_lon_m143p010422.npy,31.463802,-143.010422,375,380,summer,5,0.08455957472324371
eta_lat_p36p058659_lon_p144p989563.npy,36.058659,144.989563,385,390,summer,5,0.3293384512265523
eta_lat_p44p523903_lon_p174p989563.npy,44.523903,174.989563,370,375,summer,5,0.09797088553508122
eta_lat_m64p202515_lon_p30p989578.npy,-64.202515,30.989578,340,345,summer,5,0.2658502956231435
eta_lat_m64p202515_lon_m23p010422.npy,-64.202515,-23.010422,15,20,summer,5,0.7334554592768351
eta_lat_m58p574665_lon_p6p989578.npy,-58.574665,6.989578,330,335,summer,5,0.2426341474056244
eta_lat_m58p574665_lon_p108p989594.npy,-58.574665,108.989594,0,5,summer,5,0.10088147222995758
eta_lat_p58p499409_lon_m52p959564.npy,58.499409,-52.959564,45,50,summer,5,0.06831871966520946
eta_lat_m40p414062_lon_m23p010422.npy,-40.414062,-23.010422,0,5,summer,5,0.0735231985648473
eta_lat_p21p610189_lon_m65p010414.npy,21.610189,-65.010414,0,5,summer,5,0.09136980523665746
eta_lat_m55p400803_lon_m161p010422.npy,-55.400803,-161.010422,40,45,summer,5,0.09403108060359955
eta_lat_p21p610189_lon_m47p010422.npy,21.610189,-47.010422,395,400,summer,5,0.08121767391761144
eta_lat_m5p545479_lon_m23p010422.npy,-5.545479,-23.010422,400,405,summer,5,0.13140777746836343
eta_lat_p21p610189_lon_m173p010422.npy,21.610189,-173.010422,335,340,summer,5,0.08688227832317352
eta_lat_m61p508057_lon_m155p010422.npy,-61.508057,-155.010422,340,345,summer,5,0.10485905905564626
eta_lat_p40p414062_lon_m167p010422.npy,40.414062,-167.010422,5,10,summer,5,0.09268274406592052
eta_lat_m55p389462_lon_p120p989594.npy,-55.389462,120.989594,355,360,summer,5,0.16435513397057852
eta_lat_m55p400803_lon_m23p010422.npy,-55.400803,-23.010422,395,400,summer,5,0.12198015302419662
eta_lat_m48p374134_lon_m41p010422.npy,-48.374134,-41.010422,410,415,summer,5,0.14133227864901224
eta_lat_m68p928383_lon_m143p010422.npy,-68.928383,-143.010422,40,45,summer,5,0.128813107808431
eta_lat_m64p202515_lon_m95p010414.npy,-64.202515,-95.010414,0,5,summer,5,0.06156158695618311
eta_lat_p5p545479_lon_m131p010422.npy,5.545479,-131.010422,410,415,summer,5,0.13767063121000925
eta_lat_p26p641497_lon_p168p989563.npy,26.641497,168.989563,380,385,summer,5,0.07527930289506912
eta_lat_m44p523903_lon_p60p989578.npy,-44.523903,60.989578,400,405,summer,5,0.16946355998516083
eta_lat_m52p006847_lon_m161p010422.npy,-52.006847,-161.010422,330,335,summer,5,0.12368038048346837
eta_lat_p26p641497_lon_m137p010422.npy,26.641497,-137.010422,35,40,summer,5,0.0978117361664772
eta_lat_p26p641497_lon_p174p989563.npy,26.641497,174.989563,0,5,summer,5,0.0740030234058698
eta_lat_m61p508057_lon_p132p989563.npy,-61.508057,132.989563,375,380,summer,5,0.10913677761952083
eta_lat_m26p641497_lon_m167p010422.npy,-26.641497,-167.010422,380,385,summer,5,0.07005805149674416
eta_lat_m52p006847_lon_m95p010414.npy,-52.006847,-95.010414,30,35,summer,5,0.08387800057729085
eta_lat_m16p395037_lon_p78p989594.npy,-16.395037,78.989594,400,405,summer,5,0.0735512301325798
eta_lat_p36p058659_lon_m29p010422.npy,36.058659,-29.010422,395,400,summer,5,0.07903050631284714
eta_lat_m75p574257_lon_m165p651382.npy,-75.574257,-165.651382,365,370,summer,5,1.2814673980077107
eta_lat_m55p389462_lon_p126p989594.npy,-55.389462,126.989594,35,40,summer,5,0.10037050892909367
eta_lat_p11p027672_lon_m59p010422.npy,11.027672,-59.010422,30,35,summer,5,0.08140205343564351
eta_lat_p70p750267_lon_p6p987473.npy,70.750267,6.987473,45,50,summer,5,0.08927924061814944
eta_lat_m55p389462_lon_p162p989563.npy,-55.389462,162.989563,345,350,summer,5,0.21861207485198975
eta_lat_m64p202515_lon_m137p010422.npy,-64.202515,-137.010422,360,365,summer,5,1.2569146156311035
eta_lat_m26p641497_lon_m167p010422.npy,-26.641497,-167.010422,370,375,summer,5,0.0717433715860049
eta_lat_m58p574665_lon_m11p010422.npy,-58.574665,-11.010422,355,360,summer,5,0.8193265795707703
eta_lat_m58p574665_lon_m137p010422.npy,-58.574665,-137.010422,395,400,summer,5,0.22063212593396506
eta_lat_p16p395037_lon_m149p010422.npy,16.395037,-149.010422,0,5,summer,5,0.07986228913068771
eta_lat_m11p027672_lon_m95p010414.npy,-11.027672,-95.010414,350,355,summer,5,0.0823496828476588
eta_lat_m55p389462_lon_m83p010414.npy,-55.389462,-83.010414,365,370,summer,5,0.13814904789129892
eta_lat_m58p574665_lon_m35p010422.npy,-58.574665,-35.010422,355,360,summer,5,0.09365010509888332
eta_lat_m55p389462_lon_p18p989578.npy,-55.389462,18.989578,380,385,summer,5,0.23713403443495432
eta_lat_p55p389462_lon_m23p010422.npy,55.389462,-23.010422,0,5,summer,5,0.12338575969139735
eta_lat_m58p574665_lon_p24p989578.npy,-58.574665,24.989578,15,20,summer,5,0.15084019303321838
eta_lat_m51p994694_lon_p150p989563.npy,-51.994694,150.989563,25,30,summer,5,0.16374940673510233
eta_lat_m44p523903_lon_m149p010422.npy,-44.523903,-149.010422,350,355,summer,5,0.15080221990744272
eta_lat_m52p006847_lon_m131p010422.npy,-52.006847,-131.010422,0,5,summer,5,0.0686158835887909
eta_lat_p44p523903_lon_p156p989563.npy,44.523903,156.989563,25,30,summer,5,0.10488211611906688
eta_lat_m48p374134_lon_m35p010422.npy,-48.374134,-35.010422,25,30,summer,5,0.11198254426320393
eta_lat_m61p508057_lon_m161p010422.npy,-61.508057,-161.010422,330,335,summer,5,0.07420167078574498
eta_lat_m61p508057_lon_p36p989578.npy,-61.508057,36.989578,385,390,summer,5,0.2643675704797109
eta_lat_m44p523903_lon_p18p989578.npy,-44.523903,18.989578,355,360,summer,5,0.08608347177505493
eta_lat_m16p395037_lon_p72p989594.npy,-16.395037,72.989594,40,45,summer,5,0.0774680847922961
eta_lat_m11p027672_lon_p78p989594.npy,-11.027672,78.989594,415,420,summer,5,0.10180194924275081
eta_lat_p51p994694_lon_m161p010422.npy,51.994694,-161.010422,390,395,summer,5,0.08054815977811813
eta_lat_m64p202515_lon_p24p989578.npy,-64.202515,24.989578,40,45,summer,5,0.2707997461160024
eta_lat_m44p523903_lon_p72p989594.npy,-44.523903,72.989594,365,370,summer,5,0.1384499967098236
eta_lat_m58p574665_lon_m35p010422.npy,-58.574665,-35.010422,0,5,summer,5,0.4123074412345886
eta_lat_m11p027672_lon_m95p010414.npy,-11.027672,-95.010414,375,380,summer,5,0.11861689388751984
eta_lat_p16p395037_lon_m29p010422.npy,16.395037,-29.010422,350,355,summer,5,0.10842150698105495
eta_lat_m55p389462_lon_p108p989594.npy,-55.389462,108.989594,355,360,summer,5,0.06708091497421265
eta_lat_m73p433556_lon_m166p559235.npy,-73.433556,-166.559235,395,400,summer,5,1.1326924165089924
eta_lat_p51p994694_lon_m17p010422.npy,51.994694,-17.010422,355,360,summer,5,0.12583318849404654
eta_lat_m58p574665_lon_m107p010414.npy,-58.574665,-107.010414,375,380,summer,5,0.08727953086296718
eta_lat_p5p545479_lon_m137p010422.npy,5.545479,-137.010422,390,395,summer,5,0.12530691673358282
eta_lat_m68p928383_lon_m173p010422.npy,-68.928383,-173.010422,335,340,summer,5,0.8199701905250549
eta_lat_m55p389462_lon_p42p989578.npy,-55.389462,42.989578,30,35,summer,5,0.10449180255333583
eta_lat_p16p395037_lon_m161p010422.npy,16.395037,-161.010422,370,375,summer,5,0.10361040383577347
eta_lat_m55p400803_lon_m167p010422.npy,-55.400803,-167.010422,5,10,summer,5,0.11082473893960317
eta_lat_m51p994694_lon_p96p989594.npy,-51.994694,96.989594,5,10,summer,5,0.11237424612045288
eta_lat_p26p641497_lon_p162p989563.npy,26.641497,162.989563,40,45,summer,5,0.07571581254402797
eta_lat_p16p395037_lon_p174p989563.npy,16.395037,174.989563,405,410,summer,5,0.08695229639609654
eta_lat_m40p414062_lon_p108p989594.npy,-40.414062,108.989594,400,405,summer,5,0.09140292803446452
eta_lat_m61p508057_lon_m11p010422.npy,-61.508057,-11.010422,410,415,summer,5,0.6352658669153849
eta_lat_m61p508057_lon_m71p010414.npy,-61.508057,-71.010414,30,35,summer,5,0.23142644266287485
eta_lat_m40p414062_lon_p108p989594.npy,-40.414062,108.989594,385,390,summer,5,0.09919098019599915
eta_lat_m48p374134_lon_m23p010422.npy,-48.374134,-23.010422,5,10,summer,5,0.07974498967329662
eta_lat_m66p662788_lon_m77p010414.npy,-66.662788,-77.010414,30,35,summer,5,0.4470204710960388
eta_lat_p21p610189_lon_m47p010422.npy,21.610189,-47.010422,345,350,summer,5,0.09140628079573314
eta_lat_m40p414062_lon_p12p989578.npy,-40.414062,12.989578,35,40,summer,5,0.19306726257006326
eta_lat_m66p662788_lon_m41p010422.npy,-66.662788,-41.010422,375,380,summer,5,1.115222156047821
eta_lat_m36p058659_lon_p66p989594.npy,-36.058659,66.989594,45,50,summer,5,0.1087531012793382
eta_lat_m55p389462_lon_p174p989563.npy,-55.389462,174.989563,375,380,summer,5,0.12115313361088435
eta_lat_m40p414062_lon_p102p989594.npy,-40.414062,102.989594,15,20,summer,5,0.08442190289497375
eta_lat_m52p006847_lon_m53p010422.npy,-52.006847,-53.010422,5,10,summer,5,0.12410991142193477
eta_lat_p70p660629_lon_m0p213028.npy,70.660629,-0.213028,345,350,summer,5,0.07644074658552806
eta_lat_m61p508057_lon_p138p989563.npy,-61.508057,138.989563,5,10,summer,5,0.12573237220446268
eta_lat_m48p374134_lon_p90p989594.npy,-48.374134,90.989594,400,405,summer,5,0.08756255110104878
eta_lat_m55p400803_lon_p84p989594.npy,-55.400803,84.989594,5,10,summer,5,0.10234969357649486
eta_lat_m68p928383_lon_m47p010422.npy,-68.928383,-47.010422,405,410,summer,5,1.5394564270973206
eta_lat_m51p994694_lon_m131p010422.npy,-51.994694,-131.010422,25,30,summer,5,0.07047193745772044
eta_lat_m44p523903_lon_m113p010414.npy,-44.523903,-113.010414,340,345,summer,5,0.1358513111869494
eta_lat_p40p414062_lon_p174p989563.npy,40.414062,174.989563,405,410,summer,5,0.11765676736831665
eta_lat_m21p610189_lon_m101p010414.npy,-21.610189,-101.010414,335,340,summer,5,0.06519353886445363
eta_lat_p55p389462_lon_m23p010422.npy,55.389462,-23.010422,330,335,summer,5,0.07836444675922394
eta_lat_p26p641497_lon_m149p010422.npy,26.641497,-149.010422,340,345,summer,5,0.06319820135831833
eta_lat_m58p574665_lon_m95p010414.npy,-58.574665,-95.010414,30,35,summer,5,0.0664726917942365
eta_lat_m61p508057_lon_p96p989594.npy,-61.508057,96.989594,390,395,summer,5,0.6111278831958771
eta_lat_m55p400803_lon_p150p989563.npy,-55.400803,150.989563,390,395,summer,5,0.12371015548706055
eta_lat_p5p545479_lon_p54p989578.npy,5.545479,54.989578,40,45,summer,5,0.10304440309604009
eta_lat_m44p523903_lon_p12p989578.npy,-44.523903,12.989578,10,15,summer,5,0.07690808052817981
eta_lat_m64p202515_lon_p84p989594.npy,-64.202515,84.989594,350,355,summer,5,0.6610038181145986
eta_lat_m61p508057_lon_m167p010422.npy,-61.508057,-167.010422,40,45,summer,5,0.12658857057491937
eta_lat_p48p374134_lon_m149p010422.npy,48.374134,-149.010422,385,390,summer,5,0.07983331009745598
eta_lat_m36p058659_lon_p162p989563.npy,-36.058659,162.989563,15,20,summer,5,0.16658811022837958
eta_lat_p11p027672_lon_m41p010422.npy,11.027672,-41.010422,335,340,summer,5,0.09081481397151947
eta_lat_m61p508057_lon_m11p010422.npy,-61.508057,-11.010422,375,380,summer,5,1.5546675125757854
eta_lat_m31p463802_lon_m125p010414.npy,-31.463802,-125.010414,340,345,summer,5,0.09143700699011485
eta_lat_m61p508057_lon_p162p989563.npy,-61.508057,162.989563,340,345,summer,5,0.11579004675149918
eta_lat_m21p610189_lon_p72p989594.npy,-21.610189,72.989594,5,10,summer,5,0.07843964795271556
eta_lat_m64p202515_lon_m83p010414.npy,-64.202515,-83.010414,360,365,summer,5,0.06297312304377556
eta_lat_m55p400803_lon_p108p989594.npy,-55.400803,108.989594,350,355,summer,5,0.14389842748641968
eta_lat_m26p641497_lon_m161p010422.npy,-26.641497,-161.010422,350,355,summer,5,0.075062262515227
eta_lat_m16p395037_lon_m107p010414.npy,-16.395037,-107.010414,400,405,summer,5,0.06694549197951953
eta_lat_m36p058659_lon_m173p010422.npy,-36.058659,-173.010422,355,360,summer,5,0.0775587186217308
eta_lat_m48p374134_lon_p42p989578.npy,-48.374134,42.989578,35,40,summer,5,0.1080087920029958
eta_lat_m44p523903_lon_m131p010422.npy,-44.523903,-131.010422,0,5,summer,5,0.10568773249785106
eta_lat_m31p463802_lon_p60p989578.npy,-31.463802,60.989578,45,50,summer,5,0.10348862409591675
eta_lat_m55p400803_lon_p162p989563.npy,-55.400803,162.989563,30,35,summer,5,0.28025588393211365
eta_lat_m68p928383_lon_m107p010414.npy,-68.928383,-107.010414,20,25,summer,5,0.16173731287320456
eta_lat_m48p374134_lon_m17p010422.npy,-48.374134,-17.010422,25,30,summer,5,0.0503458579381307
eta_lat_m26p641497_lon_m119p010414.npy,-26.641497,-119.010414,25,30,summer,5,0.07462779060006142
eta_lat_m51p994694_lon_m11p010422.npy,-51.994694,-11.010422,40,45,summer,5,0.08862009644508362
eta_lat_m61p508057_lon_m173p010422.npy,-61.508057,-173.010422,345,350,summer,5,0.0691133365035057
eta_lat_m40p414062_lon_m161p010422.npy,-40.414062,-161.010422,345,350,summer,5,0.07784367104371388
eta_lat_m68p928383_lon_m83p010414.npy,-68.928383,-83.010414,380,385,summer,5,0.48188623785972595
eta_lat_m64p202515_lon_p36p989578.npy,-64.202515,36.989578,380,385,summer,5,0.21047687033812204
eta_lat_m0p009682_lon_p90p989594.npy,-0.009682,90.989594,5,10,summer,5,0.12063408146301906
eta_lat_m40p414062_lon_p6p989578.npy,-40.414062,6.989578,10,15,summer,5,0.09282215684652328
eta_lat_m55p400803_lon_m161p010422.npy,-55.400803,-161.010422,45,50,summer,5,0.10435409347216289
eta_lat_m55p389462_lon_p90p989594.npy,-55.389462,90.989594,10,15,summer,5,0.09274309625228246
eta_lat_m16p395037_lon_p66p989594.npy,-16.395037,66.989594,350,355,summer,5,0.06215446690718333
eta_lat_m48p374134_lon_m5p010422.npy,-48.374134,-5.010422,350,355,summer,5,0.07316133379936218
eta_lat_p55p389462_lon_m35p010422.npy,55.389462,-35.010422,10,15,summer,5,0.06516672174135844
eta_lat_m16p395037_lon_m17p010422.npy,-16.395037,-17.010422,360,365,summer,5,0.06747040152549744
eta_lat_p11p027672_lon_m119p010414.npy,11.027672,-119.010414,330,335,summer,5,0.11621338874101639
eta_lat_m26p641497_lon_m23p010422.npy,-26.641497,-23.010422,10,15,summer,5,0.055419065058231354
eta_lat_m58p574665_lon_p78p989594.npy,-58.574665,78.989594,0,5,summer,5,0.10011260211467743
eta_lat_m5p545479_lon_m131p010422.npy,-5.545479,-131.010422,25,30,summer,5,0.10571497182051341
eta_lat_m71p110893_lon_m160p945129.npy,-71.110893,-160.945129,410,415,summer,5,0.8518882592519125
eta_lat_m16p395037_lon_p0p989578.npy,-16.395037,0.989578,45,50,summer,5,0.06706223264336586
eta_lat_m26p641497_lon_m11p010422.npy,-26.641497,-11.010422,340,345,summer,5,0.05765759696563085
eta_lat_m52p006847_lon_p120p989594.npy,-52.006847,120.989594,350,355,summer,5,0.09261045604944229
eta_lat_m26p641497_lon_m167p010422.npy,-26.641497,-167.010422,330,335,summer,5,0.07228457182645798
eta_lat_m52p006847_lon_m149p010422.npy,-52.006847,-149.010422,365,370,summer,5,0.08773399144411087
eta_lat_p63p711063_lon_m29p662918.npy,63.711063,-29.662918,350,355,summer,5,0.08561397592226665
eta_lat_p26p641497_lon_m23p010422.npy,26.641497,-23.010422,45,50,summer,5,0.07762409001588821
eta_lat_m36p058659_lon_m17p010422.npy,-36.058659,-17.010422,410,415,summer,5,0.07257808248202006
eta_lat_m11p027672_lon_m125p010414.npy,-11.027672,-125.010414,330,335,summer,5,0.09711967657009761
eta_lat_m36p058659_lon_m35p010422.npy,-36.058659,-35.010422,360,365,summer,5,0.08674061795075734
eta_lat_m11p027672_lon_m101p010414.npy,-11.027672,-101.010414,375,380,summer,5,0.11943451066811879
eta_lat_m40p414062_lon_m29p010422.npy,-40.414062,-29.010422,20,25,summer,5,0.14080990105867386
eta_lat_p0p009682_lon_m125p010414.npy,0.009682,-125.010414,25,30,summer,5,0.11428993940353394
eta_lat_m75p785980_lon_m171p738495.npy,-75.78598,-171.738495,350,355,summer,5,0.4763929347197215
eta_lat_m55p389462_lon_m59p010422.npy,-55.389462,-59.010422,400,405,summer,5,0.3886991540590922
eta_lat_p21p610189_lon_m149p010422.npy,21.610189,-149.010422,0,5,summer,5,0.06633126735687256
eta_lat_m36p058659_lon_m23p010422.npy,-36.058659,-23.010422,345,350,summer,5,0.06374159331123035
eta_lat_p31p463802_lon_p156p989563.npy,31.463802,156.989563,385,390,summer,5,0.07989958922068278
eta_lat_m52p006847_lon_p18p989578.npy,-52.006847,18.989578,380,385,summer,5,0.13878042747577032
eta_lat_p5p545479_lon_m131p010422.npy,5.545479,-131.010422,5,10,summer,5,0.12282022088766098
eta_lat_m51p994694_lon_p0p989578.npy,-51.994694,0.989578,0,5,summer,5,0.10067484527826309
eta_lat_m73p545830_lon_m172p573288.npy,-73.54583,-172.573288,330,335,summer,5,0.5685809652010599
eta_lat_m31p463802_lon_m143p010422.npy,-31.463802,-143.010422,395,400,summer,5,0.0727469672759374
eta_lat_p26p641497_lon_m71p010414.npy,26.641497,-71.010414,345,350,summer,5,0.07155471046765645
eta_lat_m55p400803_lon_m53p010422.npy,-55.400803,-53.010422,350,355,summer,5,0.19738963743050894
eta_lat_p0p009682_lon_m113p010414.npy,0.009682,-113.010414,345,350,summer,5,0.14127662281195322
eta_lat_m61p508057_lon_m143p010422.npy,-61.508057,-143.010422,5,10,summer,5,0.06985785812139511
eta_lat_m31p463802_lon_p60p989578.npy,-31.463802,60.989578,370,375,summer,5,0.08504545440276463
eta_lat_m66p662788_lon_m23p010422.npy,-66.662788,-23.010422,15,20,summer,5,0.7539102633794149
eta_lat_m36p058659_lon_m107p010414.npy,-36.058659,-107.010414,40,45,summer,5,0.058586406211058296
eta_lat_m48p374134_lon_p120p989594.npy,-48.374134,120.989594,0,5,summer,5,0.08521091689666112
eta_lat_m48p374134_lon_p24p989578.npy,-48.374134,24.989578,390,395,summer,5,0.11969188104073207
eta_lat_m48p374134_lon_m113p010414.npy,-48.374134,-113.010414,400,405,summer,5,0.10083906849225362
eta_lat_m73p720367_lon_m47p316681.npy,-73.720367,-47.316681,355,360,summer,5,1.3662538925806682
eta_lat_m40p414062_lon_m143p010422.npy,-40.414062,-143.010422,40,45,summer,5,0.05233912542462349
eta_lat_p16p395037_lon_m131p010422.npy,16.395037,-131.010422,385,390,summer,5,0.10138954470554988
eta_lat_p11p027672_lon_p156p989563.npy,11.027672,156.989563,400,405,summer,5,0.14067005117734274
eta_lat_m16p395037_lon_p78p989594.npy,-16.395037,78.989594,30,35,summer,5,0.086609681447347
eta_lat_m52p006847_lon_m107p010414.npy,-52.006847,-107.010414,20,25,summer,5,0.06829748302698135
eta_lat_m58p574665_lon_p96p989594.npy,-58.574665,96.989594,385,390,summer,5,0.12102518230676651
eta_lat_p51p994694_lon_m29p010422.npy,51.994694,-29.010422,10,15,summer,5,0.10086556772391002
eta_lat_m44p523903_lon_p120p989594.npy,-44.523903,120.989594,370,375,summer,5,0.0722068225344022
eta_lat_p31p463802_lon_m35p010422.npy,31.463802,-35.010422,360,365,summer,5,0.0795923521121343
eta_lat_m31p463802_lon_p60p989578.npy,-31.463802,60.989578,410,415,summer,5,0.06558813154697418
eta_lat_m61p508057_lon_p42p989578.npy,-61.508057,42.989578,355,360,summer,5,0.1247161974509557
eta_lat_p21p610189_lon_p132p989563.npy,21.610189,132.989563,325,330,summer,5,0.1267282615105311
eta_lat_m55p389462_lon_m83p010414.npy,-55.389462,-83.010414,400,405,summer,5,0.06840137143929799
eta_lat_m64p202515_lon_m113p010414.npy,-64.202515,-113.010414,390,395,summer,5,0.0727659414211909
eta_lat_m44p523903_lon_p108p989594.npy,-44.523903,108.989594,395,400,summer,5,0.24189156293869019
eta_lat_m21p610189_lon_p0p989578.npy,-21.610189,0.989578,335,340,summer,5,0.0484625498453776
eta_lat_p26p641497_lon_m59p010422.npy,26.641497,-59.010422,400,405,summer,5,0.07122284422318141
eta_lat_p40p414062_lon_m131p010422.npy,40.414062,-131.010422,25,30,summer,5,0.07477555175622304
eta_lat_p26p641497_lon_m47p010422.npy,26.641497,-47.010422,355,360,summer,5,0.07000362128019333
eta_lat_m48p374134_lon_m17p010422.npy,-48.374134,-17.010422,400,405,summer,5,0.09825083116690318
eta_lat_m58p574665_lon_p90p989594.npy,-58.574665,90.989594,415,420,summer,5,0.16611637671788534
eta_lat_m55p389462_lon_p12p989578.npy,-55.389462,12.989578,355,360,summer,5,0.1963584969441096
eta_lat_m36p058659_lon_p42p989578.npy,-36.058659,42.989578,10,15,summer,5,0.08256039768457413
eta_lat_m58p574665_lon_m119p010414.npy,-58.574665,-119.010414,15,20,summer,5,0.10143261402845383
eta_lat_m26p641497_lon_p6p989578.npy,-26.641497,6.989578,40,45,summer,5,0.0586896575987339
eta_lat_m40p414062_lon_m125p010414.npy,-40.414062,-125.010414,330,335,summer,5,0.10590404023726781
eta_lat_m68p928383_lon_m113p010414.npy,-68.928383,-113.010414,20,25,summer,5,0.19542690614859262
eta_lat_m71p296463_lon_m35p025223.npy,-71.296463,-35.025223,45,50,summer,5,1.449170192082723
eta_lat_p21p610189_lon_m173p010422.npy,21.610189,-173.010422,395,400,summer,5,0.07869549840688705
eta_lat_m58p574665_lon_p114p989594.npy,-58.574665,114.989594,10,15,summer,5,0.09479031215111415
eta_lat_m44p523903_lon_m89p010414.npy,-44.523903,-89.010414,345,350,summer,5,0.10499972601731618
eta_lat_m64p202515_lon_m131p010422.npy,-64.202515,-131.010422,5,10,summer,5,0.13857080042362213
eta_lat_p44p523903_lon_m173p010422.npy,44.523903,-173.010422,400,405,summer,5,0.06341002136468887
eta_lat_m11p027672_lon_m101p010414.npy,-11.027672,-101.010414,15,20,summer,5,0.07782380531231563
eta_lat_m58p574665_lon_m71p010414.npy,-58.574665,-71.010414,25,30,summer,5,0.3342015544573466
eta_lat_m64p202515_lon_m119p010414.npy,-64.202515,-119.010414,375,380,summer,5,0.31446639696757
eta_lat_m55p400803_lon_m11p010422.npy,-55.400803,-11.010422,5,10,summer,5,0.0825167919198672
eta_lat_m16p395037_lon_p108p989594.npy,-16.395037,108.989594,410,415,summer,5,0.07428942124048869
eta_lat_m55p400803_lon_m11p010422.npy,-55.400803,-11.010422,345,350,summer,5,0.09039833396673203
eta_lat_p70p660629_lon_m0p213028.npy,70.660629,-0.213028,335,340,summer,5,0.04256903752684593
eta_lat_m48p374134_lon_p0p989578.npy,-48.374134,0.989578,370,375,summer,5,0.0724807803829511
eta_lat_m55p400803_lon_p18p989578.npy,-55.400803,18.989578,390,395,summer,5,0.35496880610783893
eta_lat_m55p389462_lon_m107p010414.npy,-55.389462,-107.010414,400,405,summer,5,0.09431958943605423
eta_lat_m51p994694_lon_m149p010422.npy,-51.994694,-149.010422,0,5,summer,5,0.08926138530174892
eta_lat_p5p545479_lon_m155p010422.npy,5.545479,-155.010422,15,20,summer,5,0.11171014110247295
eta_lat_m68p928383_lon_m11p010422.npy,-68.928383,-11.010422,40,45,summer,5,0.43621107935905457
eta_lat_m64p202515_lon_m173p010422.npy,-64.202515,-173.010422,400,405,summer,5,0.29768412311871845
eta_lat_p51p994694_lon_m161p010422.npy,51.994694,-161.010422,325,330,summer,5,0.06685105959574382
eta_lat_m55p389462_lon_m173p010422.npy,-55.389462,-173.010422,10,15,summer,5,0.09900129338105519
eta_lat_p21p610189_lon_m131p010422.npy,21.610189,-131.010422,390,395,summer,5,0.10435951501131058
eta_lat_m61p508057_lon_p42p989578.npy,-61.508057,42.989578,415,420,summer,5,0.28274131814638775
eta_lat_p11p027672_lon_m173p010422.npy,11.027672,-173.010422,375,380,summer,5,0.12440925339857738
eta_lat_p51p994694_lon_m155p010422.npy,51.994694,-155.010422,410,415,summer,5,0.0723159263531367
eta_lat_m21p610189_lon_p72p989594.npy,-21.610189,72.989594,360,365,summer,5,0.08268529425064723
eta_lat_m51p994694_lon_p144p989563.npy,-51.994694,144.989563,25,30,summer,5,0.13306574275096258
eta_lat_p48p374134_lon_p168p989563.npy,48.374134,168.989563,330,335,summer,5,0.060093832512696586
eta_lat_m31p463802_lon_p60p989578.npy,-31.463802,60.989578,380,385,summer,5,0.06091079612572988
eta_lat_p5p545479_lon_m29p010422.npy,5.545479,-29.010422,25,30,summer,5,0.1490143189827601
eta_lat_m58p574665_lon_p18p989578.npy,-58.574665,18.989578,410,415,summer,5,0.2368092735608419
eta_lat_m73p621971_lon_m53p396431.npy,-73.621971,-53.396431,15,20,summer,5,1.3783313035964966
eta_lat_m36p058659_lon_p60p989578.npy,-36.058659,60.989578,330,335,summer,5,0.07059663782517116
eta_lat_m5p545479_lon_m11p010422.npy,-5.545479,-11.010422,415,420,summer,5,0.09244271367788315
eta_lat_m55p389462_lon_p6p989578.npy,-55.389462,6.989578,35,40,summer,5,0.2562715212504069
eta_lat_m55p400803_lon_p18p989578.npy,-55.400803,18.989578,0,5,summer,5,0.08727429807186127
eta_lat_m64p202515_lon_m83p010414.npy,-64.202515,-83.010414,45,50,summer,5,0.1124803548057874
eta_lat_m36p058659_lon_m101p010414.npy,-36.058659,-101.010414,5,10,summer,5,0.052123152961333595
eta_lat_m52p006847_lon_m113p010414.npy,-52.006847,-113.010414,345,350,summer,5,0.12900357941786447
eta_lat_m44p523903_lon_p60p989578.npy,-44.523903,60.989578,375,380,summer,5,0.18568621079126993
eta_lat_p11p027672_lon_m119p010414.npy,11.027672,-119.010414,45,50,summer,5,0.11525095005830129
eta_lat_m51p994694_lon_m29p010422.npy,-51.994694,-29.010422,360,365,summer,5,0.10614991188049316
eta_lat_m31p463802_lon_m125p010414.npy,-31.463802,-125.010414,45,50,summer,5,0.07019202411174774
eta_lat_m55p389462_lon_p150p989563.npy,-55.389462,150.989563,370,375,summer,5,0.12628819793462753
eta_lat_m26p641497_lon_p60p989578.npy,-26.641497,60.989578,380,385,summer,5,0.07126410802205403
eta_lat_m55p400803_lon_p144p989563.npy,-55.400803,144.989563,405,410,summer,5,0.06710940102736156
eta_lat_m40p414062_lon_m119p010414.npy,-40.414062,-119.010414,340,345,summer,5,0.07111268738905589
eta_lat_m58p574665_lon_m83p010414.npy,-58.574665,-83.010414,385,390,summer,5,0.10595633337895076
eta_lat_m51p994694_lon_p84p989594.npy,-51.994694,84.989594,400,405,summer,5,0.1814974844455719
eta_lat_m51p994694_lon_p90p989594.npy,-51.994694,90.989594,25,30,summer,5,0.11105334262053172
eta_lat_m55p389462_lon_p30p989578.npy,-55.389462,30.989578,375,380,summer,5,0.08784836406509082
eta_lat_p44p523903_lon_m149p010422.npy,44.523903,-149.010422,350,355,summer,5,0.06511327500144641
eta_lat_m40p414062_lon_m149p010422.npy,-40.414062,-149.010422,10,15,summer,5,0.08514203876256943
eta_lat_p5p545479_lon_m29p010422.npy,5.545479,-29.010422,405,410,summer,5,0.12774517387151718
eta_lat_m51p994694_lon_m161p010422.npy,-51.994694,-161.010422,415,420,summer,5,0.143283411860466
eta_lat_m16p395037_lon_m23p010422.npy,-16.395037,-23.010422,335,340,summer,5,0.06931602706511815
eta_lat_p36p058659_lon_m161p010422.npy,36.058659,-161.010422,330,335,summer,5,0.07261652126908302
eta_lat_m44p523903_lon_p24p989578.npy,-44.523903,24.989578,415,420,summer,5,0.12128622084856033
eta_lat_p16p395037_lon_m161p010422.npy,16.395037,-161.010422,40,45,summer,5,0.10112923383712769
eta_lat_p26p641497_lon_m41p010422.npy,26.641497,-41.010422,35,40,summer,5,0.062145004669825234
eta_lat_m55p400803_lon_m11p010422.npy,-55.400803,-11.010422,415,420,summer,5,0.06868988027175267
eta_lat_m44p523903_lon_m107p010414.npy,-44.523903,-107.010414,25,30,summer,5,0.05677623674273491
eta_lat_m68p928383_lon_m155p010422.npy,-68.928383,-155.010422,25,30,summer,5,0.2438408633073171
eta_lat_p31p463802_lon_p162p989563.npy,31.463802,162.989563,345,350,summer,5,0.11623093734184901
eta_lat_p48p374134_lon_p174p989563.npy,48.374134,174.989563,375,380,summer,5,0.0932704508304596
eta_lat_m26p641497_lon_m5p010422.npy,-26.641497,-5.010422,350,355,summer,5,0.0756118247906367
eta_lat_m68p928383_lon_m119p010414.npy,-68.928383,-119.010414,35,40,summer,5,0.7336065371831259
eta_lat_m52p006847_lon_m137p010422.npy,-52.006847,-137.010422,40,45,summer,5,0.1313370888431867
eta_lat_m5p545479_lon_m131p010422.npy,-5.545479,-131.010422,40,45,summer,5,0.10443185766537984
eta_lat_m66p662788_lon_m95p010414.npy,-66.662788,-95.010414,325,330,summer,5,0.1734254409869512
eta_lat_m66p662788_lon_m35p010422.npy,-66.662788,-35.010422,410,415,summer,5,0.6623125871022543
eta_lat_m68p928383_lon_m107p010414.npy,-68.928383,-107.010414,410,415,summer,5,0.2825317084789276
eta_lat_p48p374134_lon_m41p010422.npy,48.374134,-41.010422,410,415,summer,5,0.08800929288069408
eta_lat_m55p389462_lon_m161p010422.npy,-55.389462,-161.010422,390,395,summer,5,0.17243889470895132
eta_lat_m55p389462_lon_p12p989578.npy,-55.389462,12.989578,350,355,summer,5,0.1204650749762853
eta_lat_p44p523903_lon_m161p010422.npy,44.523903,-161.010422,5,10,summer,5,0.07656086732943852
eta_lat_m48p374134_lon_m101p010414.npy,-48.374134,-101.010414,355,360,summer,5,0.07147986193497975
eta_lat_m21p610189_lon_m101p010414.npy,-21.610189,-101.010414,15,20,summer,5,0.058889259894688926
eta_lat_m55p400803_lon_m53p010422.npy,-55.400803,-53.010422,340,345,summer,5,0.24482837319374084
eta_lat_m55p400803_lon_m89p010414.npy,-55.400803,-89.010414,390,395,summer,5,0.10182416935761769
eta_lat_p40p414062_lon_m173p010422.npy,40.414062,-173.010422,40,45,summer,5,0.09705692281325658
eta_lat_p26p641497_lon_m143p010422.npy,26.641497,-143.010422,0,5,summer,5,0.06317161892851193
eta_lat_m16p395037_lon_m131p010422.npy,-16.395037,-131.010422,370,375,summer,5,0.0697024737795194
eta_lat_m48p374134_lon_p120p989594.npy,-48.374134,120.989594,405,410,summer,5,0.12303819507360458
eta_lat_m66p662788_lon_m161p010422.npy,-66.662788,-161.010422,30,35,summer,5,0.7464313507080078
eta_lat_m36p058659_lon_m29p010422.npy,-36.058659,-29.010422,15,20,summer,5,0.08796274413665135
eta_lat_m66p662788_lon_m41p010422.npy,-66.662788,-41.010422,25,30,summer,5,1.0424913167953491
eta_lat_m55p389462_lon_m161p010422.npy,-55.389462,-161.010422,325,330,summer,5,0.10461725542942683
eta_lat_m70p897415_lon_m136p959152.npy,-70.897415,-136.959152,15,20,summer,5,0.12295346955458324
eta_lat_m16p395037_lon_m113p010414.npy,-16.395037,-113.010414,5,10,summer,5,0.06476749728123347
eta_lat_m58p574665_lon_m41p010422.npy,-58.574665,-41.010422,45,50,summer,5,0.08721595257520676
eta_lat_p0p009682_lon_m143p010422.npy,0.009682,-143.010422,30,35,summer,5,0.12039121737082799
eta_lat_m58p574665_lon_m5p010422.npy,-58.574665,-5.010422,415,420,summer,5,0.7805575529734293
eta_lat_p40p414062_lon_m47p010422.npy,40.414062,-47.010422,375,380,summer,5,0.0588530662159125
eta_lat_p48p374134_lon_m35p010422.npy,48.374134,-35.010422,355,360,summer,5,0.08369748791058858
eta_lat_m48p374134_lon_m5p010422.npy,-48.374134,-5.010422,0,5,summer,5,0.11104466021060944
eta_lat_m52p006847_lon_m29p010422.npy,-52.006847,-29.010422,5,10,summer,5,0.09455881516138713
eta_lat_m52p006847_lon_p132p989563.npy,-52.006847,132.989563,30,35,summer,5,0.09573597460985184
eta_lat_m68p928383_lon_m131p010422.npy,-68.928383,-131.010422,355,360,summer,5,0.7008475065231323
eta_lat_m71p317345_lon_m23p007370.npy,-71.317345,-23.00737,345,350,summer,5,0.7937937577565511
eta_lat_p21p610189_lon_p150p989563.npy,21.610189,150.989563,400,405,summer,5,0.11469971636931102
eta_lat_m66p662788_lon_m95p010414.npy,-66.662788,-95.010414,25,30,summer,5,0.16524181266625723
eta_lat_p11p027672_lon_m137p010422.npy,11.027672,-137.010422,415,420,summer,5,0.1284319112698237
eta_lat_p67p749512_lon_m6p266800.npy,67.749512,-6.2668,380,385,summer,5,0.06288707007964452
eta_lat_p31p463802_lon_m155p010422.npy,31.463802,-155.010422,400,405,summer,5,0.07783429324626923
eta_lat_m44p523903_lon_m161p010422.npy,-44.523903,-161.010422,380,385,summer,5,0.05528599893053373
eta_lat_m55p400803_lon_p12p989578.npy,-55.400803,12.989578,370,375,summer,5,0.2561648488044739
eta_lat_m11p027672_lon_m119p010414.npy,-11.027672,-119.010414,350,355,summer,5,0.08153412739435832
eta_lat_m61p508057_lon_p84p989594.npy,-61.508057,84.989594,375,380,summer,5,0.723320464293162
eta_lat_m61p508057_lon_p168p989563.npy,-61.508057,168.989563,0,5,summer,5,0.12832322468360266
eta_lat_p26p641497_lon_p162p989563.npy,26.641497,162.989563,410,415,summer,5,0.08767971148093541
eta_lat_p16p395037_lon_m131p010422.npy,16.395037,-131.010422,395,400,summer,5,0.10076407094796498
eta_lat_m36p058659_lon_m173p010422.npy,-36.058659,-173.010422,10,15,summer,5,0.05819112186630567
eta_lat_m76p178772_lon_m41p740692.npy,-76.178772,-41.740692,375,380,summer,5,0.4894005556901296
eta_lat_m71p260567_lon_p175p038208.npy,-71.260567,175.038208,340,345,summer,5,0.4818296233812968
eta_lat_p55p389462_lon_m41p010422.npy,55.389462,-41.010422,35,40,summer,5,0.07053987433513005
eta_lat_m64p202515_lon_m167p010422.npy,-64.202515,-167.010422,360,365,summer,5,0.21596900125344595
eta_lat_m55p400803_lon_p126p989594.npy,-55.400803,126.989594,15,20,summer,5,0.14624568819999695
eta_lat_m51p994694_lon_p120p989594.npy,-51.994694,120.989594,20,25,summer,5,0.12616261591513953
eta_lat_m58p574665_lon_p54p989578.npy,-58.574665,54.989578,5,10,summer,5,0.13546735048294067
eta_lat_m58p574665_lon_m143p010422.npy,-58.574665,-143.010422,45,50,summer,5,0.07937767604986827
eta_lat_m72p979408_lon_m148p561707.npy,-72.979408,-148.561707,405,410,summer,5,1.0823125839233398
eta_lat_m68p928383_lon_m149p010422.npy,-68.928383,-149.010422,360,365,summer,5,0.6993537346522013
eta_lat_m68p928383_lon_m41p010422.npy,-68.928383,-41.010422,340,345,summer,5,0.539043148358663
eta_lat_p31p463802_lon_m173p010422.npy,31.463802,-173.010422,10,15,summer,5,0.0669612114628156
eta_lat_m61p508057_lon_p6p989578.npy,-61.508057,6.989578,10,15,summer,5,0.3669809103012085
eta_lat_m44p523903_lon_p60p989578.npy,-44.523903,60.989578,380,385,summer,5,0.22655987242857614
eta_lat_p16p395037_lon_m143p010422.npy,16.395037,-143.010422,30,35,summer,5,0.10080491999785106
eta_lat_m52p006847_lon_p156p989563.npy,-52.006847,156.989563,345,350,summer,5,0.14248421788215637
eta_lat_m55p389462_lon_m95p010414.npy,-55.389462,-95.010414,410,415,summer,5,0.09147728731234868
eta_lat_m31p463802_lon_p72p989594.npy,-31.463802,72.989594,375,380,summer,5,0.06605094174544017
eta_lat_m64p202515_lon_p120p989594.npy,-64.202515,120.989594,365,370,summer,5,0.2880464146534602
eta_lat_p16p395037_lon_m53p010422.npy,16.395037,-53.010422,395,400,summer,5,0.07063880438605945
eta_lat_p48p374134_lon_p162p989563.npy,48.374134,162.989563,25,30,summer,5,0.09242050846417744
eta_lat_m55p400803_lon_m155p010422.npy,-55.400803,-155.010422,20,25,summer,5,0.09777710338433583
eta_lat_p65p913406_lon_m30p464722.npy,65.913406,-30.464722,415,420,summer,5,0.2600409785906474
eta_lat_m31p463802_lon_m161p010422.npy,-31.463802,-161.010422,0,5,summer,5,0.07248900458216667
eta_lat_p55p389462_lon_m29p010422.npy,55.389462,-29.010422,325,330,summer,5,0.08753009388844173
eta_lat_m64p202515_lon_m173p010422.npy,-64.202515,-173.010422,355,360,summer,5,0.25808412830034894
eta_lat_m61p508057_lon_p18p989578.npy,-61.508057,18.989578,5,10,summer,5,0.1977443347374598
eta_lat_m44p523903_lon_m137p010422.npy,-44.523903,-137.010422,405,410,summer,5,0.0583373469611009
eta_lat_p26p641497_lon_m71p010414.npy,26.641497,-71.010414,390,395,summer,5,0.07127467294534047
eta_lat_p11p027672_lon_m113p010414.npy,11.027672,-113.010414,40,45,summer,5,0.13306413342555365
eta_lat_p44p523903_lon_m137p010422.npy,44.523903,-137.010422,30,35,summer,5,0.08890280375878017
eta_lat_p26p641497_lon_m149p010422.npy,26.641497,-149.010422,5,10,summer,5,0.05966051916281382
eta_lat_p31p463802_lon_m155p010422.npy,31.463802,-155.010422,415,420,summer,5,0.07287874321142833
eta_lat_m51p994694_lon_m173p010422.npy,-51.994694,-173.010422,400,405,summer,5,0.1259483645359675
eta_lat_m40p414062_lon_p30p989578.npy,-40.414062,30.989578,25,30,summer,5,0.12755534301201502
eta_lat_m36p058659_lon_p90p989594.npy,-36.058659,90.989594,15,20,summer,5,0.07723732789357503
eta_lat_p31p463802_lon_m173p010422.npy,31.463802,-173.010422,30,35,summer,5,0.11352525899807613
eta_lat_p5p545479_lon_m137p010422.npy,5.545479,-137.010422,330,335,summer,5,0.1090410699446996
eta_lat_p48p374134_lon_m137p010422.npy,48.374134,-137.010422,345,350,summer,5,0.11243694027264912
eta_lat_m36p058659_lon_m35p010422.npy,-36.058659,-35.010422,415,420,summer,5,0.06706126530965169
eta_lat_p40p414062_lon_p168p989563.npy,40.414062,168.989563,365,370,summer,5,0.09212129314740498
eta_lat_p5p545479_lon_m143p010422.npy,5.545479,-143.010422,30,35,summer,5,0.10355147222677867
eta_lat_p44p523903_lon_p156p989563.npy,44.523903,156.989563,370,375,summer,5,0.07483666638533275
eta_lat_m0p009682_lon_p66p989594.npy,-0.009682,66.989594,330,335,summer,5,0.0992929016550382
eta_lat_m16p395037_lon_p66p989594.npy,-16.395037,66.989594,20,25,summer,5,0.07427689557274182
eta_lat_p11p027672_lon_p174p989563.npy,11.027672,174.989563,15,20,summer,5,0.10418028632799785
eta_lat_m21p610189_lon_m101p010414.npy,-21.610189,-101.010414,45,50,summer,5,0.05675061419606209
eta_lat_m55p389462_lon_p84p989594.npy,-55.389462,84.989594,340,345,summer,5,0.17456330358982086
eta_lat_p40p414062_lon_m161p010422.npy,40.414062,-161.010422,330,335,summer,5,0.08252149571975072
eta_lat_m64p202515_lon_p144p989563.npy,-64.202515,144.989563,385,390,summer,5,1.021936297416687
eta_lat_m71p250717_lon_m47p040466.npy,-71.250717,-47.040466,335,340,summer,5,0.2728774845600128
eta_lat_p36p058659_lon_m143p010422.npy,36.058659,-143.010422,20,25,summer,5,0.08289109170436859
eta_lat_m31p463802_lon_p36p989578.npy,-31.463802,36.989578,20,25,summer,5,0.08736533919970195
eta_lat_p11p027672_lon_p156p989563.npy,11.027672,156.989563,390,395,summer,5,0.11836530019839604
eta_lat_m26p641497_lon_m35p010422.npy,-26.641497,-35.010422,410,415,summer,5,0.05918559183677038
eta_lat_m40p414062_lon_p72p989594.npy,-40.414062,72.989594,415,420,summer,5,0.14591369281212488
eta_lat_m55p389462_lon_p66p989594.npy,-55.389462,66.989594,395,400,summer,5,0.056696551541487374
eta_lat_m61p508057_lon_m95p010414.npy,-61.508057,-95.010414,10,15,summer,5,0.11643195648988088
eta_lat_m55p400803_lon_p102p989594.npy,-55.400803,102.989594,25,30,summer,5,0.11204048742850621
eta_lat_p31p463802_lon_p174p989563.npy,31.463802,174.989563,15,20,summer,5,0.08102950205405553
eta_lat_m21p610189_lon_p72p989594.npy,-21.610189,72.989594,405,410,summer,5,0.08702339231967926
eta_lat_m58p574665_lon_p54p989578.npy,-58.574665,54.989578,345,350,summer,5,0.14951749642690024
eta_lat_m64p202515_lon_p66p989594.npy,-64.202515,66.989594,45,50,summer,5,1.9661929607391357
eta_lat_m36p058659_lon_m131p010422.npy,-36.058659,-131.010422,350,355,summer,5,0.07742840300003688
eta_lat_p36p058659_lon_m143p010422.npy,36.058659,-143.010422,365,370,summer,5,0.06480725109577179
eta_lat_m52p006847_lon_m47p010422.npy,-52.006847,-47.010422,380,385,summer,5,0.07533630977074306
eta_lat_m26p641497_lon_p66p989594.npy,-26.641497,66.989594,25,30,summer,5,0.06156889349222183
eta_lat_m16p395037_lon_p90p989594.npy,-16.395037,90.989594,350,355,summer,5,0.0847777674595515
eta_lat_m44p523903_lon_m53p010422.npy,-44.523903,-53.010422,40,45,summer,5,0.1748543530702591
eta_lat_m55p389462_lon_p138p989563.npy,-55.389462,138.989563,415,420,summer,5,0.06310266504685084
eta_lat_p11p027672_lon_m41p010422.npy,11.027672,-41.010422,360,365,summer,5,0.1285679191350937
eta_lat_m40p414062_lon_m125p010414.npy,-40.414062,-125.010414,325,330,summer,5,0.09032413115104039
eta_lat_m73p291496_lon_m160p547073.npy,-73.291496,-160.547073,390,395,summer,5,1.1619633038838704
eta_lat_m58p574665_lon_p36p989578.npy,-58.574665,36.989578,360,365,summer,5,0.16885551065206528
eta_lat_m61p508057_lon_p126p989594.npy,-61.508057,126.989594,370,375,summer,5,0.19419424732526144
eta_lat_m16p395037_lon_p66p989594.npy,-16.395037,66.989594,360,365,summer,5,0.06857659046848615
eta_lat_p11p027672_lon_m137p010422.npy,11.027672,-137.010422,355,360,summer,5,0.12986242274443308
eta_lat_m64p202515_lon_m137p010422.npy,-64.202515,-137.010422,395,400,summer,5,0.8173792958259583
eta_lat_m66p662788_lon_m5p010422.npy,-66.662788,-5.010422,395,400,summer,5,2.6778465112050376
eta_lat_m31p463802_lon_m29p010422.npy,-31.463802,-29.010422,335,340,summer,5,0.057998952766259514
eta_lat_p51p994694_lon_m35p010422.npy,51.994694,-35.010422,335,340,summer,5,0.06243128329515457
eta_lat_m40p414062_lon_m95p010414.npy,-40.414062,-95.010414,30,35,summer,5,0.058377171556154885
eta_lat_m64p202515_lon_m77p010414.npy,-64.202515,-77.010414,5,10,summer,5,0.3461516300837199
eta_lat_m70p857033_lon_m130p966385.npy,-70.857033,-130.966385,375,380,summer,5,0.5353240768114725
eta_lat_p16p395037_lon_m161p010422.npy,16.395037,-161.010422,415,420,summer,5,0.08917712916930516
eta_lat_m51p994694_lon_p120p989594.npy,-51.994694,120.989594,25,30,summer,5,0.11282550791899364
eta_lat_p5p545479_lon_m35p010422.npy,5.545479,-35.010422,10,15,summer,5,0.1054144153992335
eta_lat_m64p202515_lon_p66p989594.npy,-64.202515,66.989594,5,10,summer,5,0.7219955126444498
eta_lat_m61p508057_lon_m89p010414.npy,-61.508057,-89.010414,400,405,summer,5,0.15059621135393778
eta_lat_m31p463802_lon_p66p989594.npy,-31.463802,66.989594,410,415,summer,5,0.06280284623305003
eta_lat_m52p006847_lon_m113p010414.npy,-52.006847,-113.010414,20,25,summer,5,0.09507799396912257
eta_lat_m36p058659_lon_m161p010422.npy,-36.058659,-161.010422,45,50,summer,5,0.057599189380804695
eta_lat_m61p508057_lon_p162p989563.npy,-61.508057,162.989563,15,20,summer,5,0.22023063401381174
eta_lat_p16p395037_lon_m35p010422.npy,16.395037,-35.010422,330,335,summer,5,0.09139091024796168
eta_lat_m64p202515_lon_m155p010422.npy,-64.202515,-155.010422,20,25,summer,5,0.2672434051831563
eta_lat_m52p006847_lon_m23p010422.npy,-52.006847,-23.010422,340,345,summer,5,0.0976415400703748
eta_lat_m55p400803_lon_m5p010422.npy,-55.400803,-5.010422,340,345,summer,5,0.07864317297935486
eta_lat_p44p523903_lon_m23p010422.npy,44.523903,-23.010422,0,5,summer,5,0.0681185411910216
eta_lat_m26p641497_lon_m29p010422.npy,-26.641497,-29.010422,40,45,summer,5,0.07225922991832097
eta_lat_p21p610189_lon_m53p010422.npy,21.610189,-53.010422,335,340,summer,5,0.07115308195352554
eta_lat_p26p641497_lon_m161p010422.npy,26.641497,-161.010422,15,20,summer,5,0.08273241420586903
eta_lat_m61p508057_lon_m95p010414.npy,-61.508057,-95.010414,395,400,summer,5,0.1061425507068634
eta_lat_m5p545479_lon_m131p010422.npy,-5.545479,-131.010422,355,360,summer,5,0.09834490716457367
eta_lat_m66p662788_lon_p6p989578.npy,-66.662788,6.989578,415,420,summer,5,0.3684583256642024
eta_lat_p11p027672_lon_m167p010422.npy,11.027672,-167.010422,410,415,summer,5,0.10974900921185811
eta_lat_m40p414062_lon_m167p010422.npy,-40.414062,-167.010422,370,375,summer,5,0.09876096993684769
eta_lat_m64p202515_lon_p162p989563.npy,-64.202515,162.989563,400,405,summer,5,0.7131295204162598
eta_lat_m68p928383_lon_p168p989563.npy,-68.928383,168.989563,345,350,summer,5,0.17363663017749786
eta_lat_p36p058659_lon_m41p010422.npy,36.058659,-41.010422,30,35,summer,5,0.06631646305322647
eta_lat_m36p058659_lon_m131p010422.npy,-36.058659,-131.010422,0,5,summer,5,0.08491094286243121
eta_lat_m0p009682_lon_p54p989578.npy,-0.009682,54.989578,400,405,summer,5,0.1260725980003675
eta_lat_m61p508057_lon_p18p989578.npy,-61.508057,18.989578,365,370,summer,5,0.3332507610321045
eta_lat_p48p374134_lon_p162p989563.npy,48.374134,162.989563,355,360,summer,5,0.06791039556264877
eta_lat_m55p389462_lon_m155p010422.npy,-55.389462,-155.010422,15,20,summer,5,0.11009137829144795
eta_lat_p31p463802_lon_m59p010422.npy,31.463802,-59.010422,405,410,summer,5,0.12054658929506938
eta_lat_m55p400803_lon_m143p010422.npy,-55.400803,-143.010422,45,50,summer,5,0.0701846219599247
eta_lat_m44p523903_lon_p6p989578.npy,-44.523903,6.989578,335,340,summer,5,0.0751327487329642
eta_lat_m52p006847_lon_p156p989563.npy,-52.006847,156.989563,380,385,summer,5,0.35710599025090534
eta_lat_m61p508057_lon_m101p010414.npy,-61.508057,-101.010414,35,40,summer,5,0.11898811161518097
eta_lat_p48p374134_lon_m155p010422.npy,48.374134,-155.010422,345,350,summer,5,0.09907417992750804
eta_lat_m58p574665_lon_m83p010414.npy,-58.574665,-83.010414,330,335,summer,5,0.09725730369488399
eta_lat_m64p202515_lon_p174p989563.npy,-64.202515,174.989563,340,345,summer,5,0.2085165729125341
eta_lat_m52p006847_lon_p6p989578.npy,-52.006847,6.989578,335,340,summer,5,0.11896759271621704
eta_lat_m31p463802_lon_m149p010422.npy,-31.463802,-149.010422,405,410,summer,5,0.08663435777028401
eta_lat_p55p389462_lon_m143p010422.npy,55.389462,-143.010422,380,385,summer,5,0.06727646539608638
eta_lat_m58p574665_lon_m155p010422.npy,-58.574665,-155.010422,355,360,summer,5,0.10117517908414204
eta_lat_p58p392208_lon_m35p018463.npy,58.392208,-35.018463,360,365,summer,5,0.056874945759773254
eta_lat_p5p545479_lon_m149p010422.npy,5.545479,-149.010422,370,375,summer,5,0.10434667269388835
eta_lat_m51p994694_lon_m47p010422.npy,-51.994694,-47.010422,375,380,summer,5,0.12609742085138956
eta_lat_m40p414062_lon_m113p010414.npy,-40.414062,-113.010414,355,360,summer,5,0.0691877156496048
eta_lat_m51p994694_lon_p90p989594.npy,-51.994694,90.989594,370,375,summer,5,0.08559827258189519
eta_lat_p26p641497_lon_p168p989563.npy,26.641497,168.989563,360,365,summer,5,0.07498723765214284
eta_lat_m55p389462_lon_m167p010422.npy,-55.389462,-167.010422,415,420,summer,5,0.10471293330192566
eta_lat_m48p374134_lon_p30p989578.npy,-48.374134,30.989578,335,340,summer,5,0.11666835844516754
eta_lat_m48p374134_lon_m125p010414.npy,-48.374134,-125.010414,385,390,summer,5,0.1291441892584165
eta_lat_m48p374134_lon_m167p010422.npy,-48.374134,-167.010422,350,355,summer,5,0.09287140518426895
eta_lat_m40p414062_lon_m161p010422.npy,-40.414062,-161.010422,45,50,summer,5,0.08565917611122131
eta_lat_m51p994694_lon_p6p989578.npy,-51.994694,6.989578,360,365,summer,5,0.08347134788831075
eta_lat_p21p610189_lon_m149p010422.npy,21.610189,-149.010422,350,355,summer,5,0.07309805850187938
eta_lat_m11p027672_lon_p84p989594.npy,-11.027672,84.989594,390,395,summer,5,0.09500534335772197
eta_lat_m31p463802_lon_p36p989578.npy,-31.463802,36.989578,375,380,summer,5,0.12022936344146729
eta_lat_m58p574665_lon_m173p010422.npy,-58.574665,-173.010422,0,5,summer,5,0.08039750655492146
eta_lat_m61p508057_lon_p96p989594.npy,-61.508057,96.989594,385,390,summer,5,0.5523425936698914
eta_lat_m55p400803_lon_m83p010414.npy,-55.400803,-83.010414,30,35,summer,5,0.050254762172698975
eta_lat_m36p058659_lon_m155p010422.npy,-36.058659,-155.010422,345,350,summer,5,0.04782355949282646
eta_lat_m68p928383_lon_m47p010422.npy,-68.928383,-47.010422,370,375,summer,5,0.7973240613937378
eta_lat_m36p058659_lon_p84p989594.npy,-36.058659,84.989594,330,335,summer,5,0.07856307178735733
eta_lat_m55p400803_lon_p132p989563.npy,-55.400803,132.989563,360,365,summer,5,0.11871988326311111
eta_lat_m73p621971_lon_m53p396431.npy,-73.621971,-53.396431,45,50,summer,5,0.20276068647702536
eta_lat_p40p414062_lon_p156p989563.npy,40.414062,156.989563,370,375,summer,5,0.09992465873559316
eta_lat_p51p994694_lon_m161p010422.npy,51.994694,-161.010422,20,25,summer,5,0.0732328047355016
eta_lat_m21p610189_lon_p108p989594.npy,-21.610189,108.989594,30,35,summer,5,0.09522595753272374
eta_lat_m55p389462_lon_m125p010414.npy,-55.389462,-125.010414,10,15,summer,5,0.09683648993571599
eta_lat_m58p574665_lon_m11p010422.npy,-58.574665,-11.010422,340,345,summer,5,0.8083526293436686
eta_lat_m31p463802_lon_m173p010422.npy,-31.463802,-173.010422,370,375,summer,5,0.07387364904085796
eta_lat_m68p928383_lon_m41p010422.npy,-68.928383,-41.010422,335,340,summer,5,0.3307098150253296
eta_lat_m73p291496_lon_m160p547073.npy,-73.291496,-160.547073,375,380,summer,5,0.9783769448598226
eta_lat_m48p374134_lon_m23p010422.npy,-48.374134,-23.010422,20,25,summer,5,0.10513787219921748
eta_lat_m48p374134_lon_p12p989578.npy,-48.374134,12.989578,385,390,summer,5,0.1654203881820043
eta_lat_m31p463802_lon_p90p989594.npy,-31.463802,90.989594,390,395,summer,5,0.07315496355295181
eta_lat_p11p027672_lon_m173p010422.npy,11.027672,-173.010422,35,40,summer,5,0.0992035095890363
eta_lat_m26p641497_lon_m23p010422.npy,-26.641497,-23.010422,360,365,summer,5,0.05726816753546397
eta_lat_m36p058659_lon_m101p010414.npy,-36.058659,-101.010414,405,410,summer,5,0.0674274613459905
eta_lat_p31p463802_lon_m23p010422.npy,31.463802,-23.010422,5,10,summer,5,0.0659591481089592
eta_lat_m58p574665_lon_m83p010414.npy,-58.574665,-83.010414,365,370,summer,5,0.09692311038573583
eta_lat_m55p400803_lon_p24p989578.npy,-55.400803,24.989578,25,30,summer,5,0.12279921273390453
eta_lat_m31p463802_lon_m131p010422.npy,-31.463802,-131.010422,385,390,summer,5,0.11883975317080815
eta_lat_m55p389462_lon_m113p010414.npy,-55.389462,-113.010414,365,370,summer,5,0.08955615510543187
eta_lat_m11p027672_lon_p78p989594.npy,-11.027672,78.989594,10,15,summer,5,0.08276387055714925
eta_lat_p31p463802_lon_m161p010422.npy,31.463802,-161.010422,410,415,summer,5,0.07666153212388356
eta_lat_m61p508057_lon_p174p989563.npy,-61.508057,174.989563,45,50,summer,5,0.07159678637981415
eta_lat_m64p202515_lon_m143p010422.npy,-64.202515,-143.010422,30,35,summer,5,0.12117235362529755
eta_lat_p16p395037_lon_m47p010422.npy,16.395037,-47.010422,370,375,summer,5,0.08791351070006688
eta_lat_m55p389462_lon_p72p989594.npy,-55.389462,72.989594,355,360,summer,5,0.09546059121688207
eta_lat_m21p610189_lon_p108p989594.npy,-21.610189,108.989594,390,395,summer,5,0.09804867208003998
eta_lat_m48p374134_lon_p108p989594.npy,-48.374134,108.989594,350,355,summer,5,0.10287649184465408
eta_lat_p36p058659_lon_p150p989563.npy,36.058659,150.989563,350,355,summer,5,0.28800860047340393
eta_lat_m44p523903_lon_p108p989594.npy,-44.523903,108.989594,30,35,summer,5,0.09383838623762131
eta_lat_m71p110893_lon_m160p945129.npy,-71.110893,-160.945129,370,375,summer,5,0.8685433467229208
eta_lat_m36p058659_lon_p96p989594.npy,-36.058659,96.989594,35,40,summer,5,0.06277210762103398
eta_lat_p21p610189_lon_m35p010422.npy,21.610189,-35.010422,365,370,summer,5,0.08293909579515457
eta_lat_p0p009682_lon_m125p010414.npy,0.009682,-125.010414,355,360,summer,5,0.11852711190780003
eta_lat_p21p610189_lon_m131p010422.npy,21.610189,-131.010422,325,330,summer,5,0.07820937285820644
eta_lat_m36p058659_lon_m101p010414.npy,-36.058659,-101.010414,30,35,summer,5,0.0497671402990818
eta_lat_p44p523903_lon_m35p010422.npy,44.523903,-35.010422,15,20,summer,5,0.07177274177471797
eta_lat_m40p414062_lon_m47p010422.npy,-40.414062,-47.010422,35,40,summer,5,0.0829608105123043
eta_lat_p51p994694_lon_m41p010422.npy,51.994694,-41.010422,325,330,summer,5,0.11720835665861766
eta_lat_m31p463802_lon_m131p010422.npy,-31.463802,-131.010422,400,405,summer,5,0.06323372696836789
eta_lat_m68p928383_lon_m95p010414.npy,-68.928383,-95.010414,335,340,summer,5,0.8002814253171285
eta_lat_p44p523903_lon_p156p989563.npy,44.523903,156.989563,325,330,summer,5,0.07776351769765218
eta_lat_m52p006847_lon_p96p989594.npy,-52.006847,96.989594,35,40,summer,5,0.07803058003385861
eta_lat_m73p796959_lon_m41p244324.npy,-73.796959,-41.244324,365,370,summer,5,0.4047122399012248
eta_lat_m73p796959_lon_m41p244324.npy,-73.796959,-41.244324,325,330,summer,5,0.2107765922943751
eta_lat_m64p202515_lon_m143p010422.npy,-64.202515,-143.010422,365,370,summer,5,1.0322505235671997
eta_lat_m55p389462_lon_p114p989594.npy,-55.389462,114.989594,25,30,summer,5,0.0771360124150912
eta_lat_m40p414062_lon_m29p010422.npy,-40.414062,-29.010422,400,405,summer,5,0.10835909595092137
eta_lat_m48p374134_lon_m89p010414.npy,-48.374134,-89.010414,15,20,summer,5,0.04739562049508095
eta_lat_m36p058659_lon_m17p010422.npy,-36.058659,-17.010422,20,25,summer,5,0.07568830251693726
eta_lat_m51p994694_lon_p138p989563.npy,-51.994694,138.989563,410,415,summer,5,0.06447217116753261
eta_lat_m48p374134_lon_m89p010414.npy,-48.374134,-89.010414,330,335,summer,5,0.06532535950342815
eta_lat_p36p058659_lon_m149p010422.npy,36.058659,-149.010422,350,355,summer,5,0.06467386335134506
eta_lat_p16p395037_lon_p162p989563.npy,16.395037,162.989563,0,5,summer,5,0.07452402263879776
eta_lat_m48p374134_lon_m131p010422.npy,-48.374134,-131.010422,25,30,summer,5,0.05199077849586805
eta_lat_m66p662788_lon_m95p010414.npy,-66.662788,-95.010414,30,35,summer,5,0.12912469605604807
eta_lat_m61p508057_lon_m125p010414.npy,-61.508057,-125.010414,355,360,summer,5,0.07724102959036827
eta_lat_m44p523903_lon_p96p989594.npy,-44.523903,96.989594,25,30,summer,5,0.13927010695139566
eta_lat_m52p006847_lon_m11p010422.npy,-52.006847,-11.010422,15,20,summer,5,0.08001028373837471
eta_lat_m58p574665_lon_p162p989563.npy,-58.574665,162.989563,360,365,summer,5,0.1046995222568512
eta_lat_p70p750267_lon_p6p987473.npy,70.750267,6.987473,410,415,summer,5,0.0832465390364329
eta_lat_p31p463802_lon_m29p010422.npy,31.463802,-29.010422,330,335,summer,5,0.0845578263203303
eta_lat_m16p395037_lon_p78p989594.npy,-16.395037,78.989594,395,400,summer,5,0.07609933366378148
eta_lat_m44p523903_lon_p24p989578.npy,-44.523903,24.989578,35,40,summer,5,0.0908414622147878
eta_lat_m16p395037_lon_m17p010422.npy,-16.395037,-17.010422,335,340,summer,5,0.059896754721800484
eta_lat_p16p395037_lon_m161p010422.npy,16.395037,-161.010422,330,335,summer,5,0.0775684987505277
eta_lat_m64p202515_lon_m77p010414.npy,-64.202515,-77.010414,40,45,summer,5,0.12880434095859528
eta_lat_m5p545479_lon_m101p010414.npy,-5.545479,-101.010414,5,10,summer,5,0.09812511006991069
eta_lat_m68p928383_lon_m47p010422.npy,-68.928383,-47.010422,40,45,summer,5,0.26018835604190826
eta_lat_m31p463802_lon_p72p989594.npy,-31.463802,72.989594,355,360,summer,5,0.06273580466707547
eta_lat_m73p621971_lon_m53p396431.npy,-73.621971,-53.396431,330,335,summer,5,0.16172469655672708
eta_lat_m55p400803_lon_m47p010422.npy,-55.400803,-47.010422,375,380,summer,5,0.09371042127410571
eta_lat_p21p610189_lon_m65p010414.npy,21.610189,-65.010414,350,355,summer,5,0.06936430434385936
eta_lat_p16p395037_lon_m137p010422.npy,16.395037,-137.010422,0,5,summer,5,0.10623935610055923
eta_lat_m61p508057_lon_p96p989594.npy,-61.508057,96.989594,30,35,summer,5,0.45154324173927307
eta_lat_m51p994694_lon_p0p989578.npy,-51.994694,0.989578,30,35,summer,5,0.05953996876875559
eta_lat_p36p058659_lon_m35p010422.npy,36.058659,-35.010422,360,365,summer,5,0.07451909283796947
eta_lat_m61p508057_lon_p6p989578.npy,-61.508057,6.989578,15,20,summer,5,0.33345123132069904
eta_lat_m58p574665_lon_p42p989578.npy,-58.574665,42.989578,345,350,summer,5,0.0780265877644221
eta_lat_m44p523903_lon_p24p989578.npy,-44.523903,24.989578,360,365,summer,5,0.09025462468465169
eta_lat_m51p994694_lon_p36p989578.npy,-51.994694,36.989578,40,45,summer,5,0.10300731162230174
eta_lat_m55p389462_lon_p162p989563.npy,-55.389462,162.989563,5,10,summer,5,0.2656240463256836
eta_lat_m58p574665_lon_m113p010414.npy,-58.574665,-113.010414,350,355,summer,5,0.07598031808932622
eta_lat_m55p389462_lon_m101p010414.npy,-55.389462,-101.010414,10,15,summer,5,0.07744570324818294
eta_lat_m58p574665_lon_p78p989594.npy,-58.574665,78.989594,385,390,summer,5,0.16613521178563437
eta_lat_p40p414062_lon_p168p989563.npy,40.414062,168.989563,415,420,summer,5,0.12479780614376068
eta_lat_m66p662788_lon_p24p989578.npy,-66.662788,24.989578,400,405,summer,5,0.20552938679854074
eta_lat_m55p389462_lon_m155p010422.npy,-55.389462,-155.010422,355,360,summer,5,0.07759445905685425
eta_lat_p21p610189_lon_m143p010422.npy,21.610189,-143.010422,25,30,summer,5,0.07981462528308232
eta_lat_m0p009682_lon_p54p989578.npy,-0.009682,54.989578,45,50,summer,5,0.12063807994127274
eta_lat_m70p951729_lon_m142p952744.npy,-70.951729,-142.952744,20,25,summer,5,0.07140971968571345
eta_lat_p31p463802_lon_p168p989563.npy,31.463802,168.989563,375,380,summer,5,0.0937568446000417
eta_lat_m11p027672_lon_p78p989594.npy,-11.027672,78.989594,355,360,summer,5,0.10008078813552856
eta_lat_p21p610189_lon_m137p010422.npy,21.610189,-137.010422,410,415,summer,5,0.08352533479531606
eta_lat_p36p058659_lon_m149p010422.npy,36.058659,-149.010422,335,340,summer,5,0.060657317439715065
eta_lat_p26p641497_lon_m137p010422.npy,26.641497,-137.010422,330,335,summer,5,0.0905896673599879
eta_lat_p55p389462_lon_p174p989563.npy,55.389462,174.989563,380,385,summer,5,0.06303975482781728
eta_lat_m5p545479_lon_m149p010422.npy,-5.545479,-149.010422,30,35,summer,5,0.08793347577253978
eta_lat_m58p574665_lon_p0p989578.npy,-58.574665,0.989578,330,335,summer,5,0.36875321467717487
eta_lat_p44p523903_lon_m173p010422.npy,44.523903,-173.010422,345,350,summer,5,0.06331594164172809
eta_lat_m55p400803_lon_p6p989578.npy,-55.400803,6.989578,5,10,summer,5,0.12630647917588553
eta_lat_m5p545479_lon_p90p989594.npy,-5.545479,90.989594,10,15,summer,5,0.09905994683504105
eta_lat_m61p508057_lon_p66p989594.npy,-61.508057,66.989594,40,45,summer,5,0.6284649769465128
eta_lat_m55p400803_lon_p66p989594.npy,-55.400803,66.989594,410,415,summer,5,0.07403906683127086
eta_lat_m61p508057_lon_m83p010414.npy,-61.508057,-83.010414,5,10,summer,5,0.11187365651130676
eta_lat_m40p414062_lon_m125p010414.npy,-40.414062,-125.010414,380,385,summer,5,0.07914043093721072
eta_lat_p26p641497_lon_m53p010422.npy,26.641497,-53.010422,325,330,summer,5,0.06317562982439995
eta_lat_p31p463802_lon_p162p989563.npy,31.463802,162.989563,370,375,summer,5,0.09532922506332397
eta_lat_m11p027672_lon_m125p010414.npy,-11.027672,-125.010414,390,395,summer,5,0.08633412172396977
eta_lat_p26p641497_lon_m125p010414.npy,26.641497,-125.010414,40,45,summer,5,0.08731336146593094
eta_lat_m16p395037_lon_m11p010422.npy,-16.395037,-11.010422,325,330,summer,5,0.07298258692026138
eta_lat_p21p610189_lon_m47p010422.npy,21.610189,-47.010422,415,420,summer,5,0.07254427919785182
eta_lat_m51p994694_lon_m89p010414.npy,-51.994694,-89.010414,20,25,summer,5,0.07323781897624333
eta_lat_m11p027672_lon_m101p010414.npy,-11.027672,-101.010414,20,25,summer,5,0.09603793919086456
eta_lat_m55p389462_lon_m167p010422.npy,-55.389462,-167.010422,400,405,summer,5,0.10559670875469844
eta_lat_m48p374134_lon_m161p010422.npy,-48.374134,-161.010422,370,375,summer,5,0.08326504627863567
eta_lat_m55p389462_lon_m155p010422.npy,-55.389462,-155.010422,365,370,summer,5,0.09678308665752411
eta_lat_p48p374134_lon_p162p989563.npy,48.374134,162.989563,5,10,summer,5,0.08361454556385677
eta_lat_m55p389462_lon_p120p989594.npy,-55.389462,120.989594,15,20,summer,5,0.09130959709485371
eta_lat_m48p374134_lon_p120p989594.npy,-48.374134,120.989594,395,400,summer,5,0.13783398270606995
eta_lat_p11p027672_lon_m173p010422.npy,11.027672,-173.010422,0,5,summer,5,0.09817606707413991
eta_lat_p5p545479_lon_m167p010422.npy,5.545479,-167.010422,360,365,summer,5,0.11471946040789287
eta_lat_p31p463802_lon_m125p010414.npy,31.463802,-125.010414,330,335,summer,5,0.07892935474713643
eta_lat_m36p058659_lon_m143p010422.npy,-36.058659,-143.010422,390,395,summer,5,0.06367919842402141
eta_lat_m55p400803_lon_m53p010422.npy,-55.400803,-53.010422,370,375,summer,5,0.24984676639238992
eta_lat_m16p395037_lon_p0p989578.npy,-16.395037,0.989578,325,330,summer,5,0.061608547965685524
eta_lat_m31p463802_lon_m101p010414.npy,-31.463802,-101.010414,0,5,summer,5,0.055648566534121834
eta_lat_m11p027672_lon_m89p010414.npy,-11.027672,-89.010414,45,50,summer,5,0.07921689252058665
eta_lat_p16p395037_lon_m149p010422.npy,16.395037,-149.010422,330,335,summer,5,0.08064208428064983
eta_lat_m55p389462_lon_p12p989578.npy,-55.389462,12.989578,405,410,summer,5,0.5464726487795512
eta_lat_p36p058659_lon_p174p989563.npy,36.058659,174.989563,345,350,summer,5,0.10070809970299403
eta_lat_m26p641497_lon_m161p010422.npy,-26.641497,-161.010422,345,350,summer,5,0.10175341616074245
eta_lat_p16p395037_lon_m161p010422.npy,16.395037,-161.010422,15,20,summer,5,0.10481973737478256
eta_lat_p0p009682_lon_m167p010422.npy,0.009682,-167.010422,30,35,summer,5,0.11004973699649175
eta_lat_m48p374134_lon_p84p989594.npy,-48.374134,84.989594,35,40,summer,5,0.11822598427534103
eta_lat_m55p389462_lon_p138p989563.npy,-55.389462,138.989563,380,385,summer,5,0.06737913936376572
eta_lat_p31p463802_lon_p162p989563.npy,31.463802,162.989563,25,30,summer,5,0.08476450790961583
eta_lat_m66p662788_lon_m11p010422.npy,-66.662788,-11.010422,325,330,summer,5,0.6212486426035563
eta_lat_m31p463802_lon_p96p989594.npy,-31.463802,96.989594,15,20,summer,5,0.1521639476219813
eta_lat_m40p414062_lon_p48p989578.npy,-40.414062,48.989578,395,400,summer,5,0.10520692666371663
eta_lat_m16p395037_lon_m83p010414.npy,-16.395037,-83.010414,385,390,summer,5,0.06412625809510548
eta_lat_p31p463802_lon_m161p010422.npy,31.463802,-161.010422,40,45,summer,5,0.0702222337325414
eta_lat_m31p463802_lon_m137p010422.npy,-31.463802,-137.010422,350,355,summer,5,0.09331576029459636
eta_lat_p55p389462_lon_p174p989563.npy,55.389462,174.989563,365,370,summer,5,0.09505924582481384
eta_lat_p5p545479_lon_m95p010414.npy,5.545479,-95.010414,10,15,summer,5,0.16194725533326468
eta_lat_m16p395037_lon_p6p989578.npy,-16.395037,6.989578,325,330,summer,5,0.06768267477552097
eta_lat_p16p395037_lon_p156p989563.npy,16.395037,156.989563,390,395,summer,5,0.0960638498266538
eta_lat_p58p428707_lon_m29p032135.npy,58.428707,-29.032135,0,5,summer,5,0.09409886971116066
eta_lat_m64p202515_lon_p36p989578.npy,-64.202515,36.989578,410,415,summer,5,0.34293322761853534
eta_lat_m31p463802_lon_p90p989594.npy,-31.463802,90.989594,415,420,summer,5,0.07099636271595955
eta_lat_m58p574665_lon_m137p010422.npy,-58.574665,-137.010422,35,40,summer,5,0.10129369795322418
eta_lat_m68p928383_lon_p174p989563.npy,-68.928383,174.989563,390,395,summer,5,0.2658099979162216
eta_lat_m61p508057_lon_m83p010414.npy,-61.508057,-83.010414,370,375,summer,5,0.14873134096463522
eta_lat_m31p463802_lon_m89p010414.npy,-31.463802,-89.010414,355,360,summer,5,0.10479859014352162
eta_lat_m64p202515_lon_m155p010422.npy,-64.202515,-155.010422,415,420,summer,5,0.21431423723697662
eta_lat_m40p414062_lon_m119p010414.npy,-40.414062,-119.010414,405,410,summer,5,0.08234559992949168
eta_lat_m36p058659_lon_m119p010414.npy,-36.058659,-119.010414,30,35,summer,5,0.0616606722275416
eta_lat_p44p523903_lon_m17p010422.npy,44.523903,-17.010422,380,385,summer,5,0.06926366935173671
eta_lat_m44p523903_lon_p30p989578.npy,-44.523903,30.989578,340,345,summer,5,0.10824194550514221
eta_lat_m51p994694_lon_m89p010414.npy,-51.994694,-89.010414,330,335,summer,5,0.08178083598613739
eta_lat_p26p641497_lon_m23p010422.npy,26.641497,-23.010422,15,20,summer,5,0.06839728355407715
eta_lat_m26p641497_lon_m11p010422.npy,-26.641497,-11.010422,360,365,summer,5,0.06781148786346118
eta_lat_m0p009682_lon_m35p010422.npy,-0.009682,-35.010422,390,395,summer,5,0.13037742425998053
eta_lat_p44p523903_lon_m149p010422.npy,44.523903,-149.010422,360,365,summer,5,0.10330101102590561
eta_lat_m61p508057_lon_m35p010422.npy,-61.508057,-35.010422,365,370,summer,5,1.4734952847162883
eta_lat_m58p574665_lon_m77p010414.npy,-58.574665,-77.010414,405,410,summer,5,0.0850981871287028
eta_lat_p36p058659_lon_m41p010422.npy,36.058659,-41.010422,395,400,summer,5,0.07281521459420522
eta_lat_m70p821320_lon_m118p983330.npy,-70.82132,-118.98333,325,330,summer,5,0.8822078108787537
eta_lat_p40p414062_lon_m167p010422.npy,40.414062,-167.010422,20,25,summer,5,0.07152688627441724
eta_lat_p44p523903_lon_m29p010422.npy,44.523903,-29.010422,380,385,summer,5,0.08479994535446167
eta_lat_m16p395037_lon_m113p010414.npy,-16.395037,-113.010414,30,35,summer,5,0.06347572430968285
eta_lat_p11p027672_lon_m29p010422.npy,11.027672,-29.010422,365,370,summer,5,0.09769216428200404
eta_lat_m48p374134_lon_m167p010422.npy,-48.374134,-167.010422,385,390,summer,5,0.10844692836205165
eta_lat_m40p414062_lon_p54p989578.npy,-40.414062,54.989578,400,405,summer,5,0.16226195792357126
eta_lat_m5p545479_lon_m5p010422.npy,-5.545479,-5.010422,380,385,summer,5,0.07496832807858785
eta_lat_m61p508057_lon_m119p010414.npy,-61.508057,-119.010414,0,5,summer,5,0.07431371385852496
eta_lat_m44p523903_lon_p138p989563.npy,-44.523903,138.989563,375,380,summer,5,0.12489369511604309
eta_lat_p21p610189_lon_m149p010422.npy,21.610189,-149.010422,30,35,summer,5,0.07553257544835408
eta_lat_m16p395037_lon_p78p989594.npy,-16.395037,78.989594,25,30,summer,5,0.07749992857376735
eta_lat_m55p389462_lon_m119p010414.npy,-55.389462,-119.010414,350,355,summer,5,0.10605521748463313
eta_lat_m48p374134_lon_m149p010422.npy,-48.374134,-149.010422,360,365,summer,5,0.10756045083204906
eta_lat_m44p523903_lon_m149p010422.npy,-44.523903,-149.010422,390,395,summer,5,0.10796244442462921
eta_lat_m48p374134_lon_p102p989594.npy,-48.374134,102.989594,340,345,summer,5,0.08610714475313823
eta_lat_m40p414062_lon_m89p010414.npy,-40.414062,-89.010414,370,375,summer,5,0.06814280897378922
eta_lat_p40p414062_lon_m167p010422.npy,40.414062,-167.010422,45,50,summer,5,0.09344569096962611
eta_lat_m58p574665_lon_p60p989578.npy,-58.574665,60.989578,400,405,summer,5,0.07959312697251637
eta_lat_m64p202515_lon_p54p989578.npy,-64.202515,54.989578,30,35,summer,5,0.39216922720273334
eta_lat_m55p389462_lon_m143p010422.npy,-55.389462,-143.010422,5,10,summer,5,0.13686824838320413
eta_lat_m51p994694_lon_p6p989578.npy,-51.994694,6.989578,355,360,summer,5,0.09363633394241333
eta_lat_m48p374134_lon_m83p010414.npy,-48.374134,-83.010414,335,340,summer,5,0.08781841397285461
eta_lat_p31p463802_lon_m59p010422.npy,31.463802,-59.010422,5,10,summer,5,0.09031381458044052
eta_lat_p11p027672_lon_m41p010422.npy,11.027672,-41.010422,330,335,summer,5,0.1193581074476242
eta_lat_m40p414062_lon_p60p989578.npy,-40.414062,60.989578,335,340,summer,5,0.10713118563095729
eta_lat_m48p374134_lon_m35p010422.npy,-48.374134,-35.010422,380,385,summer,5,0.1556002895037333
eta_lat_m61p508057_lon_m101p010414.npy,-61.508057,-101.010414,380,385,summer,5,0.11669514576594035
eta_lat_m58p574665_lon_m143p010422.npy,-58.574665,-143.010422,20,25,summer,5,0.1123383641242981
eta_lat_m26p641497_lon_m119p010414.npy,-26.641497,-119.010414,0,5,summer,5,0.05778198813398679
eta_lat_m64p202515_lon_p174p989563.npy,-64.202515,174.989563,370,375,summer,5,0.28170493245124817
eta_lat_m64p202515_lon_m101p010414.npy,-64.202515,-101.010414,20,25,summer,5,0.05236185093720754
eta_lat_m11p027672_lon_m101p010414.npy,-11.027672,-101.010414,25,30,summer,5,0.09504822393258412
eta_lat_m52p006847_lon_m83p010414.npy,-52.006847,-83.010414,0,5,summer,5,0.057495757937431335
eta_lat_m55p389462_lon_p36p989578.npy,-55.389462,36.989578,35,40,summer,5,0.09869253883759181
eta_lat_m64p202515_lon_m143p010422.npy,-64.202515,-143.010422,10,15,summer,5,0.12846903999646506
eta_lat_m64p202515_lon_m95p010414.npy,-64.202515,-95.010414,350,355,summer,5,0.09487142413854599
eta_lat_m36p058659_lon_m17p010422.npy,-36.058659,-17.010422,370,375,summer,5,0.07266434033711751
eta_lat_m31p463802_lon_p48p989578.npy,-31.463802,48.989578,40,45,summer,5,0.10686610142389934
eta_lat_p40p414062_lon_m173p010422.npy,40.414062,-173.010422,415,420,summer,5,0.11316374937693278
eta_lat_m58p574665_lon_p108p989594.npy,-58.574665,108.989594,400,405,summer,5,0.08822750548521678
eta_lat_m26p641497_lon_p90p989594.npy,-26.641497,90.989594,345,350,summer,5,0.08036534488201141
eta_lat_m64p202515_lon_p36p989578.npy,-64.202515,36.989578,345,350,summer,5,0.24626861015955606
eta_lat_p36p058659_lon_m47p010422.npy,36.058659,-47.010422,0,5,summer,5,0.063591664036115
eta_lat_p40p414062_lon_m173p010422.npy,40.414062,-173.010422,45,50,summer,5,0.0841595580180486
eta_lat_p11p027672_lon_m101p010414.npy,11.027672,-101.010414,345,350,summer,5,0.1453861544529597
eta_lat_m64p202515_lon_p150p989563.npy,-64.202515,150.989563,335,340,summer,5,0.18750797708829245
eta_lat_m40p414062_lon_m113p010414.npy,-40.414062,-113.010414,325,330,summer,5,0.06424025446176529
eta_lat_m73p118896_lon_m154p539932.npy,-73.118896,-154.539932,410,415,summer,5,0.9112485647201538
eta_lat_m58p574665_lon_p168p989563.npy,-58.574665,168.989563,5,10,summer,5,0.0768813689549764
eta_lat_m48p374134_lon_p42p989578.npy,-48.374134,42.989578,340,345,summer,5,0.12622839709122977
eta_lat_m44p523903_lon_p12p989578.npy,-44.523903,12.989578,330,335,summer,5,0.10117374857266744
eta_lat_m26p641497_lon_m29p010422.npy,-26.641497,-29.010422,30,35,summer,5,0.052260092149178185
eta_lat_m66p662788_lon_m95p010414.npy,-66.662788,-95.010414,35,40,summer,5,0.16908477991819382
eta_lat_p36p058659_lon_m53p010422.npy,36.058659,-53.010422,415,420,summer,5,0.07793337355057399
eta_lat_m55p400803_lon_m5p010422.npy,-55.400803,-5.010422,335,340,summer,5,0.14847294986248016
eta_lat_m61p508057_lon_m77p010414.npy,-61.508057,-77.010414,15,20,summer,5,0.09719131886959076
eta_lat_m0p009682_lon_p78p989594.npy,-0.009682,78.989594,40,45,summer,5,0.13720410565535227
eta_lat_m52p006847_lon_p90p989594.npy,-52.006847,90.989594,30,35,summer,5,0.10228231549263
eta_lat_m48p374134_lon_m101p010414.npy,-48.374134,-101.010414,365,370,summer,5,0.0707715426882108
eta_lat_p21p610189_lon_m137p010422.npy,21.610189,-137.010422,5,10,summer,5,0.08357923477888107
eta_lat_m58p574665_lon_p132p989563.npy,-58.574665,132.989563,45,50,summer,5,0.08309556792179744
eta_lat_m44p523903_lon_m143p010422.npy,-44.523903,-143.010422,30,35,summer,5,0.048221152275800705
eta_lat_p70p750267_lon_p6p987473.npy,70.750267,6.987473,15,20,summer,5,0.13216512401898703
eta_lat_m52p006847_lon_p96p989594.npy,-52.006847,96.989594,330,335,summer,5,0.14890440801779428
eta_lat_m44p523903_lon_p66p989594.npy,-44.523903,66.989594,330,335,summer,5,0.212239608168602
eta_lat_m51p994694_lon_m5p010422.npy,-51.994694,-5.010422,360,365,summer,5,0.0832829475402832
eta_lat_m55p389462_lon_m173p010422.npy,-55.389462,-173.010422,40,45,summer,5,0.11308987935384114
eta_lat_p26p641497_lon_m23p010422.npy,26.641497,-23.010422,360,365,summer,5,0.07859952251116435
eta_lat_m48p374134_lon_m29p010422.npy,-48.374134,-29.010422,0,5,summer,5,0.07173834492762883
eta_lat_m31p463802_lon_m143p010422.npy,-31.463802,-143.010422,45,50,summer,5,0.06979160383343697
eta_lat_m61p508057_lon_p102p989594.npy,-61.508057,102.989594,375,380,summer,5,0.44348494211832684
eta_lat_m31p463802_lon_p48p989578.npy,-31.463802,48.989578,335,340,summer,5,0.08595102777083714
eta_lat_m52p006847_lon_m29p010422.npy,-52.006847,-29.010422,0,5,summer,5,0.10884199788173039
eta_lat_m58p574665_lon_p144p989563.npy,-58.574665,144.989563,30,35,summer,5,0.06408952673276265
eta_lat_p58p392208_lon_m35p018463.npy,58.392208,-35.018463,350,355,summer,5,0.06681379800041516
eta_lat_m21p610189_lon_m17p010422.npy,-21.610189,-17.010422,0,5,summer,5,0.05552264551321665
eta_lat_m55p389462_lon_m173p010422.npy,-55.389462,-173.010422,385,390,summer,5,0.16072614987691244
eta_lat_m64p202515_lon_p36p989578.npy,-64.202515,36.989578,370,375,summer,5,0.27781710028648376
eta_lat_m61p508057_lon_p156p989563.npy,-61.508057,156.989563,20,25,summer,5,0.09917611877123515
eta_lat_p0p009682_lon_m143p010422.npy,0.009682,-143.010422,345,350,summer,5,0.1415135661760966
eta_lat_m44p523903_lon_p12p989578.npy,-44.523903,12.989578,0,5,summer,5,0.08028693248828252
eta_lat_p36p058659_lon_p156p989563.npy,36.058659,156.989563,350,355,summer,5,0.12042498588562012
eta_lat_p44p523903_lon_m137p010422.npy,44.523903,-137.010422,400,405,summer,5,0.08383577316999435
eta_lat_m26p641497_lon_p174p989563.npy,-26.641497,174.989563,325,330,summer,5,0.09646018594503403
eta_lat_p11p027672_lon_m167p010422.npy,11.027672,-167.010422,395,400,summer,5,0.113458717862765
eta_lat_p21p610189_lon_p174p989563.npy,21.610189,174.989563,10,15,summer,5,0.0958878422776858
eta_lat_m5p545479_lon_p168p989563.npy,-5.545479,168.989563,35,40,summer,5,0.11631530026594798
eta_lat_m64p202515_lon_p18p989578.npy,-64.202515,18.989578,340,345,summer,5,0.17734493811925253
eta_lat_p44p523903_lon_p162p989563.npy,44.523903,162.989563,45,50,summer,5,0.19719485441843668
eta_lat_m58p574665_lon_m125p010414.npy,-58.574665,-125.010414,0,5,summer,5,0.07782414555549622
eta_lat_m44p523903_lon_m167p010422.npy,-44.523903,-167.010422,370,375,summer,5,0.07779054095347722
eta_lat_m55p389462_lon_m143p010422.npy,-55.389462,-143.010422,25,30,summer,5,0.13838983327150345
eta_lat_p0p009682_lon_p162p989563.npy,0.009682,162.989563,5,10,summer,5,0.147136261065801
eta_lat_p40p414062_lon_m161p010422.npy,40.414062,-161.010422,25,30,summer,5,0.0720363346238931
eta_lat_m55p400803_lon_p36p989578.npy,-55.400803,36.989578,400,405,summer,5,0.08931317180395126
eta_lat_m52p006847_lon_p120p989594.npy,-52.006847,120.989594,375,380,summer,5,0.12821756800015768
eta_lat_m5p545479_lon_m5p010422.npy,-5.545479,-5.010422,335,340,summer,5,0.07477051268021266
eta_lat_m51p994694_lon_p150p989563.npy,-51.994694,150.989563,340,345,summer,5,0.15955238540967306
eta_lat_m58p574665_lon_p120p989594.npy,-58.574665,120.989594,15,20,summer,5,0.07083103557427724
eta_lat_m61p508057_lon_p168p989563.npy,-61.508057,168.989563,40,45,summer,5,0.10189428925514221
eta_lat_m58p574665_lon_p72p989594.npy,-58.574665,72.989594,15,20,summer,5,0.21744690338770548
eta_lat_m61p508057_lon_p156p989563.npy,-61.508057,156.989563,390,395,summer,5,0.17483824491500854
eta_lat_m55p389462_lon_p72p989594.npy,-55.389462,72.989594,390,395,summer,5,0.10058069725831349
eta_lat_p5p545479_lon_m119p010414.npy,5.545479,-119.010414,380,385,summer,5,0.11084040502707164
eta_lat_m0p009682_lon_m11p010422.npy,-0.009682,-11.010422,325,330,summer,5,0.09760011980930965
eta_lat_m51p994694_lon_p18p989578.npy,-51.994694,18.989578,350,355,summer,5,0.10116903111338615
eta_lat_m36p058659_lon_m113p010414.npy,-36.058659,-113.010414,415,420,summer,5,0.05743751674890518
eta_lat_m0p009682_lon_m5p010422.npy,-0.009682,-5.010422,0,5,summer,5,0.08090786635875702
eta_lat_m73p621971_lon_m53p396431.npy,-73.621971,-53.396431,0,5,summer,5,0.1768480638662974
eta_lat_m51p994694_lon_m173p010422.npy,-51.994694,-173.010422,355,360,summer,5,0.16877563297748566
eta_lat_p21p610189_lon_m53p010422.npy,21.610189,-53.010422,410,415,summer,5,0.08336640646060307
eta_lat_m0p009682_lon_p54p989578.npy,-0.009682,54.989578,365,370,summer,5,0.09484089414278667
eta_lat_m31p463802_lon_p78p989594.npy,-31.463802,78.989594,390,395,summer,5,0.07742766042550404
eta_lat_p51p994694_lon_m137p010422.npy,51.994694,-137.010422,5,10,summer,5,0.1508828749259313
eta_lat_m44p523903_lon_m131p010422.npy,-44.523903,-131.010422,410,415,summer,5,0.06384274115165074
eta_lat_m52p006847_lon_m47p010422.npy,-52.006847,-47.010422,15,20,summer,5,0.09853207319974899
eta_lat_p36p058659_lon_m47p010422.npy,36.058659,-47.010422,350,355,summer,5,0.10755180815855662
eta_lat_m61p508057_lon_p96p989594.npy,-61.508057,96.989594,340,345,summer,5,0.3567009965578715
eta_lat_m44p523903_lon_p90p989594.npy,-44.523903,90.989594,390,395,summer,5,0.09373564024766286
eta_lat_p31p463802_lon_m47p010422.npy,31.463802,-47.010422,380,385,summer,5,0.07071090986331303
eta_lat_m64p202515_lon_m41p010422.npy,-64.202515,-41.010422,390,395,summer,5,0.8525521159172058
eta_lat_m0p009682_lon_m23p010422.npy,-0.009682,-23.010422,0,5,summer,5,0.13743164638678232
eta_lat_m31p463802_lon_m17p010422.npy,-31.463802,-17.010422,355,360,summer,5,0.06379636873801549
eta_lat_m21p610189_lon_m119p010414.npy,-21.610189,-119.010414,395,400,summer,5,0.06098242476582527
eta_lat_m64p202515_lon_p18p989578.npy,-64.202515,18.989578,40,45,summer,5,0.32380099097887677
eta_lat_m64p202515_lon_p42p989578.npy,-64.202515,42.989578,30,35,summer,5,0.4014802873134613
eta_lat_p0p009682_lon_m143p010422.npy,0.009682,-143.010422,5,10,summer,5,0.14122264087200165
eta_lat_p31p463802_lon_p156p989563.npy,31.463802,156.989563,350,355,summer,5,0.08225410928328832
eta_lat_m44p523903_lon_m17p010422.npy,-44.523903,-17.010422,405,410,summer,5,0.06802992150187492
eta_lat_p11p027672_lon_m113p010414.npy,11.027672,-113.010414,45,50,summer,5,0.11452784637610118
eta_lat_p26p641497_lon_m35p010422.npy,26.641497,-35.010422,345,350,summer,5,0.06462300320466359
eta_lat_p5p545479_lon_m173p010422.npy,5.545479,-173.010422,355,360,summer,5,0.13177590568860373
eta_lat_p21p610189_lon_p150p989563.npy,21.610189,150.989563,25,30,summer,5,0.1027532493074735
eta_lat_m55p389462_lon_m95p010414.npy,-55.389462,-95.010414,335,340,summer,5,0.08728373299042384
eta_lat_p31p463802_lon_m53p010422.npy,31.463802,-53.010422,35,40,summer,5,0.06853989760080974
eta_lat_m73p888268_lon_m29p051193.npy,-73.888268,-29.051193,405,410,summer,5,2.0090229908625283
eta_lat_p44p523903_lon_m167p010422.npy,44.523903,-167.010422,370,375,summer,5,0.09726836532354355
eta_lat_m58p574665_lon_p54p989578.npy,-58.574665,54.989578,330,335,summer,5,0.08727800349394481
eta_lat_m52p006847_lon_p6p989578.npy,-52.006847,6.989578,350,355,summer,5,0.08210863173007965
eta_lat_p58p499409_lon_m52p959564.npy,58.499409,-52.959564,400,405,summer,5,0.09720547000567119
eta_lat_p5p545479_lon_m29p010422.npy,5.545479,-29.010422,35,40,summer,5,0.14568993945916495
eta_lat_m61p508057_lon_m131p010422.npy,-61.508057,-131.010422,20,25,summer,5,0.08845062553882599
eta_lat_m11p027672_lon_p66p989594.npy,-11.027672,66.989594,355,360,summer,5,0.08297228813171387
eta_lat_p26p641497_lon_m71p010414.npy,26.641497,-71.010414,360,365,summer,5,0.07895365357398987
eta_lat_m58p574665_lon_p90p989594.npy,-58.574665,90.989594,370,375,summer,5,0.14707623918851218
eta_lat_p5p545479_lon_m155p010422.npy,5.545479,-155.010422,375,380,summer,5,0.13728163888057074
eta_lat_m55p389462_lon_m5p010422.npy,-55.389462,-5.010422,390,395,summer,5,0.40935389200846356
eta_lat_m58p574665_lon_m173p010422.npy,-58.574665,-173.010422,405,410,summer,5,0.09254656980435054
eta_lat_m48p374134_lon_m53p010422.npy,-48.374134,-53.010422,330,335,summer,5,0.1402620275815328
eta_lat_m36p058659_lon_p72p989594.npy,-36.058659,72.989594,40,45,summer,5,0.055534387628237404
eta_lat_p26p641497_lon_m131p010422.npy,26.641497,-131.010422,415,420,summer,5,0.08194953451553981
eta_lat_m55p389462_lon_p120p989594.npy,-55.389462,120.989594,395,400,summer,5,0.11224516729513805
eta_lat_m16p395037_lon_p90p989594.npy,-16.395037,90.989594,35,40,summer,5,0.09098899861176808
eta_lat_m55p389462_lon_m113p010414.npy,-55.389462,-113.010414,370,375,summer,5,0.13817202548185983
eta_lat_p0p009682_lon_m167p010422.npy,0.009682,-167.010422,380,385,summer,5,0.1198410615324974
eta_lat_m55p389462_lon_m113p010414.npy,-55.389462,-113.010414,5,10,summer,5,0.08162808666626613
eta_lat_m61p508057_lon_p12p989578.npy,-61.508057,12.989578,385,390,summer,5,0.3198350667953491
eta_lat_p11p027672_lon_m41p010422.npy,11.027672,-41.010422,385,390,summer,5,0.12705668061971664
eta_lat_m61p508057_lon_p174p989563.npy,-61.508057,174.989563,400,405,summer,5,0.12038379162549973
eta_lat_m36p058659_lon_m95p010414.npy,-36.058659,-95.010414,45,50,summer,5,0.06277201945583026
eta_lat_m58p574665_lon_p120p989594.npy,-58.574665,120.989594,385,390,summer,5,0.0729260394970576
eta_lat_p21p610189_lon_m65p010414.npy,21.610189,-65.010414,390,395,summer,5,0.07277289777994156
eta_lat_p48p374134_lon_m155p010422.npy,48.374134,-155.010422,30,35,summer,5,0.09706162164608638
eta_lat_m68p928383_lon_m101p010414.npy,-68.928383,-101.010414,30,35,summer,5,0.3539253771305084
eta_lat_m55p400803_lon_m47p010422.npy,-55.400803,-47.010422,30,35,summer,5,0.06906649594505627
eta_lat_m61p508057_lon_m89p010414.npy,-61.508057,-89.010414,380,385,summer,5,0.08426701029141744
eta_lat_m72p979408_lon_m148p561707.npy,-72.979408,-148.561707,360,365,summer,5,1.1107242504755657
eta_lat_p65p913406_lon_m30p464722.npy,65.913406,-30.464722,0,5,summer,5,0.21125318109989166
eta_lat_m58p574665_lon_m155p010422.npy,-58.574665,-155.010422,15,20,summer,5,0.07734519739945729
eta_lat_m72p830154_lon_m142p626068.npy,-72.830154,-142.626068,345,350,summer,5,1.5803132851918538
eta_lat_m40p414062_lon_m125p010414.npy,-40.414062,-125.010414,30,35,summer,5,0.06846556812524796
eta_lat_m58p574665_lon_p72p989594.npy,-58.574665,72.989594,375,380,summer,5,0.2530891199906667
eta_lat_m26p641497_lon_m23p010422.npy,-26.641497,-23.010422,15,20,summer,5,0.05200158307949702
eta_lat_m51p994694_lon_m53p010422.npy,-51.994694,-53.010422,0,5,summer,5,0.13769165674845377
eta_lat_m31p463802_lon_m35p010422.npy,-31.463802,-35.010422,375,380,summer,5,0.07029814769824345
eta_lat_m26p641497_lon_m167p010422.npy,-26.641497,-167.010422,400,405,summer,5,0.07751655081907909
eta_lat_m40p414062_lon_p114p989594.npy,-40.414062,114.989594,390,395,summer,5,0.08000503480434418
eta_lat_m0p009682_lon_m5p010422.npy,-0.009682,-5.010422,45,50,summer,5,0.08745617667833964
eta_lat_m64p202515_lon_m83p010414.npy,-64.202515,-83.010414,10,15,summer,5,0.07542074595888455
eta_lat_m26p641497_lon_p72p989594.npy,-26.641497,72.989594,340,345,summer,5,0.09188968936602275
eta_lat_m58p574665_lon_m167p010422.npy,-58.574665,-167.010422,0,5,summer,5,0.06991876165072124
eta_lat_m26p641497_lon_m155p010422.npy,-26.641497,-155.010422,15,20,summer,5,0.0731052706638972
eta_lat_p44p523903_lon_p156p989563.npy,44.523903,156.989563,380,385,summer,5,0.09466339151064555
eta_lat_m36p058659_lon_m173p010422.npy,-36.058659,-173.010422,330,335,summer,5,0.07360752547780673
eta_lat_p44p523903_lon_m35p010422.npy,44.523903,-35.010422,410,415,summer,5,0.061163304994503655
eta_lat_m70p831284_lon_m107p022827.npy,-70.831284,-107.022827,355,360,summer,5,0.6713036100069681
eta_lat_m26p641497_lon_p72p989594.npy,-26.641497,72.989594,400,405,summer,5,0.07597024987141292
eta_lat_p44p523903_lon_m23p010422.npy,44.523903,-23.010422,5,10,summer,5,0.07974914958079656
eta_lat_m68p928383_lon_m35p010422.npy,-68.928383,-35.010422,415,420,summer,5,1.174271543820699
eta_lat_m36p058659_lon_m173p010422.npy,-36.058659,-173.010422,390,395,summer,5,0.10263095051050186
eta_lat_m58p574665_lon_m53p010422.npy,-58.574665,-53.010422,415,420,summer,5,0.16656618813673654
eta_lat_m48p374134_lon_m137p010422.npy,-48.374134,-137.010422,370,375,summer,5,0.048061106353998184
eta_lat_m51p994694_lon_p96p989594.npy,-51.994694,96.989594,30,35,summer,5,0.11805214236179988
eta_lat_m21p610189_lon_m125p010414.npy,-21.610189,-125.010414,10,15,summer,5,0.05910369008779526
eta_lat_m26p641497_lon_p102p989594.npy,-26.641497,102.989594,40,45,summer,5,0.08694484084844589
eta_lat_m44p523903_lon_p138p989563.npy,-44.523903,138.989563,370,375,summer,5,0.0712342659632365
eta_lat_m16p395037_lon_p102p989594.npy,-16.395037,102.989594,340,345,summer,5,0.07808323452870052
eta_lat_m52p006847_lon_p150p989563.npy,-52.006847,150.989563,340,345,summer,5,0.13351312776406607
eta_lat_m55p400803_lon_p24p989578.npy,-55.400803,24.989578,385,390,summer,5,0.08157121514280637
eta_lat_m0p009682_lon_m5p010422.npy,-0.009682,-5.010422,15,20,summer,5,0.10294981052478154
eta_lat_m31p463802_lon_m137p010422.npy,-31.463802,-137.010422,355,360,summer,5,0.06725379824638367
eta_lat_m40p414062_lon_m131p010422.npy,-40.414062,-131.010422,355,360,summer,5,0.06972886125246684
eta_lat_m55p400803_lon_m161p010422.npy,-55.400803,-161.010422,360,365,summer,5,0.11216668287913005
eta_lat_m55p400803_lon_p168p989563.npy,-55.400803,168.989563,390,395,summer,5,0.3143614927927653
eta_lat_m61p508057_lon_m77p010414.npy,-61.508057,-77.010414,335,340,summer,5,0.09082924326260884
eta_lat_m31p463802_lon_p36p989578.npy,-31.463802,36.989578,25,30,summer,5,0.08393867562214534
eta_lat_m61p508057_lon_p114p989594.npy,-61.508057,114.989594,45,50,summer,5,0.2020282248655955
eta_lat_m73p859009_lon_m35p162323.npy,-73.859009,-35.162323,30,35,summer,5,0.726771612962087
eta_lat_p31p463802_lon_m143p010422.npy,31.463802,-143.010422,25,30,summer,5,0.07577129205067952
eta_lat_m64p202515_lon_m17p010422.npy,-64.202515,-17.010422,405,410,summer,5,0.6236804922421774
eta_lat_m26p641497_lon_p96p989594.npy,-26.641497,96.989594,405,410,summer,5,0.08537985881169637
eta_lat_m66p662788_lon_m29p010422.npy,-66.662788,-29.010422,405,410,summer,5,0.8068327903747559
eta_lat_m64p202515_lon_m83p010414.npy,-64.202515,-83.010414,5,10,summer,5,0.07338755205273628
eta_lat_m26p641497_lon_m167p010422.npy,-26.641497,-167.010422,355,360,summer,5,0.06682229787111282
eta_lat_m61p508057_lon_p162p989563.npy,-61.508057,162.989563,410,415,summer,5,0.21145779887835184
eta_lat_m44p523903_lon_p60p989578.npy,-44.523903,60.989578,25,30,summer,5,0.259604478875796
eta_lat_m66p662788_lon_m143p010422.npy,-66.662788,-143.010422,390,395,summer,5,0.5899263421694437
eta_lat_m64p202515_lon_m155p010422.npy,-64.202515,-155.010422,35,40,summer,5,0.3676405151685079
eta_lat_m68p928383_lon_m29p010422.npy,-68.928383,-29.010422,400,405,summer,5,1.3106202284495037
eta_lat_m58p574665_lon_m11p010422.npy,-58.574665,-11.010422,395,400,summer,5,1.2950970729192097
eta_lat_m0p009682_lon_m17p010422.npy,-0.009682,-17.010422,5,10,summer,5,0.08564261843760808
eta_lat_p61p367260_lon_m23p297623.npy,61.36726,-23.297623,335,340,summer,5,0.06804012631376584
eta_lat_m44p523903_lon_p96p989594.npy,-44.523903,96.989594,350,355,summer,5,0.1264538069566091
eta_lat_m66p662788_lon_m137p010422.npy,-66.662788,-137.010422,345,350,summer,5,0.6683009465535482
eta_lat_m61p508057_lon_m173p010422.npy,-61.508057,-173.010422,20,25,summer,5,0.10097905000050862
eta_lat_m64p202515_lon_m5p010422.npy,-64.202515,-5.010422,330,335,summer,5,0.4726140598456065
eta_lat_m66p662788_lon_p30p989578.npy,-66.662788,30.989578,345,350,summer,5,0.4725647568702698
eta_lat_m66p662788_lon_m143p010422.npy,-66.662788,-143.010422,45,50,summer,5,0.2189011424779892
eta_lat_m55p389462_lon_p108p989594.npy,-55.389462,108.989594,365,370,summer,5,0.07372899353504181
eta_lat_m48p374134_lon_m173p010422.npy,-48.374134,-173.010422,335,340,summer,5,0.1081883708635966
eta_lat_m71p260567_lon_p175p038208.npy,-71.260567,175.038208,375,380,summer,5,0.14630899329980215
eta_lat_m55p389462_lon_m125p010414.npy,-55.389462,-125.010414,400,405,summer,5,0.09087548901637395
eta_lat_m55p389462_lon_m107p010414.npy,-55.389462,-107.010414,340,345,summer,5,0.08350564539432526
eta_lat_m40p414062_lon_m137p010422.npy,-40.414062,-137.010422,15,20,summer,5,0.07179746652642886
eta_lat_p11p027672_lon_m125p010414.npy,11.027672,-125.010414,385,390,summer,5,0.1340421587228775
eta_lat_m26p641497_lon_p84p989594.npy,-26.641497,84.989594,395,400,summer,5,0.07027131567398708
eta_lat_m52p006847_lon_p60p989578.npy,-52.006847,60.989578,45,50,summer,5,0.06594231476386388
eta_lat_p65p078934_lon_p0p678101.npy,65.078934,0.678101,405,410,summer,5,0.07929824541012447
eta_lat_m58p574665_lon_p144p989563.npy,-58.574665,144.989563,405,410,summer,5,0.05515992765625318
eta_lat_m64p202515_lon_p156p989563.npy,-64.202515,156.989563,25,30,summer,5,0.2870848576227824
eta_lat_p26p641497_lon_p174p989563.npy,26.641497,174.989563,385,390,summer,5,0.08035665998856227
eta_lat_m58p574665_lon_p12p989578.npy,-58.574665,12.989578,30,35,summer,5,0.23058206836382547
eta_lat_m55p400803_lon_p78p989594.npy,-55.400803,78.989594,330,335,summer,5,0.07746361196041107
eta_lat_m36p058659_lon_m161p010422.npy,-36.058659,-161.010422,385,390,summer,5,0.06787983824809392
eta_lat_m51p994694_lon_m101p010414.npy,-51.994694,-101.010414,25,30,summer,5,0.059386045982440315
eta_lat_m66p662788_lon_m29p010422.npy,-66.662788,-29.010422,15,20,summer,5,0.6698312163352966
eta_lat_m16p395037_lon_m107p010414.npy,-16.395037,-107.010414,375,380,summer,5,0.07219030956427257
eta_lat_m0p009682_lon_m11p010422.npy,-0.009682,-11.010422,410,415,summer,5,0.10831335683663686
eta_lat_m16p395037_lon_m113p010414.npy,-16.395037,-113.010414,390,395,summer,5,0.0639231987297535
eta_lat_m55p400803_lon_p60p989578.npy,-55.400803,60.989578,345,350,summer,5,0.15134172389904657
eta_lat_m58p574665_lon_p162p989563.npy,-58.574665,162.989563,385,390,summer,5,0.16297216216723123
eta_lat_m36p058659_lon_p30p989578.npy,-36.058659,30.989578,370,375,summer,5,0.12710562100013098
eta_lat_m44p523903_lon_m23p010422.npy,-44.523903,-23.010422,415,420,summer,5,0.06928589443365733
eta_lat_m70p897415_lon_m136p959152.npy,-70.897415,-136.959152,415,420,summer,5,0.5082257886727651
eta_lat_p36p058659_lon_p168p989563.npy,36.058659,168.989563,330,335,summer,5,0.10506465037663777
eta_lat_m58p574665_lon_p84p989594.npy,-58.574665,84.989594,25,30,summer,5,0.37011273701985675
eta_lat_m52p006847_lon_p102p989594.npy,-52.006847,102.989594,15,20,summer,5,0.10792636126279831
eta_lat_p0p009682_lon_m149p010422.npy,0.009682,-149.010422,45,50,summer,5,0.09892065823078156
eta_lat_p31p463802_lon_m173p010422.npy,31.463802,-173.010422,340,345,summer,5,0.08522094289461772
eta_lat_m61p508057_lon_p102p989594.npy,-61.508057,102.989594,335,340,summer,5,0.3489901125431061
eta_lat_m70p831284_lon_m107p022827.npy,-70.831284,-107.022827,370,375,summer,5,0.6412863731384277
eta_lat_m58p574665_lon_p174p989563.npy,-58.574665,174.989563,410,415,summer,5,0.08835881451765697
eta_lat_m61p508057_lon_m77p010414.npy,-61.508057,-77.010414,25,30,summer,5,0.1919910858074824
eta_lat_m51p994694_lon_m17p010422.npy,-51.994694,-17.010422,395,400,summer,5,0.07384299362699191
eta_lat_m48p374134_lon_p108p989594.npy,-48.374134,108.989594,415,420,summer,5,0.11463117599487305
eta_lat_m72p830154_lon_m142p626068.npy,-72.830154,-142.626068,25,30,summer,5,1.0078861117362976
eta_lat_m61p508057_lon_m71p010414.npy,-61.508057,-71.010414,380,385,summer,5,0.2039362887541453
eta_lat_m51p994694_lon_p84p989594.npy,-51.994694,84.989594,5,10,summer,5,0.24862225353717804
eta_lat_m48p374134_lon_m95p010414.npy,-48.374134,-95.010414,410,415,summer,5,0.06082377458612124
eta_lat_m55p400803_lon_m167p010422.npy,-55.400803,-167.010422,35,40,summer,5,0.09588352590799332
eta_lat_m26p641497_lon_p60p989578.npy,-26.641497,60.989578,40,45,summer,5,0.07512889802455902
eta_lat_m71p197975_lon_m172p950165.npy,-71.197975,-172.950165,45,50,summer,5,2.3593339125315347
eta_lat_p55p389462_lon_m23p010422.npy,55.389462,-23.010422,360,365,summer,5,0.11037163436412811
eta_lat_m71p011032_lon_m148p947784.npy,-71.011032,-148.947784,15,20,summer,5,0.1168307289481163
eta_lat_p5p545479_lon_m125p010414.npy,5.545479,-125.010414,370,375,summer,5,0.12944924334685007
eta_lat_m71p296463_lon_m35p025223.npy,-71.296463,-35.025223,390,395,summer,5,0.8706884781519572
eta_lat_m48p374134_lon_p90p989594.npy,-48.374134,90.989594,10,15,summer,5,0.1033901572227478
eta_lat_m48p374134_lon_p0p989578.npy,-48.374134,0.989578,325,330,summer,5,0.18239677200714746
eta_lat_m11p027672_lon_p66p989594.npy,-11.027672,66.989594,325,330,summer,5,0.08457013964653015
eta_lat_m76p178772_lon_m41p740692.npy,-76.178772,-41.740692,335,340,summer,5,1.0196996132532756
eta_lat_m52p006847_lon_p138p989563.npy,-52.006847,138.989563,45,50,summer,5,0.06608427688479424
eta_lat_m61p508057_lon_m71p010414.npy,-61.508057,-71.010414,0,5,summer,5,0.267699400583903
eta_lat_p16p395037_lon_m119p010414.npy,16.395037,-119.010414,5,10,summer,5,0.1065529113014539
eta_lat_m36p058659_lon_p66p989594.npy,-36.058659,66.989594,325,330,summer,5,0.1093735322356224
eta_lat_m55p389462_lon_p138p989563.npy,-55.389462,138.989563,365,370,summer,5,0.10903581107656161
eta_lat_m55p400803_lon_p126p989594.npy,-55.400803,126.989594,35,40,summer,5,0.08995827784140904
eta_lat_m44p523903_lon_m11p010422.npy,-44.523903,-11.010422,380,385,summer,5,0.07555611928304036
eta_lat_m21p610189_lon_m101p010414.npy,-21.610189,-101.010414,0,5,summer,5,0.062179056306680046
eta_lat_p16p395037_lon_m59p010422.npy,16.395037,-59.010422,25,30,summer,5,0.07881855716307958
eta_lat_p5p545479_lon_m107p010414.npy,5.545479,-107.010414,15,20,summer,5,0.14186727503935495
eta_lat_m66p662788_lon_m143p010422.npy,-66.662788,-143.010422,15,20,summer,5,0.08649519830942154
eta_lat_p67p966568_lon_p0p326355.npy,67.966568,0.326355,330,335,summer,5,0.06507569303115208
eta_lat_m26p641497_lon_p72p989594.npy,-26.641497,72.989594,45,50,summer,5,0.07590531309445699
eta_lat_m58p574665_lon_m167p010422.npy,-58.574665,-167.010422,400,405,summer,5,0.09737987319628398
eta_lat_m16p395037_lon_p90p989594.npy,-16.395037,90.989594,20,25,summer,5,0.08933607985575993
eta_lat_m52p006847_lon_m5p010422.npy,-52.006847,-5.010422,370,375,summer,5,0.06939570357402165
eta_lat_m51p994694_lon_p60p989578.npy,-51.994694,60.989578,10,15,summer,5,0.07982761164506276
eta_lat_m52p006847_lon_m167p010422.npy,-52.006847,-167.010422,40,45,summer,5,0.1032139261563619
eta_lat_m48p374134_lon_m161p010422.npy,-48.374134,-161.010422,35,40,summer,5,0.12110203007857005
eta_lat_m58p574665_lon_p12p989578.npy,-58.574665,12.989578,380,385,summer,5,0.22003497183322906
eta_lat_m52p006847_lon_m125p010414.npy,-52.006847,-125.010414,350,355,summer,5,0.06825216735402743
eta_lat_p26p641497_lon_m23p010422.npy,26.641497,-23.010422,40,45,summer,5,0.08109588176012039
eta_lat_m26p641497_lon_p60p989578.npy,-26.641497,60.989578,20,25,summer,5,0.07522941629091899
eta_lat_m51p994694_lon_p114p989594.npy,-51.994694,114.989594,35,40,summer,5,0.05030560493469238
eta_lat_m44p523903_lon_m125p010414.npy,-44.523903,-125.010414,30,35,summer,5,0.058632140358289085
eta_lat_m64p202515_lon_p60p989578.npy,-64.202515,60.989578,405,410,summer,5,1.030260403951009
eta_lat_p31p463802_lon_m59p010422.npy,31.463802,-59.010422,380,385,summer,5,0.09605729083220164
eta_lat_m40p414062_lon_p126p989594.npy,-40.414062,126.989594,340,345,summer,5,0.08922991653283437
eta_lat_m51p994694_lon_m125p010414.npy,-51.994694,-125.010414,0,5,summer,5,0.07752855370442073
eta_lat_m61p508057_lon_p168p989563.npy,-61.508057,168.989563,10,15,summer,5,0.1820468952258428
eta_lat_m71p110893_lon_m160p945129.npy,-71.110893,-160.945129,395,400,summer,5,1.1655830542246501
eta_lat_m48p374134_lon_p156p989563.npy,-48.374134,156.989563,390,395,summer,5,0.08801840990781784
eta_lat_p40p414062_lon_m137p010422.npy,40.414062,-137.010422,5,10,summer,5,0.07647810131311417
eta_lat_p31p463802_lon_p168p989563.npy,31.463802,168.989563,340,345,summer,5,0.09384145587682724
eta_lat_m64p202515_lon_p84p989594.npy,-64.202515,84.989594,340,345,summer,5,0.8801465431849161
eta_lat_p26p641497_lon_p168p989563.npy,26.641497,168.989563,365,370,summer,5,0.07537655780712764
eta_lat_m72p979408_lon_m148p561707.npy,-72.979408,-148.561707,370,375,summer,5,0.7602813243865967
eta_lat_p36p058659_lon_m155p010422.npy,36.058659,-155.010422,395,400,summer,5,0.07364045828580856
eta_lat_m40p414062_lon_p18p989578.npy,-40.414062,18.989578,390,395,summer,5,0.3820086717605591
eta_lat_m40p414062_lon_p6p989578.npy,-40.414062,6.989578,30,35,summer,5,0.08078023542960484
eta_lat_m21p610189_lon_p102p989594.npy,-21.610189,102.989594,35,40,summer,5,0.11037106812000275
eta_lat_m64p202515_lon_m131p010422.npy,-64.202515,-131.010422,30,35,summer,5,0.17982433239618936
eta_lat_m55p389462_lon_p114p989594.npy,-55.389462,114.989594,350,355,summer,5,0.09671077380577724
eta_lat_m40p414062_lon_p90p989594.npy,-40.414062,90.989594,0,5,summer,5,0.06299258520205815
eta_lat_m40p414062_lon_p108p989594.npy,-40.414062,108.989594,390,395,summer,5,0.06840493902564049
eta_lat_m55p400803_lon_p120p989594.npy,-55.400803,120.989594,35,40,summer,5,0.0707646906375885
eta_lat_m11p027672_lon_p0p989578.npy,-11.027672,0.989578,410,415,summer,5,0.06037816653649012
eta_lat_m5p545479_lon_m167p010422.npy,-5.545479,-167.010422,405,410,summer,5,0.10051192343235016
eta_lat_m64p202515_lon_p168p989563.npy,-64.202515,168.989563,390,395,summer,5,0.5756257573763529
eta_lat_m21p610189_lon_m77p010414.npy,-21.610189,-77.010414,40,45,summer,5,0.058953208227952324
eta_lat_m36p058659_lon_p42p989578.npy,-36.058659,42.989578,365,370,summer,5,0.0672788918018341
eta_lat_m44p523903_lon_m143p010422.npy,-44.523903,-143.010422,415,420,summer,5,0.05642171700795492
eta_lat_p21p610189_lon_p126p989594.npy,21.610189,126.989594,350,355,summer,5,0.1378761331240336
eta_lat_p21p610189_lon_m137p010422.npy,21.610189,-137.010422,395,400,summer,5,0.09723323831955592
eta_lat_m58p574665_lon_p168p989563.npy,-58.574665,168.989563,390,395,summer,5,0.06700913856426875
eta_lat_m5p545479_lon_m113p010414.npy,-5.545479,-113.010414,40,45,summer,5,0.09227801859378815
eta_lat_m64p202515_lon_p0p989578.npy,-64.202515,0.989578,385,390,summer,5,0.7407029271125793
eta_lat_p21p610189_lon_m173p010422.npy,21.610189,-173.010422,0,5,summer,5,0.0641091192762057
eta_lat_m68p928383_lon_m149p010422.npy,-68.928383,-149.010422,370,375,summer,5,0.7316678166389465
eta_lat_m61p508057_lon_p126p989594.npy,-61.508057,126.989594,5,10,summer,5,0.12709077696005502
eta_lat_m71p011032_lon_m148p947784.npy,-71.011032,-148.947784,375,380,summer,5,0.7984372973442078
eta_lat_m68p928383_lon_m113p010414.npy,-68.928383,-113.010414,10,15,summer,5,0.5924833416938782
eta_lat_m40p414062_lon_m35p010422.npy,-40.414062,-35.010422,385,390,summer,5,0.08829069385925929
eta_lat_p40p414062_lon_m161p010422.npy,40.414062,-161.010422,365,370,summer,5,0.09219063570102055
eta_lat_m66p662788_lon_m35p010422.npy,-66.662788,-35.010422,360,365,summer,5,0.7586420575777689
eta_lat_m64p202515_lon_p126p989594.npy,-64.202515,126.989594,365,370,summer,5,0.48799507816632587
eta_lat_p26p641497_lon_m29p010422.npy,26.641497,-29.010422,335,340,summer,5,0.06562127421299617
eta_lat_m68p928383_lon_m53p010422.npy,-68.928383,-53.010422,335,340,summer,5,0.17815708120663962
eta_lat_m66p662788_lon_p18p989578.npy,-66.662788,18.989578,35,40,summer,5,0.701501746972402
eta_lat_p16p395037_lon_p132p989563.npy,16.395037,132.989563,410,415,summer,5,0.1269539619485537
eta_lat_m31p463802_lon_p48p989578.npy,-31.463802,48.989578,0,5,summer,5,0.09316511948903401
eta_lat_m21p610189_lon_m119p010414.npy,-21.610189,-119.010414,410,415,summer,5,0.05518311634659767
eta_lat_m26p641497_lon_p90p989594.npy,-26.641497,90.989594,45,50,summer,5,0.11186863481998444
eta_lat_p0p009682_lon_m119p010414.npy,0.009682,-119.010414,0,5,summer,5,0.10437959184249242
eta_lat_m58p574665_lon_p162p989563.npy,-58.574665,162.989563,40,45,summer,5,0.11455496400594711
eta_lat_m55p400803_lon_p84p989594.npy,-55.400803,84.989594,370,375,summer,5,0.08563352872927983
eta_lat_p11p027672_lon_m119p010414.npy,11.027672,-119.010414,345,350,summer,5,0.12486197799444199
eta_lat_m0p009682_lon_m35p010422.npy,-0.009682,-35.010422,325,330,summer,5,0.10883699109156926
eta_lat_m64p202515_lon_m155p010422.npy,-64.202515,-155.010422,40,45,summer,5,0.5298591057459513
eta_lat_m64p202515_lon_m17p010422.npy,-64.202515,-17.010422,40,45,summer,5,1.5214036305745442
eta_lat_m36p058659_lon_m155p010422.npy,-36.058659,-155.010422,370,375,summer,5,0.09256767729918162
eta_lat_m58p574665_lon_m89p010414.npy,-58.574665,-89.010414,350,355,summer,5,0.16685844212770462
eta_lat_m31p463802_lon_m161p010422.npy,-31.463802,-161.010422,335,340,summer,5,0.06801064312458038
eta_lat_m48p374134_lon_p102p989594.npy,-48.374134,102.989594,5,10,summer,5,0.06977944821119308
eta_lat_m48p374134_lon_m137p010422.npy,-48.374134,-137.010422,410,415,summer,5,0.09547117352485657
eta_lat_m21p610189_lon_p0p989578.npy,-21.610189,0.989578,40,45,summer,5,0.09307866046826045
eta_lat_m44p523903_lon_m47p010422.npy,-44.523903,-47.010422,410,415,summer,5,0.12772899369398752
eta_lat_p11p027672_lon_m53p010422.npy,11.027672,-53.010422,35,40,summer,5,0.08701559901237488
eta_lat_p51p994694_lon_m17p010422.npy,51.994694,-17.010422,25,30,summer,5,0.0835261841615041
eta_lat_m64p202515_lon_p84p989594.npy,-64.202515,84.989594,330,335,summer,5,0.796048661073049
eta_lat_m52p006847_lon_m11p010422.npy,-52.006847,-11.010422,395,400,summer,5,0.07619000847140948
eta_lat_m71p277649_lon_m41p033340.npy,-71.277649,-41.03334,30,35,summer,5,1.8796845277150471
eta_lat_m48p374134_lon_m143p010422.npy,-48.374134,-143.010422,360,365,summer,5,0.11475264529387157
eta_lat_m40p414062_lon_p18p989578.npy,-40.414062,18.989578,395,400,summer,5,0.42193055152893066
eta_lat_m51p994694_lon_p114p989594.npy,-51.994694,114.989594,0,5,summer,5,0.10452032585938771
eta_lat_m58p574665_lon_p144p989563.npy,-58.574665,144.989563,15,20,summer,5,0.1163611610730489
eta_lat_p5p545479_lon_m35p010422.npy,5.545479,-35.010422,355,360,summer,5,0.11282558490832646
eta_lat_p31p463802_lon_m23p010422.npy,31.463802,-23.010422,375,380,summer,5,0.08891105651855469
eta_lat_m58p574665_lon_p60p989578.npy,-58.574665,60.989578,375,380,summer,5,0.12439950555562973
eta_lat_p36p058659_lon_m131p010422.npy,36.058659,-131.010422,410,415,summer,5,0.07580636317531268
eta_lat_p44p523903_lon_p168p989563.npy,44.523903,168.989563,335,340,summer,5,0.059726275503635406
eta_lat_m71p250717_lon_m47p040466.npy,-71.250717,-47.040466,20,25,summer,5,2.162903904914856
eta_lat_m61p508057_lon_p60p989578.npy,-61.508057,60.989578,5,10,summer,5,0.3118469715118408
eta_lat_m70p857033_lon_m130p966385.npy,-70.857033,-130.966385,355,360,summer,5,1.2004565000534058
eta_lat_m52p006847_lon_m83p010414.npy,-52.006847,-83.010414,30,35,summer,5,0.05761350318789482
eta_lat_m55p400803_lon_p72p989594.npy,-55.400803,72.989594,15,20,summer,5,0.09967940797408421
eta_lat_m61p508057_lon_p30p989578.npy,-61.508057,30.989578,330,335,summer,5,0.27854446570078534
eta_lat_m68p928383_lon_m5p010422.npy,-68.928383,-5.010422,0,5,summer,5,1.437333385149638
eta_lat_p68p049988_lon_p6p988419.npy,68.049988,6.988419,400,405,summer,5,0.07246539369225502
eta_lat_p5p545479_lon_m95p010414.npy,5.545479,-95.010414,355,360,summer,5,0.10741105675697327
eta_lat_m52p006847_lon_p96p989594.npy,-52.006847,96.989594,25,30,summer,5,0.10620297988255818
eta_lat_m36p058659_lon_m107p010414.npy,-36.058659,-107.010414,330,335,summer,5,0.0578802985449632
eta_lat_p21p610189_lon_m131p010422.npy,21.610189,-131.010422,360,365,summer,5,0.10404513279596965
eta_lat_m55p400803_lon_p120p989594.npy,-55.400803,120.989594,365,370,summer,5,0.1180703987677892
eta_lat_m64p202515_lon_p6p989578.npy,-64.202515,6.989578,15,20,summer,5,0.7764021754264832
eta_lat_p63p711063_lon_m29p662918.npy,63.711063,-29.662918,385,390,summer,5,0.06247379009922346
eta_lat_m11p027672_lon_m95p010414.npy,-11.027672,-95.010414,340,345,summer,5,0.10462797433137894
eta_lat_m48p374134_lon_p60p989578.npy,-48.374134,60.989578,0,5,summer,5,0.058357310791810356
eta_lat_m51p994694_lon_p132p989563.npy,-51.994694,132.989563,390,395,summer,5,0.06432636454701424
eta_lat_m21p610189_lon_p108p989594.npy,-21.610189,108.989594,5,10,summer,5,0.0764199544986089
eta_lat_m58p574665_lon_p162p989563.npy,-58.574665,162.989563,390,395,summer,5,0.10984586179256439
eta_lat_m36p058659_lon_m131p010422.npy,-36.058659,-131.010422,390,395,summer,5,0.07696681966384251
eta_lat_p11p027672_lon_p156p989563.npy,11.027672,156.989563,345,350,summer,5,0.15816950798034668
eta_lat_m51p994694_lon_m29p010422.npy,-51.994694,-29.010422,350,355,summer,5,0.07679199054837227
eta_lat_p36p058659_lon_m143p010422.npy,36.058659,-143.010422,345,350,summer,5,0.08148391793171565
eta_lat_m36p058659_lon_p162p989563.npy,-36.058659,162.989563,330,335,summer,5,0.12952727327744165
eta_lat_m51p994694_lon_m119p010414.npy,-51.994694,-119.010414,380,385,summer,5,0.08763085057338078
eta_lat_p70p660629_lon_m0p213028.npy,70.660629,-0.213028,370,375,summer,5,0.05250918368498484
eta_lat_m66p662788_lon_m53p010422.npy,-66.662788,-53.010422,5,10,summer,5,2.253095547358195
eta_lat_m36p058659_lon_p36p989578.npy,-36.058659,36.989578,0,5,summer,5,0.08674410978953044
eta_lat_p5p545479_lon_p66p989594.npy,5.545479,66.989594,10,15,summer,5,0.09236055612564087
eta_lat_m0p009682_lon_p0p989578.npy,-0.009682,0.989578,360,365,summer,5,0.09072140107552211
eta_lat_m51p994694_lon_p174p989563.npy,-51.994694,174.989563,350,355,summer,5,0.16591517130533853
eta_lat_m66p662788_lon_p174p989563.npy,-66.662788,174.989563,40,45,summer,5,1.0209218462308247
eta_lat_p61p579643_lon_m17p313934.npy,61.579643,-17.313934,20,25,summer,5,0.07606987158457439
eta_lat_m11p027672_lon_p6p989578.npy,-11.027672,6.989578,5,10,summer,5,0.06009334698319435
eta_lat_m11p027672_lon_p72p989594.npy,-11.027672,72.989594,350,355,summer,5,0.09727884083986282
eta_lat_m16p395037_lon_p84p989594.npy,-16.395037,84.989594,10,15,summer,5,0.07389708111683528
eta_lat_m66p662788_lon_m77p010414.npy,-66.662788,-77.010414,345,350,summer,5,0.10303608328104019
eta_lat_m73p621971_lon_m53p396431.npy,-73.621971,-53.396431,30,35,summer,5,0.15615802258253098
eta_lat_p26p641497_lon_m47p010422.npy,26.641497,-47.010422,365,370,summer,5,0.0807207425435384
eta_lat_m21p610189_lon_p0p989578.npy,-21.610189,0.989578,360,365,summer,5,0.05475466698408127
eta_lat_p26p641497_lon_m125p010414.npy,26.641497,-125.010414,385,390,summer,5,0.06327931582927704
eta_lat_p48p374134_lon_m41p010422.npy,48.374134,-41.010422,45,50,summer,5,0.17794913053512573
eta_lat_m70p818817_lon_m112p992744.npy,-70.818817,-112.992744,330,335,summer,5,0.302100936571757
eta_lat_p21p610189_lon_m29p010422.npy,21.610189,-29.010422,335,340,summer,5,0.07664368053277333
eta_lat_m26p641497_lon_p108p989594.npy,-26.641497,108.989594,355,360,summer,5,0.10095735390981038
eta_lat_m48p374134_lon_p24p989578.npy,-48.374134,24.989578,0,5,summer,5,0.07945430899659793
eta_lat_p26p641497_lon_p162p989563.npy,26.641497,162.989563,375,380,summer,5,0.07479593406120937
eta_lat_m48p374134_lon_p12p989578.npy,-48.374134,12.989578,45,50,summer,5,0.08066279937823613
eta_lat_m52p006847_lon_m101p010414.npy,-52.006847,-101.010414,345,350,summer,5,0.11294549703598022
eta_lat_m16p395037_lon_p66p989594.npy,-16.395037,66.989594,405,410,summer,5,0.0752238966524601
eta_lat_m58p574665_lon_m65p010414.npy,-58.574665,-65.010414,380,385,summer,5,0.14052813748518625
eta_lat_m64p202515_lon_m155p010422.npy,-64.202515,-155.010422,370,375,summer,5,0.22131672004858652
eta_lat_m48p374134_lon_p12p989578.npy,-48.374134,12.989578,325,330,summer,5,0.14541551967461905
eta_lat_p51p994694_lon_m35p010422.npy,51.994694,-35.010422,45,50,summer,5,0.1534616599480311
eta_lat_m26p641497_lon_p54p989578.npy,-26.641497,54.989578,390,395,summer,5,0.06279442086815834
eta_lat_m68p928383_lon_m35p010422.npy,-68.928383,-35.010422,0,5,summer,5,0.2767269015312195
eta_lat_p36p058659_lon_m161p010422.npy,36.058659,-161.010422,370,375,summer,5,0.07706155627965927
eta_lat_m61p508057_lon_m131p010422.npy,-61.508057,-131.010422,355,360,summer,5,0.5783833861351013
eta_lat_m64p202515_lon_p60p989578.npy,-64.202515,60.989578,395,400,summer,5,0.7956588466962179
eta_lat_m64p202515_lon_m131p010422.npy,-64.202515,-131.010422,345,350,summer,5,1.0069090723991394
eta_lat_m21p610189_lon_m23p010422.npy,-21.610189,-23.010422,360,365,summer,5,0.062151181201140084
eta_lat_p21p610189_lon_p174p989563.npy,21.610189,174.989563,345,350,summer,5,0.08982281635204951
eta_lat_m44p523903_lon_p72p989594.npy,-44.523903,72.989594,340,345,summer,5,0.10937081774075826
eta_lat_m66p662788_lon_m161p010422.npy,-66.662788,-161.010422,325,330,summer,5,1.2369943062464397
eta_lat_m51p994694_lon_m107p010414.npy,-51.994694,-107.010414,355,360,summer,5,0.10747142136096954
eta_lat_m64p202515_lon_m113p010414.npy,-64.202515,-113.010414,5,10,summer,5,0.06844116002321243
eta_lat_p16p395037_lon_m173p010422.npy,16.395037,-173.010422,370,375,summer,5,0.10549424588680267
eta_lat_m55p400803_lon_m5p010422.npy,-55.400803,-5.010422,10,15,summer,5,0.18387473622957864
eta_lat_m31p463802_lon_m95p010414.npy,-31.463802,-95.010414,405,410,summer,5,0.0789674570163091
eta_lat_m61p508057_lon_p30p989578.npy,-61.508057,30.989578,385,390,summer,5,0.3025510410467784
eta_lat_m52p006847_lon_p12p989578.npy,-52.006847,12.989578,340,345,summer,5,0.08953514943520229
eta_lat_m36p058659_lon_m143p010422.npy,-36.058659,-143.010422,35,40,summer,5,0.058163841565450035
eta_lat_m40p414062_lon_p42p989578.npy,-40.414062,42.989578,330,335,summer,5,0.12878572195768356
eta_lat_m48p374134_lon_p42p989578.npy,-48.374134,42.989578,390,395,summer,5,0.08337348699569702
eta_lat_m64p202515_lon_m113p010414.npy,-64.202515,-113.010414,365,370,summer,5,0.08746696511904399
eta_lat_m66p662788_lon_p6p989578.npy,-66.662788,6.989578,15,20,summer,5,0.372525691986084
eta_lat_p31p463802_lon_m125p010414.npy,31.463802,-125.010414,375,380,summer,5,0.10939238965511322
eta_lat_p11p027672_lon_m113p010414.npy,11.027672,-113.010414,365,370,summer,5,0.13586020469665527
eta_lat_m64p202515_lon_m131p010422.npy,-64.202515,-131.010422,335,340,summer,5,0.8182957569758097
eta_lat_m66p662788_lon_m125p010414.npy,-66.662788,-125.010414,30,35,summer,5,0.1519513080517451
eta_lat_m51p994694_lon_m125p010414.npy,-51.994694,-125.010414,15,20,summer,5,0.068158653875192
eta_lat_p26p641497_lon_m59p010422.npy,26.641497,-59.010422,15,20,summer,5,0.06877199808756511
eta_lat_p21p610189_lon_m143p010422.npy,21.610189,-143.010422,375,380,summer,5,0.07137354214986165
eta_lat_m52p006847_lon_p114p989594.npy,-52.006847,114.989594,25,30,summer,5,0.0745234414935112
eta_lat_p40p414062_lon_m23p010422.npy,40.414062,-23.010422,370,375,summer,5,0.0762638399998347
eta_lat_m55p389462_lon_p78p989594.npy,-55.389462,78.989594,35,40,summer,5,0.2701452573140462
eta_lat_p11p027672_lon_m53p010422.npy,11.027672,-53.010422,400,405,summer,5,0.08265894651412964
eta_lat_m64p202515_lon_p66p989594.npy,-64.202515,66.989594,365,370,summer,5,1.1285067001978557
eta_lat_m40p414062_lon_m35p010422.npy,-40.414062,-35.010422,345,350,summer,5,0.11662318805853526
eta_lat_m16p395037_lon_m23p010422.npy,-16.395037,-23.010422,45,50,summer,5,0.08534882217645645
eta_lat_m40p414062_lon_p66p989594.npy,-40.414062,66.989594,25,30,summer,5,0.06993252038955688
eta_lat_m48p374134_lon_m107p010414.npy,-48.374134,-107.010414,45,50,summer,5,0.07520514850815137
eta_lat_m51p994694_lon_m155p010422.npy,-51.994694,-155.010422,340,345,summer,5,0.15228949983914694
eta_lat_m61p508057_lon_m89p010414.npy,-61.508057,-89.010414,325,330,summer,5,0.12113699316978455
eta_lat_m64p202515_lon_m161p010422.npy,-64.202515,-161.010422,340,345,summer,5,0.4916842579841614
eta_lat_m31p463802_lon_m11p010422.npy,-31.463802,-11.010422,410,415,summer,5,0.07565525422493617
eta_lat_m16p395037_lon_p84p989594.npy,-16.395037,84.989594,410,415,summer,5,0.09391122808059056
eta_lat_p21p610189_lon_m137p010422.npy,21.610189,-137.010422,15,20,summer,5,0.08483941853046417
eta_lat_p51p994694_lon_p150p989563.npy,51.994694,150.989563,365,370,summer,5,0.060182334234317146
eta_lat_p36p058659_lon_m35p010422.npy,36.058659,-35.010422,365,370,summer,5,0.0733928456902504
eta_lat_p5p545479_lon_m119p010414.npy,5.545479,-119.010414,325,330,summer,5,0.13225597143173218
eta_lat_p11p027672_lon_m47p010422.npy,11.027672,-47.010422,45,50,summer,5,0.09711409111817677
eta_lat_m5p545479_lon_m101p010414.npy,-5.545479,-101.010414,20,25,summer,5,0.10719400147596995
eta_lat_m31p463802_lon_m95p010414.npy,-31.463802,-95.010414,35,40,summer,5,0.0602722242474556
eta_lat_m40p414062_lon_p90p989594.npy,-40.414062,90.989594,30,35,summer,5,0.09345247099796931
eta_lat_p26p641497_lon_m23p010422.npy,26.641497,-23.010422,385,390,summer,5,0.060600566367308296
eta_lat_m58p574665_lon_m17p010422.npy,-58.574665,-17.010422,340,345,summer,5,0.3730604251225789
eta_lat_m52p006847_lon_p126p989594.npy,-52.006847,126.989594,360,365,summer,5,0.07885133226712544
eta_lat_m55p400803_lon_m149p010422.npy,-55.400803,-149.010422,45,50,summer,5,0.07527835170427959
eta_lat_m26p641497_lon_p84p989594.npy,-26.641497,84.989594,415,420,summer,5,0.06851745148499806
eta_lat_m64p202515_lon_p162p989563.npy,-64.202515,162.989563,20,25,summer,5,0.3574428955713908
eta_lat_m55p389462_lon_p42p989578.npy,-55.389462,42.989578,330,335,summer,5,0.0726188098390897
eta_lat_m5p545479_lon_m89p010414.npy,-5.545479,-89.010414,25,30,summer,5,0.1013880471388499
eta_lat_p31p463802_lon_m125p010414.npy,31.463802,-125.010414,380,385,summer,5,0.08021210382382075
eta_lat_p40p414062_lon_m161p010422.npy,40.414062,-161.010422,355,360,summer,5,0.06498180702328682
eta_lat_m36p058659_lon_m143p010422.npy,-36.058659,-143.010422,375,380,summer,5,0.09557919949293137
eta_lat_p11p027672_lon_p60p989578.npy,11.027672,60.989578,335,340,summer,5,0.07560064643621445
eta_lat_m61p508057_lon_p12p989578.npy,-61.508057,12.989578,345,350,summer,5,0.3971102337042491
eta_lat_m58p574665_lon_m89p010414.npy,-58.574665,-89.010414,380,385,summer,5,0.09221724172433217
eta_lat_m64p202515_lon_p54p989578.npy,-64.202515,54.989578,355,360,summer,5,0.5154309173425039
eta_lat_m68p928383_lon_m143p010422.npy,-68.928383,-143.010422,385,390,summer,5,0.6519683798154196
eta_lat_m70p818817_lon_m112p992744.npy,-70.818817,-112.992744,410,415,summer,5,0.3871580759684245
eta_lat_m55p389462_lon_m125p010414.npy,-55.389462,-125.010414,5,10,summer,5,0.08761993547280629
eta_lat_m61p508057_lon_m17p010422.npy,-61.508057,-17.010422,35,40,summer,5,1.3736265897750854
eta_lat_m51p994694_lon_p126p989594.npy,-51.994694,126.989594,375,380,summer,5,0.19650254646937051
eta_lat_m48p374134_lon_m53p010422.npy,-48.374134,-53.010422,35,40,summer,5,0.08832057565450668
eta_lat_m40p414062_lon_p84p989594.npy,-40.414062,84.989594,380,385,summer,5,0.15116519232590994
eta_lat_m66p662788_lon_m149p010422.npy,-66.662788,-149.010422,405,410,summer,5,0.592569371064504
eta_lat_m58p574665_lon_p174p989563.npy,-58.574665,174.989563,325,330,summer,5,0.0859573632478714
eta_lat_m44p523903_lon_p138p989563.npy,-44.523903,138.989563,380,385,summer,5,0.09832017372051875
eta_lat_m58p574665_lon_p114p989594.npy,-58.574665,114.989594,35,40,summer,5,0.0839550072948138
eta_lat_p31p463802_lon_p174p989563.npy,31.463802,174.989563,45,50,summer,5,0.0806300938129425
eta_lat_m51p994694_lon_p120p989594.npy,-51.994694,120.989594,5,10,summer,5,0.11126597225666046
eta_lat_m11p027672_lon_p72p989594.npy,-11.027672,72.989594,20,25,summer,5,0.08230714003245036
eta_lat_m26p641497_lon_p102p989594.npy,-26.641497,102.989594,340,345,summer,5,0.09304617096980412
eta_lat_m66p662788_lon_m83p010414.npy,-66.662788,-83.010414,5,10,summer,5,0.25720079243183136
eta_lat_p31p463802_lon_m23p010422.npy,31.463802,-23.010422,330,335,summer,5,0.08649187535047531
eta_lat_m68p928383_lon_m113p010414.npy,-68.928383,-113.010414,345,350,summer,5,0.27684823671976727
eta_lat_m51p994694_lon_m161p010422.npy,-51.994694,-161.010422,380,385,summer,5,0.07623311877250671
eta_lat_m26p641497_lon_p0p989578.npy,-26.641497,0.989578,25,30,summer,5,0.06274500737587611
eta_lat_m36p058659_lon_m107p010414.npy,-36.058659,-107.010414,365,370,summer,5,0.09941117962201436
eta_lat_m0p009682_lon_p78p989594.npy,-0.009682,78.989594,25,30,summer,5,0.13681276639302573
eta_lat_p51p994694_lon_m17p010422.npy,51.994694,-17.010422,365,370,summer,5,0.06338073313236237
eta_lat_p16p395037_lon_m119p010414.npy,16.395037,-119.010414,375,380,summer,5,0.11033182342847188
eta_lat_m51p994694_lon_p126p989594.npy,-51.994694,126.989594,370,375,summer,5,0.16699408988157907
eta_lat_m52p006847_lon_p108p989594.npy,-52.006847,108.989594,395,400,summer,5,0.06380174805720647
eta_lat_m61p508057_lon_p78p989594.npy,-61.508057,78.989594,380,385,summer,5,0.49484830101331073
eta_lat_m72p830154_lon_m142p626068.npy,-72.830154,-142.626068,405,410,summer,5,0.4671906034151713
eta_lat_m55p389462_lon_m47p010422.npy,-55.389462,-47.010422,415,420,summer,5,0.06762510041395824
eta_lat_m66p662788_lon_m77p010414.npy,-66.662788,-77.010414,360,365,summer,5,0.12210409094889958
eta_lat_m61p508057_lon_p12p989578.npy,-61.508057,12.989578,45,50,summer,5,0.2098157455523809
eta_lat_m64p202515_lon_m17p010422.npy,-64.202515,-17.010422,350,355,summer,5,0.7365968426068624
eta_lat_m68p928383_lon_m47p010422.npy,-68.928383,-47.010422,325,330,summer,5,0.5477570593357086
eta_lat_m21p610189_lon_m17p010422.npy,-21.610189,-17.010422,365,370,summer,5,0.06735064586003621
eta_lat_m48p374134_lon_p150p989563.npy,-48.374134,150.989563,30,35,summer,5,0.11707804103692372
eta_lat_p11p027672_lon_m35p010422.npy,11.027672,-35.010422,35,40,summer,5,0.13087701797485352
eta_lat_m64p202515_lon_p24p989578.npy,-64.202515,24.989578,35,40,summer,5,0.2373549590508143
eta_lat_m0p009682_lon_m29p010422.npy,-0.009682,-29.010422,355,360,summer,5,0.11196088542540868
eta_lat_m40p414062_lon_p90p989594.npy,-40.414062,90.989594,360,365,summer,5,0.08277736107508342
eta_lat_m61p508057_lon_p18p989578.npy,-61.508057,18.989578,350,355,summer,5,0.2762135962645213
eta_lat_m61p508057_lon_p66p989594.npy,-61.508057,66.989594,370,375,summer,5,0.3193860948085785
eta_lat_m70p857033_lon_m130p966385.npy,-70.857033,-130.966385,40,45,summer,5,0.5313725968201956
eta_lat_m61p508057_lon_p18p989578.npy,-61.508057,18.989578,340,345,summer,5,0.3061295251051585
eta_lat_p51p994694_lon_m17p010422.npy,51.994694,-17.010422,400,405,summer,5,0.19753332436084747
eta_lat_m64p202515_lon_p120p989594.npy,-64.202515,120.989594,400,405,summer,5,0.25845252970854443
eta_lat_m58p574665_lon_m23p010422.npy,-58.574665,-23.010422,330,335,summer,5,0.30454427003860474
eta_lat_m55p400803_lon_p108p989594.npy,-55.400803,108.989594,395,400,summer,5,0.08707631379365921
eta_lat_m66p662788_lon_m125p010414.npy,-66.662788,-125.010414,35,40,summer,5,0.2033745845158895
eta_lat_m61p508057_lon_m35p010422.npy,-61.508057,-35.010422,370,375,summer,5,1.3234979112943013
eta_lat_m66p662788_lon_m29p010422.npy,-66.662788,-29.010422,345,350,summer,5,0.7193358540534973
eta_lat_m26p641497_lon_m173p010422.npy,-26.641497,-173.010422,400,405,summer,5,0.07010477905472119
eta_lat_m44p523903_lon_m107p010414.npy,-44.523903,-107.010414,0,5,summer,5,0.07033687954147656
eta_lat_m52p006847_lon_m113p010414.npy,-52.006847,-113.010414,355,360,summer,5,0.09635862211386363
eta_lat_m64p202515_lon_m83p010414.npy,-64.202515,-83.010414,385,390,summer,5,0.1433017080028852
eta_lat_p40p414062_lon_p168p989563.npy,40.414062,168.989563,45,50,summer,5,0.11574580272038777
eta_lat_m48p374134_lon_p60p989578.npy,-48.374134,60.989578,5,10,summer,5,0.16715304056803384
eta_lat_m51p994694_lon_m29p010422.npy,-51.994694,-29.010422,325,330,summer,5,0.10403698434432347
eta_lat_m11p027672_lon_m23p010422.npy,-11.027672,-23.010422,340,345,summer,5,0.06480452418327332
eta_lat_m68p928383_lon_m83p010414.npy,-68.928383,-83.010414,395,400,summer,5,0.7020225127538046
eta_lat_m58p574665_lon_m77p010414.npy,-58.574665,-77.010414,25,30,summer,5,0.08806380008657773
eta_lat_m36p058659_lon_m161p010422.npy,-36.058659,-161.010422,340,345,summer,5,0.081277829905351
eta_lat_p21p610189_lon_m119p010414.npy,21.610189,-119.010414,385,390,summer,5,0.08338852723439534
eta_lat_m5p545479_lon_m89p010414.npy,-5.545479,-89.010414,345,350,summer,5,0.13856351872285208
eta_lat_m61p508057_lon_m23p010422.npy,-61.508057,-23.010422,25,30,summer,5,1.6218621333440144
eta_lat_p31p463802_lon_m155p010422.npy,31.463802,-155.010422,25,30,summer,5,0.07062751675645511
eta_lat_m66p662788_lon_m83p010414.npy,-66.662788,-83.010414,15,20,summer,5,0.5038891534010569
eta_lat_m64p202515_lon_m35p010422.npy,-64.202515,-35.010422,35,40,summer,5,1.0416773160298665
eta_lat_m21p610189_lon_p0p989578.npy,-21.610189,0.989578,45,50,summer,5,0.07717565447092056
eta_lat_m40p414062_lon_m95p010414.npy,-40.414062,-95.010414,370,375,summer,5,0.05786115055282911
eta_lat_p48p374134_lon_m173p010422.npy,48.374134,-173.010422,325,330,summer,5,0.09558968618512154
eta_lat_m55p389462_lon_m113p010414.npy,-55.389462,-113.010414,25,30,summer,5,0.12281996508439381
eta_lat_m26p641497_lon_p108p989594.npy,-26.641497,108.989594,365,370,summer,5,0.10115626951058705
eta_lat_m44p523903_lon_p84p989594.npy,-44.523903,84.989594,415,420,summer,5,0.20268319050470987
eta_lat_m61p508057_lon_m119p010414.npy,-61.508057,-119.010414,345,350,summer,5,0.10142147541046143
eta_lat_m55p400803_lon_p66p989594.npy,-55.400803,66.989594,365,370,summer,5,0.09308074166377385
eta_lat_m26p641497_lon_p96p989594.npy,-26.641497,96.989594,0,5,summer,5,0.07286626845598221
eta_lat_m61p508057_lon_p48p989578.npy,-61.508057,48.989578,380,385,summer,5,0.23475822806358337
eta_lat_p67p749512_lon_m6p266800.npy,67.749512,-6.2668,415,420,summer,5,0.08382845173279445
eta_lat_m48p374134_lon_m95p010414.npy,-48.374134,-95.010414,395,400,summer,5,0.09721314534544945
eta_lat_m48p374134_lon_m107p010414.npy,-48.374134,-107.010414,380,385,summer,5,0.12370865046977997
eta_lat_m40p414062_lon_p18p989578.npy,-40.414062,18.989578,400,405,summer,5,0.5799205899238586
eta_lat_m55p389462_lon_p90p989594.npy,-55.389462,90.989594,20,25,summer,5,0.1065633495648702
eta_lat_m36p058659_lon_m95p010414.npy,-36.058659,-95.010414,400,405,summer,5,0.07043487578630447
eta_lat_m21p610189_lon_p108p989594.npy,-21.610189,108.989594,0,5,summer,5,0.09313955157995224
eta_lat_m11p027672_lon_m23p010422.npy,-11.027672,-23.010422,325,330,summer,5,0.0758162389198939
eta_lat_m55p400803_lon_m95p010414.npy,-55.400803,-95.010414,370,375,summer,5,0.100650854408741
eta_lat_m52p006847_lon_p138p989563.npy,-52.006847,138.989563,415,420,summer,5,0.07069604843854904
eta_lat_p67p966568_lon_p0p326355.npy,67.966568,0.326355,345,350,summer,5,0.05104530851046244
eta_lat_m40p414062_lon_p108p989594.npy,-40.414062,108.989594,25,30,summer,5,0.05716614921887716
eta_lat_m16p395037_lon_p102p989594.npy,-16.395037,102.989594,25,30,summer,5,0.09434959044059117
eta_lat_p48p374134_lon_m29p010422.npy,48.374134,-29.010422,325,330,summer,5,0.10788731276988983
eta_lat_m5p545479_lon_p66p989594.npy,-5.545479,66.989594,365,370,summer,5,0.09712111701567967
eta_lat_m44p523903_lon_p108p989594.npy,-44.523903,108.989594,25,30,summer,5,0.07860545814037323
eta_lat_m51p994694_lon_m89p010414.npy,-51.994694,-89.010414,350,355,summer,5,0.08762844279408455
eta_lat_m58p574665_lon_p126p989594.npy,-58.574665,126.989594,40,45,summer,5,0.08957612762848537
eta_lat_m5p545479_lon_p84p989594.npy,-5.545479,84.989594,20,25,summer,5,0.1103357623020808
eta_lat_m0p009682_lon_m29p010422.npy,-0.009682,-29.010422,25,30,summer,5,0.1263139694929123
eta_lat_p36p058659_lon_m65p010414.npy,36.058659,-65.010414,400,405,summer,5,0.25603822867075604
eta_lat_m55p389462_lon_p162p989563.npy,-55.389462,162.989563,15,20,summer,5,0.30301891764005023
eta_lat_m66p662788_lon_m35p010422.npy,-66.662788,-35.010422,30,35,summer,5,1.1604342460632324
eta_lat_m51p994694_lon_m17p010422.npy,-51.994694,-17.010422,415,420,summer,5,0.06441472719113032
eta_lat_m5p545479_lon_p66p989594.npy,-5.545479,66.989594,410,415,summer,5,0.11774008472760518
eta_lat_m40p414062_lon_m17p010422.npy,-40.414062,-17.010422,415,420,summer,5,0.08389604339996974
eta_lat_p21p610189_lon_p126p989594.npy,21.610189,126.989594,30,35,summer,5,0.11158194889624913
eta_lat_m58p574665_lon_m11p010422.npy,-58.574665,-11.010422,370,375,summer,5,1.0517347653706868
eta_lat_m64p202515_lon_p48p989578.npy,-64.202515,48.989578,365,370,summer,5,0.5134079655011495
eta_lat_p51p994694_lon_m143p010422.npy,51.994694,-143.010422,5,10,summer,5,0.10647397488355637
eta_lat_m55p400803_lon_m113p010414.npy,-55.400803,-113.010414,355,360,summer,5,0.12526811162630716
eta_lat_m31p463802_lon_p102p989594.npy,-31.463802,102.989594,355,360,summer,5,0.09219407041867574
eta_lat_m61p508057_lon_m23p010422.npy,-61.508057,-23.010422,30,35,summer,5,1.7195271650950115
eta_lat_m61p508057_lon_p6p989578.npy,-61.508057,6.989578,360,365,summer,5,0.30038267374038696
eta_lat_m68p928383_lon_m143p010422.npy,-68.928383,-143.010422,345,350,summer,5,0.977555533250173
eta_lat_m0p009682_lon_p54p989578.npy,-0.009682,54.989578,415,420,summer,5,0.1255230704943339
eta_lat_m66p662788_lon_m119p010414.npy,-66.662788,-119.010414,350,355,summer,5,0.42721758286158246
eta_lat_m66p662788_lon_m53p010422.npy,-66.662788,-53.010422,45,50,summer,5,1.1683629353841145
eta_lat_p48p374134_lon_m143p010422.npy,48.374134,-143.010422,355,360,summer,5,0.08936361223459244
eta_lat_p5p545479_lon_m95p010414.npy,5.545479,-95.010414,30,35,summer,5,0.10431021203597386
eta_lat_m52p006847_lon_p84p989594.npy,-52.006847,84.989594,415,420,summer,5,0.17423317829767862
eta_lat_m55p389462_lon_m161p010422.npy,-55.389462,-161.010422,365,370,summer,5,0.1283880298336347
eta_lat_m68p928383_lon_m47p010422.npy,-68.928383,-47.010422,345,350,summer,5,0.9699607888857523
eta_lat_m55p400803_lon_p90p989594.npy,-55.400803,90.989594,30,35,summer,5,0.09259517987569173
eta_lat_m66p662788_lon_m149p010422.npy,-66.662788,-149.010422,20,25,summer,5,0.1432527701059977
eta_lat_m55p389462_lon_p90p989594.npy,-55.389462,90.989594,385,390,summer,5,0.1356812243660291
eta_lat_m44p523903_lon_p6p989578.npy,-44.523903,6.989578,35,40,summer,5,0.06730167443553607
eta_lat_m55p389462_lon_m149p010422.npy,-55.389462,-149.010422,360,365,summer,5,0.09398990621169408
eta_lat_m64p202515_lon_m131p010422.npy,-64.202515,-131.010422,410,415,summer,5,0.8893774350484213
eta_lat_m16p395037_lon_m11p010422.npy,-16.395037,-11.010422,0,5,summer,5,0.057006786266962685
eta_lat_m58p574665_lon_m53p010422.npy,-58.574665,-53.010422,335,340,summer,5,0.12403941651185353
eta_lat_p40p414062_lon_m41p010422.npy,40.414062,-41.010422,395,400,summer,5,0.0751789187391599
eta_lat_m73p545830_lon_m172p573288.npy,-73.54583,-172.573288,410,415,summer,5,1.245358904202779
eta_lat_p31p463802_lon_p150p989563.npy,31.463802,150.989563,415,420,summer,5,0.08959038803974788
eta_lat_m11p027672_lon_m113p010414.npy,-11.027672,-113.010414,340,345,summer,5,0.08679162214199702
eta_lat_m48p374134_lon_p174p989563.npy,-48.374134,174.989563,20,25,summer,5,0.15781119962533316
eta_lat_p0p009682_lon_m113p010414.npy,0.009682,-113.010414,365,370,summer,5,0.11840760459502538
eta_lat_m58p574665_lon_m59p010422.npy,-58.574665,-59.010422,375,380,summer,5,0.1407935693860054
eta_lat_p51p994694_lon_m35p010422.npy,51.994694,-35.010422,330,335,summer,5,0.09058934698502223
eta_lat_m58p574665_lon_p60p989578.npy,-58.574665,60.989578,25,30,summer,5,0.22902344663937887
eta_lat_m21p610189_lon_m107p010414.npy,-21.610189,-107.010414,25,30,summer,5,0.059698556860287987
eta_lat_m55p389462_lon_p144p989563.npy,-55.389462,144.989563,415,420,summer,5,0.062214200695355736
eta_lat_m52p006847_lon_m161p010422.npy,-52.006847,-161.010422,5,10,summer,5,0.10709296415249507
eta_lat_m61p508057_lon_p48p989578.npy,-61.508057,48.989578,30,35,summer,5,0.15605766574541727
eta_lat_m36p058659_lon_m101p010414.npy,-36.058659,-101.010414,395,400,summer,5,0.09511303901672363
eta_lat_m61p508057_lon_m95p010414.npy,-61.508057,-95.010414,45,50,summer,5,0.06366362671057384
eta_lat_m31p463802_lon_m17p010422.npy,-31.463802,-17.010422,15,20,summer,5,0.06352791438500087
eta_lat_p55p389462_lon_p174p989563.npy,55.389462,174.989563,0,5,summer,5,0.08339399471879005
eta_lat_p21p610189_lon_m119p010414.npy,21.610189,-119.010414,400,405,summer,5,0.09014365822076797
eta_lat_p0p009682_lon_m143p010422.npy,0.009682,-143.010422,350,355,summer,5,0.12928856909275055
eta_lat_m31p463802_lon_m119p010414.npy,-31.463802,-119.010414,375,380,summer,5,0.07979950060447057
eta_lat_m58p574665_lon_p126p989594.npy,-58.574665,126.989594,335,340,summer,5,0.15957094728946686
eta_lat_m66p662788_lon_m77p010414.npy,-66.662788,-77.010414,350,355,summer,5,0.15531531969706217
eta_lat_m31p463802_lon_p96p989594.npy,-31.463802,96.989594,370,375,summer,5,0.0897890751560529
eta_lat_m58p574665_lon_p54p989578.npy,-58.574665,54.989578,365,370,summer,5,0.061497786392768226
eta_lat_m31p463802_lon_p0p989578.npy,-31.463802,0.989578,325,330,summer,5,0.07017539441585541
eta_lat_m55p389462_lon_m113p010414.npy,-55.389462,-113.010414,360,365,summer,5,0.10407916456460953
eta_lat_m55p400803_lon_p168p989563.npy,-55.400803,168.989563,345,350,summer,5,0.540856788555781
eta_lat_m52p006847_lon_m167p010422.npy,-52.006847,-167.010422,325,330,summer,5,0.13474690914154053
eta_lat_m58p574665_lon_m143p010422.npy,-58.574665,-143.010422,375,380,summer,5,0.18646131455898285
eta_lat_m64p202515_lon_p150p989563.npy,-64.202515,150.989563,0,5,summer,5,0.38892223437627155
eta_lat_m55p389462_lon_p108p989594.npy,-55.389462,108.989594,45,50,summer,5,0.08152537296215694
eta_lat_m71p216316_lon_m53p046265.npy,-71.216316,-53.046265,345,350,summer,5,1.1120166778564453
eta_lat_m52p006847_lon_m131p010422.npy,-52.006847,-131.010422,5,10,summer,5,0.06339262425899506
eta_lat_m0p009682_lon_p78p989594.npy,-0.009682,78.989594,345,350,summer,5,0.11911472181479137
eta_lat_p67p966568_lon_p0p326355.npy,67.966568,0.326355,40,45,summer,5,0.11067829777797063
eta_lat_m52p006847_lon_p0p989578.npy,-52.006847,0.989578,10,15,summer,5,0.08443951110045116
eta_lat_p11p027672_lon_m137p010422.npy,11.027672,-137.010422,370,375,summer,5,0.11566437780857086
eta_lat_m58p574665_lon_m137p010422.npy,-58.574665,-137.010422,5,10,summer,5,0.07042787596583366
eta_lat_m64p202515_lon_p30p989578.npy,-64.202515,30.989578,360,365,summer,5,0.32887739936510724
eta_lat_m64p202515_lon_m149p010422.npy,-64.202515,-149.010422,325,330,summer,5,0.3097783029079437
eta_lat_p44p523903_lon_m167p010422.npy,44.523903,-167.010422,415,420,summer,5,0.07531599203745525
eta_lat_p51p994694_lon_m41p010422.npy,51.994694,-41.010422,20,25,summer,5,0.09024440745512645
eta_lat_m52p006847_lon_p12p989578.npy,-52.006847,12.989578,365,370,summer,5,0.08236763377984364
eta_lat_m55p389462_lon_p66p989594.npy,-55.389462,66.989594,375,380,summer,5,0.11554368957877159
eta_lat_m40p414062_lon_p114p989594.npy,-40.414062,114.989594,20,25,summer,5,0.0594005212187767
eta_lat_m48p374134_lon_p102p989594.npy,-48.374134,102.989594,30,35,summer,5,0.050326655308405556
eta_lat_m66p662788_lon_m83p010414.npy,-66.662788,-83.010414,330,335,summer,5,0.2310339411099752
eta_lat_p16p395037_lon_m143p010422.npy,16.395037,-143.010422,0,5,summer,5,0.08625095089276631
eta_lat_m48p374134_lon_p30p989578.npy,-48.374134,30.989578,365,370,summer,5,0.07602504889170329
eta_lat_m58p574665_lon_m143p010422.npy,-58.574665,-143.010422,350,355,summer,5,0.0939775009950002
eta_lat_m5p545479_lon_p78p989594.npy,-5.545479,78.989594,385,390,summer,5,0.11631793280442555
eta_lat_m36p058659_lon_p30p989578.npy,-36.058659,30.989578,390,395,summer,5,0.14254783590634665
eta_lat_m44p523903_lon_p84p989594.npy,-44.523903,84.989594,410,415,summer,5,0.10733010123173396
eta_lat_m71p057938_lon_m154p945801.npy,-71.057938,-154.945801,345,350,summer,5,1.6782625118891399
eta_lat_p21p610189_lon_m125p010414.npy,21.610189,-125.010414,350,355,summer,5,0.08160471171140671
eta_lat_m48p374134_lon_m119p010414.npy,-48.374134,-119.010414,410,415,summer,5,0.09910132487614949
eta_lat_m66p662788_lon_m173p010422.npy,-66.662788,-173.010422,375,380,summer,5,0.36414235830307007
eta_lat_m58p574665_lon_m113p010414.npy,-58.574665,-113.010414,375,380,summer,5,0.10558360566695531
eta_lat_m58p574665_lon_p90p989594.npy,-58.574665,90.989594,360,365,summer,5,0.19431994358698526
eta_lat_p11p027672_lon_m161p010422.npy,11.027672,-161.010422,20,25,summer,5,0.1265305628379186
eta_lat_m52p006847_lon_m173p010422.npy,-52.006847,-173.010422,360,365,summer,5,0.09239243467648824
eta_lat_m48p374134_lon_p60p989578.npy,-48.374134,60.989578,390,395,summer,5,0.08067011833190918
eta_lat_m26p641497_lon_m29p010422.npy,-26.641497,-29.010422,330,335,summer,5,0.05507248640060425
eta_lat_m70p941582_lon_m89p045937.npy,-70.941582,-89.045937,415,420,summer,5,0.7573960224787394
eta_lat_m51p994694_lon_p12p989578.npy,-51.994694,12.989578,10,15,summer,5,0.1305472825964292
eta_lat_m51p994694_lon_p126p989594.npy,-51.994694,126.989594,25,30,summer,5,0.14743423461914062
eta_lat_p44p523903_lon_m173p010422.npy,44.523903,-173.010422,10,15,summer,5,0.08017237732807796
eta_lat_m48p374134_lon_m119p010414.npy,-48.374134,-119.010414,35,40,summer,5,0.11729731659094493
eta_lat_m36p058659_lon_p84p989594.npy,-36.058659,84.989594,365,370,summer,5,0.06599616880218188
eta_lat_m40p414062_lon_p108p989594.npy,-40.414062,108.989594,335,340,summer,5,0.06759254261851311
eta_lat_m40p414062_lon_m83p010414.npy,-40.414062,-83.010414,10,15,summer,5,0.08846652507781982
eta_lat_m36p058659_lon_p36p989578.npy,-36.058659,36.989578,365,370,summer,5,0.07872422163685162
eta_lat_p65p078934_lon_p0p678101.npy,65.078934,0.678101,395,400,summer,5,0.06431195015708606
eta_lat_m40p414062_lon_p36p989578.npy,-40.414062,36.989578,45,50,summer,5,0.13016686091820398
eta_lat_p48p374134_lon_m29p010422.npy,48.374134,-29.010422,40,45,summer,5,0.11599208414554596
eta_lat_m5p545479_lon_m131p010422.npy,-5.545479,-131.010422,15,20,summer,5,0.1103481873869896
eta_lat_m44p523903_lon_m11p010422.npy,-44.523903,-11.010422,390,395,summer,5,0.10425721108913422
eta_lat_p11p027672_lon_m119p010414.npy,11.027672,-119.010414,400,405,summer,5,0.1359692762295405
eta_lat_p16p395037_lon_m137p010422.npy,16.395037,-137.010422,330,335,summer,5,0.09649556875228882
eta_lat_p44p523903_lon_m137p010422.npy,44.523903,-137.010422,40,45,summer,5,0.0856107622385025
eta_lat_m64p202515_lon_p150p989563.npy,-64.202515,150.989563,325,330,summer,5,0.5166929960250854
eta_lat_m58p574665_lon_p96p989594.npy,-58.574665,96.989594,390,395,summer,5,0.16443883627653122
eta_lat_m58p574665_lon_m155p010422.npy,-58.574665,-155.010422,410,415,summer,5,0.07421949754158656
eta_lat_p40p414062_lon_m41p010422.npy,40.414062,-41.010422,365,370,summer,5,0.10508543252944946
eta_lat_p55p389462_lon_m35p010422.npy,55.389462,-35.010422,380,385,summer,5,0.07029692580302556
eta_lat_p51p994694_lon_m41p010422.npy,51.994694,-41.010422,385,390,summer,5,0.1146919106443723
eta_lat_m52p006847_lon_m83p010414.npy,-52.006847,-83.010414,360,365,summer,5,0.06936226040124893
eta_lat_m58p574665_lon_m41p010422.npy,-58.574665,-41.010422,325,330,summer,5,0.11808156718810399
eta_lat_p48p374134_lon_p168p989563.npy,48.374134,168.989563,30,35,summer,5,0.0641095091899236
eta_lat_m66p662788_lon_m161p010422.npy,-66.662788,-161.010422,410,415,summer,5,0.5291904409726461
eta_lat_m36p058659_lon_p0p989578.npy,-36.058659,0.989578,360,365,summer,5,0.05791238943735758
eta_lat_m66p662788_lon_p0p989578.npy,-66.662788,0.989578,30,35,summer,5,0.34827157855033875
eta_lat_p36p058659_lon_m131p010422.npy,36.058659,-131.010422,340,345,summer,5,0.07440580427646637
eta_lat_p44p523903_lon_m143p010422.npy,44.523903,-143.010422,5,10,summer,5,0.1368756890296936
eta_lat_m58p574665_lon_m131p010422.npy,-58.574665,-131.010422,340,345,summer,5,0.06526698047916095
eta_lat_m51p994694_lon_p126p989594.npy,-51.994694,126.989594,350,355,summer,5,0.09769687056541443
eta_lat_m21p610189_lon_m119p010414.npy,-21.610189,-119.010414,340,345,summer,5,0.0611221951742967
eta_lat_m55p389462_lon_m149p010422.npy,-55.389462,-149.010422,375,380,summer,5,0.12191758056481679
eta_lat_m68p928383_lon_m59p010422.npy,-68.928383,-59.010422,40,45,summer,5,0.2390028784672419
eta_lat_m66p662788_lon_p30p989578.npy,-66.662788,30.989578,20,25,summer,5,0.5004696249961853
eta_lat_m48p374134_lon_p132p989563.npy,-48.374134,132.989563,390,395,summer,5,0.15678156912326813
eta_lat_m11p027672_lon_m23p010422.npy,-11.027672,-23.010422,45,50,summer,5,0.07897267490625381
eta_lat_m31p463802_lon_m101p010414.npy,-31.463802,-101.010414,340,345,summer,5,0.06440293913086255
eta_lat_p5p545479_lon_p66p989594.npy,5.545479,66.989594,35,40,summer,5,0.08685483038425446
eta_lat_p70p750267_lon_p6p987473.npy,70.750267,6.987473,390,395,summer,5,0.0753917470574379
eta_lat_m55p389462_lon_m101p010414.npy,-55.389462,-101.010414,390,395,summer,5,0.08886868755022685
eta_lat_m58p574665_lon_p120p989594.npy,-58.574665,120.989594,400,405,summer,5,0.13307018081347147
eta_lat_p26p641497_lon_p156p989563.npy,26.641497,156.989563,335,340,summer,5,0.08059961348772049
eta_lat_p0p009682_lon_m107p010414.npy,0.009682,-107.010414,325,330,summer,5,0.11622652908166249
eta_lat_m31p463802_lon_m17p010422.npy,-31.463802,-17.010422,390,395,summer,5,0.06618331621090572
eta_lat_m21p610189_lon_m89p010414.npy,-21.610189,-89.010414,30,35,summer,5,0.06034687161445618
eta_lat_m51p994694_lon_m131p010422.npy,-51.994694,-131.010422,380,385,summer,5,0.1107688918709755
eta_lat_m31p463802_lon_m143p010422.npy,-31.463802,-143.010422,40,45,summer,5,0.07341376443703969
eta_lat_p21p610189_lon_m47p010422.npy,21.610189,-47.010422,400,405,summer,5,0.08105015257994334
eta_lat_m64p202515_lon_m119p010414.npy,-64.202515,-119.010414,35,40,summer,5,0.08631869405508041
eta_lat_p11p027672_lon_m95p010414.npy,11.027672,-95.010414,350,355,summer,5,0.1305295874675115
eta_lat_m51p994694_lon_m137p010422.npy,-51.994694,-137.010422,395,400,summer,5,0.20277570684750876
eta_lat_p55p389462_lon_m35p010422.npy,55.389462,-35.010422,30,35,summer,5,0.05945639808972677
eta_lat_m40p414062_lon_p132p989563.npy,-40.414062,132.989563,410,415,summer,5,0.11520900577306747
eta_lat_m26p641497_lon_m5p010422.npy,-26.641497,-5.010422,395,400,summer,5,0.05884638552864393
eta_lat_m61p508057_lon_m155p010422.npy,-61.508057,-155.010422,25,30,summer,5,0.13047112772862116
eta_lat_m64p202515_lon_p54p989578.npy,-64.202515,54.989578,15,20,summer,5,0.4448828299840291
eta_lat_p5p545479_lon_m119p010414.npy,5.545479,-119.010414,5,10,summer,5,0.10180581609408061
eta_lat_p11p027672_lon_m137p010422.npy,11.027672,-137.010422,10,15,summer,5,0.13127271085977554
eta_lat_p11p027672_lon_m137p010422.npy,11.027672,-137.010422,340,345,summer,5,0.13747325539588928
eta_lat_p36p058659_lon_m155p010422.npy,36.058659,-155.010422,0,5,summer,5,0.06510462239384651
eta_lat_p36p058659_lon_m143p010422.npy,36.058659,-143.010422,330,335,summer,5,0.06566723187764485
eta_lat_m61p508057_lon_p132p989563.npy,-61.508057,132.989563,40,45,summer,5,0.08064240713914235
eta_lat_m51p994694_lon_m5p010422.npy,-51.994694,-5.010422,415,420,summer,5,0.07658985257148743
eta_lat_m16p395037_lon_m29p010422.npy,-16.395037,-29.010422,345,350,summer,5,0.06897468119859695
eta_lat_m71p216316_lon_m53p046265.npy,-71.216316,-53.046265,45,50,summer,5,0.3683028022448222
eta_lat_m36p058659_lon_p72p989594.npy,-36.058659,72.989594,0,5,summer,5,0.05146226907769839
eta_lat_m11p027672_lon_m95p010414.npy,-11.027672,-95.010414,415,420,summer,5,0.09583141654729843
eta_lat_m40p414062_lon_m167p010422.npy,-40.414062,-167.010422,0,5,summer,5,0.07539200286070506
eta_lat_m55p400803_lon_m143p010422.npy,-55.400803,-143.010422,5,10,summer,5,0.12121623754501343
eta_lat_m58p574665_lon_m125p010414.npy,-58.574665,-125.010414,15,20,summer,5,0.09699756900469463
eta_lat_m68p928383_lon_m131p010422.npy,-68.928383,-131.010422,20,25,summer,5,0.08590387304623921
eta_lat_p11p027672_lon_m41p010422.npy,11.027672,-41.010422,405,410,summer,5,0.1425369530916214
eta_lat_p40p414062_lon_m137p010422.npy,40.414062,-137.010422,15,20,summer,5,0.10074734936157863
eta_lat_m52p006847_lon_p12p989578.npy,-52.006847,12.989578,40,45,summer,5,0.08510275185108185
eta_lat_m48p374134_lon_p156p989563.npy,-48.374134,156.989563,395,400,summer,5,0.08660456041495006
eta_lat_m36p058659_lon_p162p989563.npy,-36.058659,162.989563,30,35,summer,5,0.1100991020600001
eta_lat_m58p574665_lon_m53p010422.npy,-58.574665,-53.010422,340,345,summer,5,0.09688507517178853
eta_lat_m44p523903_lon_m131p010422.npy,-44.523903,-131.010422,30,35,summer,5,0.05429366727670034
eta_lat_m66p662788_lon_m119p010414.npy,-66.662788,-119.010414,0,5,summer,5,0.11029234280188878
eta_lat_m68p928383_lon_m83p010414.npy,-68.928383,-83.010414,25,30,summer,5,0.7369645635286967
eta_lat_m31p463802_lon_p90p989594.npy,-31.463802,90.989594,385,390,summer,5,0.0756050596634547
eta_lat_p40p414062_lon_p156p989563.npy,40.414062,156.989563,360,365,summer,5,0.08386816084384918
eta_lat_p31p463802_lon_m161p010422.npy,31.463802,-161.010422,35,40,summer,5,0.06585673491160075
eta_lat_m55p400803_lon_m119p010414.npy,-55.400803,-119.010414,15,20,summer,5,0.11116072535514832
eta_lat_m55p400803_lon_p102p989594.npy,-55.400803,102.989594,30,35,summer,5,0.1239961286385854
eta_lat_m44p523903_lon_m113p010414.npy,-44.523903,-113.010414,35,40,summer,5,0.057282855113347374
eta_lat_m61p508057_lon_m107p010414.npy,-61.508057,-107.010414,355,360,summer,5,0.14313682913780212
eta_lat_m31p463802_lon_p0p989578.npy,-31.463802,0.989578,405,410,summer,5,0.06126092125972112
eta_lat_m58p574665_lon_p114p989594.npy,-58.574665,114.989594,15,20,summer,5,0.09311243891716003
eta_lat_m55p389462_lon_p168p989563.npy,-55.389462,168.989563,390,395,summer,5,0.3053045968214671
eta_lat_m61p508057_lon_p126p989594.npy,-61.508057,126.989594,390,395,summer,5,0.23238103091716766
eta_lat_m16p395037_lon_m11p010422.npy,-16.395037,-11.010422,25,30,summer,5,0.06964493170380592
eta_lat_m44p523903_lon_p132p989563.npy,-44.523903,132.989563,40,45,summer,5,0.09853232403596242
eta_lat_m70p951729_lon_m142p952744.npy,-70.951729,-142.952744,330,335,summer,5,1.8911851644515991
eta_lat_m51p994694_lon_m5p010422.npy,-51.994694,-5.010422,410,415,summer,5,0.06674489627281825
eta_lat_m55p389462_lon_m119p010414.npy,-55.389462,-119.010414,330,335,summer,5,0.11434060831864674
eta_lat_m55p400803_lon_p42p989578.npy,-55.400803,42.989578,375,380,summer,5,0.07085429256161054
eta_lat_m68p928383_lon_m137p010422.npy,-68.928383,-137.010422,340,345,summer,5,1.3404183387756348
eta_lat_m48p374134_lon_m101p010414.npy,-48.374134,-101.010414,405,410,summer,5,0.0574975423514843
eta_lat_m11p027672_lon_p66p989594.npy,-11.027672,66.989594,385,390,summer,5,0.08886617422103882
eta_lat_m58p574665_lon_p168p989563.npy,-58.574665,168.989563,20,25,summer,5,0.07979712386926015
eta_lat_m61p508057_lon_m131p010422.npy,-61.508057,-131.010422,340,345,summer,5,0.20121376713116965
eta_lat_m55p400803_lon_p126p989594.npy,-55.400803,126.989594,10,15,summer,5,0.12565202017625174
eta_lat_m31p463802_lon_m113p010414.npy,-31.463802,-113.010414,390,395,summer,5,0.09072908014059067
eta_lat_m64p202515_lon_p174p989563.npy,-64.202515,174.989563,390,395,summer,5,0.44777307907740277
eta_lat_m61p508057_lon_m167p010422.npy,-61.508057,-167.010422,360,365,summer,5,0.07221951584021251
eta_lat_m61p508057_lon_m83p010414.npy,-61.508057,-83.010414,15,20,summer,5,0.10956571499506633
eta_lat_p21p610189_lon_m23p010422.npy,21.610189,-23.010422,0,5,summer,5,0.06533962984879811
eta_lat_p0p009682_lon_m131p010422.npy,0.009682,-131.010422,390,395,summer,5,0.13092959920565286
eta_lat_m16p395037_lon_m11p010422.npy,-16.395037,-11.010422,30,35,summer,5,0.0671662042538325
eta_lat_m51p994694_lon_m113p010414.npy,-51.994694,-113.010414,5,10,summer,5,0.06165831287701925
eta_lat_m55p389462_lon_p54p989578.npy,-55.389462,54.989578,395,400,summer,5,0.1402260884642601
eta_lat_m64p202515_lon_p42p989578.npy,-64.202515,42.989578,330,335,summer,5,0.17961588501930237
eta_lat_m26p641497_lon_m137p010422.npy,-26.641497,-137.010422,350,355,summer,5,0.08400651191671689
eta_lat_m55p389462_lon_p72p989594.npy,-55.389462,72.989594,345,350,summer,5,0.17812348902225494
eta_lat_m66p662788_lon_m35p010422.npy,-66.662788,-35.010422,355,360,summer,5,0.4501415491104126
eta_lat_m71p277649_lon_m41p033340.npy,-71.277649,-41.03334,40,45,summer,5,0.40736303726832074
eta_lat_m66p662788_lon_m11p010422.npy,-66.662788,-11.010422,345,350,summer,5,0.7984986503918966
eta_lat_m11p027672_lon_m107p010414.npy,-11.027672,-107.010414,345,350,summer,5,0.10537028064330418
eta_lat_p11p027672_lon_m35p010422.npy,11.027672,-35.010422,365,370,summer,5,0.11131357898314793
eta_lat_m75p355705_lon_m159p614578.npy,-75.355705,-159.614578,355,360,summer,5,1.2981229623158772
eta_lat_m52p006847_lon_m161p010422.npy,-52.006847,-161.010422,325,330,summer,5,0.10072930653889973
eta_lat_m55p400803_lon_p36p989578.npy,-55.400803,36.989578,380,385,summer,5,0.09689207126696904
eta_lat_m11p027672_lon_m29p010422.npy,-11.027672,-29.010422,375,380,summer,5,0.07741243143876393
eta_lat_m26p641497_lon_m173p010422.npy,-26.641497,-173.010422,335,340,summer,5,0.06599742919206619
eta_lat_p65p913406_lon_m30p464722.npy,65.913406,-30.464722,335,340,summer,5,0.1844241519769033
eta_lat_m40p414062_lon_m167p010422.npy,-40.414062,-167.010422,380,385,summer,5,0.11205225189526875
eta_lat_m55p400803_lon_p84p989594.npy,-55.400803,84.989594,15,20,summer,5,0.11322567363580067
eta_lat_m11p027672_lon_m89p010414.npy,-11.027672,-89.010414,385,390,summer,5,0.07601400464773178
eta_lat_m11p027672_lon_m11p010422.npy,-11.027672,-11.010422,365,370,summer,5,0.06733644753694534
eta_lat_m11p027672_lon_m83p010414.npy,-11.027672,-83.010414,325,330,summer,5,0.07076021780570348
eta_lat_m52p006847_lon_m53p010422.npy,-52.006847,-53.010422,40,45,summer,5,0.12761157006025314
eta_lat_m64p202515_lon_p18p989578.npy,-64.202515,18.989578,5,10,summer,5,0.09740087141593297
eta_lat_m55p400803_lon_m5p010422.npy,-55.400803,-5.010422,410,415,summer,5,0.1441449522972107
eta_lat_p16p395037_lon_p138p989563.npy,16.395037,138.989563,415,420,summer,5,0.10905232777198155
eta_lat_p44p523903_lon_m131p010422.npy,44.523903,-131.010422,330,335,summer,5,0.07257074117660522
eta_lat_p44p523903_lon_m41p010422.npy,44.523903,-41.010422,400,405,summer,5,0.114013376335303
eta_lat_p0p009682_lon_m143p010422.npy,0.009682,-143.010422,390,395,summer,5,0.1237933486700058
eta_lat_m64p202515_lon_m71p010414.npy,-64.202515,-71.010414,45,50,summer,5,0.16628573586543402
eta_lat_m64p202515_lon_m167p010422.npy,-64.202515,-167.010422,5,10,summer,5,1.0137036641438801
eta_lat_m64p202515_lon_p84p989594.npy,-64.202515,84.989594,345,350,summer,5,0.8119470675786337
eta_lat_m68p928383_lon_m155p010422.npy,-68.928383,-155.010422,400,405,summer,5,0.8401688734690348
eta_lat_m68p928383_lon_m119p010414.npy,-68.928383,-119.010414,360,365,summer,5,0.24135419726371765
eta_lat_m55p389462_lon_m53p010422.npy,-55.389462,-53.010422,20,25,summer,5,0.17325816055138907
eta_lat_m44p523903_lon_m119p010414.npy,-44.523903,-119.010414,350,355,summer,5,0.06790014604727428
eta_lat_m51p994694_lon_m11p010422.npy,-51.994694,-11.010422,360,365,summer,5,0.06353288143873215
eta_lat_p21p610189_lon_m143p010422.npy,21.610189,-143.010422,5,10,summer,5,0.08694435407718022
eta_lat_m40p414062_lon_p162p989563.npy,-40.414062,162.989563,385,390,summer,5,0.06253852943579356
eta_lat_m71p216316_lon_m53p046265.npy,-71.216316,-53.046265,375,380,summer,5,1.3505473534266155
eta_lat_m44p523903_lon_p60p989578.npy,-44.523903,60.989578,335,340,summer,5,0.1339792807896932
eta_lat_m61p508057_lon_p18p989578.npy,-61.508057,18.989578,410,415,summer,5,0.6121224363644918
eta_lat_m26p641497_lon_m137p010422.npy,-26.641497,-137.010422,15,20,summer,5,0.08119055132071178
eta_lat_m55p400803_lon_p174p989563.npy,-55.400803,174.989563,380,385,summer,5,0.1284213289618492
eta_lat_m0p009682_lon_m17p010422.npy,-0.009682,-17.010422,370,375,summer,5,0.12043831994136174
eta_lat_m58p574665_lon_m11p010422.npy,-58.574665,-11.010422,375,380,summer,5,1.4114251136779785
eta_lat_m40p414062_lon_m137p010422.npy,-40.414062,-137.010422,385,390,summer,5,0.05280617003639539
eta_lat_p16p395037_lon_m173p010422.npy,16.395037,-173.010422,340,345,summer,5,0.09643918524185817
eta_lat_m36p058659_lon_p12p989578.npy,-36.058659,12.989578,360,365,summer,5,0.14608056843280792
eta_lat_m61p508057_lon_p60p989578.npy,-61.508057,60.989578,385,390,summer,5,0.501913438240687
eta_lat_m51p994694_lon_p84p989594.npy,-51.994694,84.989594,25,30,summer,5,0.15487978359063467
eta_lat_m31p463802_lon_p162p989563.npy,-31.463802,162.989563,385,390,summer,5,0.11718222498893738
eta_lat_p31p463802_lon_m137p010422.npy,31.463802,-137.010422,45,50,summer,5,0.08240265150864919
eta_lat_p51p994694_lon_m47p010422.npy,51.994694,-47.010422,410,415,summer,5,0.07352417707443237
eta_lat_m44p523903_lon_p114p989594.npy,-44.523903,114.989594,325,330,summer,5,0.10883959631125133
eta_lat_m36p058659_lon_m29p010422.npy,-36.058659,-29.010422,330,335,summer,5,0.07986455659071605
eta_lat_m66p662788_lon_m119p010414.npy,-66.662788,-119.010414,365,370,summer,5,0.673296054204305
eta_lat_m75p574257_lon_m165p651382.npy,-75.574257,-165.651382,10,15,summer,5,3.1391735871632895
eta_lat_m73p720367_lon_m47p316681.npy,-73.720367,-47.316681,330,335,summer,5,0.26417742172876996
eta_lat_p61p082935_lon_m35p089630.npy,61.082935,-35.08963,330,335,summer,5,0.05476002146800359
eta_lat_p40p414062_lon_m131p010422.npy,40.414062,-131.010422,390,395,summer,5,0.10036945094664891
eta_lat_m55p400803_lon_p54p989578.npy,-55.400803,54.989578,35,40,summer,5,0.14055188993612924
eta_lat_m5p545479_lon_m107p010414.npy,-5.545479,-107.010414,20,25,summer,5,0.12837593257427216
eta_lat_m52p006847_lon_m47p010422.npy,-52.006847,-47.010422,330,335,summer,5,0.09827242543299992
eta_lat_m36p058659_lon_p162p989563.npy,-36.058659,162.989563,360,365,summer,5,0.08790790537993114
eta_lat_m66p662788_lon_m161p010422.npy,-66.662788,-161.010422,395,400,summer,5,0.40403084953625995
eta_lat_p40p414062_lon_p156p989563.npy,40.414062,156.989563,390,395,summer,5,0.07884065806865692
eta_lat_p26p641497_lon_m41p010422.npy,26.641497,-41.010422,400,405,summer,5,0.06672748178243637
eta_lat_m61p508057_lon_m11p010422.npy,-61.508057,-11.010422,30,35,summer,5,0.5213225881258646
eta_lat_p26p641497_lon_m131p010422.npy,26.641497,-131.010422,400,405,summer,5,0.10879712551832199
eta_lat_m36p058659_lon_p72p989594.npy,-36.058659,72.989594,330,335,summer,5,0.05864756306012472
eta_lat_p21p610189_lon_m23p010422.npy,21.610189,-23.010422,410,415,summer,5,0.06916038816173871
eta_lat_m58p574665_lon_p60p989578.npy,-58.574665,60.989578,360,365,summer,5,0.08611891915400822
eta_lat_m61p508057_lon_m101p010414.npy,-61.508057,-101.010414,415,420,summer,5,0.11807716637849808
eta_lat_m55p389462_lon_m119p010414.npy,-55.389462,-119.010414,415,420,summer,5,0.13376766443252563
eta_lat_p31p463802_lon_p156p989563.npy,31.463802,156.989563,15,20,summer,5,0.080702709654967
eta_lat_p16p395037_lon_p156p989563.npy,16.395037,156.989563,20,25,summer,5,0.1084493597348531
eta_lat_m64p202515_lon_m119p010414.npy,-64.202515,-119.010414,370,375,summer,5,0.3294704059759776
eta_lat_m68p928383_lon_m125p010414.npy,-68.928383,-125.010414,25,30,summer,5,0.1798825810352961
eta_lat_m58p574665_lon_p0p989578.npy,-58.574665,0.989578,350,355,summer,5,0.5889430642127991
eta_lat_m52p006847_lon_p24p989578.npy,-52.006847,24.989578,335,340,summer,5,0.13414398829142252
eta_lat_m51p994694_lon_p114p989594.npy,-51.994694,114.989594,335,340,summer,5,0.13685254007577896
eta_lat_m55p400803_lon_p12p989578.npy,-55.400803,12.989578,415,420,summer,5,0.5645285248756409
eta_lat_m73p796959_lon_m41p244324.npy,-73.796959,-41.244324,400,405,summer,5,0.671268622080485
eta_lat_m48p374134_lon_m167p010422.npy,-48.374134,-167.010422,390,395,summer,5,0.08153277387221654
eta_lat_m36p058659_lon_m131p010422.npy,-36.058659,-131.010422,405,410,summer,5,0.08743945260842641
eta_lat_p5p545479_lon_m149p010422.npy,5.545479,-149.010422,415,420,summer,5,0.12345632414023082
eta_lat_m44p523903_lon_p12p989578.npy,-44.523903,12.989578,30,35,summer,5,0.062122864027818046
eta_lat_m36p058659_lon_m41p010422.npy,-36.058659,-41.010422,380,385,summer,5,0.07396211226781209
eta_lat_m51p994694_lon_m167p010422.npy,-51.994694,-167.010422,360,365,summer,5,0.10305383553107579
eta_lat_m40p414062_lon_m17p010422.npy,-40.414062,-17.010422,400,405,summer,5,0.14683812111616135
eta_lat_m40p414062_lon_m23p010422.npy,-40.414062,-23.010422,340,345,summer,5,0.08364846060673396
eta_lat_m58p574665_lon_m53p010422.npy,-58.574665,-53.010422,330,335,summer,5,0.10766838739315669
eta_lat_m51p994694_lon_m161p010422.npy,-51.994694,-161.010422,20,25,summer,5,0.11398165176312129
eta_lat_m76p178772_lon_m41p740692.npy,-76.178772,-41.740692,40,45,summer,5,0.30212460458278656
eta_lat_m31p463802_lon_m167p010422.npy,-31.463802,-167.010422,35,40,summer,5,0.06909030924240749
eta_lat_m0p009682_lon_p60p989578.npy,-0.009682,60.989578,410,415,summer,5,0.13301674028237662
eta_lat_p36p058659_lon_m47p010422.npy,36.058659,-47.010422,35,40,summer,5,0.07051814968387286
eta_lat_m5p545479_lon_m23p010422.npy,-5.545479,-23.010422,355,360,summer,5,0.08662196497122447
eta_lat_m11p027672_lon_p66p989594.npy,-11.027672,66.989594,0,5,summer,5,0.08212010810772578
eta_lat_m31p463802_lon_m125p010414.npy,-31.463802,-125.010414,405,410,summer,5,0.08311637739340465
eta_lat_m58p574665_lon_m65p010414.npy,-58.574665,-65.010414,340,345,summer,5,0.16937588155269623
eta_lat_p70p750267_lon_p6p987473.npy,70.750267,6.987473,35,40,summer,5,0.12448167304197948
eta_lat_p48p374134_lon_m167p010422.npy,48.374134,-167.010422,5,10,summer,5,0.1605037103096644
eta_lat_m64p202515_lon_m173p010422.npy,-64.202515,-173.010422,10,15,summer,5,0.14749062558015189
eta_lat_m26p641497_lon_m155p010422.npy,-26.641497,-155.010422,355,360,summer,5,0.08920484532912572
eta_lat_m61p508057_lon_m83p010414.npy,-61.508057,-83.010414,40,45,summer,5,0.10301682104667027
eta_lat_p21p610189_lon_m173p010422.npy,21.610189,-173.010422,330,335,summer,5,0.07956382632255554
eta_lat_m48p374134_lon_p30p989578.npy,-48.374134,30.989578,385,390,summer,5,0.0961738924185435
eta_lat_m64p202515_lon_m167p010422.npy,-64.202515,-167.010422,340,345,summer,5,0.07945319513479869
eta_lat_m48p374134_lon_p102p989594.npy,-48.374134,102.989594,335,340,summer,5,0.08686484893163045
eta_lat_p0p009682_lon_m107p010414.npy,0.009682,-107.010414,45,50,summer,5,0.1272028386592865
eta_lat_m52p006847_lon_p84p989594.npy,-52.006847,84.989594,325,330,summer,5,0.14328023542960486
eta_lat_p61p185383_lon_m29p222214.npy,61.185383,-29.222214,395,400,summer,5,0.0769563540816307
eta_lat_m58p574665_lon_m107p010414.npy,-58.574665,-107.010414,335,340,summer,5,0.11115997036298116
eta_lat_m58p574665_lon_m131p010422.npy,-58.574665,-131.010422,0,5,summer,5,0.09222368399302165
eta_lat_m31p463802_lon_m107p010414.npy,-31.463802,-107.010414,5,10,summer,5,0.06400147328774135
eta_lat_p26p641497_lon_m149p010422.npy,26.641497,-149.010422,355,360,summer,5,0.06720960885286331
eta_lat_m55p400803_lon_p144p989563.npy,-55.400803,144.989563,35,40,summer,5,0.05909465874234835
eta_lat_m52p006847_lon_m29p010422.npy,-52.006847,-29.010422,370,375,summer,5,0.12989224245150885
eta_lat_m44p523903_lon_p114p989594.npy,-44.523903,114.989594,360,365,summer,5,0.15499030550320944
eta_lat_m61p508057_lon_m113p010414.npy,-61.508057,-113.010414,20,25,summer,5,0.08791976794600487
eta_lat_p55p389462_lon_p174p989563.npy,55.389462,174.989563,5,10,summer,5,0.06624091913302739
eta_lat_m58p574665_lon_m89p010414.npy,-58.574665,-89.010414,325,330,summer,5,0.10209507991870244
eta_lat_p61p367260_lon_m23p297623.npy,61.36726,-23.297623,355,360,summer,5,0.11656924585501353
eta_lat_m31p463802_lon_m155p010422.npy,-31.463802,-155.010422,355,360,summer,5,0.06605129937330882
eta_lat_p36p058659_lon_m131p010422.npy,36.058659,-131.010422,400,405,summer,5,0.07563233375549316
eta_lat_m40p414062_lon_p126p989594.npy,-40.414062,126.989594,405,410,summer,5,0.06840958818793297
eta_lat_p40p414062_lon_p156p989563.npy,40.414062,156.989563,395,400,summer,5,0.08218730241060257
eta_lat_m55p389462_lon_p72p989594.npy,-55.389462,72.989594,40,45,summer,5,0.07049030810594559
eta_lat_m64p202515_lon_m161p010422.npy,-64.202515,-161.010422,15,20,summer,5,0.5308935344219208
eta_lat_m21p610189_lon_m101p010414.npy,-21.610189,-101.010414,360,365,summer,5,0.059026263654232025
eta_lat_p51p994694_lon_m35p010422.npy,51.994694,-35.010422,395,400,summer,5,0.06432375932733218
eta_lat_m55p389462_lon_m143p010422.npy,-55.389462,-143.010422,395,400,summer,5,0.13259878754615784
eta_lat_m64p202515_lon_m35p010422.npy,-64.202515,-35.010422,370,375,summer,5,0.7221278746922811
eta_lat_m55p389462_lon_p66p989594.npy,-55.389462,66.989594,390,395,summer,5,0.12262046833833058
eta_lat_m40p414062_lon_p162p989563.npy,-40.414062,162.989563,375,380,summer,5,0.09587784359852473
eta_lat_m55p389462_lon_m173p010422.npy,-55.389462,-173.010422,355,360,summer,5,0.11651262640953064
eta_lat_m21p610189_lon_p90p989594.npy,-21.610189,90.989594,335,340,summer,5,0.07625351349512736
eta_lat_m64p202515_lon_m5p010422.npy,-64.202515,-5.010422,410,415,summer,5,1.2209460337956746
eta_lat_p5p545479_lon_m41p010422.npy,5.545479,-41.010422,350,355,summer,5,0.13335919628540674
eta_lat_m61p508057_lon_m113p010414.npy,-61.508057,-113.010414,395,400,summer,5,0.08280649284521739
eta_lat_m68p928383_lon_m149p010422.npy,-68.928383,-149.010422,35,40,summer,5,0.17940898736317953
eta_lat_p26p641497_lon_p156p989563.npy,26.641497,156.989563,0,5,summer,5,0.07341015835603078
eta_lat_m48p374134_lon_m131p010422.npy,-48.374134,-131.010422,400,405,summer,5,0.053079998741547264
eta_lat_m70p941582_lon_m89p045937.npy,-70.941582,-89.045937,345,350,summer,5,0.3944285313288371
eta_lat_m55p400803_lon_m107p010414.npy,-55.400803,-107.010414,380,385,summer,5,0.07917155946294467
eta_lat_m51p994694_lon_p6p989578.npy,-51.994694,6.989578,35,40,summer,5,0.09261245280504227
eta_lat_p5p545479_lon_m155p010422.npy,5.545479,-155.010422,340,345,summer,5,0.09638420244057973
eta_lat_m0p009682_lon_p60p989578.npy,-0.009682,60.989578,365,370,summer,5,0.11297442267338435
eta_lat_p36p058659_lon_m149p010422.npy,36.058659,-149.010422,385,390,summer,5,0.059066291898489
eta_lat_p58p499409_lon_m23p040436.npy,58.499409,-23.040436,30,35,summer,5,0.1741592288017273
eta_lat_m5p545479_lon_p84p989594.npy,-5.545479,84.989594,335,340,summer,5,0.09615768243869145
eta_lat_m26p641497_lon_m29p010422.npy,-26.641497,-29.010422,400,405,summer,5,0.0631039688984553
eta_lat_m40p414062_lon_m149p010422.npy,-40.414062,-149.010422,0,5,summer,5,0.10955817500750224
eta_lat_p48p374134_lon_m41p010422.npy,48.374134,-41.010422,335,340,summer,5,0.08283009380102158
eta_lat_m21p610189_lon_m119p010414.npy,-21.610189,-119.010414,365,370,summer,5,0.07742008566856384
eta_lat_m31p463802_lon_m137p010422.npy,-31.463802,-137.010422,380,385,summer,5,0.08714350561300914
eta_lat_m52p006847_lon_p102p989594.npy,-52.006847,102.989594,415,420,summer,5,0.1016499474644661
eta_lat_m66p662788_lon_m23p010422.npy,-66.662788,-23.010422,335,340,summer,5,0.7415779034296671
eta_lat_p21p610189_lon_m119p010414.npy,21.610189,-119.010414,35,40,summer,5,0.10149518897136052
eta_lat_p26p641497_lon_m155p010422.npy,26.641497,-155.010422,350,355,summer,5,0.08905748029549916
eta_lat_m58p574665_lon_m155p010422.npy,-58.574665,-155.010422,10,15,summer,5,0.09931006282567978
eta_lat_m58p574665_lon_p168p989563.npy,-58.574665,168.989563,330,335,summer,5,0.08242279291152954
eta_lat_m55p400803_lon_m89p010414.npy,-55.400803,-89.010414,345,350,summer,5,0.08855418115854263
eta_lat_m44p523903_lon_m89p010414.npy,-44.523903,-89.010414,10,15,summer,5,0.11953818053007126
eta_lat_m48p374134_lon_p120p989594.npy,-48.374134,120.989594,40,45,summer,5,0.14533665279547373
eta_lat_p48p374134_lon_m167p010422.npy,48.374134,-167.010422,330,335,summer,5,0.08394715438286464
eta_lat_p21p610189_lon_m125p010414.npy,21.610189,-125.010414,385,390,summer,5,0.08524340639511745
eta_lat_m61p508057_lon_m137p010422.npy,-61.508057,-137.010422,380,385,summer,5,0.6439814368883768
eta_lat_m61p508057_lon_p60p989578.npy,-61.508057,60.989578,30,35,summer,5,0.4354713161786397
eta_lat_m55p389462_lon_m17p010422.npy,-55.389462,-17.010422,345,350,summer,5,0.07388606419165929
eta_lat_m52p006847_lon_p6p989578.npy,-52.006847,6.989578,385,390,summer,5,0.06771393865346909
eta_lat_m61p508057_lon_p138p989563.npy,-61.508057,138.989563,415,420,summer,5,0.1643843725323677
eta_lat_m61p508057_lon_p174p989563.npy,-61.508057,174.989563,375,380,summer,5,0.1758085936307907
eta_lat_m55p400803_lon_m23p010422.npy,-55.400803,-23.010422,45,50,summer,5,0.09682515511910121
eta_lat_p16p395037_lon_m125p010414.npy,16.395037,-125.010414,35,40,summer,5,0.10436495145161946
eta_lat_m52p006847_lon_p144p989563.npy,-52.006847,144.989563,335,340,summer,5,0.0724543829758962
eta_lat_p51p994694_lon_m149p010422.npy,51.994694,-149.010422,395,400,summer,5,0.0827366163333257
eta_lat_p40p414062_lon_m59p010422.npy,40.414062,-59.010422,20,25,summer,5,0.12632938722769418
eta_lat_m68p928383_lon_m125p010414.npy,-68.928383,-125.010414,350,355,summer,5,0.6411425471305847
eta_lat_p36p058659_lon_m131p010422.npy,36.058659,-131.010422,370,375,summer,5,0.07909303282697995
eta_lat_m55p400803_lon_m5p010422.npy,-55.400803,-5.010422,345,350,summer,5,0.10490866005420685
eta_lat_m44p523903_lon_p96p989594.npy,-44.523903,96.989594,405,410,summer,5,0.1128245194753011
eta_lat_p36p058659_lon_m161p010422.npy,36.058659,-161.010422,415,420,summer,5,0.12740158041318259
eta_lat_m44p523903_lon_m167p010422.npy,-44.523903,-167.010422,395,400,summer,5,0.10238114247719447
eta_lat_m58p574665_lon_p138p989563.npy,-58.574665,138.989563,370,375,summer,5,0.05961748709281286
eta_lat_p48p374134_lon_p168p989563.npy,48.374134,168.989563,45,50,summer,5,0.09298552076021831
eta_lat_m68p928383_lon_m101p010414.npy,-68.928383,-101.010414,375,380,summer,5,0.38536496957143146
eta_lat_m55p389462_lon_p24p989578.npy,-55.389462,24.989578,385,390,summer,5,0.09695078680912654
eta_lat_m55p389462_lon_m95p010414.npy,-55.389462,-95.010414,35,40,summer,5,0.08811420202255249
eta_lat_m40p414062_lon_p54p989578.npy,-40.414062,54.989578,45,50,summer,5,0.1312342161933581
eta_lat_m31p463802_lon_p0p989578.npy,-31.463802,0.989578,360,365,summer,5,0.049218970040480294
eta_lat_p36p058659_lon_m41p010422.npy,36.058659,-41.010422,410,415,summer,5,0.07120344787836075
eta_lat_m55p389462_lon_p6p989578.npy,-55.389462,6.989578,415,420,summer,5,0.28399261832237244
eta_lat_m16p395037_lon_p72p989594.npy,-16.395037,72.989594,15,20,summer,5,0.06884115934371948
eta_lat_m64p202515_lon_m107p010414.npy,-64.202515,-107.010414,350,355,summer,5,0.08486586560805638
eta_lat_m64p202515_lon_m149p010422.npy,-64.202515,-149.010422,335,340,summer,5,0.40725769599278766
eta_lat_p44p523903_lon_m173p010422.npy,44.523903,-173.010422,45,50,summer,5,0.07906591395537059
eta_lat_m36p058659_lon_p90p989594.npy,-36.058659,90.989594,35,40,summer,5,0.050025044629971184
eta_lat_p40p414062_lon_m35p010422.npy,40.414062,-35.010422,30,35,summer,5,0.06374015907446544
eta_lat_m11p027672_lon_m131p010422.npy,-11.027672,-131.010422,10,15,summer,5,0.07643274466196696
eta_lat_m48p374134_lon_p42p989578.npy,-48.374134,42.989578,380,385,summer,5,0.08973743890722592
eta_lat_m55p389462_lon_p60p989578.npy,-55.389462,60.989578,330,335,summer,5,0.05596639464298884
eta_lat_m61p508057_lon_p108p989594.npy,-61.508057,108.989594,410,415,summer,5,0.41580991943677265
eta_lat_m40p414062_lon_m101p010414.npy,-40.414062,-101.010414,25,30,summer,5,0.06522580981254578
eta_lat_m5p545479_lon_p66p989594.npy,-5.545479,66.989594,380,385,summer,5,0.1312648504972458
eta_lat_m51p994694_lon_m149p010422.npy,-51.994694,-149.010422,370,375,summer,5,0.08220441391070683
eta_lat_m44p523903_lon_p18p989578.npy,-44.523903,18.989578,30,35,summer,5,0.08927105615536372
eta_lat_m31p463802_lon_m95p010414.npy,-31.463802,-95.010414,415,420,summer,5,0.05191666136185328
eta_lat_m55p389462_lon_m131p010422.npy,-55.389462,-131.010422,365,370,summer,5,0.10175688068072002
eta_lat_m21p610189_lon_m5p010422.npy,-21.610189,-5.010422,360,365,summer,5,0.060063826541105904
eta_lat_m55p389462_lon_p78p989594.npy,-55.389462,78.989594,355,360,summer,5,0.11503355701764424
eta_lat_p5p545479_lon_m137p010422.npy,5.545479,-137.010422,35,40,summer,5,0.12614916761716208
eta_lat_p44p523903_lon_m35p010422.npy,44.523903,-35.010422,325,330,summer,5,0.132899709045887
eta_lat_m55p389462_lon_p84p989594.npy,-55.389462,84.989594,15,20,summer,5,0.11231148739655812
eta_lat_m68p928383_lon_m137p010422.npy,-68.928383,-137.010422,395,400,summer,5,0.7531206011772156
eta_lat_m64p202515_lon_m113p010414.npy,-64.202515,-113.010414,405,410,summer,5,0.09786097705364227
eta_lat_p40p414062_lon_m53p010422.npy,40.414062,-53.010422,335,340,summer,5,0.08684754371643066
eta_lat_m26p641497_lon_m119p010414.npy,-26.641497,-119.010414,5,10,summer,5,0.06024429450432459
eta_lat_m64p202515_lon_m167p010422.npy,-64.202515,-167.010422,345,350,summer,5,0.10754003624121349
eta_lat_m52p006847_lon_p18p989578.npy,-52.006847,18.989578,415,420,summer,5,0.05811348309119543
eta_lat_m61p508057_lon_m167p010422.npy,-61.508057,-167.010422,355,360,summer,5,0.08916377772887547
eta_lat_m51p994694_lon_m107p010414.npy,-51.994694,-107.010414,325,330,summer,5,0.07609401891628902
eta_lat_m55p400803_lon_m125p010414.npy,-55.400803,-125.010414,380,385,summer,5,0.09102814644575119
eta_lat_p31p463802_lon_m41p010422.npy,31.463802,-41.010422,10,15,summer,5,0.0709365780154864
eta_lat_p16p395037_lon_m35p010422.npy,16.395037,-35.010422,375,380,summer,5,0.10879516849915187
eta_lat_p40p414062_lon_m173p010422.npy,40.414062,-173.010422,365,370,summer,5,0.07648739715417226
eta_lat_m48p374134_lon_m11p010422.npy,-48.374134,-11.010422,415,420,summer,5,0.07532648121317227
eta_lat_m55p400803_lon_m107p010414.npy,-55.400803,-107.010414,375,380,summer,5,0.08457594613234203
eta_lat_m58p574665_lon_m107p010414.npy,-58.574665,-107.010414,40,45,summer,5,0.09571335713068645
eta_lat_p31p463802_lon_m53p010422.npy,31.463802,-53.010422,405,410,summer,5,0.07360629737377167
eta_lat_m51p994694_lon_m101p010414.npy,-51.994694,-101.010414,325,330,summer,5,0.07670438289642334
eta_lat_p31p463802_lon_m35p010422.npy,31.463802,-35.010422,395,400,summer,5,0.06881621479988098
eta_lat_m44p523903_lon_p90p989594.npy,-44.523903,90.989594,45,50,summer,5,0.1658704181512197
eta_lat_m26p641497_lon_m137p010422.npy,-26.641497,-137.010422,40,45,summer,5,0.0672107736269633
eta_lat_p40p414062_lon_m137p010422.npy,40.414062,-137.010422,375,380,summer,5,0.07605607559283574
eta_lat_m64p202515_lon_p42p989578.npy,-64.202515,42.989578,20,25,summer,5,0.446509728829066
eta_lat_p16p395037_lon_m41p010422.npy,16.395037,-41.010422,345,350,summer,5,0.10610129435857137
eta_lat_m44p523903_lon_p30p989578.npy,-44.523903,30.989578,20,25,summer,5,0.05938488245010376
eta_lat_m55p400803_lon_p54p989578.npy,-55.400803,54.989578,0,5,summer,5,0.13798130055268606
eta_lat_m31p463802_lon_p162p989563.npy,-31.463802,162.989563,5,10,summer,5,0.125715101758639
eta_lat_m55p389462_lon_p24p989578.npy,-55.389462,24.989578,390,395,summer,5,0.13365095357100168
eta_lat_m58p574665_lon_m23p010422.npy,-58.574665,-23.010422,350,355,summer,5,0.49955738584200543
eta_lat_m64p202515_lon_p84p989594.npy,-64.202515,84.989594,405,410,summer,5,0.6920618414878845
eta_lat_p16p395037_lon_m59p010422.npy,16.395037,-59.010422,360,365,summer,5,0.08899741371472676
eta_lat_p5p545479_lon_m23p010422.npy,5.545479,-23.010422,400,405,summer,5,0.15265382329622904
eta_lat_m40p414062_lon_p132p989563.npy,-40.414062,132.989563,390,395,summer,5,0.06509898727138837
eta_lat_m72p442223_lon_m113p020538.npy,-72.442223,-113.020538,380,385,summer,5,0.3936060170332591
eta_lat_p48p374134_lon_m143p010422.npy,48.374134,-143.010422,370,375,summer,5,0.06842946261167526
eta_lat_p11p027672_lon_p174p989563.npy,11.027672,174.989563,20,25,summer,5,0.09860351930061977
eta_lat_m52p006847_lon_p114p989594.npy,-52.006847,114.989594,345,350,summer,5,0.13281972085436186
eta_lat_m48p374134_lon_m89p010414.npy,-48.374134,-89.010414,405,410,summer,5,0.08515221749742825
eta_lat_m61p508057_lon_p120p989594.npy,-61.508057,120.989594,25,30,summer,5,0.2921726206938426
eta_lat_p40p414062_lon_m155p010422.npy,40.414062,-155.010422,410,415,summer,5,0.07316917926073074
eta_lat_m71p197975_lon_m172p950165.npy,-71.197975,-172.950165,5,10,summer,5,0.8760326902071635
eta_lat_p55p389462_lon_m143p010422.npy,55.389462,-143.010422,410,415,summer,5,0.06460913767417271
eta_lat_p26p641497_lon_p150p989563.npy,26.641497,150.989563,395,400,summer,5,0.08980649461348851
eta_lat_p0p009682_lon_m161p010422.npy,0.009682,-161.010422,10,15,summer,5,0.10857472817103068
eta_lat_p31p463802_lon_p174p989563.npy,31.463802,174.989563,385,390,summer,5,0.08032430708408356
eta_lat_m0p009682_lon_m11p010422.npy,-0.009682,-11.010422,0,5,summer,5,0.10776404291391373
eta_lat_m55p389462_lon_m167p010422.npy,-55.389462,-167.010422,40,45,summer,5,0.0984446331858635
eta_lat_p51p994694_lon_m17p010422.npy,51.994694,-17.010422,340,345,summer,5,0.09473852316538493
eta_lat_m31p463802_lon_m5p010422.npy,-31.463802,-5.010422,330,335,summer,5,0.07167418797810872
eta_lat_m21p610189_lon_m77p010414.npy,-21.610189,-77.010414,5,10,summer,5,0.0715679128964742
eta_lat_m58p574665_lon_m101p010414.npy,-58.574665,-101.010414,380,385,summer,5,0.11621852467457454
eta_lat_m51p994694_lon_m29p010422.npy,-51.994694,-29.010422,0,5,summer,5,0.10969137648741405
eta_lat_m52p006847_lon_m89p010414.npy,-52.006847,-89.010414,385,390,summer,5,0.0690382147828738
eta_lat_m58p574665_lon_p36p989578.npy,-58.574665,36.989578,400,405,summer,5,0.13409721851348877
eta_lat_p21p610189_lon_m47p010422.npy,21.610189,-47.010422,390,395,summer,5,0.08065292487541835
eta_lat_m11p027672_lon_p0p989578.npy,-11.027672,0.989578,405,410,summer,5,0.06413512925306956
eta_lat_m64p202515_lon_p6p989578.npy,-64.202515,6.989578,340,345,summer,5,0.5406134724617004
eta_lat_m44p523903_lon_m11p010422.npy,-44.523903,-11.010422,415,420,summer,5,0.1233734389146169
eta_lat_m66p662788_lon_p18p989578.npy,-66.662788,18.989578,40,45,summer,5,1.0139424006144206
eta_lat_m55p400803_lon_m83p010414.npy,-55.400803,-83.010414,375,380,summer,5,0.06251515572269757
eta_lat_m36p058659_lon_m167p010422.npy,-36.058659,-167.010422,355,360,summer,5,0.07524788876374562
eta_lat_p48p374134_lon_m29p010422.npy,48.374134,-29.010422,20,25,summer,5,0.09402287503083546
eta_lat_m64p202515_lon_m113p010414.npy,-64.202515,-113.010414,375,380,summer,5,0.12768476580580077
eta_lat_m36p058659_lon_m35p010422.npy,-36.058659,-35.010422,45,50,summer,5,0.06840161730845769
eta_lat_m26p641497_lon_p6p989578.npy,-26.641497,6.989578,10,15,summer,5,0.05349226420124372
eta_lat_m55p400803_lon_p6p989578.npy,-55.400803,6.989578,395,400,summer,5,0.5264387925465902
eta_lat_m64p202515_lon_p120p989594.npy,-64.202515,120.989594,360,365,summer,5,0.24943038324515024
eta_lat_m21p610189_lon_p102p989594.npy,-21.610189,102.989594,0,5,summer,5,0.0993541032075882
eta_lat_m55p389462_lon_p132p989563.npy,-55.389462,132.989563,365,370,summer,5,0.14519439389308295
eta_lat_m61p508057_lon_p66p989594.npy,-61.508057,66.989594,335,340,summer,5,0.44965187708536786
eta_lat_p44p523903_lon_m167p010422.npy,44.523903,-167.010422,380,385,summer,5,0.07895834743976593
eta_lat_m21p610189_lon_m11p010422.npy,-21.610189,-11.010422,410,415,summer,5,0.06013657649358114
eta_lat_m40p414062_lon_m83p010414.npy,-40.414062,-83.010414,35,40,summer,5,0.05902666971087456
eta_lat_m52p006847_lon_p36p989578.npy,-52.006847,36.989578,0,5,summer,5,0.1001766895254453
eta_lat_m51p994694_lon_m161p010422.npy,-51.994694,-161.010422,395,400,summer,5,0.1307960400978724
eta_lat_m55p389462_lon_m95p010414.npy,-55.389462,-95.010414,40,45,summer,5,0.08171676596005757
eta_lat_p5p545479_lon_m167p010422.npy,5.545479,-167.010422,345,350,summer,5,0.12459658334652583
eta_lat_m0p009682_lon_m5p010422.npy,-0.009682,-5.010422,330,335,summer,5,0.0819160391887029
eta_lat_m31p463802_lon_m107p010414.npy,-31.463802,-107.010414,10,15,summer,5,0.06200740113854408
eta_lat_m58p574665_lon_m149p010422.npy,-58.574665,-149.010422,15,20,summer,5,0.100093608101209
eta_lat_m66p662788_lon_m5p010422.npy,-66.662788,-5.010422,30,35,summer,5,0.6208855509757996
eta_lat_m64p202515_lon_m23p010422.npy,-64.202515,-23.010422,350,355,summer,5,0.7358329693476359
eta_lat_m36p058659_lon_p0p989578.npy,-36.058659,0.989578,30,35,summer,5,0.0889793833096822
eta_lat_p40p414062_lon_p156p989563.npy,40.414062,156.989563,365,370,summer,5,0.08130241433779399
eta_lat_m48p374134_lon_p90p989594.npy,-48.374134,90.989594,45,50,summer,5,0.12371902416149776
eta_lat_p31p463802_lon_m125p010414.npy,31.463802,-125.010414,5,10,summer,5,0.0905732015768687
eta_lat_p36p058659_lon_m29p010422.npy,36.058659,-29.010422,410,415,summer,5,0.08370060225327809
eta_lat_p31p463802_lon_p162p989563.npy,31.463802,162.989563,15,20,summer,5,0.10869596401850383
eta_lat_m64p202515_lon_m47p010422.npy,-64.202515,-47.010422,15,20,summer,5,2.065834164619446
eta_lat_m72p569344_lon_m130p758957.npy,-72.569344,-130.758957,350,355,summer,5,0.9379653334617615
eta_lat_p31p463802_lon_m149p010422.npy,31.463802,-149.010422,415,420,summer,5,0.06850377966960271
eta_lat_m40p414062_lon_m95p010414.npy,-40.414062,-95.010414,395,400,summer,5,0.07384201884269714
eta_lat_m48p374134_lon_p60p989578.npy,-48.374134,60.989578,40,45,summer,5,0.06385585417350133
eta_lat_m40p414062_lon_m89p010414.npy,-40.414062,-89.010414,10,15,summer,5,0.07408150782187779
eta_lat_m16p395037_lon_p90p989594.npy,-16.395037,90.989594,340,345,summer,5,0.08029322077830632
eta_lat_m40p414062_lon_p72p989594.npy,-40.414062,72.989594,30,35,summer,5,0.09393849472204845
eta_lat_m51p994694_lon_p36p989578.npy,-51.994694,36.989578,355,360,summer,5,0.08154018223285675
eta_lat_p5p545479_lon_m125p010414.npy,5.545479,-125.010414,325,330,summer,5,0.1331268548965454
eta_lat_m26p641497_lon_m5p010422.npy,-26.641497,-5.010422,365,370,summer,5,0.05484366416931152
eta_lat_p0p009682_lon_m125p010414.npy,0.009682,-125.010414,390,395,summer,5,0.1168587456146876
eta_lat_p68p049988_lon_p6p988419.npy,68.049988,6.988419,385,390,summer,5,0.07098952308297157
eta_lat_m52p006847_lon_p156p989563.npy,-52.006847,156.989563,0,5,summer,5,0.17962517340977988
eta_lat_p26p641497_lon_m47p010422.npy,26.641497,-47.010422,380,385,summer,5,0.07512710243463516
eta_lat_m36p058659_lon_p108p989594.npy,-36.058659,108.989594,5,10,summer,5,0.08827213073770206
eta_lat_m55p400803_lon_m173p010422.npy,-55.400803,-173.010422,410,415,summer,5,0.15599403778711954
eta_lat_p55p389462_lon_m29p010422.npy,55.389462,-29.010422,20,25,summer,5,0.08604620272914569
eta_lat_m64p202515_lon_m17p010422.npy,-64.202515,-17.010422,45,50,summer,5,1.4127240578333538
eta_lat_m71p057938_lon_m154p945801.npy,-71.057938,-154.945801,40,45,summer,5,1.4937280813852947
eta_lat_m55p389462_lon_p144p989563.npy,-55.389462,144.989563,365,370,summer,5,0.05475617821017901
eta_lat_p16p395037_lon_m131p010422.npy,16.395037,-131.010422,400,405,summer,5,0.10629887878894806
eta_lat_m61p508057_lon_p168p989563.npy,-61.508057,168.989563,45,50,summer,5,0.1803816631436348
eta_lat_m58p574665_lon_m89p010414.npy,-58.574665,-89.010414,345,350,summer,5,0.12397682666778564
eta_lat_m66p662788_lon_p24p989578.npy,-66.662788,24.989578,410,415,summer,5,0.4289669195810954
eta_lat_m31p463802_lon_p84p989594.npy,-31.463802,84.989594,15,20,summer,5,0.0843855415781339
eta_lat_m5p545479_lon_p90p989594.npy,-5.545479,90.989594,385,390,summer,5,0.10640358924865723
eta_lat_m64p202515_lon_p0p989578.npy,-64.202515,0.989578,360,365,summer,5,0.3023734788099925
eta_lat_m52p006847_lon_p102p989594.npy,-52.006847,102.989594,40,45,summer,5,0.08719044427076976
eta_lat_m55p400803_lon_m101p010414.npy,-55.400803,-101.010414,40,45,summer,5,0.09924344221750896
eta_lat_m66p662788_lon_m113p010414.npy,-66.662788,-113.010414,395,400,summer,5,0.49724746743837994
eta_lat_m5p545479_lon_m23p010422.npy,-5.545479,-23.010422,360,365,summer,5,0.08308693766593933
eta_lat_m44p523903_lon_m53p010422.npy,-44.523903,-53.010422,415,420,summer,5,0.23067529996236166
eta_lat_p36p058659_lon_p144p989563.npy,36.058659,144.989563,355,360,summer,5,0.3901614050070445
eta_lat_m40p414062_lon_m83p010414.npy,-40.414062,-83.010414,325,330,summer,5,0.07633543262879054
eta_lat_m31p463802_lon_p96p989594.npy,-31.463802,96.989594,340,345,summer,5,0.09065467367569606
eta_lat_m21p610189_lon_m113p010414.npy,-21.610189,-113.010414,385,390,summer,5,0.0575694739818573
eta_lat_p21p610189_lon_m143p010422.npy,21.610189,-143.010422,35,40,summer,5,0.08487309515476227
eta_lat_m55p400803_lon_m107p010414.npy,-55.400803,-107.010414,335,340,summer,5,0.0879086007674535
eta_lat_m68p928383_lon_m143p010422.npy,-68.928383,-143.010422,390,395,summer,5,0.6326019565264384
eta_lat_p48p374134_lon_m155p010422.npy,48.374134,-155.010422,330,335,summer,5,0.103618490199248
eta_lat_m52p006847_lon_p114p989594.npy,-52.006847,114.989594,15,20,summer,5,0.062252674251794815
eta_lat_m16p395037_lon_m107p010414.npy,-16.395037,-107.010414,40,45,summer,5,0.06816232701142629
eta_lat_m71p152878_lon_m166p947037.npy,-71.152878,-166.947037,335,340,summer,5,1.6906334161758423
eta_lat_m55p389462_lon_p90p989594.npy,-55.389462,90.989594,330,335,summer,5,0.2036820352077484
eta_lat_p48p374134_lon_m149p010422.npy,48.374134,-149.010422,40,45,summer,5,0.09208933512369792
eta_lat_m36p058659_lon_p90p989594.npy,-36.058659,90.989594,350,355,summer,5,0.0769095669190089
eta_lat_m55p400803_lon_m107p010414.npy,-55.400803,-107.010414,325,330,summer,5,0.07509851704041164
eta_lat_m51p994694_lon_m83p010414.npy,-51.994694,-83.010414,330,335,summer,5,0.06268252183993657
eta_lat_p0p009682_lon_m167p010422.npy,0.009682,-167.010422,5,10,summer,5,0.11981503168741862
eta_lat_m26p641497_lon_p78p989594.npy,-26.641497,78.989594,325,330,summer,5,0.08081792294979095
eta_lat_p44p523903_lon_m167p010422.npy,44.523903,-167.010422,335,340,summer,5,0.057877589017152786
eta_lat_m58p574665_lon_m173p010422.npy,-58.574665,-173.010422,15,20,summer,5,0.11737995346387227
eta_lat_p36p058659_lon_m59p010422.npy,36.058659,-59.010422,340,345,summer,5,0.12561274816592535
eta_lat_m21p610189_lon_m77p010414.npy,-21.610189,-77.010414,345,350,summer,5,0.06557435790697734
eta_lat_p40p414062_lon_m131p010422.npy,40.414062,-131.010422,330,335,summer,5,0.0690078300734361
eta_lat_p55p389462_lon_m41p010422.npy,55.389462,-41.010422,375,380,summer,5,0.060868979742129646
eta_lat_p16p395037_lon_p156p989563.npy,16.395037,156.989563,10,15,summer,5,0.11101152499516805
eta_lat_m36p058659_lon_p42p989578.npy,-36.058659,42.989578,330,335,summer,5,0.07697749882936478
eta_lat_m58p574665_lon_m149p010422.npy,-58.574665,-149.010422,35,40,summer,5,0.11740442117055257
eta_lat_m51p994694_lon_p174p989563.npy,-51.994694,174.989563,325,330,summer,5,0.1917023261388143
eta_lat_m31p463802_lon_m161p010422.npy,-31.463802,-161.010422,410,415,summer,5,0.07356845339139302
eta_lat_m61p508057_lon_p102p989594.npy,-61.508057,102.989594,380,385,summer,5,0.539571076631546
eta_lat_m55p389462_lon_m131p010422.npy,-55.389462,-131.010422,360,365,summer,5,0.09707361211379369
eta_lat_m55p400803_lon_p84p989594.npy,-55.400803,84.989594,335,340,summer,5,0.13978563994169235
eta_lat_m55p400803_lon_p90p989594.npy,-55.400803,90.989594,35,40,summer,5,0.1353545387585958
eta_lat_m64p202515_lon_p48p989578.npy,-64.202515,48.989578,25,30,summer,5,0.46683992942174274
eta_lat_m40p414062_lon_m107p010414.npy,-40.414062,-107.010414,340,345,summer,5,0.07894115149974823
eta_lat_m48p374134_lon_p114p989594.npy,-48.374134,114.989594,15,20,summer,5,0.0907793641090393
eta_lat_m55p400803_lon_m95p010414.npy,-55.400803,-95.010414,25,30,summer,5,0.11487317085266113
eta_lat_m68p928383_lon_m59p010422.npy,-68.928383,-59.010422,390,395,summer,5,2.2088796297709146
eta_lat_p5p545479_lon_m167p010422.npy,5.545479,-167.010422,30,35,summer,5,0.12098276615142822
eta_lat_p0p009682_lon_m101p010414.npy,0.009682,-101.010414,0,5,summer,5,0.09451441715161006
eta_lat_m52p006847_lon_m167p010422.npy,-52.006847,-167.010422,10,15,summer,5,0.09591864049434662
eta_lat_p5p545479_lon_m131p010422.npy,5.545479,-131.010422,395,400,summer,5,0.1347446342309316
eta_lat_m52p006847_lon_m5p010422.npy,-52.006847,-5.010422,345,350,summer,5,0.07278038809696834
eta_lat_m36p058659_lon_m149p010422.npy,-36.058659,-149.010422,5,10,summer,5,0.06846592078606288
eta_lat_p68p049988_lon_p6p988419.npy,68.049988,6.988419,375,380,summer,5,0.08728506912787755
eta_lat_m58p574665_lon_m5p010422.npy,-58.574665,-5.010422,380,385,summer,5,1.1499974330266316
eta_lat_p40p414062_lon_m143p010422.npy,40.414062,-143.010422,375,380,summer,5,0.09093027561903
eta_lat_p11p027672_lon_m131p010422.npy,11.027672,-131.010422,415,420,summer,5,0.12868294616540274
eta_lat_p40p414062_lon_m17p010422.npy,40.414062,-17.010422,30,35,summer,5,0.06572092572848003
eta_lat_m58p574665_lon_p120p989594.npy,-58.574665,120.989594,340,345,summer,5,0.1592469165722529
eta_lat_m55p400803_lon_m113p010414.npy,-55.400803,-113.010414,40,45,summer,5,0.10532820224761963
eta_lat_m61p508057_lon_p126p989594.npy,-61.508057,126.989594,15,20,summer,5,0.15037607898314795
eta_lat_m68p928383_lon_m95p010414.npy,-68.928383,-95.010414,360,365,summer,5,0.9545639554659525
eta_lat_p5p545479_lon_m173p010422.npy,5.545479,-173.010422,15,20,summer,5,0.13825692981481552
eta_lat_m68p928383_lon_p174p989563.npy,-68.928383,174.989563,10,15,summer,5,1.001522421836853
eta_lat_p61p579643_lon_m58p686073.npy,61.579643,-58.686073,345,350,summer,5,0.21168963611125946
eta_lat_m52p006847_lon_p12p989578.npy,-52.006847,12.989578,390,395,summer,5,0.06865140547355016
eta_lat_p21p610189_lon_m137p010422.npy,21.610189,-137.010422,335,340,summer,5,0.0953003391623497
eta_lat_m66p662788_lon_m35p010422.npy,-66.662788,-35.010422,390,395,summer,5,1.042264719804128
eta_lat_m31p463802_lon_p102p989594.npy,-31.463802,102.989594,410,415,summer,5,0.0660810445745786
eta_lat_m16p395037_lon_m89p010414.npy,-16.395037,-89.010414,25,30,summer,5,0.07283407325545947
eta_lat_m55p400803_lon_p150p989563.npy,-55.400803,150.989563,375,380,summer,5,0.1671589215596517
eta_lat_m44p523903_lon_p6p989578.npy,-44.523903,6.989578,340,345,summer,5,0.06480347613493602
eta_lat_m75p355705_lon_m159p614578.npy,-75.355705,-159.614578,330,335,summer,5,1.3070445855458577
eta_lat_m66p662788_lon_m149p010422.npy,-66.662788,-149.010422,340,345,summer,5,0.8613837361335754
eta_lat_m58p574665_lon_m17p010422.npy,-58.574665,-17.010422,405,410,summer,5,0.872806191444397
eta_lat_m26p641497_lon_m29p010422.npy,-26.641497,-29.010422,385,390,summer,5,0.06545831014712651
eta_lat_m11p027672_lon_m131p010422.npy,-11.027672,-131.010422,345,350,summer,5,0.08823510259389877
eta_lat_m55p389462_lon_p36p989578.npy,-55.389462,36.989578,0,5,summer,5,0.0868934765458107
eta_lat_m66p662788_lon_m173p010422.npy,-66.662788,-173.010422,415,420,summer,5,0.6184104681015015
eta_lat_m66p662788_lon_m131p010422.npy,-66.662788,-131.010422,350,355,summer,5,0.4368348519007365
eta_lat_m16p395037_lon_p72p989594.npy,-16.395037,72.989594,25,30,summer,5,0.06960680584112804
eta_lat_m48p374134_lon_m41p010422.npy,-48.374134,-41.010422,0,5,summer,5,0.11265421037872632
eta_lat_p31p463802_lon_p156p989563.npy,31.463802,156.989563,0,5,summer,5,0.08777400602897008
eta_lat_m52p006847_lon_p156p989563.npy,-52.006847,156.989563,375,380,summer,5,0.18768208225568137
eta_lat_m58p574665_lon_m167p010422.npy,-58.574665,-167.010422,340,345,summer,5,0.07641152416666348
eta_lat_m55p389462_lon_p84p989594.npy,-55.389462,84.989594,365,370,summer,5,0.12930457293987274
eta_lat_m52p006847_lon_m11p010422.npy,-52.006847,-11.010422,375,380,summer,5,0.08048179497321446
eta_lat_m5p545479_lon_m5p010422.npy,-5.545479,-5.010422,340,345,summer,5,0.07957199464241664
eta_lat_m55p400803_lon_p66p989594.npy,-55.400803,66.989594,25,30,summer,5,0.09449174751838048
eta_lat_m51p994694_lon_p144p989563.npy,-51.994694,144.989563,350,355,summer,5,0.10923384130001068
eta_lat_p5p545479_lon_m41p010422.npy,5.545479,-41.010422,15,20,summer,5,0.14925973614056906
eta_lat_m11p027672_lon_m17p010422.npy,-11.027672,-17.010422,335,340,summer,5,0.06950441747903824
eta_lat_p61p082935_lon_m35p089630.npy,61.082935,-35.08963,335,340,summer,5,0.061617348343133926
eta_lat_p40p414062_lon_m59p010422.npy,40.414062,-59.010422,335,340,summer,5,0.10961692035198212
eta_lat_m44p523903_lon_p90p989594.npy,-44.523903,90.989594,370,375,summer,5,0.10244288295507431
eta_lat_m61p508057_lon_m113p010414.npy,-61.508057,-113.010414,330,335,summer,5,0.10600503037373225
eta_lat_m44p523903_lon_m137p010422.npy,-44.523903,-137.010422,380,385,summer,5,0.0571792870759964
eta_lat_m52p006847_lon_p120p989594.npy,-52.006847,120.989594,45,50,summer,5,0.1081663245956103
eta_lat_m21p610189_lon_p78p989594.npy,-21.610189,78.989594,335,340,summer,5,0.10294777403275172
eta_lat_m52p006847_lon_m119p010414.npy,-52.006847,-119.010414,25,30,summer,5,0.06924645354350407
eta_lat_m51p994694_lon_m11p010422.npy,-51.994694,-11.010422,340,345,summer,5,0.07362634936968486
eta_lat_m40p414062_lon_m29p010422.npy,-40.414062,-29.010422,385,390,summer,5,0.06487996379534404
eta_lat_m66p662788_lon_m125p010414.npy,-66.662788,-125.010414,20,25,summer,5,0.17221451302369437
eta_lat_m51p994694_lon_p126p989594.npy,-51.994694,126.989594,355,360,summer,5,0.11733797937631607
eta_lat_m66p662788_lon_m5p010422.npy,-66.662788,-5.010422,330,335,summer,5,0.5548036297162374
eta_lat_m21p610189_lon_m89p010414.npy,-21.610189,-89.010414,45,50,summer,5,0.06242799386382103
eta_lat_m26p641497_lon_p0p989578.npy,-26.641497,0.989578,0,5,summer,5,0.05713316301504771
eta_lat_m61p508057_lon_p174p989563.npy,-61.508057,174.989563,390,395,summer,5,0.14191139241059622
eta_lat_m36p058659_lon_m155p010422.npy,-36.058659,-155.010422,400,405,summer,5,0.050316636761029564
eta_lat_m16p395037_lon_p90p989594.npy,-16.395037,90.989594,330,335,summer,5,0.0831337422132492
eta_lat_m21p610189_lon_p90p989594.npy,-21.610189,90.989594,325,330,summer,5,0.0746150091290474
eta_lat_m55p400803_lon_m101p010414.npy,-55.400803,-101.010414,35,40,summer,5,0.08990193903446198
eta_lat_m73p859009_lon_m35p162323.npy,-73.859009,-35.162323,35,40,summer,5,0.7772298157215118
eta_lat_m64p202515_lon_p72p989594.npy,-64.202515,72.989594,370,375,summer,5,1.2229033311208088
eta_lat_p5p545479_lon_m23p010422.npy,5.545479,-23.010422,25,30,summer,5,0.12984902411699295
eta_lat_p11p027672_lon_m23p010422.npy,11.027672,-23.010422,410,415,summer,5,0.10293543587128322
eta_lat_m64p202515_lon_p126p989594.npy,-64.202515,126.989594,5,10,summer,5,0.32353230317433673
eta_lat_m64p202515_lon_p72p989594.npy,-64.202515,72.989594,340,345,summer,5,0.8746617635091146
eta_lat_m55p400803_lon_m23p010422.npy,-55.400803,-23.010422,35,40,summer,5,0.07216501732667287
eta_lat_m5p545479_lon_m23p010422.npy,-5.545479,-23.010422,340,345,summer,5,0.09948059916496277
eta_lat_m44p523903_lon_p30p989578.npy,-44.523903,30.989578,15,20,summer,5,0.10184027751286824
eta_lat_m61p508057_lon_p24p989578.npy,-61.508057,24.989578,40,45,summer,5,0.3140254020690918
eta_lat_m16p395037_lon_p108p989594.npy,-16.395037,108.989594,335,340,summer,5,0.08211629341046016
eta_lat_m44p523903_lon_m125p010414.npy,-44.523903,-125.010414,380,385,summer,5,0.07998383417725563
eta_lat_p26p641497_lon_m143p010422.npy,26.641497,-143.010422,35,40,summer,5,0.10997242728869121
eta_lat_m48p374134_lon_m29p010422.npy,-48.374134,-29.010422,40,45,summer,5,0.06730275601148605
eta_lat_m21p610189_lon_p84p989594.npy,-21.610189,84.989594,350,355,summer,5,0.09041665494441986
eta_lat_m44p523903_lon_m53p010422.npy,-44.523903,-53.010422,325,330,summer,5,0.1965309331814448
eta_lat_m52p006847_lon_m5p010422.npy,-52.006847,-5.010422,340,345,summer,5,0.10213146110375722
eta_lat_m5p545479_lon_m101p010414.npy,-5.545479,-101.010414,25,30,summer,5,0.09736176828543346
eta_lat_m71p296463_lon_m35p025223.npy,-71.296463,-35.025223,335,340,summer,5,0.43355820576349896
eta_lat_m40p414062_lon_p90p989594.npy,-40.414062,90.989594,10,15,summer,5,0.06348226467768352
eta_lat_m72p979408_lon_m148p561707.npy,-72.979408,-148.561707,385,390,summer,5,1.12802255153656
eta_lat_m68p928383_lon_m155p010422.npy,-68.928383,-155.010422,345,350,summer,5,0.8097591797510783
eta_lat_p26p641497_lon_m125p010414.npy,26.641497,-125.010414,365,370,summer,5,0.08767657975355785
eta_lat_m52p006847_lon_p138p989563.npy,-52.006847,138.989563,10,15,summer,5,0.10628409932057063
eta_lat_p31p463802_lon_m41p010422.npy,31.463802,-41.010422,45,50,summer,5,0.10103351374467213
eta_lat_p40p414062_lon_m143p010422.npy,40.414062,-143.010422,390,395,summer,5,0.06903786460558574
eta_lat_m36p058659_lon_p6p989578.npy,-36.058659,6.989578,15,20,summer,5,0.07836279273033142
eta_lat_m55p400803_lon_p72p989594.npy,-55.400803,72.989594,350,355,summer,5,0.07323814556002617
eta_lat_p16p395037_lon_m137p010422.npy,16.395037,-137.010422,10,15,summer,5,0.10098826636870702
eta_lat_p5p545479_lon_m125p010414.npy,5.545479,-125.010414,385,390,summer,5,0.12521021564801535
eta_lat_m16p395037_lon_m23p010422.npy,-16.395037,-23.010422,360,365,summer,5,0.059785064309835434
eta_lat_p16p395037_lon_m59p010422.npy,16.395037,-59.010422,10,15,summer,5,0.0959961861371994
eta_lat_m58p574665_lon_p96p989594.npy,-58.574665,96.989594,355,360,summer,5,0.11787384500106175
eta_lat_m44p523903_lon_m119p010414.npy,-44.523903,-119.010414,10,15,summer,5,0.06018056472142538
eta_lat_m55p389462_lon_m161p010422.npy,-55.389462,-161.010422,30,35,summer,5,0.11599377046028773
eta_lat_m52p006847_lon_m101p010414.npy,-52.006847,-101.010414,40,45,summer,5,0.07285959273576736
eta_lat_m55p389462_lon_p102p989594.npy,-55.389462,102.989594,25,30,summer,5,0.11827084422111511
eta_lat_m52p006847_lon_p120p989594.npy,-52.006847,120.989594,20,25,summer,5,0.14232290784517923
eta_lat_m11p027672_lon_m125p010414.npy,-11.027672,-125.010414,415,420,summer,5,0.08663809051116307
eta_lat_p5p545479_lon_m125p010414.npy,5.545479,-125.010414,40,45,summer,5,0.11412941167751949
eta_lat_p36p058659_lon_m47p010422.npy,36.058659,-47.010422,10,15,summer,5,0.07655525455872218
eta_lat_p51p994694_lon_m41p010422.npy,51.994694,-41.010422,360,365,summer,5,0.1085613692800204
eta_lat_m52p006847_lon_p150p989563.npy,-52.006847,150.989563,415,420,summer,5,0.2105735788742701
eta_lat_m58p574665_lon_p138p989563.npy,-58.574665,138.989563,15,20,summer,5,0.09744855016469955
eta_lat_m11p027672_lon_p0p989578.npy,-11.027672,0.989578,365,370,summer,5,0.06149146954218546
eta_lat_p5p545479_lon_m149p010422.npy,5.545479,-149.010422,410,415,summer,5,0.10287838180859883
eta_lat_m55p400803_lon_p54p989578.npy,-55.400803,54.989578,365,370,summer,5,0.06619219730297725
eta_lat_m58p574665_lon_m65p010414.npy,-58.574665,-65.010414,45,50,summer,5,0.1378715435663859
eta_lat_p5p545479_lon_m95p010414.npy,5.545479,-95.010414,5,10,summer,5,0.13181567937135696
eta_lat_m11p027672_lon_m83p010414.npy,-11.027672,-83.010414,415,420,summer,5,0.06470913688341777
eta_lat_m51p994694_lon_m53p010422.npy,-51.994694,-53.010422,25,30,summer,5,0.1329409529765447
eta_lat_p40p414062_lon_p150p989563.npy,40.414062,150.989563,400,405,summer,5,0.08040932565927505
eta_lat_m61p508057_lon_p78p989594.npy,-61.508057,78.989594,330,335,summer,5,0.23464583853880563
eta_lat_m40p414062_lon_p120p989594.npy,-40.414062,120.989594,345,350,summer,5,0.06495260447263718
eta_lat_m61p508057_lon_p120p989594.npy,-61.508057,120.989594,360,365,summer,5,0.2369359036286672
eta_lat_m48p374134_lon_p0p989578.npy,-48.374134,0.989578,5,10,summer,5,0.13421234488487244
eta_lat_m40p414062_lon_p84p989594.npy,-40.414062,84.989594,340,345,summer,5,0.10505733390649159
eta_lat_p36p058659_lon_m155p010422.npy,36.058659,-155.010422,360,365,summer,5,0.07678987085819244
eta_lat_m58p574665_lon_m173p010422.npy,-58.574665,-173.010422,365,370,summer,5,0.06984758128722508
eta_lat_m58p574665_lon_p84p989594.npy,-58.574665,84.989594,370,375,summer,5,0.2914973795413971
eta_lat_m44p523903_lon_p132p989563.npy,-44.523903,132.989563,405,410,summer,5,0.0719842513402303
eta_lat_m36p058659_lon_p0p989578.npy,-36.058659,0.989578,335,340,summer,5,0.08103638390700023
eta_lat_m66p662788_lon_m125p010414.npy,-66.662788,-125.010414,360,365,summer,5,0.40020468831062317
eta_lat_m31p463802_lon_m5p010422.npy,-31.463802,-5.010422,350,355,summer,5,0.07929001748561859
eta_lat_p16p395037_lon_m35p010422.npy,16.395037,-35.010422,370,375,summer,5,0.08381654818852742
eta_lat_m64p202515_lon_m125p010414.npy,-64.202515,-125.010414,10,15,summer,5,0.09608420232931773
eta_lat_p36p058659_lon_m143p010422.npy,36.058659,-143.010422,380,385,summer,5,0.07099081079165141
eta_lat_m48p374134_lon_m23p010422.npy,-48.374134,-23.010422,415,420,summer,5,0.06684123227993648
eta_lat_m51p994694_lon_m167p010422.npy,-51.994694,-167.010422,385,390,summer,5,0.22585296134154
eta_lat_m75p785980_lon_m171p738495.npy,-75.78598,-171.738495,360,365,summer,5,0.8661640087763468
eta_lat_m40p414062_lon_m143p010422.npy,-40.414062,-143.010422,410,415,summer,5,0.06613921622435252
eta_lat_p16p395037_lon_m35p010422.npy,16.395037,-35.010422,415,420,summer,5,0.10059875746568044
eta_lat_p40p414062_lon_m131p010422.npy,40.414062,-131.010422,45,50,summer,5,0.12496772905190785
eta_lat_m36p058659_lon_m167p010422.npy,-36.058659,-167.010422,340,345,summer,5,0.06288856516281764
eta_lat_m5p545479_lon_m125p010414.npy,-5.545479,-125.010414,390,395,summer,5,0.10061709334452947
eta_lat_m55p400803_lon_m47p010422.npy,-55.400803,-47.010422,370,375,summer,5,0.06554095198710759
eta_lat_p5p545479_lon_m125p010414.npy,5.545479,-125.010414,365,370,summer,5,0.13441928724447885
eta_lat_m40p414062_lon_p30p989578.npy,-40.414062,30.989578,15,20,summer,5,0.12167807171742122
eta_lat_m31p463802_lon_m11p010422.npy,-31.463802,-11.010422,330,335,summer,5,0.06262707834442456
eta_lat_m61p508057_lon_m5p010422.npy,-61.508057,-5.010422,370,375,summer,5,0.8573156992594401
eta_lat_m61p508057_lon_p78p989594.npy,-61.508057,78.989594,395,400,summer,5,0.42253217101097107
eta_lat_p58p392208_lon_m35p018463.npy,58.392208,-35.018463,385,390,summer,5,0.058445209016402565
eta_lat_m21p610189_lon_m17p010422.npy,-21.610189,-17.010422,415,420,summer,5,0.06841985136270523
eta_lat_p26p641497_lon_m161p010422.npy,26.641497,-161.010422,335,340,summer,5,0.0753425806760788
eta_lat_m66p662788_lon_p36p989578.npy,-66.662788,36.989578,400,405,summer,5,0.2859748254219691
eta_lat_m40p414062_lon_p84p989594.npy,-40.414062,84.989594,30,35,summer,5,0.12741464376449585
eta_lat_m52p006847_lon_p12p989578.npy,-52.006847,12.989578,25,30,summer,5,0.09695808092753093
eta_lat_m55p400803_lon_m53p010422.npy,-55.400803,-53.010422,400,405,summer,5,0.2988508343696594
eta_lat_m40p414062_lon_p30p989578.npy,-40.414062,30.989578,400,405,summer,5,0.19311810036500296
eta_lat_m71p296463_lon_m35p025223.npy,-71.296463,-35.025223,360,365,summer,5,0.5403042038281759
eta_lat_m58p574665_lon_p12p989578.npy,-58.574665,12.989578,35,40,summer,5,0.1958170880873998
eta_lat_m68p928383_lon_m149p010422.npy,-68.928383,-149.010422,25,30,summer,5,0.1519767940044403
eta_lat_m52p006847_lon_p108p989594.npy,-52.006847,108.989594,10,15,summer,5,0.11657908062140147
eta_lat_p11p027672_lon_m173p010422.npy,11.027672,-173.010422,5,10,summer,5,0.09970839569965999
eta_lat_m55p400803_lon_p132p989563.npy,-55.400803,132.989563,35,40,summer,5,0.10500995566447575
eta_lat_m51p994694_lon_m119p010414.npy,-51.994694,-119.010414,415,420,summer,5,0.07651141534248988
eta_lat_p5p545479_lon_m113p010414.npy,5.545479,-113.010414,20,25,summer,5,0.12218613425890605
eta_lat_m61p508057_lon_p156p989563.npy,-61.508057,156.989563,360,365,summer,5,0.21893897652626038
eta_lat_m55p389462_lon_p90p989594.npy,-55.389462,90.989594,405,410,summer,5,0.1619380513827006
eta_lat_m55p389462_lon_m155p010422.npy,-55.389462,-155.010422,345,350,summer,5,0.0817534476518631
eta_lat_m64p202515_lon_m17p010422.npy,-64.202515,-17.010422,390,395,summer,5,0.9405348499615988
eta_lat_p44p523903_lon_m173p010422.npy,44.523903,-173.010422,355,360,summer,5,0.07938677072525024
eta_lat_m52p006847_lon_m53p010422.npy,-52.006847,-53.010422,325,330,summer,5,0.12774926920731863
eta_lat_m16p395037_lon_m131p010422.npy,-16.395037,-131.010422,45,50,summer,5,0.06961716711521149
eta_lat_m68p928383_lon_m161p010422.npy,-68.928383,-161.010422,400,405,summer,5,1.0842791199684143
eta_lat_p51p994694_lon_m143p010422.npy,51.994694,-143.010422,25,30,summer,5,0.12303457657496135
eta_lat_m36p058659_lon_m137p010422.npy,-36.058659,-137.010422,0,5,summer,5,0.0716889500617981
eta_lat_m64p202515_lon_m77p010414.npy,-64.202515,-77.010414,325,330,summer,5,0.09882277995347977
eta_lat_m48p374134_lon_p126p989594.npy,-48.374134,126.989594,20,25,summer,5,0.10618458936611812
eta_lat_m64p202515_lon_p24p989578.npy,-64.202515,24.989578,355,360,summer,5,0.27817049622535706
eta_lat_m55p389462_lon_p120p989594.npy,-55.389462,120.989594,350,355,summer,5,0.17245806753635406
eta_lat_p11p027672_lon_p174p989563.npy,11.027672,174.989563,30,35,summer,5,0.10302003473043442
eta_lat_m26p641497_lon_m155p010422.npy,-26.641497,-155.010422,330,335,summer,5,0.09428780029217403
eta_lat_m0p009682_lon_p54p989578.npy,-0.009682,54.989578,390,395,summer,5,0.09336189677317937
eta_lat_m5p545479_lon_m107p010414.npy,-5.545479,-107.010414,385,390,summer,5,0.09280779957771301
eta_lat_m66p662788_lon_m5p010422.npy,-66.662788,-5.010422,360,365,summer,5,1.2546452681223552
eta_lat_m66p662788_lon_p36p989578.npy,-66.662788,36.989578,10,15,summer,5,0.16436426838239035
eta_lat_m26p641497_lon_p102p989594.npy,-26.641497,102.989594,45,50,summer,5,0.124578391512235
eta_lat_p44p523903_lon_p168p989563.npy,44.523903,168.989563,10,15,summer,5,0.0876375138759613
eta_lat_m61p508057_lon_m5p010422.npy,-61.508057,-5.010422,20,25,summer,5,0.23096400499343872
eta_lat_m11p027672_lon_m89p010414.npy,-11.027672,-89.010414,355,360,summer,5,0.08225767314434052
eta_lat_m48p374134_lon_p132p989563.npy,-48.374134,132.989563,5,10,summer,5,0.07527629286050797
eta_lat_m55p389462_lon_p168p989563.npy,-55.389462,168.989563,335,340,summer,5,0.22528201341629028
eta_lat_m40p414062_lon_m173p010422.npy,-40.414062,-173.010422,350,355,summer,5,0.08348244056105614
eta_lat_m48p374134_lon_m35p010422.npy,-48.374134,-35.010422,325,330,summer,5,0.10101816803216934
eta_lat_m16p395037_lon_m119p010414.npy,-16.395037,-119.010414,345,350,summer,5,0.08377899726231892
eta_lat_m0p009682_lon_m23p010422.npy,-0.009682,-23.010422,405,410,summer,5,0.11369455109039943
eta_lat_m58p574665_lon_p6p989578.npy,-58.574665,6.989578,0,5,summer,5,0.12479737401008606
eta_lat_m26p641497_lon_p0p989578.npy,-26.641497,0.989578,395,400,summer,5,0.062057248006264366
eta_lat_m44p523903_lon_p6p989578.npy,-44.523903,6.989578,390,395,summer,5,0.09429991741975148
eta_lat_m68p928383_lon_m167p010422.npy,-68.928383,-167.010422,330,335,summer,5,1.8002510070800781
eta_lat_m58p574665_lon_m101p010414.npy,-58.574665,-101.010414,345,350,summer,5,0.11652889599402745
eta_lat_m0p009682_lon_p84p989594.npy,-0.009682,84.989594,390,395,summer,5,0.11160107205311458
eta_lat_m58p574665_lon_p84p989594.npy,-58.574665,84.989594,35,40,summer,5,0.34732168912887573
eta_lat_m52p006847_lon_m125p010414.npy,-52.006847,-125.010414,355,360,summer,5,0.1074994405110677
eta_lat_m55p400803_lon_p108p989594.npy,-55.400803,108.989594,335,340,summer,5,0.14598148316144943
eta_lat_p44p523903_lon_m131p010422.npy,44.523903,-131.010422,380,385,summer,5,0.07693539311488469
eta_lat_p11p027672_lon_m131p010422.npy,11.027672,-131.010422,330,335,summer,5,0.10209714621305466
eta_lat_m55p400803_lon_m167p010422.npy,-55.400803,-167.010422,330,335,summer,5,0.09791216502587001
eta_lat_p44p523903_lon_m161p010422.npy,44.523903,-161.010422,385,390,summer,5,0.1106821025411288
eta_lat_m55p400803_lon_m125p010414.npy,-55.400803,-125.010414,350,355,summer,5,0.12063418328762054
eta_lat_m5p545479_lon_p48p989578.npy,-5.545479,48.989578,360,365,summer,5,0.09303954243659973
eta_lat_m55p389462_lon_p42p989578.npy,-55.389462,42.989578,10,15,summer,5,0.059283431619405746
eta_lat_m44p523903_lon_m125p010414.npy,-44.523903,-125.010414,375,380,summer,5,0.11441012968619664
eta_lat_m64p202515_lon_p162p989563.npy,-64.202515,162.989563,410,415,summer,5,0.9384061694145203
eta_lat_m55p389462_lon_p6p989578.npy,-55.389462,6.989578,0,5,summer,5,0.12278248369693756
eta_lat_m55p389462_lon_m167p010422.npy,-55.389462,-167.010422,5,10,summer,5,0.11102735996246338
eta_lat_m44p523903_lon_p66p989594.npy,-44.523903,66.989594,5,10,summer,5,0.12593925495942435
eta_lat_m16p395037_lon_m125p010414.npy,-16.395037,-125.010414,395,400,summer,5,0.08044022570053737
eta_lat_m0p009682_lon_p60p989578.npy,-0.009682,60.989578,5,10,summer,5,0.09884518136580785
eta_lat_p11p027672_lon_m35p010422.npy,11.027672,-35.010422,370,375,summer,5,0.09866895278294881
eta_lat_m40p414062_lon_p72p989594.npy,-40.414062,72.989594,330,335,summer,5,0.07112256685892741
eta_lat_m31p463802_lon_m167p010422.npy,-31.463802,-167.010422,360,365,summer,5,0.09041325996319453
eta_lat_m44p523903_lon_p24p989578.npy,-44.523903,24.989578,375,380,summer,5,0.11576332151889801
eta_lat_m51p994694_lon_p132p989563.npy,-51.994694,132.989563,45,50,summer,5,0.10595457752545674
eta_lat_p16p395037_lon_p156p989563.npy,16.395037,156.989563,405,410,summer,5,0.11171106994152069
eta_lat_m68p928383_lon_m11p010422.npy,-68.928383,-11.010422,380,385,summer,5,0.7228305141131083
eta_lat_m44p523903_lon_p42p989578.npy,-44.523903,42.989578,20,25,summer,5,0.10323167592287064
eta_lat_m48p374134_lon_m155p010422.npy,-48.374134,-155.010422,15,20,summer,5,0.07469041645526886
eta_lat_m55p389462_lon_p132p989563.npy,-55.389462,132.989563,325,330,summer,5,0.11963486174742381
eta_lat_m48p374134_lon_m125p010414.npy,-48.374134,-125.010414,365,370,summer,5,0.07298333942890167
eta_lat_m66p662788_lon_p174p989563.npy,-66.662788,174.989563,5,10,summer,5,0.41812045375506085
eta_lat_p68p049988_lon_p6p988419.npy,68.049988,6.988419,330,335,summer,5,0.062422326455513634
eta_lat_m61p508057_lon_m113p010414.npy,-61.508057,-113.010414,380,385,summer,5,0.1099940687417984
eta_lat_p5p545479_lon_m101p010414.npy,5.545479,-101.010414,45,50,summer,5,0.11720566948254903
eta_lat_m52p006847_lon_m53p010422.npy,-52.006847,-53.010422,45,50,summer,5,0.13712695489327112
eta_lat_m55p389462_lon_p78p989594.npy,-55.389462,78.989594,415,420,summer,5,0.09420646230379741
eta_lat_m48p374134_lon_m107p010414.npy,-48.374134,-107.010414,395,400,summer,5,0.11486724019050598
eta_lat_m58p574665_lon_p162p989563.npy,-58.574665,162.989563,20,25,summer,5,0.09142392128705978
eta_lat_m70p827019_lon_m124p974617.npy,-70.827019,-124.974617,355,360,summer,5,0.6897319952646891
eta_lat_m61p508057_lon_p54p989578.npy,-61.508057,54.989578,400,405,summer,5,0.48835428555806476
eta_lat_m40p414062_lon_p66p989594.npy,-40.414062,66.989594,385,390,summer,5,0.08108973254760106
eta_lat_m55p400803_lon_p12p989578.npy,-55.400803,12.989578,355,360,summer,5,0.19349991281827292
eta_lat_m16p395037_lon_p108p989594.npy,-16.395037,108.989594,45,50,summer,5,0.07950739562511444
eta_lat_m64p202515_lon_m47p010422.npy,-64.202515,-47.010422,345,350,summer,5,0.9450304706891378
eta_lat_m55p389462_lon_m131p010422.npy,-55.389462,-131.010422,385,390,summer,5,0.09339925895134608
eta_lat_m71p306725_lon_m29p016449.npy,-71.306725,-29.016449,405,410,summer,5,1.9373687505722046
eta_lat_m66p662788_lon_m11p010422.npy,-66.662788,-11.010422,5,10,summer,5,1.2526121536890666
eta_lat_m36p058659_lon_p102p989594.npy,-36.058659,102.989594,400,405,summer,5,0.14709515869617462
eta_lat_p21p610189_lon_m119p010414.npy,21.610189,-119.010414,415,420,summer,5,0.09153761714696884
eta_lat_p51p994694_lon_m41p010422.npy,51.994694,-41.010422,340,345,summer,5,0.11546766012907028
eta_lat_m36p058659_lon_m23p010422.npy,-36.058659,-23.010422,330,335,summer,5,0.10426756242911021
eta_lat_m55p389462_lon_m149p010422.npy,-55.389462,-149.010422,325,330,summer,5,0.0759247566262881
eta_lat_m58p574665_lon_m119p010414.npy,-58.574665,-119.010414,330,335,summer,5,0.06466293583313625
eta_lat_m40p414062_lon_p96p989594.npy,-40.414062,96.989594,415,420,summer,5,0.09012696892023087
eta_lat_m36p058659_lon_p66p989594.npy,-36.058659,66.989594,25,30,summer,5,0.06522544473409653
eta_lat_m55p400803_lon_m125p010414.npy,-55.400803,-125.010414,30,35,summer,5,0.10301852226257324
eta_lat_m31p463802_lon_p174p989563.npy,-31.463802,174.989563,380,385,summer,5,0.11602599670489629
eta_lat_m51p994694_lon_p132p989563.npy,-51.994694,132.989563,335,340,summer,5,0.11209749678770702
eta_lat_m40p414062_lon_m143p010422.npy,-40.414062,-143.010422,355,360,summer,5,0.10285395383834839
eta_lat_m5p545479_lon_m11p010422.npy,-5.545479,-11.010422,410,415,summer,5,0.09714721888303757
eta_lat_m51p994694_lon_m167p010422.npy,-51.994694,-167.010422,15,20,summer,5,0.08082296202580135
eta_lat_m36p058659_lon_p108p989594.npy,-36.058659,108.989594,390,395,summer,5,0.08988676965236664
eta_lat_m31p463802_lon_m95p010414.npy,-31.463802,-95.010414,385,390,summer,5,0.057505796353022255
eta_lat_m55p389462_lon_m161p010422.npy,-55.389462,-161.010422,405,410,summer,5,0.10771283010641734
eta_lat_m76p178772_lon_m41p740692.npy,-76.178772,-41.740692,385,390,summer,5,1.4456886450449626
eta_lat_m40p414062_lon_m161p010422.npy,-40.414062,-161.010422,390,395,summer,5,0.1492997482419014
eta_lat_m21p610189_lon_m11p010422.npy,-21.610189,-11.010422,10,15,summer,5,0.08381189157565434
eta_lat_m58p574665_lon_p12p989578.npy,-58.574665,12.989578,370,375,summer,5,0.3013398349285126
eta_lat_m11p027672_lon_p90p989594.npy,-11.027672,90.989594,30,35,summer,5,0.08684428036212921
eta_lat_m72p698387_lon_m136p683899.npy,-72.698387,-136.683899,355,360,summer,5,1.9970232645670574
eta_lat_p21p610189_lon_m125p010414.npy,21.610189,-125.010414,20,25,summer,5,0.09189819544553757
eta_lat_m61p508057_lon_p84p989594.npy,-61.508057,84.989594,380,385,summer,5,0.5367445051670074
eta_lat_m36p058659_lon_p96p989594.npy,-36.058659,96.989594,340,345,summer,5,0.062420327216386795
eta_lat_m48p374134_lon_m11p010422.npy,-48.374134,-11.010422,350,355,summer,5,0.10527781397104263
eta_lat_m40p414062_lon_m47p010422.npy,-40.414062,-47.010422,360,365,summer,5,0.15510083238283792
eta_lat_m66p662788_lon_m107p010414.npy,-66.662788,-107.010414,40,45,summer,5,0.12152577688296635
eta_lat_m40p414062_lon_m29p010422.npy,-40.414062,-29.010422,380,385,summer,5,0.05780830110112826
eta_lat_m64p202515_lon_m173p010422.npy,-64.202515,-173.010422,405,410,summer,5,0.2840111454327901
eta_lat_m44p523903_lon_m29p010422.npy,-44.523903,-29.010422,35,40,summer,5,0.06629083802302678
eta_lat_m55p400803_lon_m143p010422.npy,-55.400803,-143.010422,400,405,summer,5,0.11977826058864594
eta_lat_p26p641497_lon_m47p010422.npy,26.641497,-47.010422,335,340,summer,5,0.0687053178747495
eta_lat_p11p027672_lon_m47p010422.npy,11.027672,-47.010422,10,15,summer,5,0.0987436870733897
eta_lat_m55p389462_lon_p54p989578.npy,-55.389462,54.989578,380,385,summer,5,0.11957145233949025
eta_lat_m66p662788_lon_p0p989578.npy,-66.662788,0.989578,340,345,summer,5,1.6370173295338948
eta_lat_m5p545479_lon_m5p010422.npy,-5.545479,-5.010422,355,360,summer,5,0.07441161572933197
eta_lat_p44p523903_lon_m35p010422.npy,44.523903,-35.010422,405,410,summer,5,0.07509766394893329
eta_lat_m61p508057_lon_m149p010422.npy,-61.508057,-149.010422,30,35,summer,5,0.19511592388153076
eta_lat_m75p785980_lon_m171p738495.npy,-75.78598,-171.738495,390,395,summer,5,1.3799632787704468
eta_lat_p11p027672_lon_m35p010422.npy,11.027672,-35.010422,30,35,summer,5,0.11645393818616867
eta_lat_p0p009682_lon_m101p010414.npy,0.009682,-101.010414,375,380,summer,5,0.14815864463647208
eta_lat_p31p463802_lon_m47p010422.npy,31.463802,-47.010422,395,400,summer,5,0.09236605713764827
eta_lat_m73p796959_lon_m41p244324.npy,-73.796959,-41.244324,0,5,summer,5,0.23818047841389975
eta_lat_m68p928383_lon_m167p010422.npy,-68.928383,-167.010422,35,40,summer,5,0.5985402266184489
eta_lat_m16p395037_lon_m89p010414.npy,-16.395037,-89.010414,345,350,summer,5,0.07851886997620265
eta_lat_m44p523903_lon_m167p010422.npy,-44.523903,-167.010422,405,410,summer,5,0.08293268332878749
eta_lat_m64p202515_lon_p120p989594.npy,-64.202515,120.989594,20,25,summer,5,0.3596051335334778
eta_lat_m11p027672_lon_m113p010414.npy,-11.027672,-113.010414,40,45,summer,5,0.091973510881265
eta_lat_p26p641497_lon_m65p010414.npy,26.641497,-65.010414,45,50,summer,5,0.0890194649497668
eta_lat_m16p395037_lon_p108p989594.npy,-16.395037,108.989594,375,380,summer,5,0.0787509058912595
eta_lat_m16p395037_lon_p66p989594.npy,-16.395037,66.989594,410,415,summer,5,0.0848933532834053
eta_lat_m26p641497_lon_p174p989563.npy,-26.641497,174.989563,15,20,summer,5,0.12339657545089722
eta_lat_m58p574665_lon_p42p989578.npy,-58.574665,42.989578,5,10,summer,5,0.1266202305754026
eta_lat_p5p545479_lon_m101p010414.npy,5.545479,-101.010414,365,370,summer,5,0.1775908867518107
eta_lat_m58p574665_lon_p138p989563.npy,-58.574665,138.989563,385,390,summer,5,0.07086086769898732
eta_lat_p16p395037_lon_m47p010422.npy,16.395037,-47.010422,325,330,summer,5,0.07463349898656209
eta_lat_m26p641497_lon_p96p989594.npy,-26.641497,96.989594,325,330,summer,5,0.09549394498268764
eta_lat_m55p389462_lon_p12p989578.npy,-55.389462,12.989578,340,345,summer,5,0.0851383979121844
eta_lat_m68p928383_lon_m101p010414.npy,-68.928383,-101.010414,35,40,summer,5,0.5879895488421122
eta_lat_p51p994694_lon_p150p989563.npy,51.994694,150.989563,350,355,summer,5,0.06365530813733737
eta_lat_p61p367260_lon_m23p297623.npy,61.36726,-23.297623,410,415,summer,5,0.07292249674598376
eta_lat_p40p414062_lon_m53p010422.npy,40.414062,-53.010422,10,15,summer,5,0.08732256790002187
eta_lat_p21p610189_lon_m35p010422.npy,21.610189,-35.010422,355,360,summer,5,0.08755329251289368
eta_lat_m64p202515_lon_p48p989578.npy,-64.202515,48.989578,35,40,summer,5,0.49276797970136005
eta_lat_p61p082935_lon_m35p089630.npy,61.082935,-35.08963,375,380,summer,5,0.0780660683910052
eta_lat_p31p463802_lon_m143p010422.npy,31.463802,-143.010422,380,385,summer,5,0.0673800731698672
eta_lat_m55p400803_lon_m131p010422.npy,-55.400803,-131.010422,35,40,summer,5,0.11210562537113826
eta_lat_m44p523903_lon_p96p989594.npy,-44.523903,96.989594,325,330,summer,5,0.12260741119583447
eta_lat_p40p414062_lon_m41p010422.npy,40.414062,-41.010422,340,345,summer,5,0.11517379184563954
eta_lat_p55p389462_lon_m143p010422.npy,55.389462,-143.010422,25,30,summer,5,0.08652981619040172
eta_lat_p51p994694_lon_m137p010422.npy,51.994694,-137.010422,410,415,summer,5,0.06065154820680618
eta_lat_m58p574665_lon_m47p010422.npy,-58.574665,-47.010422,30,35,summer,5,0.2622482677300771
eta_lat_p26p641497_lon_p150p989563.npy,26.641497,150.989563,45,50,summer,5,0.09484793245792389
eta_lat_m36p058659_lon_m107p010414.npy,-36.058659,-107.010414,30,35,summer,5,0.061377160251140594
eta_lat_m11p027672_lon_p78p989594.npy,-11.027672,78.989594,45,50,summer,5,0.08425264308849971
eta_lat_m52p006847_lon_p102p989594.npy,-52.006847,102.989594,0,5,summer,5,0.10904071231683095
eta_lat_m40p414062_lon_p132p989563.npy,-40.414062,132.989563,25,30,summer,5,0.09470636149247487
eta_lat_m44p523903_lon_p90p989594.npy,-44.523903,90.989594,385,390,summer,5,0.07928923517465591
eta_lat_p51p994694_lon_m47p010422.npy,51.994694,-47.010422,405,410,summer,5,0.11285918454329173
eta_lat_m55p389462_lon_p78p989594.npy,-55.389462,78.989594,395,400,summer,5,0.0932447761297226
eta_lat_m48p374134_lon_p132p989563.npy,-48.374134,132.989563,35,40,summer,5,0.09214725842078526
eta_lat_m48p374134_lon_m53p010422.npy,-48.374134,-53.010422,45,50,summer,5,0.11506401250759761
eta_lat_p0p009682_lon_m137p010422.npy,0.009682,-137.010422,410,415,summer,5,0.1256322811047236
eta_lat_m61p508057_lon_m137p010422.npy,-61.508057,-137.010422,385,390,summer,5,0.5622907479604086
eta_lat_p40p414062_lon_m47p010422.npy,40.414062,-47.010422,355,360,summer,5,0.12636791914701462
eta_lat_p26p641497_lon_m137p010422.npy,26.641497,-137.010422,10,15,summer,5,0.08290652682383855
eta_lat_m58p574665_lon_m137p010422.npy,-58.574665,-137.010422,410,415,summer,5,0.10556622842947642
eta_lat_m58p574665_lon_p18p989578.npy,-58.574665,18.989578,370,375,summer,5,0.2696784536043803
eta_lat_m58p574665_lon_p66p989594.npy,-58.574665,66.989594,345,350,summer,5,0.11890303840239842
eta_lat_p36p058659_lon_p162p989563.npy,36.058659,162.989563,5,10,summer,5,0.12429235875606537
eta_lat_m44p523903_lon_m29p010422.npy,-44.523903,-29.010422,415,420,summer,5,0.07508920629819234
eta_lat_p31p463802_lon_m161p010422.npy,31.463802,-161.010422,340,345,summer,5,0.07353531196713448
eta_lat_m55p400803_lon_m131p010422.npy,-55.400803,-131.010422,360,365,summer,5,0.10038940608501434
eta_lat_m70p951729_lon_m142p952744.npy,-70.951729,-142.952744,385,390,summer,5,0.8517747720082601
eta_lat_p26p641497_lon_m59p010422.npy,26.641497,-59.010422,410,415,summer,5,0.07897345225016277
eta_lat_m55p389462_lon_m59p010422.npy,-55.389462,-59.010422,360,365,summer,5,0.3343635896841685
eta_lat_m55p389462_lon_p18p989578.npy,-55.389462,18.989578,325,330,summer,5,0.1144311601916949
eta_lat_m52p006847_lon_m137p010422.npy,-52.006847,-137.010422,10,15,summer,5,0.0860360786318779
eta_lat_m48p374134_lon_p84p989594.npy,-48.374134,84.989594,45,50,summer,5,0.14223475754261017
eta_lat_p26p641497_lon_m125p010414.npy,26.641497,-125.010414,340,345,summer,5,0.07056064407030742
eta_lat_p36p058659_lon_m59p010422.npy,36.058659,-59.010422,45,50,summer,5,0.17195198436578116
eta_lat_p51p994694_lon_m155p010422.npy,51.994694,-155.010422,365,370,summer,5,0.09337879965702693
eta_lat_m21p610189_lon_m113p010414.npy,-21.610189,-113.010414,405,410,summer,5,0.06266385813554128
eta_lat_m26p641497_lon_p84p989594.npy,-26.641497,84.989594,45,50,summer,5,0.07786864787340164
eta_lat_m44p523903_lon_p6p989578.npy,-44.523903,6.989578,40,45,summer,5,0.09013769030570984
eta_lat_m52p006847_lon_p30p989578.npy,-52.006847,30.989578,385,390,summer,5,0.1088963324824969
eta_lat_m44p523903_lon_m47p010422.npy,-44.523903,-47.010422,45,50,summer,5,0.05257532373070717
eta_lat_m55p389462_lon_m89p010414.npy,-55.389462,-89.010414,340,345,summer,5,0.08241968353589375
eta_lat_m40p414062_lon_m35p010422.npy,-40.414062,-35.010422,20,25,summer,5,0.13013907273610434
eta_lat_m44p523903_lon_m143p010422.npy,-44.523903,-143.010422,25,30,summer,5,0.08295186857382457
eta_lat_m71p152878_lon_m166p947037.npy,-71.152878,-166.947037,405,410,summer,5,0.5010673403739929
eta_lat_m68p928383_lon_m131p010422.npy,-68.928383,-131.010422,0,5,summer,5,0.30075376232465106
eta_lat_m48p374134_lon_m41p010422.npy,-48.374134,-41.010422,5,10,summer,5,0.13285578787326813
eta_lat_p40p414062_lon_m47p010422.npy,40.414062,-47.010422,395,400,summer,5,0.06766861428817113
eta_lat_p0p009682_lon_m113p010414.npy,0.009682,-113.010414,355,360,summer,5,0.15564782917499542
eta_lat_m61p508057_lon_m161p010422.npy,-61.508057,-161.010422,365,370,summer,5,0.07001448919375737
eta_lat_m40p414062_lon_m23p010422.npy,-40.414062,-23.010422,20,25,summer,5,0.06995666772127151
eta_lat_m40p414062_lon_p156p989563.npy,-40.414062,156.989563,30,35,summer,5,0.09919819484154384
eta_lat_m64p202515_lon_p60p989578.npy,-64.202515,60.989578,335,340,summer,5,0.9953265984853109
eta_lat_p26p641497_lon_m161p010422.npy,26.641497,-161.010422,355,360,summer,5,0.0749576489130656
eta_lat_p5p545479_lon_m155p010422.npy,5.545479,-155.010422,30,35,summer,5,0.11000382403532664
eta_lat_p11p027672_lon_m23p010422.npy,11.027672,-23.010422,325,330,summer,5,0.10982678333918254
eta_lat_m11p027672_lon_m29p010422.npy,-11.027672,-29.010422,25,30,summer,5,0.07937789956728618
eta_lat_m44p523903_lon_m41p010422.npy,-44.523903,-41.010422,10,15,summer,5,0.06556605299313863
eta_lat_m26p641497_lon_p96p989594.npy,-26.641497,96.989594,40,45,summer,5,0.1276374707619349
eta_lat_m52p006847_lon_p144p989563.npy,-52.006847,144.989563,10,15,summer,5,0.10209210216999054
eta_lat_p16p395037_lon_p162p989563.npy,16.395037,162.989563,35,40,summer,5,0.08700340737899144
eta_lat_p40p414062_lon_m155p010422.npy,40.414062,-155.010422,350,355,summer,5,0.06838973984122276
eta_lat_m66p662788_lon_p0p989578.npy,-66.662788,0.989578,395,400,summer,5,0.39657296737035114
eta_lat_m5p545479_lon_p84p989594.npy,-5.545479,84.989594,45,50,summer,5,0.09689259032408397
eta_lat_m36p058659_lon_m47p010422.npy,-36.058659,-47.010422,35,40,summer,5,0.08719562490781148
eta_lat_m58p574665_lon_m71p010414.npy,-58.574665,-71.010414,360,365,summer,5,0.23042397697766623
eta_lat_m68p928383_lon_m59p010422.npy,-68.928383,-59.010422,330,335,summer,5,0.7191653450330099
eta_lat_m58p574665_lon_m137p010422.npy,-58.574665,-137.010422,350,355,summer,5,0.15724908808867136
eta_lat_p26p641497_lon_m131p010422.npy,26.641497,-131.010422,385,390,summer,5,0.07893867045640945
eta_lat_p11p027672_lon_p60p989578.npy,11.027672,60.989578,415,420,summer,5,0.08434030661980312
eta_lat_m55p400803_lon_m11p010422.npy,-55.400803,-11.010422,410,415,summer,5,0.06189552818735441
eta_lat_m61p508057_lon_m107p010414.npy,-61.508057,-107.010414,35,40,summer,5,0.10133158788084984
eta_lat_m70p831284_lon_m107p022827.npy,-70.831284,-107.022827,415,420,summer,5,0.38129469255606335
eta_lat_m5p545479_lon_p66p989594.npy,-5.545479,66.989594,45,50,summer,5,0.13309224198261896
eta_lat_m52p006847_lon_p90p989594.npy,-52.006847,90.989594,410,415,summer,5,0.10585575302441914
eta_lat_m51p994694_lon_m173p010422.npy,-51.994694,-173.010422,360,365,summer,5,0.09050745020310084
eta_lat_m40p414062_lon_m137p010422.npy,-40.414062,-137.010422,360,365,summer,5,0.0737941563129425
eta_lat_p16p395037_lon_m143p010422.npy,16.395037,-143.010422,20,25,summer,5,0.09042915453513463
eta_lat_m11p027672_lon_m23p010422.npy,-11.027672,-23.010422,40,45,summer,5,0.07233736912409465
eta_lat_m52p006847_lon_m113p010414.npy,-52.006847,-113.010414,350,355,summer,5,0.09773701429367065
eta_lat_m36p058659_lon_p36p989578.npy,-36.058659,36.989578,35,40,summer,5,0.0823080042997996
eta_lat_m61p508057_lon_m35p010422.npy,-61.508057,-35.010422,345,350,summer,5,1.1398428281148274
eta_lat_m58p574665_lon_p132p989563.npy,-58.574665,132.989563,25,30,summer,5,0.08624254912137985
eta_lat_m55p400803_lon_m125p010414.npy,-55.400803,-125.010414,370,375,summer,5,0.13639204452435175
eta_lat_m66p662788_lon_m113p010414.npy,-66.662788,-113.010414,0,5,summer,5,0.17279677093029022
eta_lat_p40p414062_lon_m35p010422.npy,40.414062,-35.010422,345,350,summer,5,0.06645102674762408
eta_lat_m16p395037_lon_p0p989578.npy,-16.395037,0.989578,390,395,summer,5,0.051614695539077125
eta_lat_m61p508057_lon_p120p989594.npy,-61.508057,120.989594,380,385,summer,5,0.2666614055633545
eta_lat_m55p400803_lon_p24p989578.npy,-55.400803,24.989578,10,15,summer,5,0.10398794710636139
eta_lat_m51p994694_lon_p0p989578.npy,-51.994694,0.989578,335,340,summer,5,0.1350081910689672
eta_lat_m31p463802_lon_m143p010422.npy,-31.463802,-143.010422,25,30,summer,5,0.08657533427079518
eta_lat_m64p202515_lon_p0p989578.npy,-64.202515,0.989578,400,405,summer,5,0.4956951141357422
eta_lat_m5p545479_lon_p84p989594.npy,-5.545479,84.989594,370,375,summer,5,0.08882246414820354
eta_lat_m48p374134_lon_p96p989594.npy,-48.374134,96.989594,340,345,summer,5,0.09114473064740498
eta_lat_p44p523903_lon_m131p010422.npy,44.523903,-131.010422,10,15,summer,5,0.14791437983512878
eta_lat_m58p574665_lon_m161p010422.npy,-58.574665,-161.010422,395,400,summer,5,0.12938995162645975
eta_lat_m36p058659_lon_p102p989594.npy,-36.058659,102.989594,380,385,summer,5,0.1475064903497696
eta_lat_m26p641497_lon_m119p010414.npy,-26.641497,-119.010414,15,20,summer,5,0.0714191235601902
eta_lat_m21p610189_lon_m95p010414.npy,-21.610189,-95.010414,5,10,summer,5,0.061377854396899544
eta_lat_m61p508057_lon_m137p010422.npy,-61.508057,-137.010422,395,400,summer,5,0.4029005666573842
eta_lat_p16p395037_lon_p138p989563.npy,16.395037,138.989563,375,380,summer,5,0.13917861382166544
eta_lat_m52p006847_lon_m89p010414.npy,-52.006847,-89.010414,405,410,summer,5,0.050331711769104004
eta_lat_p31p463802_lon_p168p989563.npy,31.463802,168.989563,20,25,summer,5,0.08338556438684464
eta_lat_p21p610189_lon_p174p989563.npy,21.610189,174.989563,380,385,summer,5,0.08778711905082066
eta_lat_m55p389462_lon_m119p010414.npy,-55.389462,-119.010414,385,390,summer,5,0.19101778914531073
eta_lat_p5p545479_lon_m167p010422.npy,5.545479,-167.010422,40,45,summer,5,0.12380761901537578
eta_lat_m55p389462_lon_p102p989594.npy,-55.389462,102.989594,410,415,summer,5,0.05798644324143728
eta_lat_p5p545479_lon_p60p989578.npy,5.545479,60.989578,20,25,summer,5,0.11728713661432266
eta_lat_m58p574665_lon_m17p010422.npy,-58.574665,-17.010422,325,330,summer,5,0.2734977851311366
eta_lat_m48p374134_lon_m17p010422.npy,-48.374134,-17.010422,415,420,summer,5,0.06764818107088406
eta_lat_m31p463802_lon_p48p989578.npy,-31.463802,48.989578,5,10,summer,5,0.06731197362144788
eta_lat_p58p428707_lon_m29p032135.npy,58.428707,-29.032135,10,15,summer,5,0.09023551642894745
eta_lat_m16p395037_lon_p6p989578.npy,-16.395037,6.989578,30,35,summer,5,0.05462570364276568
eta_lat_m44p523903_lon_m119p010414.npy,-44.523903,-119.010414,325,330,summer,5,0.07488653560479482
eta_lat_m26p641497_lon_p78p989594.npy,-26.641497,78.989594,20,25,summer,5,0.06989484528700511
eta_lat_m64p202515_lon_p18p989578.npy,-64.202515,18.989578,400,405,summer,5,0.28138575951258343
eta_lat_m68p928383_lon_m131p010422.npy,-68.928383,-131.010422,330,335,summer,5,0.5974673728148142
eta_lat_m36p058659_lon_m131p010422.npy,-36.058659,-131.010422,340,345,summer,5,0.07048029452562332
eta_lat_m61p508057_lon_p108p989594.npy,-61.508057,108.989594,45,50,summer,5,0.357501616080602
eta_lat_m61p508057_lon_m5p010422.npy,-61.508057,-5.010422,355,360,summer,5,0.8429245154062907
eta_lat_p11p027672_lon_m23p010422.npy,11.027672,-23.010422,380,385,summer,5,0.10256241013606389
eta_lat_m58p574665_lon_p114p989594.npy,-58.574665,114.989594,365,370,summer,5,0.13673890630404154
eta_lat_m31p463802_lon_p162p989563.npy,-31.463802,162.989563,20,25,summer,5,0.1880230257908503
eta_lat_m68p928383_lon_m107p010414.npy,-68.928383,-107.010414,340,345,summer,5,0.519597073396047
eta_lat_m48p374134_lon_p24p989578.npy,-48.374134,24.989578,375,380,summer,5,0.09874095271031062
eta_lat_m48p374134_lon_p174p989563.npy,-48.374134,174.989563,365,370,summer,5,0.0847032219171524
eta_lat_m52p006847_lon_m47p010422.npy,-52.006847,-47.010422,365,370,summer,5,0.08460651338100433
eta_lat_m44p523903_lon_m89p010414.npy,-44.523903,-89.010414,35,40,summer,5,0.04627299184600512
eta_lat_m44p523903_lon_m41p010422.npy,-44.523903,-41.010422,325,330,summer,5,0.08068342755238216
eta_lat_m55p400803_lon_p30p989578.npy,-55.400803,30.989578,370,375,summer,5,0.07741338014602661
eta_lat_m64p202515_lon_m47p010422.npy,-64.202515,-47.010422,395,400,summer,5,1.8435855309168498
eta_lat_m55p400803_lon_p120p989594.npy,-55.400803,120.989594,415,420,summer,5,0.06596700226267178
eta_lat_m68p928383_lon_m29p010422.npy,-68.928383,-29.010422,40,45,summer,5,0.9226502378781637
eta_lat_m51p994694_lon_m89p010414.npy,-51.994694,-89.010414,15,20,summer,5,0.05141447236140569
eta_lat_p31p463802_lon_p174p989563.npy,31.463802,174.989563,395,400,summer,5,0.09125467886527379
eta_lat_m44p523903_lon_m155p010422.npy,-44.523903,-155.010422,350,355,summer,5,0.10801339894533157
eta_lat_p5p545479_lon_m107p010414.npy,5.545479,-107.010414,340,345,summer,5,0.1593588242928187
eta_lat_p11p027672_lon_m95p010414.npy,11.027672,-95.010414,345,350,summer,5,0.144851287206014
eta_lat_p40p414062_lon_m155p010422.npy,40.414062,-155.010422,400,405,summer,5,0.07238717873891194
eta_lat_m61p508057_lon_m71p010414.npy,-61.508057,-71.010414,25,30,summer,5,0.2726081609725952
eta_lat_p61p579643_lon_m17p313934.npy,61.579643,-17.313934,360,365,summer,5,0.07112458099921544
eta_lat_m48p374134_lon_m83p010414.npy,-48.374134,-83.010414,355,360,summer,5,0.11530593906839688
eta_lat_m55p400803_lon_m101p010414.npy,-55.400803,-101.010414,355,360,summer,5,0.10679521908362706
eta_lat_p0p009682_lon_m137p010422.npy,0.009682,-137.010422,35,40,summer,5,0.1265008250872294
eta_lat_m48p374134_lon_p126p989594.npy,-48.374134,126.989594,370,375,summer,5,0.20116883019606271
eta_lat_m48p374134_lon_m107p010414.npy,-48.374134,-107.010414,35,40,summer,5,0.06523735572894414
eta_lat_m70p827019_lon_m124p974617.npy,-70.827019,-124.974617,340,345,summer,5,1.4379299879074097
eta_lat_m40p414062_lon_p66p989594.npy,-40.414062,66.989594,415,420,summer,5,0.08817702531814575
eta_lat_m55p400803_lon_p36p989578.npy,-55.400803,36.989578,20,25,summer,5,0.08125541110833485
eta_lat_m55p389462_lon_m11p010422.npy,-55.389462,-11.010422,410,415,summer,5,0.07399402807156245
eta_lat_m70p857033_lon_m130p966385.npy,-70.857033,-130.966385,390,395,summer,5,0.7238093217213949
eta_lat_p51p994694_lon_m29p010422.npy,51.994694,-29.010422,395,400,summer,5,0.1278636654218038
eta_lat_m55p400803_lon_p90p989594.npy,-55.400803,90.989594,330,335,summer,5,0.20101788640022278
eta_lat_m31p463802_lon_p96p989594.npy,-31.463802,96.989594,10,15,summer,5,0.07970512534181277
eta_lat_p55p389462_lon_m41p010422.npy,55.389462,-41.010422,410,415,summer,5,0.06566321104764938
eta_lat_m55p389462_lon_p54p989578.npy,-55.389462,54.989578,25,30,summer,5,0.10532723863919576
eta_lat_m51p994694_lon_p150p989563.npy,-51.994694,150.989563,330,335,summer,5,0.12249918033679326
eta_lat_p31p463802_lon_m131p010422.npy,31.463802,-131.010422,15,20,summer,5,0.0781644235054652
eta_lat_m61p508057_lon_p114p989594.npy,-61.508057,114.989594,405,410,summer,5,0.3854898512363434
eta_lat_m55p400803_lon_m95p010414.npy,-55.400803,-95.010414,10,15,summer,5,0.1518305540084839
eta_lat_p51p994694_lon_m29p010422.npy,51.994694,-29.010422,25,30,summer,5,0.09879278639952342
eta_lat_m52p006847_lon_p114p989594.npy,-52.006847,114.989594,405,410,summer,5,0.11885314931472142
eta_lat_p55p389462_lon_m47p010422.npy,55.389462,-47.010422,355,360,summer,5,0.07935773332913716
eta_lat_m55p400803_lon_m59p010422.npy,-55.400803,-59.010422,395,400,summer,5,0.3932204345862071
eta_lat_m5p545479_lon_p84p989594.npy,-5.545479,84.989594,345,350,summer,5,0.10995340843995412
eta_lat_m36p058659_lon_m113p010414.npy,-36.058659,-113.010414,25,30,summer,5,0.06203757723172506
eta_lat_p31p463802_lon_m167p010422.npy,31.463802,-167.010422,325,330,summer,5,0.06501852720975876
eta_lat_m31p463802_lon_m155p010422.npy,-31.463802,-155.010422,30,35,summer,5,0.05739722897609075
eta_lat_m31p463802_lon_m89p010414.npy,-31.463802,-89.010414,340,345,summer,5,0.060748317589362465
eta_lat_m61p508057_lon_p60p989578.npy,-61.508057,60.989578,25,30,summer,5,0.2546124756336212
eta_lat_m52p006847_lon_m173p010422.npy,-52.006847,-173.010422,15,20,summer,5,0.08154322703679402
eta_lat_m55p389462_lon_m59p010422.npy,-55.389462,-59.010422,390,395,summer,5,0.7108808954556783
eta_lat_p26p641497_lon_m65p010414.npy,26.641497,-65.010414,350,355,summer,5,0.09195231397946675
eta_lat_m51p994694_lon_p120p989594.npy,-51.994694,120.989594,415,420,summer,5,0.0699883500734965
eta_lat_m36p058659_lon_p6p989578.npy,-36.058659,6.989578,340,345,summer,5,0.08015861362218857
eta_lat_p5p545479_lon_m167p010422.npy,5.545479,-167.010422,10,15,summer,5,0.12319144109884898
eta_lat_p11p027672_lon_m143p010422.npy,11.027672,-143.010422,410,415,summer,5,0.11995476235946019
eta_lat_m58p574665_lon_p42p989578.npy,-58.574665,42.989578,25,30,summer,5,0.09162113567193349
eta_lat_m31p463802_lon_m35p010422.npy,-31.463802,-35.010422,380,385,summer,5,0.07098689675331116
eta_lat_m61p508057_lon_m101p010414.npy,-61.508057,-101.010414,15,20,summer,5,0.06381596997380257
eta_lat_m40p414062_lon_m173p010422.npy,-40.414062,-173.010422,340,345,summer,5,0.06758975485960643
eta_lat_m48p374134_lon_m113p010414.npy,-48.374134,-113.010414,25,30,summer,5,0.08557278662919998
eta_lat_m72p442223_lon_m113p020538.npy,-72.442223,-113.020538,10,15,summer,5,1.620335340499878
eta_lat_p21p610189_lon_p174p989563.npy,21.610189,174.989563,330,335,summer,5,0.08010789503653844
eta_lat_m52p006847_lon_m137p010422.npy,-52.006847,-137.010422,355,360,summer,5,0.12710715333620706
eta_lat_m55p389462_lon_m119p010414.npy,-55.389462,-119.010414,380,385,summer,5,0.1410237525900205
eta_lat_m36p058659_lon_p66p989594.npy,-36.058659,66.989594,20,25,summer,5,0.06771518290042877
eta_lat_p5p545479_lon_m23p010422.npy,5.545479,-23.010422,365,370,summer,5,0.1331366424759229
eta_lat_p16p395037_lon_m59p010422.npy,16.395037,-59.010422,405,410,summer,5,0.0692891776561737
eta_lat_m61p508057_lon_p78p989594.npy,-61.508057,78.989594,30,35,summer,5,0.535524845123291
eta_lat_m21p610189_lon_m77p010414.npy,-21.610189,-77.010414,10,15,summer,5,0.060458071529865265
eta_lat_m61p508057_lon_p150p989563.npy,-61.508057,150.989563,30,35,summer,5,0.05685120324293772
eta_lat_p65p078934_lon_p0p678101.npy,65.078934,0.678101,365,370,summer,5,0.0699580709139506
eta_lat_m16p395037_lon_p6p989578.npy,-16.395037,6.989578,410,415,summer,5,0.05565140893061956
eta_lat_m40p414062_lon_p126p989594.npy,-40.414062,126.989594,345,350,summer,5,0.06586980819702148
eta_lat_m11p027672_lon_m17p010422.npy,-11.027672,-17.010422,340,345,summer,5,0.08015586187442143
eta_lat_m58p574665_lon_m23p010422.npy,-58.574665,-23.010422,410,415,summer,5,0.642094612121582
eta_lat_p51p994694_lon_p150p989563.npy,51.994694,150.989563,5,10,summer,5,0.08661029984553655
eta_lat_m52p006847_lon_p6p989578.npy,-52.006847,6.989578,400,405,summer,5,0.0798809751868248
eta_lat_p48p374134_lon_m155p010422.npy,48.374134,-155.010422,385,390,summer,5,0.10025525589783986
eta_lat_m66p662788_lon_m53p010422.npy,-66.662788,-53.010422,35,40,summer,5,1.031131347020467
eta_lat_m61p508057_lon_m101p010414.npy,-61.508057,-101.010414,20,25,summer,5,0.06365554531415303
eta_lat_m51p994694_lon_p108p989594.npy,-51.994694,108.989594,25,30,summer,5,0.11814238876104355
eta_lat_m48p374134_lon_m107p010414.npy,-48.374134,-107.010414,365,370,summer,5,0.05483214805523554
eta_lat_m52p006847_lon_m149p010422.npy,-52.006847,-149.010422,0,5,summer,5,0.11266944309075673
eta_lat_m55p389462_lon_p36p989578.npy,-55.389462,36.989578,350,355,summer,5,0.1051919013261795
eta_lat_p51p994694_lon_p150p989563.npy,51.994694,150.989563,345,350,summer,5,0.08914456764856975
eta_lat_p31p463802_lon_m53p010422.npy,31.463802,-53.010422,340,345,summer,5,0.08664150287707646
eta_lat_m71p277649_lon_m41p033340.npy,-71.277649,-41.03334,20,25,summer,5,1.2272812525431316
eta_lat_m52p006847_lon_p150p989563.npy,-52.006847,150.989563,35,40,summer,5,0.2409051110347112
eta_lat_m58p574665_lon_m113p010414.npy,-58.574665,-113.010414,345,350,summer,5,0.09917472799619038
eta_lat_m55p389462_lon_m149p010422.npy,-55.389462,-149.010422,345,350,summer,5,0.10788633053501447
eta_lat_m21p610189_lon_p96p989594.npy,-21.610189,96.989594,365,370,summer,5,0.08236999313036601
eta_lat_m55p389462_lon_p132p989563.npy,-55.389462,132.989563,30,35,summer,5,0.09450822820266087
eta_lat_m51p994694_lon_p24p989578.npy,-51.994694,24.989578,360,365,summer,5,0.14939281592766443
eta_lat_m26p641497_lon_m35p010422.npy,-26.641497,-35.010422,0,5,summer,5,0.04932119573156039
eta_lat_m48p374134_lon_p174p989563.npy,-48.374134,174.989563,355,360,summer,5,0.07198031370838483
eta_lat_m55p400803_lon_m119p010414.npy,-55.400803,-119.010414,365,370,summer,5,0.0912889117995898
eta_lat_p68p049988_lon_p6p988419.npy,68.049988,6.988419,10,15,summer,5,0.11515676726897557
eta_lat_m52p006847_lon_p132p989563.npy,-52.006847,132.989563,25,30,summer,5,0.10775550951560338
eta_lat_p5p545479_lon_m113p010414.npy,5.545479,-113.010414,10,15,summer,5,0.16845674564441046
eta_lat_m48p374134_lon_p96p989594.npy,-48.374134,96.989594,5,10,summer,5,0.13559979697068533
eta_lat_m58p574665_lon_p156p989563.npy,-58.574665,156.989563,20,25,summer,5,0.10076446582873662
eta_lat_p40p414062_lon_m149p010422.npy,40.414062,-149.010422,45,50,summer,5,0.08906297385692596
eta_lat_m21p610189_lon_m95p010414.npy,-21.610189,-95.010414,385,390,summer,5,0.05903904139995575
eta_lat_m44p523903_lon_p114p989594.npy,-44.523903,114.989594,400,405,summer,5,0.11886537571748097
eta_lat_m61p508057_lon_m119p010414.npy,-61.508057,-119.010414,45,50,summer,5,0.08146728451053302
eta_lat_p36p058659_lon_m47p010422.npy,36.058659,-47.010422,405,410,summer,5,0.09202597290277481
eta_lat_m55p400803_lon_p138p989563.npy,-55.400803,138.989563,25,30,summer,5,0.10192448149124782
eta_lat_p44p523903_lon_m149p010422.npy,44.523903,-149.010422,30,35,summer,5,0.08635889987150829
eta_lat_m16p395037_lon_m101p010414.npy,-16.395037,-101.010414,385,390,summer,5,0.06955529501040776
eta_lat_m44p523903_lon_p156p989563.npy,-44.523903,156.989563,0,5,summer,5,0.06396364296476047
eta_lat_m55p400803_lon_p102p989594.npy,-55.400803,102.989594,365,370,summer,5,0.1501180281241735
eta_lat_m31p463802_lon_m155p010422.npy,-31.463802,-155.010422,35,40,summer,5,0.06704109410444896
eta_lat_m0p009682_lon_p90p989594.npy,-0.009682,90.989594,345,350,summer,5,0.10716265191634496
eta_lat_p16p395037_lon_p138p989563.npy,16.395037,138.989563,410,415,summer,5,0.113837664326032
eta_lat_m55p400803_lon_m143p010422.npy,-55.400803,-143.010422,370,375,summer,5,0.1343113655845324
eta_lat_p26p641497_lon_p150p989563.npy,26.641497,150.989563,25,30,summer,5,0.09099530925353368
eta_lat_m44p523903_lon_m53p010422.npy,-44.523903,-53.010422,25,30,summer,5,0.14813535660505295
eta_lat_m55p389462_lon_p174p989563.npy,-55.389462,174.989563,35,40,summer,5,0.26117879152297974
eta_lat_p26p641497_lon_p150p989563.npy,26.641497,150.989563,340,345,summer,5,0.0771595910191536
eta_lat_p61p579643_lon_m58p686073.npy,61.579643,-58.686073,375,380,summer,5,0.14811141540606818
eta_lat_m55p400803_lon_m11p010422.npy,-55.400803,-11.010422,400,405,summer,5,0.09022601942221324
eta_lat_m68p928383_lon_m155p010422.npy,-68.928383,-155.010422,40,45,summer,5,0.5469215114911398
eta_lat_m51p994694_lon_p90p989594.npy,-51.994694,90.989594,415,420,summer,5,0.11184164385000865
eta_lat_p26p641497_lon_m41p010422.npy,26.641497,-41.010422,385,390,summer,5,0.07268583277861278
eta_lat_m36p058659_lon_p90p989594.npy,-36.058659,90.989594,380,385,summer,5,0.09006834651033084
eta_lat_m72p569344_lon_m130p758957.npy,-72.569344,-130.758957,405,410,summer,5,0.526721735795339
eta_lat_m71p317345_lon_m23p007370.npy,-71.317345,-23.00737,415,420,summer,5,0.8367315530776978
eta_lat_m26p641497_lon_m173p010422.npy,-26.641497,-173.010422,405,410,summer,5,0.07976256310939789
eta_lat_m21p610189_lon_m23p010422.npy,-21.610189,-23.010422,330,335,summer,5,0.06950084865093231
eta_lat_p26p641497_lon_p162p989563.npy,26.641497,162.989563,25,30,summer,5,0.08130122224489848
eta_lat_m58p574665_lon_p132p989563.npy,-58.574665,132.989563,395,400,summer,5,0.09515355030695598
eta_lat_m61p508057_lon_p66p989594.npy,-61.508057,66.989594,350,355,summer,5,0.2812833786010742
eta_lat_m0p009682_lon_p60p989578.npy,-0.009682,60.989578,380,385,summer,5,0.12742670873800913
eta_lat_m66p662788_lon_m107p010414.npy,-66.662788,-107.010414,415,420,summer,5,0.36557043592135113
eta_lat_p11p027672_lon_m35p010422.npy,11.027672,-35.010422,345,350,summer,5,0.13124911487102509
eta_lat_m52p006847_lon_m47p010422.npy,-52.006847,-47.010422,25,30,summer,5,0.103922039270401
eta_lat_m68p928383_lon_m131p010422.npy,-68.928383,-131.010422,390,395,summer,5,0.7901731332143148
eta_lat_p11p027672_lon_p60p989578.npy,11.027672,60.989578,365,370,summer,5,0.07187891999880473
eta_lat_m55p400803_lon_p30p989578.npy,-55.400803,30.989578,45,50,summer,5,0.08874920258919398
eta_lat_m31p463802_lon_p96p989594.npy,-31.463802,96.989594,5,10,summer,5,0.09139393270015717
eta_lat_m36p058659_lon_m119p010414.npy,-36.058659,-119.010414,360,365,summer,5,0.06799463803569476
eta_lat_m44p523903_lon_p156p989563.npy,-44.523903,156.989563,360,365,summer,5,0.08087121446927388
eta_lat_m48p374134_lon_m173p010422.npy,-48.374134,-173.010422,395,400,summer,5,0.14173080027103424
eta_lat_m58p574665_lon_p48p989578.npy,-58.574665,48.989578,340,345,summer,5,0.060779071102539696
eta_lat_p16p395037_lon_m125p010414.npy,16.395037,-125.010414,385,390,summer,5,0.10758588214715321
eta_lat_m36p058659_lon_p36p989578.npy,-36.058659,36.989578,20,25,summer,5,0.08350719014803569
eta_lat_p26p641497_lon_m41p010422.npy,26.641497,-41.010422,365,370,summer,5,0.06932064145803452
eta_lat_p16p395037_lon_m125p010414.npy,16.395037,-125.010414,25,30,summer,5,0.1100608433286349
eta_lat_m5p545479_lon_m149p010422.npy,-5.545479,-149.010422,350,355,summer,5,0.12479981283346812
eta_lat_m5p545479_lon_p168p989563.npy,-5.545479,168.989563,400,405,summer,5,0.15151309470335642
eta_lat_p31p463802_lon_m155p010422.npy,31.463802,-155.010422,340,345,summer,5,0.060276257495085396
eta_lat_p40p414062_lon_p174p989563.npy,40.414062,174.989563,370,375,summer,5,0.14653333524862924
eta_lat_m76p178772_lon_m41p740692.npy,-76.178772,-41.740692,410,415,summer,5,1.344510555267334
eta_lat_m31p463802_lon_m131p010422.npy,-31.463802,-131.010422,360,365,summer,5,0.07275430361429851
eta_lat_m58p574665_lon_p66p989594.npy,-58.574665,66.989594,0,5,summer,5,0.1696692854166031
eta_lat_m31p463802_lon_p174p989563.npy,-31.463802,174.989563,25,30,summer,5,0.110059455037117
eta_lat_m61p508057_lon_p54p989578.npy,-61.508057,54.989578,415,420,summer,5,0.24714540938536325
eta_lat_m31p463802_lon_m137p010422.npy,-31.463802,-137.010422,330,335,summer,5,0.07699511696894963
eta_lat_m58p574665_lon_m131p010422.npy,-58.574665,-131.010422,35,40,summer,5,0.19671868781248728
eta_lat_m5p545479_lon_p90p989594.npy,-5.545479,90.989594,380,385,summer,5,0.11110875010490417
eta_lat_m16p395037_lon_p72p989594.npy,-16.395037,72.989594,330,335,summer,5,0.09055449813604355
eta_lat_p11p027672_lon_m119p010414.npy,11.027672,-119.010414,415,420,summer,5,0.12203929821650188
eta_lat_m55p400803_lon_p66p989594.npy,-55.400803,66.989594,355,360,summer,5,0.05814283465345701
eta_lat_p31p463802_lon_m137p010422.npy,31.463802,-137.010422,20,25,summer,5,0.08937629808982213
eta_lat_p21p610189_lon_m59p010422.npy,21.610189,-59.010422,405,410,summer,5,0.08137165755033493
eta_lat_m64p202515_lon_p60p989578.npy,-64.202515,60.989578,340,345,summer,5,0.8403513630231222
eta_lat_p61p082935_lon_m35p089630.npy,61.082935,-35.08963,0,5,summer,5,0.04840715974569321
eta_lat_m40p414062_lon_m107p010414.npy,-40.414062,-107.010414,385,390,summer,5,0.06338003898660342
eta_lat_p40p414062_lon_m59p010422.npy,40.414062,-59.010422,380,385,summer,5,0.11537256340185802
eta_lat_m66p662788_lon_m173p010422.npy,-66.662788,-173.010422,15,20,summer,5,0.9660014708836874
eta_lat_m26p641497_lon_m23p010422.npy,-26.641497,-23.010422,365,370,summer,5,0.07620996485153834
eta_lat_m11p027672_lon_m107p010414.npy,-11.027672,-107.010414,395,400,summer,5,0.09549036373694737
eta_lat_m61p508057_lon_p174p989563.npy,-61.508057,174.989563,40,45,summer,5,0.08492172261079152
eta_lat_m48p374134_lon_m125p010414.npy,-48.374134,-125.010414,340,345,summer,5,0.08322873214880626
eta_lat_m5p545479_lon_m167p010422.npy,-5.545479,-167.010422,355,360,summer,5,0.09813108046849568
eta_lat_m51p994694_lon_m83p010414.npy,-51.994694,-83.010414,345,350,summer,5,0.06134358545144399
eta_lat_m44p523903_lon_p84p989594.npy,-44.523903,84.989594,355,360,summer,5,0.13155104219913483
eta_lat_m68p928383_lon_m23p010422.npy,-68.928383,-23.010422,35,40,summer,5,1.1556148727734883
eta_lat_p21p610189_lon_p132p989563.npy,21.610189,132.989563,415,420,summer,5,0.11812180032332738
eta_lat_m55p400803_lon_p150p989563.npy,-55.400803,150.989563,355,360,summer,5,0.15173128247261047
eta_lat_m51p994694_lon_m5p010422.npy,-51.994694,-5.010422,30,35,summer,5,0.06916965171694756
eta_lat_p26p641497_lon_m29p010422.npy,26.641497,-29.010422,45,50,summer,5,0.0801341583331426
eta_lat_p21p610189_lon_m29p010422.npy,21.610189,-29.010422,345,350,summer,5,0.0966551626722018
eta_lat_m31p463802_lon_p0p989578.npy,-31.463802,0.989578,5,10,summer,5,0.06666877865791321
eta_lat_m68p928383_lon_m161p010422.npy,-68.928383,-161.010422,25,30,summer,5,0.30565373102823895
eta_lat_m55p400803_lon_p54p989578.npy,-55.400803,54.989578,350,355,summer,5,0.08782730251550674
eta_lat_p11p027672_lon_m155p010422.npy,11.027672,-155.010422,375,380,summer,5,0.11311439424753189
eta_lat_m55p400803_lon_m161p010422.npy,-55.400803,-161.010422,340,345,summer,5,0.1033389742175738
eta_lat_m31p463802_lon_m11p010422.npy,-31.463802,-11.010422,325,330,summer,5,0.0641758826871713
eta_lat_m51p994694_lon_m167p010422.npy,-51.994694,-167.010422,345,350,summer,5,0.10237776984771092
eta_lat_p40p414062_lon_m161p010422.npy,40.414062,-161.010422,400,405,summer,5,0.06140086551507314
eta_lat_m31p463802_lon_m143p010422.npy,-31.463802,-143.010422,35,40,summer,5,0.066744069258372
eta_lat_m66p662788_lon_m149p010422.npy,-66.662788,-149.010422,0,5,summer,5,0.2523110682765643
eta_lat_p44p523903_lon_m161p010422.npy,44.523903,-161.010422,15,20,summer,5,0.09000894924004872
eta_lat_m66p662788_lon_m131p010422.npy,-66.662788,-131.010422,30,35,summer,5,0.10366950184106827
eta_lat_m52p006847_lon_p6p989578.npy,-52.006847,6.989578,10,15,summer,5,0.11402429143587749
eta_lat_m36p058659_lon_m161p010422.npy,-36.058659,-161.010422,335,340,summer,5,0.06368889659643173
eta_lat_p0p009682_lon_m107p010414.npy,0.009682,-107.010414,360,365,summer,5,0.14408852656682333
eta_lat_p40p414062_lon_m173p010422.npy,40.414062,-173.010422,20,25,summer,5,0.07104447856545448
eta_lat_m55p400803_lon_p150p989563.npy,-55.400803,150.989563,350,355,summer,5,0.12633786847194037
eta_lat_m40p414062_lon_m113p010414.npy,-40.414062,-113.010414,400,405,summer,5,0.06697296599547069
eta_lat_m55p400803_lon_p102p989594.npy,-55.400803,102.989594,345,350,summer,5,0.22037274142106375
eta_lat_m5p545479_lon_m23p010422.npy,-5.545479,-23.010422,25,30,summer,5,0.09871291120847066
eta_lat_m44p523903_lon_p120p989594.npy,-44.523903,120.989594,325,330,summer,5,0.09065726896127065
eta_lat_m70p818817_lon_m112p992744.npy,-70.818817,-112.992744,365,370,summer,5,0.3068814476331075
eta_lat_m55p389462_lon_m95p010414.npy,-55.389462,-95.010414,5,10,summer,5,0.08974010745684306
eta_lat_m58p574665_lon_m65p010414.npy,-58.574665,-65.010414,335,340,summer,5,0.14784600337346396
eta_lat_m55p400803_lon_p162p989563.npy,-55.400803,162.989563,330,335,summer,5,0.07280789315700531
eta_lat_p67p966568_lon_p0p326355.npy,67.966568,0.326355,360,365,summer,5,0.07186994204918544
eta_lat_m44p523903_lon_m53p010422.npy,-44.523903,-53.010422,405,410,summer,5,0.13338659952084223
eta_lat_m58p574665_lon_m161p010422.npy,-58.574665,-161.010422,325,330,summer,5,0.05187634751200676
eta_lat_m36p058659_lon_m95p010414.npy,-36.058659,-95.010414,0,5,summer,5,0.08622012287378311
eta_lat_p58p499409_lon_m23p040436.npy,58.499409,-23.040436,0,5,summer,5,0.08278081814448039
eta_lat_m16p395037_lon_m95p010414.npy,-16.395037,-95.010414,20,25,summer,5,0.07407105714082718
eta_lat_m48p374134_lon_m161p010422.npy,-48.374134,-161.010422,365,370,summer,5,0.08279644946257274
eta_lat_m61p508057_lon_m149p010422.npy,-61.508057,-149.010422,350,355,summer,5,0.4473096927007039
eta_lat_p40p414062_lon_m149p010422.npy,40.414062,-149.010422,10,15,summer,5,0.07016277809937795
eta_lat_m16p395037_lon_p96p989594.npy,-16.395037,96.989594,390,395,summer,5,0.07283399999141693
eta_lat_m51p994694_lon_p6p989578.npy,-51.994694,6.989578,400,405,summer,5,0.08676780511935551
eta_lat_m64p202515_lon_m119p010414.npy,-64.202515,-119.010414,45,50,summer,5,0.10657185564438502
eta_lat_m68p928383_lon_p174p989563.npy,-68.928383,174.989563,5,10,summer,5,0.9468266169230143
eta_lat_m0p009682_lon_m29p010422.npy,-0.009682,-29.010422,375,380,summer,5,0.08730967094500859
eta_lat_m36p058659_lon_p60p989578.npy,-36.058659,60.989578,350,355,summer,5,0.07018879304329555
eta_lat_p26p641497_lon_m47p010422.npy,26.641497,-47.010422,45,50,summer,5,0.06183765704433123
eta_lat_p44p523903_lon_m35p010422.npy,44.523903,-35.010422,30,35,summer,5,0.05932399878899256
eta_lat_p51p994694_lon_p150p989563.npy,51.994694,150.989563,30,35,summer,5,0.07973965009053548
eta_lat_p0p009682_lon_m131p010422.npy,0.009682,-131.010422,345,350,summer,5,0.13459346691767374
eta_lat_m26p641497_lon_m161p010422.npy,-26.641497,-161.010422,415,420,summer,5,0.09489096949497859
eta_lat_m75p785980_lon_m171p738495.npy,-75.78598,-171.738495,20,25,summer,5,2.8822929859161377
eta_lat_m55p400803_lon_p60p989578.npy,-55.400803,60.989578,365,370,summer,5,0.09132177134354909
eta_lat_m55p400803_lon_p36p989578.npy,-55.400803,36.989578,35,40,summer,5,0.10950880497694016
eta_lat_m72p438423_lon_m118p949417.npy,-72.438423,-118.949417,350,355,summer,5,1.2362622221310933
eta_lat_m0p009682_lon_p66p989594.npy,-0.009682,66.989594,335,340,summer,5,0.11311611036459605
eta_lat_m5p545479_lon_m119p010414.npy,-5.545479,-119.010414,355,360,summer,5,0.10724985351165135
eta_lat_m48p374134_lon_p90p989594.npy,-48.374134,90.989594,350,355,summer,5,0.16860494017601013
eta_lat_m40p414062_lon_m161p010422.npy,-40.414062,-161.010422,350,355,summer,5,0.10017310579617818
eta_lat_p21p610189_lon_m41p010422.npy,21.610189,-41.010422,335,340,summer,5,0.07931020607550938
eta_lat_m64p202515_lon_p24p989578.npy,-64.202515,24.989578,45,50,summer,5,0.2422459820906321
eta_lat_m58p574665_lon_p144p989563.npy,-58.574665,144.989563,385,390,summer,5,0.0768561561902364
eta_lat_p36p058659_lon_p168p989563.npy,36.058659,168.989563,20,25,summer,5,0.19827596843242645
eta_lat_m66p662788_lon_m167p010422.npy,-66.662788,-167.010422,370,375,summer,5,0.5250986814498901
eta_lat_p21p610189_lon_p150p989563.npy,21.610189,150.989563,375,380,summer,5,0.12746282170216242
eta_lat_m26p641497_lon_p108p989594.npy,-26.641497,108.989594,325,330,summer,5,0.15256676574548086
eta_lat_m16p395037_lon_m29p010422.npy,-16.395037,-29.010422,330,335,summer,5,0.06933704887827237
eta_lat_m66p662788_lon_m107p010414.npy,-66.662788,-107.010414,345,350,summer,5,0.5036923587322235
eta_lat_p11p027672_lon_p84p989594.npy,11.027672,84.989594,45,50,summer,5,0.14549372096856436
eta_lat_m31p463802_lon_m5p010422.npy,-31.463802,-5.010422,415,420,summer,5,0.0701482743024826
eta_lat_m11p027672_lon_m95p010414.npy,-11.027672,-95.010414,335,340,summer,5,0.09238260984420776
eta_lat_p48p374134_lon_m137p010422.npy,48.374134,-137.010422,15,20,summer,5,0.12868038564920425
eta_lat_m40p414062_lon_m149p010422.npy,-40.414062,-149.010422,30,35,summer,5,0.06477702409029007
eta_lat_p40p414062_lon_m155p010422.npy,40.414062,-155.010422,25,30,summer,5,0.08679977804422379
eta_lat_m40p414062_lon_p18p989578.npy,-40.414062,18.989578,10,15,summer,5,0.3151271144549052
eta_lat_p26p641497_lon_m53p010422.npy,26.641497,-53.010422,30,35,summer,5,0.07155139247576396
eta_lat_m64p202515_lon_p0p989578.npy,-64.202515,0.989578,370,375,summer,5,0.4519910713036855
eta_lat_p36p058659_lon_m35p010422.npy,36.058659,-35.010422,385,390,summer,5,0.09938181688388188
eta_lat_m0p009682_lon_m11p010422.npy,-0.009682,-11.010422,415,420,summer,5,0.12557619313398996
eta_lat_m40p414062_lon_p126p989594.npy,-40.414062,126.989594,400,405,summer,5,0.10229597240686417
eta_lat_m52p006847_lon_m53p010422.npy,-52.006847,-53.010422,365,370,summer,5,0.14863969385623932
eta_lat_m71p216316_lon_m53p046265.npy,-71.216316,-53.046265,40,45,summer,5,0.16297139475742975
eta_lat_m16p395037_lon_m119p010414.npy,-16.395037,-119.010414,15,20,summer,5,0.06491123139858246
eta_lat_p40p414062_lon_m35p010422.npy,40.414062,-35.010422,35,40,summer,5,0.08428660531838734
eta_lat_m58p574665_lon_m53p010422.npy,-58.574665,-53.010422,35,40,summer,5,0.10394912461439769
eta_lat_p16p395037_lon_m143p010422.npy,16.395037,-143.010422,25,30,summer,5,0.09758161008358002
eta_lat_m68p928383_lon_m17p010422.npy,-68.928383,-17.010422,345,350,summer,5,1.340177098910014
eta_lat_p5p545479_lon_p66p989594.npy,5.545479,66.989594,0,5,summer,5,0.09530129035313924
eta_lat_m64p202515_lon_m41p010422.npy,-64.202515,-41.010422,375,380,summer,5,0.9208853046099345
eta_lat_m11p027672_lon_m17p010422.npy,-11.027672,-17.010422,10,15,summer,5,0.07731529573599498
eta_lat_p16p395037_lon_p174p989563.npy,16.395037,174.989563,340,345,summer,5,0.08686432242393494
eta_lat_p55p389462_lon_m35p010422.npy,55.389462,-35.010422,415,420,summer,5,0.06209399551153183
eta_lat_m11p027672_lon_p0p989578.npy,-11.027672,0.989578,395,400,summer,5,0.060731396079063416
eta_lat_p11p027672_lon_p174p989563.npy,11.027672,174.989563,390,395,summer,5,0.08349267144997914
eta_lat_m40p414062_lon_p114p989594.npy,-40.414062,114.989594,375,380,summer,5,0.10824630161126454
eta_lat_m21p610189_lon_p78p989594.npy,-21.610189,78.989594,30,35,summer,5,0.07150307794411977
eta_lat_p58p428707_lon_m29p032135.npy,58.428707,-29.032135,330,335,summer,5,0.06381340076526006
eta_lat_m48p374134_lon_m17p010422.npy,-48.374134,-17.010422,15,20,summer,5,0.07896443704764049
eta_lat_m21p610189_lon_m11p010422.npy,-21.610189,-11.010422,45,50,summer,5,0.10831875850756963
eta_lat_m31p463802_lon_m131p010422.npy,-31.463802,-131.010422,355,360,summer,5,0.08685469627380371
eta_lat_m51p994694_lon_m5p010422.npy,-51.994694,-5.010422,400,405,summer,5,0.11801176269849141
eta_lat_m5p545479_lon_m29p010422.npy,-5.545479,-29.010422,45,50,summer,5,0.09476590404907863
eta_lat_m31p463802_lon_p66p989594.npy,-31.463802,66.989594,385,390,summer,5,0.0618422602613767
eta_lat_m52p006847_lon_m119p010414.npy,-52.006847,-119.010414,5,10,summer,5,0.07895022754867871
eta_lat_p44p523903_lon_p162p989563.npy,44.523903,162.989563,335,340,summer,5,0.053241413086652756
eta_lat_m40p414062_lon_p102p989594.npy,-40.414062,102.989594,395,400,summer,5,0.0845025045176347
eta_lat_p21p610189_lon_m41p010422.npy,21.610189,-41.010422,360,365,summer,5,0.08346661925315857
eta_lat_p36p058659_lon_p150p989563.npy,36.058659,150.989563,335,340,summer,5,0.197300523519516
eta_lat_m40p414062_lon_p6p989578.npy,-40.414062,6.989578,335,340,summer,5,0.11946406463781993
eta_lat_p51p994694_lon_m47p010422.npy,51.994694,-47.010422,30,35,summer,5,0.06298014645775159
eta_lat_m52p006847_lon_p84p989594.npy,-52.006847,84.989594,15,20,summer,5,0.3605817159016927
eta_lat_m61p508057_lon_p162p989563.npy,-61.508057,162.989563,40,45,summer,5,0.07274352510770161
eta_lat_m36p058659_lon_m95p010414.npy,-36.058659,-95.010414,35,40,summer,5,0.06372832755247752
eta_lat_m26p641497_lon_p90p989594.npy,-26.641497,90.989594,390,395,summer,5,0.0831209123134613
eta_lat_p55p389462_lon_m143p010422.npy,55.389462,-143.010422,405,410,summer,5,0.0683579867084821
eta_lat_m55p400803_lon_m107p010414.npy,-55.400803,-107.010414,0,5,summer,5,0.06906823813915253
eta_lat_m64p202515_lon_p150p989563.npy,-64.202515,150.989563,410,415,summer,5,1.1291782855987549
eta_lat_m48p374134_lon_m149p010422.npy,-48.374134,-149.010422,45,50,summer,5,0.08358187725146611
eta_lat_p36p058659_lon_p162p989563.npy,36.058659,162.989563,385,390,summer,5,0.11058562248945236
eta_lat_m44p523903_lon_p132p989563.npy,-44.523903,132.989563,415,420,summer,5,0.07074974104762077
eta_lat_m48p374134_lon_m5p010422.npy,-48.374134,-5.010422,30,35,summer,5,0.05506368229786555
eta_lat_m66p662788_lon_p174p989563.npy,-66.662788,174.989563,30,35,summer,5,0.41933364669481915
eta_lat_m51p994694_lon_p24p989578.npy,-51.994694,24.989578,40,45,summer,5,0.10943891604741414
eta_lat_m51p994694_lon_p108p989594.npy,-51.994694,108.989594,360,365,summer,5,0.09169494609038036
eta_lat_m61p508057_lon_p150p989563.npy,-61.508057,150.989563,385,390,summer,5,0.11956502497196198
eta_lat_m51p994694_lon_p12p989578.npy,-51.994694,12.989578,355,360,summer,5,0.06462837258974712
eta_lat_m21p610189_lon_p0p989578.npy,-21.610189,0.989578,35,40,summer,5,0.06164751946926117
eta_lat_p36p058659_lon_m59p010422.npy,36.058659,-59.010422,400,405,summer,5,0.18311090767383575
eta_lat_m44p523903_lon_m137p010422.npy,-44.523903,-137.010422,10,15,summer,5,0.0679342250029246
eta_lat_m61p508057_lon_p48p989578.npy,-61.508057,48.989578,35,40,summer,5,0.20914256076018015
eta_lat_m51p994694_lon_p0p989578.npy,-51.994694,0.989578,345,350,summer,5,0.08681898315747578
eta_lat_p63p711063_lon_m29p662918.npy,63.711063,-29.662918,325,330,summer,5,0.06658010929822922
eta_lat_m51p994694_lon_m47p010422.npy,-51.994694,-47.010422,340,345,summer,5,0.08688390006621678
eta_lat_p31p463802_lon_m59p010422.npy,31.463802,-59.010422,10,15,summer,5,0.07202676435311635
eta_lat_m55p400803_lon_p126p989594.npy,-55.400803,126.989594,0,5,summer,5,0.13513427724440893
eta_lat_m68p928383_lon_p168p989563.npy,-68.928383,168.989563,340,345,summer,5,0.24643474817276
eta_lat_m16p395037_lon_p84p989594.npy,-16.395037,84.989594,405,410,summer,5,0.08489099889993668
eta_lat_m36p058659_lon_m35p010422.npy,-36.058659,-35.010422,395,400,summer,5,0.05659902592500051
eta_lat_m31p463802_lon_p36p989578.npy,-31.463802,36.989578,10,15,summer,5,0.08311545600493749
eta_lat_p11p027672_lon_m161p010422.npy,11.027672,-161.010422,35,40,summer,5,0.10765303671360016
eta_lat_m58p574665_lon_p144p989563.npy,-58.574665,144.989563,350,355,summer,5,0.09030769020318985
eta_lat_m51p994694_lon_m113p010414.npy,-51.994694,-113.010414,40,45,summer,5,0.08064485465486844
eta_lat_m55p400803_lon_p30p989578.npy,-55.400803,30.989578,340,345,summer,5,0.12504425644874573
eta_lat_p16p395037_lon_m59p010422.npy,16.395037,-59.010422,0,5,summer,5,0.08676429092884064
eta_lat_m51p994694_lon_p96p989594.npy,-51.994694,96.989594,45,50,summer,5,0.0783127024769783
eta_lat_m16p395037_lon_m89p010414.npy,-16.395037,-89.010414,410,415,summer,5,0.061971948792537056
eta_lat_m51p994694_lon_m95p010414.npy,-51.994694,-95.010414,380,385,summer,5,0.07308292637268703
eta_lat_p48p374134_lon_m167p010422.npy,48.374134,-167.010422,380,385,summer,5,0.0948427642385165
eta_lat_m31p463802_lon_p66p989594.npy,-31.463802,66.989594,390,395,summer,5,0.07408034801483154
eta_lat_m51p994694_lon_p138p989563.npy,-51.994694,138.989563,0,5,summer,5,0.09024970233440399
eta_lat_m40p414062_lon_m113p010414.npy,-40.414062,-113.010414,40,45,summer,5,0.10129626467823982
eta_lat_m44p523903_lon_m35p010422.npy,-44.523903,-35.010422,20,25,summer,5,0.07128839939832687
eta_lat_m64p202515_lon_m29p010422.npy,-64.202515,-29.010422,5,10,summer,5,0.774584174156189
eta_lat_p61p082935_lon_m35p089630.npy,61.082935,-35.08963,40,45,summer,5,0.05313893655935923
eta_lat_m55p400803_lon_m119p010414.npy,-55.400803,-119.010414,370,375,summer,5,0.16683643559614816
eta_lat_m64p202515_lon_m95p010414.npy,-64.202515,-95.010414,25,30,summer,5,0.06673313677310944
eta_lat_p11p027672_lon_m95p010414.npy,11.027672,-95.010414,385,390,summer,5,0.10172107070684433
eta_lat_m5p545479_lon_m89p010414.npy,-5.545479,-89.010414,330,335,summer,5,0.08949129780133565
eta_lat_m70p831284_lon_m107p022827.npy,-70.831284,-107.022827,35,40,summer,5,1.4531835317611694
eta_lat_m21p610189_lon_m107p010414.npy,-21.610189,-107.010414,405,410,summer,5,0.06072701017061869
eta_lat_m16p395037_lon_p102p989594.npy,-16.395037,102.989594,395,400,summer,5,0.08591930816570918
eta_lat_m64p202515_lon_p30p989578.npy,-64.202515,30.989578,25,30,summer,5,0.2858735918998718
eta_lat_m44p523903_lon_p72p989594.npy,-44.523903,72.989594,35,40,summer,5,0.16420202453931174
eta_lat_m48p374134_lon_m149p010422.npy,-48.374134,-149.010422,10,15,summer,5,0.08509144683678944
eta_lat_m51p994694_lon_m107p010414.npy,-51.994694,-107.010414,370,375,summer,5,0.10552063832680385
eta_lat_m66p662788_lon_p30p989578.npy,-66.662788,30.989578,410,415,summer,5,0.31918145219484967
eta_lat_p31p463802_lon_m137p010422.npy,31.463802,-137.010422,350,355,summer,5,0.07248249153296153
eta_lat_m66p662788_lon_p174p989563.npy,-66.662788,174.989563,415,420,summer,5,0.2753908733526866
eta_lat_m68p928383_lon_m167p010422.npy,-68.928383,-167.010422,365,370,summer,5,0.5181834896405538
eta_lat_m52p006847_lon_m155p010422.npy,-52.006847,-155.010422,350,355,summer,5,0.2176144520441691
eta_lat_p44p523903_lon_p174p989563.npy,44.523903,174.989563,40,45,summer,5,0.09571957091490428
eta_lat_m5p545479_lon_p168p989563.npy,-5.545479,168.989563,25,30,summer,5,0.12164351095755895
eta_lat_m16p395037_lon_p54p989578.npy,-16.395037,54.989578,330,335,summer,5,0.06611895312865575
eta_lat_m21p610189_lon_m131p010422.npy,-21.610189,-131.010422,405,410,summer,5,0.07066978762547176
eta_lat_m51p994694_lon_p96p989594.npy,-51.994694,96.989594,335,340,summer,5,0.18360806504885355
eta_lat_p11p027672_lon_m173p010422.npy,11.027672,-173.010422,30,35,summer,5,0.09436097492774327
eta_lat_p11p027672_lon_m167p010422.npy,11.027672,-167.010422,360,365,summer,5,0.10876067479451497
eta_lat_m58p574665_lon_m113p010414.npy,-58.574665,-113.010414,325,330,summer,5,0.09385325262943904
eta_lat_m61p508057_lon_m143p010422.npy,-61.508057,-143.010422,45,50,summer,5,0.17178617914517721
eta_lat_m0p009682_lon_p84p989594.npy,-0.009682,84.989594,35,40,summer,5,0.1092822899421056
eta_lat_m48p374134_lon_m149p010422.npy,-48.374134,-149.010422,35,40,summer,5,0.11141582578420639
eta_lat_m21p610189_lon_p78p989594.npy,-21.610189,78.989594,380,385,summer,5,0.08129012087980907
eta_lat_m44p523903_lon_p114p989594.npy,-44.523903,114.989594,340,345,summer,5,0.09905692934989929
eta_lat_m58p574665_lon_p24p989578.npy,-58.574665,24.989578,360,365,summer,5,0.16340846319993338
eta_lat_p11p027672_lon_m95p010414.npy,11.027672,-95.010414,35,40,summer,5,0.12584134439627329
eta_lat_m31p463802_lon_m137p010422.npy,-31.463802,-137.010422,325,330,summer,5,0.05943584690491358
eta_lat_m66p662788_lon_m155p010422.npy,-66.662788,-155.010422,35,40,summer,5,0.4027325709660848
eta_lat_p31p463802_lon_m53p010422.npy,31.463802,-53.010422,395,400,summer,5,0.07580708712339401
eta_lat_m44p523903_lon_m107p010414.npy,-44.523903,-107.010414,410,415,summer,5,0.04720664272705714
eta_lat_p40p414062_lon_p162p989563.npy,40.414062,162.989563,355,360,summer,5,0.06868370870749156
eta_lat_p26p641497_lon_m137p010422.npy,26.641497,-137.010422,0,5,summer,5,0.06418678412834804
eta_lat_m51p994694_lon_m155p010422.npy,-51.994694,-155.010422,30,35,summer,5,0.1375960409641266
eta_lat_m51p994694_lon_p138p989563.npy,-51.994694,138.989563,380,385,summer,5,0.08076633761326472
eta_lat_m44p523903_lon_m29p010422.npy,-44.523903,-29.010422,30,35,summer,5,0.11792018016179402
eta_lat_m66p662788_lon_m155p010422.npy,-66.662788,-155.010422,405,410,summer,5,0.5077369511127472
eta_lat_m55p389462_lon_m23p010422.npy,-55.389462,-23.010422,350,355,summer,5,0.07544924318790436
eta_lat_m58p574665_lon_p138p989563.npy,-58.574665,138.989563,410,415,summer,5,0.09055827806393306
eta_lat_p5p545479_lon_m29p010422.npy,5.545479,-29.010422,365,370,summer,5,0.11415039747953415
eta_lat_p40p414062_lon_m53p010422.npy,40.414062,-53.010422,5,10,summer,5,0.10467025885979335
eta_lat_m16p395037_lon_m107p010414.npy,-16.395037,-107.010414,330,335,summer,5,0.06808157016833623
eta_lat_m31p463802_lon_m41p010422.npy,-31.463802,-41.010422,15,20,summer,5,0.0717111440996329
eta_lat_p16p395037_lon_m119p010414.npy,16.395037,-119.010414,400,405,summer,5,0.12384082128604253
eta_lat_m11p027672_lon_m29p010422.npy,-11.027672,-29.010422,30,35,summer,5,0.0694933036963145
eta_lat_m73p859009_lon_m35p162323.npy,-73.859009,-35.162323,0,5,summer,5,0.2147913376490275
eta_lat_p36p058659_lon_m29p010422.npy,36.058659,-29.010422,15,20,summer,5,0.08664294580618541
eta_lat_m66p662788_lon_p18p989578.npy,-66.662788,18.989578,335,340,summer,5,0.23969722290833792
eta_lat_m5p545479_lon_m95p010414.npy,-5.545479,-95.010414,385,390,summer,5,0.09017122288544972
eta_lat_p16p395037_lon_p162p989563.npy,16.395037,162.989563,350,355,summer,5,0.10245015223821004
eta_lat_m55p400803_lon_p174p989563.npy,-55.400803,174.989563,385,390,summer,5,0.110423078139623
eta_lat_p26p641497_lon_p174p989563.npy,26.641497,174.989563,380,385,summer,5,0.07873474558194478
eta_lat_m44p523903_lon_p120p989594.npy,-44.523903,120.989594,415,420,summer,5,0.07930219670136769
eta_lat_m40p414062_lon_p156p989563.npy,-40.414062,156.989563,380,385,summer,5,0.11263678471247356
eta_lat_m55p389462_lon_p18p989578.npy,-55.389462,18.989578,15,20,summer,5,0.07799074426293373
eta_lat_m31p463802_lon_m29p010422.npy,-31.463802,-29.010422,405,410,summer,5,0.05753848453362783
eta_lat_p55p389462_lon_m47p010422.npy,55.389462,-47.010422,20,25,summer,5,0.1441903014977773
eta_lat_m52p006847_lon_m83p010414.npy,-52.006847,-83.010414,415,420,summer,5,0.07510060320297877
eta_lat_m48p374134_lon_m155p010422.npy,-48.374134,-155.010422,380,385,summer,5,0.07543730114897092
eta_lat_m44p523903_lon_m143p010422.npy,-44.523903,-143.010422,10,15,summer,5,0.08108303447564442
eta_lat_m64p202515_lon_p126p989594.npy,-64.202515,126.989594,375,380,summer,5,0.3411498765150706
eta_lat_m58p574665_lon_p174p989563.npy,-58.574665,174.989563,365,370,summer,5,0.11557449400424957
eta_lat_m36p058659_lon_m113p010414.npy,-36.058659,-113.010414,380,385,summer,5,0.06165202086170515
eta_lat_m64p202515_lon_m95p010414.npy,-64.202515,-95.010414,405,410,summer,5,0.07924099763234456
eta_lat_m52p006847_lon_p102p989594.npy,-52.006847,102.989594,325,330,summer,5,0.20244160542885462
eta_lat_p36p058659_lon_m65p010414.npy,36.058659,-65.010414,385,390,summer,5,0.21435804665088654
eta_lat_p48p374134_lon_m29p010422.npy,48.374134,-29.010422,410,415,summer,5,0.10474080592393875
eta_lat_p48p374134_lon_m167p010422.npy,48.374134,-167.010422,390,395,summer,5,0.13133729497591654
eta_lat_m52p006847_lon_p36p989578.npy,-52.006847,36.989578,385,390,summer,5,0.08997413516044617
eta_lat_m55p400803_lon_p138p989563.npy,-55.400803,138.989563,20,25,summer,5,0.09694056212902069
eta_lat_m51p994694_lon_m11p010422.npy,-51.994694,-11.010422,30,35,summer,5,0.08554437135656674
eta_lat_m71p260567_lon_p175p038208.npy,-71.260567,175.038208,405,410,summer,5,0.16673401991526285
eta_lat_m64p202515_lon_m29p010422.npy,-64.202515,-29.010422,330,335,summer,5,1.2717623710632324
eta_lat_m52p006847_lon_m155p010422.npy,-52.006847,-155.010422,395,400,summer,5,0.17927758892377219
eta_lat_m55p400803_lon_p24p989578.npy,-55.400803,24.989578,350,355,summer,5,0.10583974048495293
eta_lat_m55p400803_lon_p6p989578.npy,-55.400803,6.989578,350,355,summer,5,0.17484084765116373
eta_lat_m64p202515_lon_m5p010422.npy,-64.202515,-5.010422,405,410,summer,5,1.342917561531067
eta_lat_m44p523903_lon_m119p010414.npy,-44.523903,-119.010414,400,405,summer,5,0.0699346015850703
eta_lat_p55p389462_lon_m41p010422.npy,55.389462,-41.010422,40,45,summer,5,0.12486885488033295
eta_lat_m55p389462_lon_p138p989563.npy,-55.389462,138.989563,340,345,summer,5,0.10278313606977463
eta_lat_m55p400803_lon_m17p010422.npy,-55.400803,-17.010422,325,330,summer,5,0.11031960447629292
eta_lat_p11p027672_lon_m161p010422.npy,11.027672,-161.010422,405,410,summer,5,0.11781533807516098
eta_lat_m11p027672_lon_m29p010422.npy,-11.027672,-29.010422,335,340,summer,5,0.07834290713071823
eta_lat_m64p202515_lon_p72p989594.npy,-64.202515,72.989594,25,30,summer,5,0.6536469062169393
eta_lat_p63p507416_lon_m35p256088.npy,63.507416,-35.256088,35,40,summer,5,0.11181627710660298
eta_lat_p36p058659_lon_m53p010422.npy,36.058659,-53.010422,10,15,summer,5,0.08975209544102351
eta_lat_m26p641497_lon_p90p989594.npy,-26.641497,90.989594,395,400,summer,5,0.0849733625849088
eta_lat_m61p508057_lon_m155p010422.npy,-61.508057,-155.010422,390,395,summer,5,0.08955969909826915
eta_lat_m55p389462_lon_m107p010414.npy,-55.389462,-107.010414,360,365,summer,5,0.1383622388044993
eta_lat_p51p994694_lon_m155p010422.npy,51.994694,-155.010422,5,10,summer,5,0.0917782870431741
eta_lat_p5p545479_lon_m137p010422.npy,5.545479,-137.010422,325,330,summer,5,0.11340353141228358
eta_lat_m11p027672_lon_p72p989594.npy,-11.027672,72.989594,385,390,summer,5,0.09947098046541214
eta_lat_m21p610189_lon_p108p989594.npy,-21.610189,108.989594,35,40,summer,5,0.12562739849090576
eta_lat_p51p994694_lon_m149p010422.npy,51.994694,-149.010422,10,15,summer,5,0.0680613989631335
eta_lat_m26p641497_lon_p54p989578.npy,-26.641497,54.989578,365,370,summer,5,0.08741429696480434
eta_lat_p0p009682_lon_p162p989563.npy,0.009682,162.989563,405,410,summer,5,0.17525609334309897
eta_lat_m55p389462_lon_p24p989578.npy,-55.389462,24.989578,5,10,summer,5,0.1113577385743459
eta_lat_m40p414062_lon_p48p989578.npy,-40.414062,48.989578,15,20,summer,5,0.10854924221833546
eta_lat_p16p395037_lon_p138p989563.npy,16.395037,138.989563,35,40,summer,5,0.11210912962754567
eta_lat_p44p523903_lon_m167p010422.npy,44.523903,-167.010422,40,45,summer,5,0.07745758692423503
eta_lat_p11p027672_lon_m47p010422.npy,11.027672,-47.010422,330,335,summer,5,0.09457504252592723
eta_lat_m48p374134_lon_m41p010422.npy,-48.374134,-41.010422,15,20,summer,5,0.11892492820819218
eta_lat_m71p152878_lon_m166p947037.npy,-71.152878,-166.947037,415,420,summer,5,1.0984495083491008
eta_lat_p63p507416_lon_m35p256088.npy,63.507416,-35.256088,45,50,summer,5,0.25433159867922467
eta_lat_m58p574665_lon_m17p010422.npy,-58.574665,-17.010422,45,50,summer,5,0.35060426592826843
eta_lat_m58p574665_lon_m119p010414.npy,-58.574665,-119.010414,350,355,summer,5,0.0859515517950058
eta_lat_p31p463802_lon_m59p010422.npy,31.463802,-59.010422,370,375,summer,5,0.07599672426780064
eta_lat_m68p928383_lon_m35p010422.npy,-68.928383,-35.010422,10,15,summer,5,0.2859863042831421
eta_lat_m40p414062_lon_m107p010414.npy,-40.414062,-107.010414,325,330,summer,5,0.06893196702003479
eta_lat_m40p414062_lon_m23p010422.npy,-40.414062,-23.010422,325,330,summer,5,0.09687487284342448
eta_lat_m21p610189_lon_m95p010414.npy,-21.610189,-95.010414,375,380,summer,5,0.06836965183417003
eta_lat_m68p928383_lon_m23p010422.npy,-68.928383,-23.010422,410,415,summer,5,0.8540066679318746
eta_lat_m66p662788_lon_p12p989578.npy,-66.662788,12.989578,5,10,summer,5,0.2625286976496379
eta_lat_m48p374134_lon_m29p010422.npy,-48.374134,-29.010422,350,355,summer,5,0.10931910822788875
eta_lat_m31p463802_lon_m101p010414.npy,-31.463802,-101.010414,350,355,summer,5,0.055877719074487686
eta_lat_m61p508057_lon_p54p989578.npy,-61.508057,54.989578,20,25,summer,5,0.3422616422176361
eta_lat_p48p374134_lon_m35p010422.npy,48.374134,-35.010422,345,350,summer,5,0.1553313434123993
eta_lat_m0p009682_lon_p0p989578.npy,-0.009682,0.989578,415,420,summer,5,0.07701741407314937
eta_lat_m55p389462_lon_m11p010422.npy,-55.389462,-11.010422,335,340,summer,5,0.08419458692272504
eta_lat_m64p202515_lon_p168p989563.npy,-64.202515,168.989563,370,375,summer,5,0.2108533432086309
eta_lat_m11p027672_lon_m23p010422.npy,-11.027672,-23.010422,380,385,summer,5,0.07409023741881053
eta_lat_p31p463802_lon_m47p010422.npy,31.463802,-47.010422,410,415,summer,5,0.08128639807303746
eta_lat_p51p994694_lon_m143p010422.npy,51.994694,-143.010422,325,330,summer,5,0.061010971665382385
eta_lat_p26p641497_lon_m137p010422.npy,26.641497,-137.010422,25,30,summer,5,0.0831491748491923
eta_lat_m68p928383_lon_m161p010422.npy,-68.928383,-161.010422,365,370,summer,5,1.1653112173080444
eta_lat_p26p641497_lon_m131p010422.npy,26.641497,-131.010422,40,45,summer,5,0.09927352766195933
eta_lat_m55p400803_lon_p132p989563.npy,-55.400803,132.989563,350,355,summer,5,0.11505671838919322
eta_lat_p26p641497_lon_p174p989563.npy,26.641497,174.989563,400,405,summer,5,0.08717465400695801
eta_lat_m64p202515_lon_m41p010422.npy,-64.202515,-41.010422,45,50,summer,5,3.08909281094869
eta_lat_p21p610189_lon_m65p010414.npy,21.610189,-65.010414,410,415,summer,5,0.08541991810003917
eta_lat_p58p499409_lon_m23p040436.npy,58.499409,-23.040436,415,420,summer,5,0.09698945532242458
eta_lat_m11p027672_lon_m131p010422.npy,-11.027672,-131.010422,380,385,summer,5,0.09088300168514252
eta_lat_p31p463802_lon_m143p010422.npy,31.463802,-143.010422,405,410,summer,5,0.07679419095317523
eta_lat_m44p523903_lon_m113p010414.npy,-44.523903,-113.010414,45,50,summer,5,0.05354270587364832
eta_lat_m55p389462_lon_m23p010422.npy,-55.389462,-23.010422,415,420,summer,5,0.09221107016007106
eta_lat_m72p438423_lon_m118p949417.npy,-72.438423,-118.949417,325,330,summer,5,0.48769370714823407
eta_lat_m36p058659_lon_m119p010414.npy,-36.058659,-119.010414,40,45,summer,5,0.05614283184210459
eta_lat_m61p508057_lon_p102p989594.npy,-61.508057,102.989594,10,15,summer,5,0.29446794589360553
eta_lat_m44p523903_lon_p18p989578.npy,-44.523903,18.989578,35,40,summer,5,0.08037891735633214
eta_lat_m48p374134_lon_m11p010422.npy,-48.374134,-11.010422,40,45,summer,5,0.0800963727136453
eta_lat_p31p463802_lon_m35p010422.npy,31.463802,-35.010422,345,350,summer,5,0.07606869687636693
eta_lat_p58p669430_lon_p174p969116.npy,58.66943,174.969116,355,360,summer,5,0.0710869791607062
eta_lat_m58p574665_lon_m119p010414.npy,-58.574665,-119.010414,355,360,summer,5,0.1257146199544271
eta_lat_m72p438423_lon_m118p949417.npy,-72.438423,-118.949417,415,420,summer,5,0.18815816442171732
eta_lat_m52p006847_lon_p18p989578.npy,-52.006847,18.989578,15,20,summer,5,0.10441173240542412
eta_lat_p36p058659_lon_p144p989563.npy,36.058659,144.989563,365,370,summer,5,0.2437276542186737
eta_lat_m5p545479_lon_p78p989594.npy,-5.545479,78.989594,20,25,summer,5,0.10623962432146072
eta_lat_m44p523903_lon_m125p010414.npy,-44.523903,-125.010414,360,365,summer,5,0.07386334985494614
eta_lat_p40p414062_lon_m23p010422.npy,40.414062,-23.010422,380,385,summer,5,0.06124097853899002
eta_lat_p0p009682_lon_p162p989563.npy,0.009682,162.989563,350,355,summer,5,0.165238286058108
eta_lat_p16p395037_lon_p66p989594.npy,16.395037,66.989594,15,20,summer,5,0.07057331254084905
eta_lat_m58p574665_lon_m41p010422.npy,-58.574665,-41.010422,390,395,summer,5,0.07984424630800883
eta_lat_m51p994694_lon_m101p010414.npy,-51.994694,-101.010414,400,405,summer,5,0.07024869074424107
eta_lat_m31p463802_lon_p72p989594.npy,-31.463802,72.989594,345,350,summer,5,0.07864179958899815
eta_lat_m48p374134_lon_m137p010422.npy,-48.374134,-137.010422,35,40,summer,5,0.07220747818549474
eta_lat_m68p928383_lon_m167p010422.npy,-68.928383,-167.010422,10,15,summer,5,0.3525398274262746
eta_lat_m51p994694_lon_p24p989578.npy,-51.994694,24.989578,350,355,summer,5,0.13486933459838232
eta_lat_m55p400803_lon_p24p989578.npy,-55.400803,24.989578,360,365,summer,5,0.07324502617120743
eta_lat_m31p463802_lon_p78p989594.npy,-31.463802,78.989594,350,355,summer,5,0.06497062246004741
eta_lat_m40p414062_lon_p36p989578.npy,-40.414062,36.989578,30,35,summer,5,0.1715021034081777
eta_lat_m26p641497_lon_m35p010422.npy,-26.641497,-35.010422,375,380,summer,5,0.12470393131176631
eta_lat_p36p058659_lon_m161p010422.npy,36.058659,-161.010422,45,50,summer,5,0.06683495516578357
eta_lat_m71p057938_lon_m154p945801.npy,-71.057938,-154.945801,395,400,summer,5,1.0319937467575073
eta_lat_m44p523903_lon_m143p010422.npy,-44.523903,-143.010422,40,45,summer,5,0.06660564243793488
eta_lat_m64p202515_lon_p144p989563.npy,-64.202515,144.989563,45,50,summer,5,0.5478480557600657
eta_lat_m51p994694_lon_m95p010414.npy,-51.994694,-95.010414,0,5,summer,5,0.08453396707773209
eta_lat_m26p641497_lon_m113p010414.npy,-26.641497,-113.010414,410,415,summer,5,0.06572624420126279
eta_lat_m51p994694_lon_p132p989563.npy,-51.994694,132.989563,370,375,summer,5,0.08406357963879903
eta_lat_m61p508057_lon_m149p010422.npy,-61.508057,-149.010422,375,380,summer,5,0.5288300315539042
eta_lat_p5p545479_lon_m149p010422.npy,5.545479,-149.010422,380,385,summer,5,0.11372602482636769
eta_lat_m55p400803_lon_p114p989594.npy,-55.400803,114.989594,410,415,summer,5,0.11357409258683522
eta_lat_m31p463802_lon_p78p989594.npy,-31.463802,78.989594,340,345,summer,5,0.08242800831794739
eta_lat_p0p009682_lon_p162p989563.npy,0.009682,162.989563,10,15,summer,5,0.11063856134812038
eta_lat_m58p574665_lon_m77p010414.npy,-58.574665,-77.010414,340,345,summer,5,0.175278107325236
eta_lat_m48p374134_lon_m35p010422.npy,-48.374134,-35.010422,385,390,summer,5,0.12218338002761205
eta_lat_m44p523903_lon_m131p010422.npy,-44.523903,-131.010422,375,380,summer,5,0.08629971742630005
eta_lat_m55p400803_lon_p42p989578.npy,-55.400803,42.989578,45,50,summer,5,0.11699252327283223
eta_lat_m5p545479_lon_m89p010414.npy,-5.545479,-89.010414,360,365,summer,5,0.1178329586982727
eta_lat_m36p058659_lon_m29p010422.npy,-36.058659,-29.010422,395,400,summer,5,0.05920235812664032
eta_lat_m44p523903_lon_m5p010422.npy,-44.523903,-5.010422,40,45,summer,5,0.07243479539950688
eta_lat_m31p463802_lon_m23p010422.npy,-31.463802,-23.010422,385,390,summer,5,0.057443033903837204
eta_lat_m64p202515_lon_p48p989578.npy,-64.202515,48.989578,335,340,summer,5,0.23064838846524557
eta_lat_m21p610189_lon_p84p989594.npy,-21.610189,84.989594,25,30,summer,5,0.0655548373858134
eta_lat_m26p641497_lon_m17p010422.npy,-26.641497,-17.010422,400,405,summer,5,0.06840457270542781
eta_lat_m48p374134_lon_m131p010422.npy,-48.374134,-131.010422,30,35,summer,5,0.06923387447992961
eta_lat_p11p027672_lon_m167p010422.npy,11.027672,-167.010422,405,410,summer,5,0.11909803996483485
eta_lat_m71p260567_lon_p175p038208.npy,-71.260567,175.038208,395,400,summer,5,0.1350525418917338
eta_lat_p51p994694_lon_m149p010422.npy,51.994694,-149.010422,405,410,summer,5,0.07931221276521683
eta_lat_m40p414062_lon_p96p989594.npy,-40.414062,96.989594,375,380,summer,5,0.07409373422463734
eta_lat_m16p395037_lon_m125p010414.npy,-16.395037,-125.010414,375,380,summer,5,0.07553289830684662
eta_lat_p11p027672_lon_m131p010422.npy,11.027672,-131.010422,390,395,summer,5,0.11275234818458557
eta_lat_p11p027672_lon_m143p010422.npy,11.027672,-143.010422,20,25,summer,5,0.10759776582320531
eta_lat_m36p058659_lon_p30p989578.npy,-36.058659,30.989578,355,360,summer,5,0.13602223992347717
eta_lat_m73p888268_lon_m29p051193.npy,-73.888268,-29.051193,345,350,summer,5,0.7067693471908569
eta_lat_m40p414062_lon_m149p010422.npy,-40.414062,-149.010422,20,25,summer,5,0.09595559289058049
eta_lat_m48p374134_lon_m17p010422.npy,-48.374134,-17.010422,355,360,summer,5,0.05675382539629936
eta_lat_p61p579643_lon_m58p686073.npy,61.579643,-58.686073,10,15,summer,5,0.121603528658549
eta_lat_m40p414062_lon_m143p010422.npy,-40.414062,-143.010422,330,335,summer,5,0.04597588131825129
eta_lat_m31p463802_lon_m5p010422.npy,-31.463802,-5.010422,345,350,summer,5,0.06353699167569478
eta_lat_m31p463802_lon_m89p010414.npy,-31.463802,-89.010414,400,405,summer,5,0.06259892880916595
eta_lat_m40p414062_lon_p18p989578.npy,-40.414062,18.989578,335,340,summer,5,0.32094300786654156
eta_lat_m68p928383_lon_m101p010414.npy,-68.928383,-101.010414,405,410,summer,5,0.5275183816750845
eta_lat_m55p400803_lon_p114p989594.npy,-55.400803,114.989594,400,405,summer,5,0.07554850603143375
eta_lat_m40p414062_lon_m41p010422.npy,-40.414062,-41.010422,30,35,summer,5,0.11686082432667415
eta_lat_p5p545479_lon_m131p010422.npy,5.545479,-131.010422,400,405,summer,5,0.10950879255930583
eta_lat_m61p508057_lon_p36p989578.npy,-61.508057,36.989578,380,385,summer,5,0.2312164604663849
eta_lat_m61p508057_lon_m155p010422.npy,-61.508057,-155.010422,335,340,summer,5,0.09168445070584615
eta_lat_m31p463802_lon_m5p010422.npy,-31.463802,-5.010422,380,385,summer,5,0.06062106663982073
eta_lat_m64p202515_lon_p144p989563.npy,-64.202515,144.989563,15,20,summer,5,0.5885411699612936
eta_lat_p5p545479_lon_m119p010414.npy,5.545479,-119.010414,35,40,summer,5,0.13427026321490607
eta_lat_m21p610189_lon_m11p010422.npy,-21.610189,-11.010422,405,410,summer,5,0.09149281680583954
eta_lat_m40p414062_lon_m131p010422.npy,-40.414062,-131.010422,390,395,summer,5,0.06521772096554439
eta_lat_m52p006847_lon_p84p989594.npy,-52.006847,84.989594,395,400,summer,5,0.2256574829419454
eta_lat_m66p662788_lon_m107p010414.npy,-66.662788,-107.010414,370,375,summer,5,0.2797209322452545
eta_lat_m64p202515_lon_p72p989594.npy,-64.202515,72.989594,40,45,summer,5,1.014130711555481
eta_lat_m64p202515_lon_m107p010414.npy,-64.202515,-107.010414,45,50,summer,5,0.043539432187875114
eta_lat_m21p610189_lon_m5p010422.npy,-21.610189,-5.010422,0,5,summer,5,0.05774089694023132
eta_lat_m58p574665_lon_p102p989594.npy,-58.574665,102.989594,390,395,summer,5,0.08326451977094014
eta_lat_p26p641497_lon_p168p989563.npy,26.641497,168.989563,385,390,summer,5,0.0872740497191747
eta_lat_m68p928383_lon_m23p010422.npy,-68.928383,-23.010422,400,405,summer,5,1.0682616829872131
eta_lat_m55p389462_lon_p114p989594.npy,-55.389462,114.989594,400,405,summer,5,0.09614616632461548
eta_lat_m51p994694_lon_p18p989578.npy,-51.994694,18.989578,395,400,summer,5,0.06081615140040716
eta_lat_p11p027672_lon_p60p989578.npy,11.027672,60.989578,385,390,summer,5,0.07868151863416036
eta_lat_p61p579643_lon_m17p313934.npy,61.579643,-17.313934,335,340,summer,5,0.062367819249629974
eta_lat_m55p389462_lon_p42p989578.npy,-55.389462,42.989578,380,385,summer,5,0.10189250359932582
eta_lat_m51p994694_lon_m29p010422.npy,-51.994694,-29.010422,395,400,summer,5,0.08814478417237599
eta_lat_m68p928383_lon_m53p010422.npy,-68.928383,-53.010422,415,420,summer,5,2.014433741569519
eta_lat_m52p006847_lon_m113p010414.npy,-52.006847,-113.010414,5,10,summer,5,0.05556076020002365
eta_lat_m58p574665_lon_m83p010414.npy,-58.574665,-83.010414,340,345,summer,5,0.10202317933241527
eta_lat_p44p523903_lon_m161p010422.npy,44.523903,-161.010422,340,345,summer,5,0.05967079723874728
eta_lat_m44p523903_lon_p42p989578.npy,-44.523903,42.989578,355,360,summer,5,0.08683878680070241
eta_lat_m68p928383_lon_m125p010414.npy,-68.928383,-125.010414,395,400,summer,5,0.499432494242986
eta_lat_m61p508057_lon_p6p989578.npy,-61.508057,6.989578,365,370,summer,5,0.45342283447583515
eta_lat_m48p374134_lon_p156p989563.npy,-48.374134,156.989563,385,390,summer,5,0.10500526924928029
eta_lat_m61p508057_lon_p42p989578.npy,-61.508057,42.989578,10,15,summer,5,0.1513938456773758
eta_lat_m44p523903_lon_m107p010414.npy,-44.523903,-107.010414,35,40,summer,5,0.06314169242978096
eta_lat_m11p027672_lon_m113p010414.npy,-11.027672,-113.010414,390,395,summer,5,0.0771854097644488
eta_lat_m48p374134_lon_p144p989563.npy,-48.374134,144.989563,360,365,summer,5,0.12954617788394293
eta_lat_m31p463802_lon_m149p010422.npy,-31.463802,-149.010422,370,375,summer,5,0.060064914325873055
eta_lat_m40p414062_lon_p132p989563.npy,-40.414062,132.989563,355,360,summer,5,0.07663690919677417
eta_lat_m44p523903_lon_m161p010422.npy,-44.523903,-161.010422,365,370,summer,5,0.07287737975517909
eta_lat_m51p994694_lon_m89p010414.npy,-51.994694,-89.010414,370,375,summer,5,0.0783081588645776
eta_lat_m55p400803_lon_m143p010422.npy,-55.400803,-143.010422,360,365,summer,5,0.1805620789527893
eta_lat_m16p395037_lon_m107p010414.npy,-16.395037,-107.010414,395,400,summer,5,0.06869571780165036
eta_lat_m61p508057_lon_p156p989563.npy,-61.508057,156.989563,35,40,summer,5,0.07755982875823975
eta_lat_m44p523903_lon_m41p010422.npy,-44.523903,-41.010422,345,350,summer,5,0.15019917984803519
eta_lat_m68p928383_lon_m95p010414.npy,-68.928383,-95.010414,20,25,summer,5,0.4095124502976735
eta_lat_m36p058659_lon_m149p010422.npy,-36.058659,-149.010422,325,330,summer,5,0.06512101491292317
eta_lat_m26p641497_lon_m161p010422.npy,-26.641497,-161.010422,45,50,summer,5,0.07599922269582748
eta_lat_m58p574665_lon_m167p010422.npy,-58.574665,-167.010422,45,50,summer,5,0.07020793110132217
eta_lat_m51p994694_lon_p84p989594.npy,-51.994694,84.989594,365,370,summer,5,0.2037833333015442
eta_lat_m64p202515_lon_p162p989563.npy,-64.202515,162.989563,35,40,summer,5,0.2487584352493286
eta_lat_m51p994694_lon_p90p989594.npy,-51.994694,90.989594,345,350,summer,5,0.12616435438394547
eta_lat_m52p006847_lon_p150p989563.npy,-52.006847,150.989563,25,30,summer,5,0.14794409771760306
eta_lat_m16p395037_lon_m23p010422.npy,-16.395037,-23.010422,385,390,summer,5,0.06440635646382968
eta_lat_m51p994694_lon_m173p010422.npy,-51.994694,-173.010422,380,385,summer,5,0.11860653509696324
eta_lat_p55p389462_lon_m41p010422.npy,55.389462,-41.010422,405,410,summer,5,0.05688947315017382
eta_lat_m55p400803_lon_p174p989563.npy,-55.400803,174.989563,395,400,summer,5,0.10409709066152573
eta_lat_m48p374134_lon_m143p010422.npy,-48.374134,-143.010422,345,350,summer,5,0.051633199055989586
eta_lat_m44p523903_lon_m23p010422.npy,-44.523903,-23.010422,410,415,summer,5,0.12637835244337717
eta_lat_m31p463802_lon_m113p010414.npy,-31.463802,-113.010414,375,380,summer,5,0.0689342940847079
eta_lat_m55p389462_lon_m107p010414.npy,-55.389462,-107.010414,410,415,summer,5,0.09244852016369502
eta_lat_m40p414062_lon_p36p989578.npy,-40.414062,36.989578,350,355,summer,5,0.17818455894788107
eta_lat_p16p395037_lon_m47p010422.npy,16.395037,-47.010422,365,370,summer,5,0.09491126239299774
eta_lat_p31p463802_lon_p144p989563.npy,31.463802,144.989563,375,380,summer,5,0.11013116439183553
eta_lat_p40p414062_lon_m23p010422.npy,40.414062,-23.010422,15,20,summer,5,0.0926561951637268
eta_lat_m58p574665_lon_p6p989578.npy,-58.574665,6.989578,365,370,summer,5,0.44867752989133197
eta_lat_m58p574665_lon_p0p989578.npy,-58.574665,0.989578,385,390,summer,5,1.0507639646530151
eta_lat_m58p574665_lon_p132p989563.npy,-58.574665,132.989563,370,375,summer,5,0.07746380319197972
eta_lat_m31p463802_lon_p162p989563.npy,-31.463802,162.989563,40,45,summer,5,0.1100927119453748
eta_lat_m31p463802_lon_m89p010414.npy,-31.463802,-89.010414,385,390,summer,5,0.05315911894043287
eta_lat_m55p400803_lon_m167p010422.npy,-55.400803,-167.010422,335,340,summer,5,0.0874945397178332
eta_lat_m61p508057_lon_p120p989594.npy,-61.508057,120.989594,385,390,summer,5,0.25693275531133014
eta_lat_m66p662788_lon_m11p010422.npy,-66.662788,-11.010422,330,335,summer,5,0.6891619364420573
eta_lat_m40p414062_lon_p114p989594.npy,-40.414062,114.989594,15,20,summer,5,0.09216661006212234
eta_lat_p21p610189_lon_m29p010422.npy,21.610189,-29.010422,40,45,summer,5,0.07490016768376033
eta_lat_m58p574665_lon_p150p989563.npy,-58.574665,150.989563,375,380,summer,5,0.07182406385739644
eta_lat_p48p374134_lon_m23p010422.npy,48.374134,-23.010422,410,415,summer,5,0.0839978555838267
eta_lat_m68p928383_lon_m23p010422.npy,-68.928383,-23.010422,45,50,summer,5,1.7204910119374592
eta_lat_m64p202515_lon_m107p010414.npy,-64.202515,-107.010414,380,385,summer,5,0.08407648156086604
eta_lat_m64p202515_lon_m101p010414.npy,-64.202515,-101.010414,345,350,summer,5,0.07614021003246307
eta_lat_m55p389462_lon_m59p010422.npy,-55.389462,-59.010422,335,340,summer,5,0.21981064975261688
eta_lat_m11p027672_lon_m131p010422.npy,-11.027672,-131.010422,30,35,summer,5,0.07900652537743251
eta_lat_p5p545479_lon_m137p010422.npy,5.545479,-137.010422,345,350,summer,5,0.11462893585364024
eta_lat_m16p395037_lon_p102p989594.npy,-16.395037,102.989594,325,330,summer,5,0.07153869916995366
eta_lat_m5p545479_lon_m119p010414.npy,-5.545479,-119.010414,325,330,summer,5,0.09040361642837524
eta_lat_p11p027672_lon_m161p010422.npy,11.027672,-161.010422,15,20,summer,5,0.12557031710942587
eta_lat_m64p202515_lon_m47p010422.npy,-64.202515,-47.010422,10,15,summer,5,1.2379262049992878
eta_lat_p0p009682_lon_m161p010422.npy,0.009682,-161.010422,330,335,summer,5,0.11949825783570607
eta_lat_m58p574665_lon_m167p010422.npy,-58.574665,-167.010422,385,390,summer,5,0.10033561786015828
eta_lat_m11p027672_lon_m113p010414.npy,-11.027672,-113.010414,10,15,summer,5,0.10230500996112823
eta_lat_m44p523903_lon_p132p989563.npy,-44.523903,132.989563,345,350,summer,5,0.1399253730972608
eta_lat_m36p058659_lon_m23p010422.npy,-36.058659,-23.010422,15,20,summer,5,0.08979299664497375
eta_lat_m48p374134_lon_p0p989578.npy,-48.374134,0.989578,0,5,summer,5,0.18477855126063028
eta_lat_m31p463802_lon_p0p989578.npy,-31.463802,0.989578,25,30,summer,5,0.07356772571802139
eta_lat_m58p574665_lon_p24p989578.npy,-58.574665,24.989578,45,50,summer,5,0.3055238425731659
eta_lat_m61p508057_lon_p108p989594.npy,-61.508057,108.989594,385,390,summer,5,0.6620197693506876
eta_lat_p48p374134_lon_m161p010422.npy,48.374134,-161.010422,0,5,summer,5,0.06848142296075821
eta_lat_m66p662788_lon_p36p989578.npy,-66.662788,36.989578,375,380,summer,5,0.45720069607098895
eta_lat_m36p058659_lon_p42p989578.npy,-36.058659,42.989578,325,330,summer,5,0.06157895425955454
eta_lat_m44p523903_lon_m41p010422.npy,-44.523903,-41.010422,45,50,summer,5,0.08912760267655055
eta_lat_m71p306725_lon_m29p016449.npy,-71.306725,-29.016449,365,370,summer,5,1.0472803115844727
eta_lat_p5p545479_lon_m155p010422.npy,5.545479,-155.010422,345,350,summer,5,0.10211558143297832
eta_lat_m58p574665_lon_p132p989563.npy,-58.574665,132.989563,5,10,summer,5,0.08818525324265163
eta_lat_m64p202515_lon_m149p010422.npy,-64.202515,-149.010422,5,10,summer,5,0.1262622425953547
eta_lat_p0p009682_lon_m107p010414.npy,0.009682,-107.010414,10,15,summer,5,0.09720227122306824
eta_lat_p11p027672_lon_m29p010422.npy,11.027672,-29.010422,335,340,summer,5,0.10923337936401367
eta_lat_m0p009682_lon_p84p989594.npy,-0.009682,84.989594,20,25,summer,5,0.13306008030970892
eta_lat_m44p523903_lon_m11p010422.npy,-44.523903,-11.010422,405,410,summer,5,0.0797472819685936
eta_lat_m61p508057_lon_p90p989594.npy,-61.508057,90.989594,325,330,summer,5,0.3979884584744771
eta_lat_p44p523903_lon_m137p010422.npy,44.523903,-137.010422,395,400,summer,5,0.07139373073975246
eta_lat_m55p400803_lon_p114p989594.npy,-55.400803,114.989594,375,380,summer,5,0.06943850964307785
eta_lat_p0p009682_lon_m107p010414.npy,0.009682,-107.010414,405,410,summer,5,0.12561211735010147
eta_lat_m64p202515_lon_m41p010422.npy,-64.202515,-41.010422,380,385,summer,5,1.371005932490031
eta_lat_m61p508057_lon_p24p989578.npy,-61.508057,24.989578,345,350,summer,5,0.43321900566418964
eta_lat_p51p994694_lon_m155p010422.npy,51.994694,-155.010422,25,30,summer,5,0.10717321187257767
eta_lat_m5p545479_lon_m95p010414.npy,-5.545479,-95.010414,375,380,summer,5,0.11733559519052505
eta_lat_p36p058659_lon_p162p989563.npy,36.058659,162.989563,355,360,summer,5,0.1360146701335907
eta_lat_p48p374134_lon_m161p010422.npy,48.374134,-161.010422,325,330,summer,5,0.07155701890587807
eta_lat_m21p610189_lon_p102p989594.npy,-21.610189,102.989594,365,370,summer,5,0.08725707232952118
eta_lat_p40p414062_lon_p174p989563.npy,40.414062,174.989563,325,330,summer,5,0.0935094381372134
eta_lat_m61p508057_lon_p138p989563.npy,-61.508057,138.989563,370,375,summer,5,0.08141391972700755
eta_lat_p36p058659_lon_m149p010422.npy,36.058659,-149.010422,30,35,summer,5,0.07137782623370488
eta_lat_m58p574665_lon_p138p989563.npy,-58.574665,138.989563,405,410,summer,5,0.06241802250345548
eta_lat_m58p574665_lon_p78p989594.npy,-58.574665,78.989594,405,410,summer,5,0.14901497960090637
eta_lat_m64p202515_lon_p78p989594.npy,-64.202515,78.989594,400,405,summer,5,1.1719321012496948
eta_lat_m55p389462_lon_p12p989578.npy,-55.389462,12.989578,0,5,summer,5,0.10935342560211818
eta_lat_m21p610189_lon_m77p010414.npy,-21.610189,-77.010414,400,405,summer,5,0.062340630839268364
eta_lat_p0p009682_lon_m137p010422.npy,0.009682,-137.010422,5,10,summer,5,0.12631385525067648
eta_lat_m51p994694_lon_p144p989563.npy,-51.994694,144.989563,345,350,summer,5,0.062281900395949684
eta_lat_m5p545479_lon_m167p010422.npy,-5.545479,-167.010422,375,380,summer,5,0.12615669270356497
eta_lat_m16p395037_lon_p0p989578.npy,-16.395037,0.989578,330,335,summer,5,0.07586657752593358
eta_lat_m66p662788_lon_p0p989578.npy,-66.662788,0.989578,405,410,summer,5,0.4085158209005992
eta_lat_m26p641497_lon_p108p989594.npy,-26.641497,108.989594,405,410,summer,5,0.09281970312198003
eta_lat_m51p994694_lon_p24p989578.npy,-51.994694,24.989578,35,40,summer,5,0.11911828815937042
eta_lat_m58p574665_lon_p126p989594.npy,-58.574665,126.989594,395,400,summer,5,0.08972236265738805
eta_lat_m40p414062_lon_p120p989594.npy,-40.414062,120.989594,400,405,summer,5,0.09618604183197021
eta_lat_p51p994694_lon_m23p010422.npy,51.994694,-23.010422,395,400,summer,5,0.06648557260632515
eta_lat_m16p395037_lon_m29p010422.npy,-16.395037,-29.010422,390,395,summer,5,0.06773938983678818
eta_lat_m36p058659_lon_p42p989578.npy,-36.058659,42.989578,405,410,summer,5,0.07309644545118014
eta_lat_m61p508057_lon_p54p989578.npy,-61.508057,54.989578,390,395,summer,5,0.26814306775728863
eta_lat_m55p400803_lon_p60p989578.npy,-55.400803,60.989578,0,5,summer,5,0.05917241548498472
eta_lat_m51p994694_lon_m47p010422.npy,-51.994694,-47.010422,10,15,summer,5,0.08514713247617085
eta_lat_m55p400803_lon_m17p010422.npy,-55.400803,-17.010422,40,45,summer,5,0.09346434722344081
eta_lat_m55p400803_lon_m149p010422.npy,-55.400803,-149.010422,405,410,summer,5,0.15116789937019348
eta_lat_m75p574257_lon_m165p651382.npy,-75.574257,-165.651382,0,5,summer,5,1.1168498396873474
eta_lat_m55p389462_lon_p6p989578.npy,-55.389462,6.989578,405,410,summer,5,0.5443484584490458
eta_lat_m40p414062_lon_m23p010422.npy,-40.414062,-23.010422,395,400,summer,5,0.06905099873741467
eta_lat_m48p374134_lon_p30p989578.npy,-48.374134,30.989578,10,15,summer,5,0.1218176782131195
eta_lat_m36p058659_lon_m47p010422.npy,-36.058659,-47.010422,0,5,summer,5,0.07576347763339679
eta_lat_p31p463802_lon_m71p010414.npy,31.463802,-71.010414,40,45,summer,5,0.07447279989719391
eta_lat_m55p400803_lon_m119p010414.npy,-55.400803,-119.010414,350,355,summer,5,0.09637470543384552
eta_lat_p51p994694_lon_m149p010422.npy,51.994694,-149.010422,325,330,summer,5,0.0709602062900861
eta_lat_m40p414062_lon_p162p989563.npy,-40.414062,162.989563,340,345,summer,5,0.13892135520776114
eta_lat_m11p027672_lon_p6p989578.npy,-11.027672,6.989578,405,410,summer,5,0.06541305780410767
eta_lat_p11p027672_lon_m167p010422.npy,11.027672,-167.010422,350,355,summer,5,0.10711535314718883
eta_lat_m64p202515_lon_p126p989594.npy,-64.202515,126.989594,355,360,summer,5,0.4246656894683838
eta_lat_p40p414062_lon_m143p010422.npy,40.414062,-143.010422,35,40,summer,5,0.08916714787483215
eta_lat_m5p545479_lon_m167p010422.npy,-5.545479,-167.010422,410,415,summer,5,0.13291877508163452
eta_lat_m55p389462_lon_p54p989578.npy,-55.389462,54.989578,330,335,summer,5,0.0714989776412646
eta_lat_m5p545479_lon_m89p010414.npy,-5.545479,-89.010414,410,415,summer,5,0.09057449301083882
eta_lat_m61p508057_lon_m35p010422.npy,-61.508057,-35.010422,0,5,summer,5,0.8344516356786092
eta_lat_m11p027672_lon_p72p989594.npy,-11.027672,72.989594,330,335,summer,5,0.08943157643079758
eta_lat_m52p006847_lon_p0p989578.npy,-52.006847,0.989578,365,370,summer,5,0.08047213902076085
eta_lat_m58p574665_lon_p30p989578.npy,-58.574665,30.989578,40,45,summer,5,0.06998468687136968
eta_lat_m48p374134_lon_m5p010422.npy,-48.374134,-5.010422,10,15,summer,5,0.1347379982471466
eta_lat_p26p641497_lon_m143p010422.npy,26.641497,-143.010422,385,390,summer,5,0.06581996505459149
eta_lat_m61p508057_lon_p138p989563.npy,-61.508057,138.989563,0,5,summer,5,0.1398776372273763
eta_lat_m58p574665_lon_p102p989594.npy,-58.574665,102.989594,345,350,summer,5,0.1066410019993782
eta_lat_m58p574665_lon_m125p010414.npy,-58.574665,-125.010414,375,380,summer,5,0.14045564581950506
eta_lat_m58p574665_lon_p30p989578.npy,-58.574665,30.989578,390,395,summer,5,0.20420937736829123
eta_lat_m31p463802_lon_m125p010414.npy,-31.463802,-125.010414,335,340,summer,5,0.06180542086561521
eta_lat_m40p414062_lon_m47p010422.npy,-40.414062,-47.010422,0,5,summer,5,0.16933285196622214
eta_lat_m58p574665_lon_p150p989563.npy,-58.574665,150.989563,10,15,summer,5,0.11334155251582463
eta_lat_m11p027672_lon_p90p989594.npy,-11.027672,90.989594,10,15,summer,5,0.07755480955044429
eta_lat_m44p523903_lon_m47p010422.npy,-44.523903,-47.010422,10,15,summer,5,0.07467775295178096
eta_lat_m44p523903_lon_m11p010422.npy,-44.523903,-11.010422,0,5,summer,5,0.10548022389411926
eta_lat_p51p994694_lon_m161p010422.npy,51.994694,-161.010422,405,410,summer,5,0.06298473104834557
eta_lat_m66p662788_lon_m131p010422.npy,-66.662788,-131.010422,355,360,summer,5,0.6216089725494385
eta_lat_m44p523903_lon_p78p989594.npy,-44.523903,78.989594,385,390,summer,5,0.10768069078524907
eta_lat_m40p414062_lon_p120p989594.npy,-40.414062,120.989594,5,10,summer,5,0.0848535771171252
eta_lat_p44p523903_lon_p162p989563.npy,44.523903,162.989563,365,370,summer,5,0.06164256234963735
eta_lat_p0p009682_lon_m161p010422.npy,0.009682,-161.010422,45,50,summer,5,0.09236050148804982
eta_lat_m48p374134_lon_p126p989594.npy,-48.374134,126.989594,0,5,summer,5,0.07491238415241241
eta_lat_m55p400803_lon_m119p010414.npy,-55.400803,-119.010414,390,395,summer,5,0.13395089159409204
eta_lat_m44p523903_lon_m47p010422.npy,-44.523903,-47.010422,405,410,summer,5,0.15296843151251474
eta_lat_m55p389462_lon_p150p989563.npy,-55.389462,150.989563,345,350,summer,5,0.10966565956672032
eta_lat_m48p374134_lon_p84p989594.npy,-48.374134,84.989594,410,415,summer,5,0.18518996238708496
eta_lat_m61p508057_lon_p120p989594.npy,-61.508057,120.989594,400,405,summer,5,0.21990898251533508
eta_lat_m40p414062_lon_p12p989578.npy,-40.414062,12.989578,365,370,summer,5,0.09652648369471233
eta_lat_p51p994694_lon_m149p010422.npy,51.994694,-149.010422,380,385,summer,5,0.07550435761610667
eta_lat_m48p374134_lon_p18p989578.npy,-48.374134,18.989578,335,340,summer,5,0.22651870052019754
eta_lat_p26p641497_lon_m59p010422.npy,26.641497,-59.010422,340,345,summer,5,0.06684275219837825
eta_lat_m52p006847_lon_p144p989563.npy,-52.006847,144.989563,350,355,summer,5,0.07981239259243011
eta_lat_m26p641497_lon_m113p010414.npy,-26.641497,-113.010414,345,350,summer,5,0.09804343928893407
eta_lat_p21p610189_lon_m131p010422.npy,21.610189,-131.010422,10,15,summer,5,0.08240846544504166
eta_lat_m44p523903_lon_m155p010422.npy,-44.523903,-155.010422,25,30,summer,5,0.09964684893687566
eta_lat_p44p523903_lon_p162p989563.npy,44.523903,162.989563,410,415,summer,5,0.059106290340423584
eta_lat_m52p006847_lon_m155p010422.npy,-52.006847,-155.010422,0,5,summer,5,0.1322371537486712
eta_lat_p26p641497_lon_m41p010422.npy,26.641497,-41.010422,405,410,summer,5,0.05870187779267629
eta_lat_p5p545479_lon_m119p010414.npy,5.545479,-119.010414,355,360,summer,5,0.11684455474217732
eta_lat_m36p058659_lon_p108p989594.npy,-36.058659,108.989594,30,35,summer,5,0.09402746210495631
eta_lat_m48p374134_lon_m95p010414.npy,-48.374134,-95.010414,365,370,summer,5,0.1279133496185144
eta_lat_m61p508057_lon_p168p989563.npy,-61.508057,168.989563,390,395,summer,5,0.10215180118878682
eta_lat_m51p994694_lon_p102p989594.npy,-51.994694,102.989594,365,370,summer,5,0.11333038161198299
eta_lat_p26p641497_lon_p174p989563.npy,26.641497,174.989563,405,410,summer,5,0.10571787257989247
eta_lat_p40p414062_lon_m23p010422.npy,40.414062,-23.010422,10,15,summer,5,0.0875144824385643
eta_lat_p31p463802_lon_m149p010422.npy,31.463802,-149.010422,40,45,summer,5,0.06392828499277432
eta_lat_m5p545479_lon_p168p989563.npy,-5.545479,168.989563,0,5,summer,5,0.12311569601297379
eta_lat_p36p058659_lon_m137p010422.npy,36.058659,-137.010422,0,5,summer,5,0.06213815758625666
eta_lat_p48p374134_lon_m173p010422.npy,48.374134,-173.010422,40,45,summer,5,0.09065152456363042
eta_lat_m61p508057_lon_p108p989594.npy,-61.508057,108.989594,20,25,summer,5,0.23001676301161447
eta_lat_m66p662788_lon_m113p010414.npy,-66.662788,-113.010414,10,15,summer,5,0.18663829565048218
eta_lat_p31p463802_lon_m23p010422.npy,31.463802,-23.010422,340,345,summer,5,0.08359057207902272
eta_lat_p26p641497_lon_m59p010422.npy,26.641497,-59.010422,330,335,summer,5,0.0769173875451088
eta_lat_m68p928383_lon_m161p010422.npy,-68.928383,-161.010422,325,330,summer,5,1.1068976720174153
eta_lat_m40p414062_lon_m119p010414.npy,-40.414062,-119.010414,370,375,summer,5,0.06882665182153384
eta_lat_m48p374134_lon_m11p010422.npy,-48.374134,-11.010422,25,30,summer,5,0.07630026340484619
eta_lat_m51p994694_lon_m131p010422.npy,-51.994694,-131.010422,405,410,summer,5,0.08422142267227173
eta_lat_m58p574665_lon_m41p010422.npy,-58.574665,-41.010422,15,20,summer,5,0.2511130819718043
eta_lat_m48p374134_lon_m29p010422.npy,-48.374134,-29.010422,10,15,summer,5,0.06947679941852887
eta_lat_m58p574665_lon_m65p010414.npy,-58.574665,-65.010414,5,10,summer,5,0.14662054181098938
eta_lat_m68p928383_lon_m35p010422.npy,-68.928383,-35.010422,345,350,summer,5,0.5619724790255228
eta_lat_m44p523903_lon_p120p989594.npy,-44.523903,120.989594,350,355,summer,5,0.08327154566844304
eta_lat_m68p928383_lon_p174p989563.npy,-68.928383,174.989563,360,365,summer,5,0.49799572428067523
eta_lat_m40p414062_lon_p66p989594.npy,-40.414062,66.989594,355,360,summer,5,0.07867068548997243
eta_lat_m48p374134_lon_p144p989563.npy,-48.374134,144.989563,380,385,summer,5,0.11335867643356323
eta_lat_m16p395037_lon_m95p010414.npy,-16.395037,-95.010414,395,400,summer,5,0.05757227291663488
eta_lat_m68p928383_lon_m107p010414.npy,-68.928383,-107.010414,345,350,summer,5,0.25377658009529114
eta_lat_m21p610189_lon_p102p989594.npy,-21.610189,102.989594,5,10,summer,5,0.09050920605659485
eta_lat_p36p058659_lon_m59p010422.npy,36.058659,-59.010422,0,5,summer,5,0.14107386271158853
eta_lat_m48p374134_lon_m161p010422.npy,-48.374134,-161.010422,350,355,summer,5,0.07550041129191716
eta_lat_p44p523903_lon_m137p010422.npy,44.523903,-137.010422,350,355,summer,5,0.075867993136247
eta_lat_p0p009682_lon_m149p010422.npy,0.009682,-149.010422,40,45,summer,5,0.0876549556851387
eta_lat_m44p523903_lon_p78p989594.npy,-44.523903,78.989594,380,385,summer,5,0.11814270416895549
eta_lat_m64p202515_lon_p12p989578.npy,-64.202515,12.989578,40,45,summer,5,0.4023141761620839
eta_lat_m68p928383_lon_m29p010422.npy,-68.928383,-29.010422,25,30,summer,5,0.9209195375442505
eta_lat_m55p400803_lon_m131p010422.npy,-55.400803,-131.010422,390,395,summer,5,0.08755069971084595
eta_lat_m58p574665_lon_p150p989563.npy,-58.574665,150.989563,350,355,summer,5,0.10745413353045781
eta_lat_m58p574665_lon_p174p989563.npy,-58.574665,174.989563,330,335,summer,5,0.07538992911577225
eta_lat_m36p058659_lon_m143p010422.npy,-36.058659,-143.010422,5,10,summer,5,0.07984431584676106
eta_lat_m71p277649_lon_m41p033340.npy,-71.277649,-41.03334,340,345,summer,5,0.2074319968620936
eta_lat_m40p414062_lon_m155p010422.npy,-40.414062,-155.010422,370,375,summer,5,0.1028088741004467
eta_lat_m70p897415_lon_m136p959152.npy,-70.897415,-136.959152,350,355,summer,5,1.2768859068552654
eta_lat_p21p610189_lon_m41p010422.npy,21.610189,-41.010422,5,10,summer,5,0.07795688261588414
eta_lat_m52p006847_lon_p0p989578.npy,-52.006847,0.989578,350,355,summer,5,0.08424827456474304
eta_lat_m5p545479_lon_m167p010422.npy,-5.545479,-167.010422,30,35,summer,5,0.0983442688981692
eta_lat_m64p202515_lon_p144p989563.npy,-64.202515,144.989563,415,420,summer,5,1.1869746843973796
eta_lat_p58p499409_lon_m23p040436.npy,58.499409,-23.040436,25,30,summer,5,0.09376325954993565
eta_lat_p26p641497_lon_m149p010422.npy,26.641497,-149.010422,40,45,summer,5,0.06970261285702388
eta_lat_p31p463802_lon_m149p010422.npy,31.463802,-149.010422,355,360,summer,5,0.08033252010742824
eta_lat_p5p545479_lon_m41p010422.npy,5.545479,-41.010422,375,380,summer,5,0.13726922372976938
eta_lat_m71p260567_lon_p175p038208.npy,-71.260567,175.038208,370,375,summer,5,0.16842228174209595
eta_lat_m31p463802_lon_p36p989578.npy,-31.463802,36.989578,325,330,summer,5,0.06271963939070702
eta_lat_m55p400803_lon_p174p989563.npy,-55.400803,174.989563,10,15,summer,5,0.20745442310969034
eta_lat_p48p374134_lon_m23p010422.npy,48.374134,-23.010422,415,420,summer,5,0.09719253083070119
eta_lat_m36p058659_lon_p12p989578.npy,-36.058659,12.989578,345,350,summer,5,0.22467349469661713
eta_lat_m0p009682_lon_p84p989594.npy,-0.009682,84.989594,10,15,summer,5,0.13467413683732352
eta_lat_m44p523903_lon_p78p989594.npy,-44.523903,78.989594,390,395,summer,5,0.0950521578391393
eta_lat_p5p545479_lon_m107p010414.npy,5.545479,-107.010414,335,340,summer,5,0.1425542930761973
eta_lat_m52p006847_lon_m137p010422.npy,-52.006847,-137.010422,340,345,summer,5,0.10960649947325389
eta_lat_m55p389462_lon_m17p010422.npy,-55.389462,-17.010422,335,340,summer,5,0.0996302142739296
eta_lat_p36p058659_lon_p174p989563.npy,36.058659,174.989563,415,420,summer,5,0.11255619178215663
eta_lat_m52p006847_lon_p36p989578.npy,-52.006847,36.989578,5,10,summer,5,0.09446847687164943
eta_lat_m48p374134_lon_p138p989563.npy,-48.374134,138.989563,20,25,summer,5,0.13276003301143646
eta_lat_m70p897415_lon_m136p959152.npy,-70.897415,-136.959152,390,395,summer,5,0.994852085908254
eta_lat_m48p374134_lon_m149p010422.npy,-48.374134,-149.010422,330,335,summer,5,0.06936241313815117
eta_lat_m31p463802_lon_p84p989594.npy,-31.463802,84.989594,405,410,summer,5,0.07074951256314914
eta_lat_m64p202515_lon_p42p989578.npy,-64.202515,42.989578,375,380,summer,5,0.21535577376683554
eta_lat_m5p545479_lon_m95p010414.npy,-5.545479,-95.010414,30,35,summer,5,0.10743425538142522
eta_lat_m51p994694_lon_m113p010414.npy,-51.994694,-113.010414,360,365,summer,5,0.10331328461567561
eta_lat_p40p414062_lon_p162p989563.npy,40.414062,162.989563,330,335,summer,5,0.06219472487767538
eta_lat_m73p720367_lon_m47p316681.npy,-73.720367,-47.316681,30,35,summer,5,0.7355686028798422
eta_lat_p58p428707_lon_m29p032135.npy,58.428707,-29.032135,380,385,summer,5,0.08232886965076129
eta_lat_p63p711063_lon_m29p662918.npy,63.711063,-29.662918,390,395,summer,5,0.06759225701292355
eta_lat_p31p463802_lon_m131p010422.npy,31.463802,-131.010422,350,355,summer,5,0.09148755421241124
eta_lat_m5p545479_lon_m149p010422.npy,-5.545479,-149.010422,360,365,summer,5,0.10786121090253194
eta_lat_p36p058659_lon_p144p989563.npy,36.058659,144.989563,30,35,summer,5,0.2972134550412496
eta_lat_m58p574665_lon_p12p989578.npy,-58.574665,12.989578,5,10,summer,5,0.15012729167938232
eta_lat_m68p928383_lon_m5p010422.npy,-68.928383,-5.010422,405,410,summer,5,0.6000038186709086
eta_lat_p44p523903_lon_m41p010422.npy,44.523903,-41.010422,335,340,summer,5,0.06310006355245908
eta_lat_p61p579643_lon_m17p313934.npy,61.579643,-17.313934,410,415,summer,5,0.09320686757564545
eta_lat_m52p006847_lon_p90p989594.npy,-52.006847,90.989594,360,365,summer,5,0.12120503683884938
eta_lat_m51p994694_lon_p18p989578.npy,-51.994694,18.989578,375,380,summer,5,0.08677006016174953
eta_lat_m64p202515_lon_p60p989578.npy,-64.202515,60.989578,5,10,summer,5,0.7488194306691488
eta_lat_m61p508057_lon_p72p989594.npy,-61.508057,72.989594,400,405,summer,5,0.6562043031056722
eta_lat_p16p395037_lon_m137p010422.npy,16.395037,-137.010422,380,385,summer,5,0.104926198720932
eta_lat_m40p414062_lon_m101p010414.npy,-40.414062,-101.010414,325,330,summer,5,0.05455246691902479
eta_lat_p40p414062_lon_p174p989563.npy,40.414062,174.989563,25,30,summer,5,0.08052348593870799
eta_lat_m51p994694_lon_p12p989578.npy,-51.994694,12.989578,365,370,summer,5,0.08791554843386014
eta_lat_m58p574665_lon_p66p989594.npy,-58.574665,66.989594,5,10,summer,5,0.30342328548431396
eta_lat_m61p508057_lon_m95p010414.npy,-61.508057,-95.010414,350,355,summer,5,0.12894821166992188
eta_lat_m36p058659_lon_p102p989594.npy,-36.058659,102.989594,410,415,summer,5,0.07120856394370396
eta_lat_p5p545479_lon_m173p010422.npy,5.545479,-173.010422,360,365,summer,5,0.14392795165379843
eta_lat_m55p400803_lon_p108p989594.npy,-55.400803,108.989594,405,410,summer,5,0.12181996305783589
eta_lat_m58p574665_lon_p30p989578.npy,-58.574665,30.989578,400,405,summer,5,0.0949433296918869
eta_lat_p16p395037_lon_m149p010422.npy,16.395037,-149.010422,380,385,summer,5,0.09191852311293285
eta_lat_m21p610189_lon_m23p010422.npy,-21.610189,-23.010422,390,395,summer,5,0.06657506277163823
