file_name,lat,lon,start,end,season,chunk_size,crps
eta_lat_m16p395037_lon_m89p010414.npy,-16.395037,-89.010414,140,145,winter,5,0.06904286394516627
eta_lat_m51p994694_lon_m29p010422.npy,-51.994694,-29.010422,120,125,winter,5,0.14255822449922562
eta_lat_m66p662788_lon_m29p010422.npy,-66.662788,-29.010422,115,120,winter,5,1.0157663027445476
eta_lat_m61p508057_lon_p12p989578.npy,-61.508057,12.989578,185,190,winter,5,0.04970985030134519
eta_lat_m36p058659_lon_m119p010414.npy,-36.058659,-119.010414,185,190,winter,5,0.04992302258809408
eta_lat_m5p545479_lon_p78p989594.npy,-5.545479,78.989594,175,180,winter,5,0.12106740474700928
eta_lat_m40p414062_lon_m107p010414.npy,-40.414062,-107.010414,160,165,winter,5,0.08305852611859639
eta_lat_m61p508057_lon_p30p989578.npy,-61.508057,30.989578,120,125,winter,5,0.10903758307298024
eta_lat_p44p523903_lon_m155p010422.npy,44.523903,-155.010422,160,165,winter,5,0.08715834220250447
eta_lat_m55p400803_lon_m47p010422.npy,-55.400803,-47.010422,140,145,winter,5,0.08025470127662022
eta_lat_p5p545479_lon_m149p010422.npy,5.545479,-149.010422,125,130,winter,5,0.11505461235841115
eta_lat_m64p202515_lon_p54p989578.npy,-64.202515,54.989578,115,120,winter,5,0.36416975657145184
eta_lat_p51p994694_lon_m47p010422.npy,51.994694,-47.010422,120,125,winter,5,0.14803077280521393
eta_lat_m66p662788_lon_p30p989578.npy,-66.662788,30.989578,165,170,winter,5,0.18510611355304718
eta_lat_m48p374134_lon_p174p989563.npy,-48.374134,174.989563,180,185,winter,5,0.10347584386666615
eta_lat_p40p414062_lon_m41p010422.npy,40.414062,-41.010422,125,130,winter,5,0.15954786787430444
eta_lat_m31p463802_lon_m17p010422.npy,-31.463802,-17.010422,195,200,winter,5,0.07980433603127797
eta_lat_m31p463802_lon_m107p010414.npy,-31.463802,-107.010414,125,130,winter,5,0.055941919485727944
eta_lat_m64p202515_lon_p24p989578.npy,-64.202515,24.989578,150,155,winter,5,0.06705332671602567
eta_lat_m55p400803_lon_m89p010414.npy,-55.400803,-89.010414,170,175,winter,5,0.06648717448115349
eta_lat_m61p508057_lon_p174p989563.npy,-61.508057,174.989563,150,155,winter,5,0.2763499468564987
eta_lat_p26p641497_lon_m47p010422.npy,26.641497,-47.010422,115,120,winter,5,0.058097737530867256
eta_lat_p21p610189_lon_m125p010414.npy,21.610189,-125.010414,165,170,winter,5,0.07622875769933064
eta_lat_m68p928383_lon_m23p010422.npy,-68.928383,-23.010422,135,140,winter,5,0.9284501870473226
eta_lat_m58p574665_lon_p174p989563.npy,-58.574665,174.989563,145,150,winter,5,0.0823072815934817
eta_lat_m61p508057_lon_m173p010422.npy,-61.508057,-173.010422,160,165,winter,5,0.05952580273151398
eta_lat_m64p202515_lon_p78p989594.npy,-64.202515,78.989594,150,155,winter,5,0.06255713974436124
eta_lat_m48p374134_lon_p60p989578.npy,-48.374134,60.989578,145,150,winter,5,0.0838134561975797
eta_lat_m51p994694_lon_p6p989578.npy,-51.994694,6.989578,180,185,winter,5,0.10667175551255544
eta_lat_m44p523903_lon_p102p989594.npy,-44.523903,102.989594,155,160,winter,5,0.1100706656773885
eta_lat_p5p545479_lon_m137p010422.npy,5.545479,-137.010422,165,170,winter,5,0.11458709090948105
eta_lat_p21p610189_lon_m23p010422.npy,21.610189,-23.010422,160,165,winter,5,0.08264480531215668
eta_lat_p55p389462_lon_m23p010422.npy,55.389462,-23.010422,195,200,winter,5,0.078513336678346
eta_lat_p5p545479_lon_m29p010422.npy,5.545479,-29.010422,200,205,winter,5,0.11400909225145976
eta_lat_m0p009682_lon_m23p010422.npy,-0.009682,-23.010422,140,145,winter,5,0.12391021847724915
eta_lat_m61p508057_lon_m125p010414.npy,-61.508057,-125.010414,135,140,winter,5,0.06777827938397725
eta_lat_m0p009682_lon_p84p989594.npy,-0.009682,84.989594,160,165,winter,5,0.11477268735567729
eta_lat_m58p574665_lon_m41p010422.npy,-58.574665,-41.010422,200,205,winter,5,0.09382239232460658
eta_lat_m61p508057_lon_p144p989563.npy,-61.508057,144.989563,170,175,winter,5,0.07033415883779526
eta_lat_m51p994694_lon_p12p989578.npy,-51.994694,12.989578,140,145,winter,5,0.08592540522416432
eta_lat_m11p027672_lon_m113p010414.npy,-11.027672,-113.010414,175,180,winter,5,0.09012384215990703
eta_lat_m55p400803_lon_m173p010422.npy,-55.400803,-173.010422,175,180,winter,5,0.09742726137240727
eta_lat_m48p374134_lon_p0p989578.npy,-48.374134,0.989578,160,165,winter,5,0.11588328580061595
eta_lat_m11p027672_lon_m113p010414.npy,-11.027672,-113.010414,195,200,winter,5,0.08744202057520549
eta_lat_m26p641497_lon_m161p010422.npy,-26.641497,-161.010422,185,190,winter,5,0.07621707022190094
eta_lat_m64p202515_lon_m41p010422.npy,-64.202515,-41.010422,165,170,winter,5,0.2941258152325948
eta_lat_m58p574665_lon_m89p010414.npy,-58.574665,-89.010414,130,135,winter,5,0.06994494547446568
eta_lat_p55p389462_lon_m29p010422.npy,55.389462,-29.010422,195,200,winter,5,0.12849137683709463
eta_lat_m52p006847_lon_p174p989563.npy,-52.006847,174.989563,200,205,winter,5,0.12457272907098134
eta_lat_m21p610189_lon_m77p010414.npy,-21.610189,-77.010414,200,205,winter,5,0.05805515001217524
eta_lat_p21p610189_lon_p132p989563.npy,21.610189,132.989563,185,190,winter,5,0.11380269626776378
eta_lat_p5p545479_lon_m107p010414.npy,5.545479,-107.010414,125,130,winter,5,0.12053202837705612
eta_lat_m61p508057_lon_p108p989594.npy,-61.508057,108.989594,190,195,winter,5,0.06849274163444836
eta_lat_m72p979408_lon_m148p561707.npy,-72.979408,-148.561707,195,200,winter,5,0.5447306831677755
eta_lat_p40p414062_lon_p156p989563.npy,40.414062,156.989563,180,185,winter,5,0.1530566637714704
eta_lat_m21p610189_lon_p84p989594.npy,-21.610189,84.989594,200,205,winter,5,0.09345520039399464
eta_lat_m31p463802_lon_p60p989578.npy,-31.463802,60.989578,140,145,winter,5,0.061803415417671204
eta_lat_m66p662788_lon_m149p010422.npy,-66.662788,-149.010422,185,190,winter,5,0.12629196047782898
eta_lat_p61p367260_lon_m23p297623.npy,61.36726,-23.297623,170,175,winter,5,0.09247433145840962
eta_lat_m52p006847_lon_m29p010422.npy,-52.006847,-29.010422,175,180,winter,5,0.12707046419382095
eta_lat_p0p009682_lon_m167p010422.npy,0.009682,-167.010422,170,175,winter,5,0.1302115097641945
eta_lat_m26p641497_lon_m137p010422.npy,-26.641497,-137.010422,120,125,winter,5,0.06077860544125239
eta_lat_p44p523903_lon_p174p989563.npy,44.523903,174.989563,135,140,winter,5,0.13892040153344473
eta_lat_m40p414062_lon_p30p989578.npy,-40.414062,30.989578,145,150,winter,5,0.1258656233549118
eta_lat_m58p574665_lon_m59p010422.npy,-58.574665,-59.010422,200,205,winter,5,0.1429119606812795
eta_lat_p31p463802_lon_m173p010422.npy,31.463802,-173.010422,130,135,winter,5,0.08020552496115367
eta_lat_p0p009682_lon_m113p010414.npy,0.009682,-113.010414,140,145,winter,5,0.11405701438585918
eta_lat_m21p610189_lon_m131p010422.npy,-21.610189,-131.010422,115,120,winter,5,0.062031857669353485
eta_lat_p44p523903_lon_m155p010422.npy,44.523903,-155.010422,145,150,winter,5,0.08747219791014989
eta_lat_p21p610189_lon_m29p010422.npy,21.610189,-29.010422,130,135,winter,5,0.07862915595372517
eta_lat_p44p523903_lon_m167p010422.npy,44.523903,-167.010422,150,155,winter,5,0.18857267498970032
eta_lat_p21p610189_lon_m29p010422.npy,21.610189,-29.010422,165,170,winter,5,0.08431958158810933
eta_lat_m40p414062_lon_m125p010414.npy,-40.414062,-125.010414,145,150,winter,5,0.06776942685246468
eta_lat_p11p027672_lon_m125p010414.npy,11.027672,-125.010414,185,190,winter,5,0.11380832890669505
eta_lat_m44p523903_lon_p66p989594.npy,-44.523903,66.989594,150,155,winter,5,0.10208904246489207
eta_lat_m51p994694_lon_m137p010422.npy,-51.994694,-137.010422,190,195,winter,5,0.1058443933725357
eta_lat_m55p400803_lon_p102p989594.npy,-55.400803,102.989594,140,145,winter,5,0.09516794731219609
eta_lat_p48p374134_lon_m35p010422.npy,48.374134,-35.010422,190,195,winter,5,0.13621754571795464
eta_lat_p36p058659_lon_m35p010422.npy,36.058659,-35.010422,170,175,winter,5,0.0961398035287857
eta_lat_m40p414062_lon_m101p010414.npy,-40.414062,-101.010414,120,125,winter,5,0.06401011347770691
eta_lat_m0p009682_lon_m5p010422.npy,-0.009682,-5.010422,130,135,winter,5,0.11373868584632874
eta_lat_m48p374134_lon_m89p010414.npy,-48.374134,-89.010414,120,125,winter,5,0.060613258431355156
eta_lat_p40p414062_lon_p162p989563.npy,40.414062,162.989563,115,120,winter,5,0.09534903119007747
eta_lat_m58p574665_lon_m83p010414.npy,-58.574665,-83.010414,115,120,winter,5,0.14129632711410522
eta_lat_m48p374134_lon_m89p010414.npy,-48.374134,-89.010414,170,175,winter,5,0.06854833289980888
eta_lat_m66p662788_lon_m143p010422.npy,-66.662788,-143.010422,140,145,winter,5,0.3712854286034902
eta_lat_m66p662788_lon_p24p989578.npy,-66.662788,24.989578,175,180,winter,5,0.08179462452729543
eta_lat_m58p574665_lon_m161p010422.npy,-58.574665,-161.010422,160,165,winter,5,0.08697844793399175
eta_lat_m64p202515_lon_m95p010414.npy,-64.202515,-95.010414,125,130,winter,5,0.0668694277604421
eta_lat_m21p610189_lon_p96p989594.npy,-21.610189,96.989594,115,120,winter,5,0.07490344842274983
eta_lat_m55p389462_lon_m101p010414.npy,-55.389462,-101.010414,160,165,winter,5,0.07369306186834972
eta_lat_m66p662788_lon_m17p010422.npy,-66.662788,-17.010422,150,155,winter,5,0.6591753164927164
eta_lat_p11p027672_lon_m113p010414.npy,11.027672,-113.010414,175,180,winter,5,0.12401590744654338
eta_lat_m55p400803_lon_p60p989578.npy,-55.400803,60.989578,125,130,winter,5,0.09024099012215932
eta_lat_m52p006847_lon_p174p989563.npy,-52.006847,174.989563,135,140,winter,5,0.22232741117477417
eta_lat_m31p463802_lon_m35p010422.npy,-31.463802,-35.010422,190,195,winter,5,0.11402616153160731
eta_lat_m55p400803_lon_p126p989594.npy,-55.400803,126.989594,140,145,winter,5,0.11667885382970174
eta_lat_p16p395037_lon_m47p010422.npy,16.395037,-47.010422,150,155,winter,5,0.07295280446608861
eta_lat_p55p389462_lon_m23p010422.npy,55.389462,-23.010422,200,205,winter,5,0.07926932225624721
eta_lat_m26p641497_lon_m119p010414.npy,-26.641497,-119.010414,135,140,winter,5,0.07610354820887248
eta_lat_m31p463802_lon_p0p989578.npy,-31.463802,0.989578,195,200,winter,5,0.059148152669270836
eta_lat_p21p610189_lon_m173p010422.npy,21.610189,-173.010422,135,140,winter,5,0.07726596544186275
eta_lat_p0p009682_lon_m167p010422.npy,0.009682,-167.010422,180,185,winter,5,0.1120058000087738
eta_lat_m68p928383_lon_m149p010422.npy,-68.928383,-149.010422,120,125,winter,5,0.5081013242403666
eta_lat_m52p006847_lon_p174p989563.npy,-52.006847,174.989563,140,145,winter,5,0.21050146718819937
eta_lat_m51p994694_lon_p84p989594.npy,-51.994694,84.989594,130,135,winter,5,0.18291900555292764
eta_lat_p40p414062_lon_m59p010422.npy,40.414062,-59.010422,125,130,winter,5,0.10574984302123387
eta_lat_p5p545479_lon_m137p010422.npy,5.545479,-137.010422,120,125,winter,5,0.10723036775986354
eta_lat_m58p574665_lon_m137p010422.npy,-58.574665,-137.010422,130,135,winter,5,0.07504715025424957
eta_lat_m55p389462_lon_m167p010422.npy,-55.389462,-167.010422,180,185,winter,5,0.05089420701066653
eta_lat_m16p395037_lon_p90p989594.npy,-16.395037,90.989594,180,185,winter,5,0.07921857883532842
eta_lat_m5p545479_lon_m107p010414.npy,-5.545479,-107.010414,160,165,winter,5,0.13840598364671072
eta_lat_m55p400803_lon_m113p010414.npy,-55.400803,-113.010414,200,205,winter,5,0.12643764664729437
eta_lat_m31p463802_lon_m131p010422.npy,-31.463802,-131.010422,125,130,winter,5,0.09319092084964116
eta_lat_m58p574665_lon_m131p010422.npy,-58.574665,-131.010422,170,175,winter,5,0.08738255749146144
eta_lat_p5p545479_lon_m101p010414.npy,5.545479,-101.010414,180,185,winter,5,0.15248921265204748
eta_lat_m40p414062_lon_p12p989578.npy,-40.414062,12.989578,195,200,winter,5,0.125232994556427
eta_lat_m52p006847_lon_m95p010414.npy,-52.006847,-95.010414,120,125,winter,5,0.08881005644798279
eta_lat_p5p545479_lon_m143p010422.npy,5.545479,-143.010422,195,200,winter,5,0.13443813969691595
eta_lat_p44p523903_lon_p156p989563.npy,44.523903,156.989563,145,150,winter,5,0.1289566308259964
eta_lat_p11p027672_lon_m119p010414.npy,11.027672,-119.010414,140,145,winter,5,0.10698500275611877
eta_lat_m40p414062_lon_m131p010422.npy,-40.414062,-131.010422,145,150,winter,5,0.07407569636901219
eta_lat_m40p414062_lon_m89p010414.npy,-40.414062,-89.010414,115,120,winter,5,0.07492891699075699
eta_lat_m51p994694_lon_m95p010414.npy,-51.994694,-95.010414,125,130,winter,5,0.06444118171930313
eta_lat_m68p928383_lon_m167p010422.npy,-68.928383,-167.010422,185,190,winter,5,1.9630870819091797
eta_lat_m66p662788_lon_m77p010414.npy,-66.662788,-77.010414,115,120,winter,5,0.06797422965367635
eta_lat_m21p610189_lon_m95p010414.npy,-21.610189,-95.010414,155,160,winter,5,0.07279445727666219
eta_lat_m58p574665_lon_m161p010422.npy,-58.574665,-161.010422,165,170,winter,5,0.060495056211948395
eta_lat_m61p508057_lon_m107p010414.npy,-61.508057,-107.010414,195,200,winter,5,0.07620307306448619
eta_lat_m40p414062_lon_m155p010422.npy,-40.414062,-155.010422,175,180,winter,5,0.06784918655951817
eta_lat_m55p389462_lon_p54p989578.npy,-55.389462,54.989578,160,165,winter,5,0.1308074121673902
eta_lat_m21p610189_lon_p96p989594.npy,-21.610189,96.989594,200,205,winter,5,0.08622590949138005
eta_lat_m64p202515_lon_m143p010422.npy,-64.202515,-143.010422,185,190,winter,5,0.06052153930068016
eta_lat_m68p928383_lon_m173p010422.npy,-68.928383,-173.010422,175,180,winter,5,0.5402230719725291
eta_lat_m48p374134_lon_m23p010422.npy,-48.374134,-23.010422,150,155,winter,5,0.14716649800539017
eta_lat_p11p027672_lon_m23p010422.npy,11.027672,-23.010422,140,145,winter,5,0.09611804783344269
eta_lat_m55p400803_lon_m119p010414.npy,-55.400803,-119.010414,140,145,winter,5,0.23682350913683572
eta_lat_m11p027672_lon_p72p989594.npy,-11.027672,72.989594,140,145,winter,5,0.09199617058038712
eta_lat_m55p400803_lon_m47p010422.npy,-55.400803,-47.010422,155,160,winter,5,0.0920720746119817
eta_lat_m44p523903_lon_p102p989594.npy,-44.523903,102.989594,185,190,winter,5,0.13104035208622614
eta_lat_p48p374134_lon_p174p989563.npy,48.374134,174.989563,160,165,winter,5,0.12524566054344177
eta_lat_p70p750267_lon_p6p987473.npy,70.750267,6.987473,125,130,winter,5,0.08918710301319759
eta_lat_m0p009682_lon_m11p010422.npy,-0.009682,-11.010422,140,145,winter,5,0.10975749790668488
eta_lat_m58p574665_lon_m137p010422.npy,-58.574665,-137.010422,170,175,winter,5,0.07922074447075526
eta_lat_m40p414062_lon_m167p010422.npy,-40.414062,-167.010422,125,130,winter,5,0.08231747895479202
eta_lat_m55p389462_lon_p150p989563.npy,-55.389462,150.989563,130,135,winter,5,0.20279058814048767
eta_lat_p21p610189_lon_m65p010414.npy,21.610189,-65.010414,120,125,winter,5,0.06387563173969586
eta_lat_p36p058659_lon_m41p010422.npy,36.058659,-41.010422,125,130,winter,5,0.09173496315876643
eta_lat_m16p395037_lon_p84p989594.npy,-16.395037,84.989594,170,175,winter,5,0.08634452521800995
eta_lat_m64p202515_lon_m101p010414.npy,-64.202515,-101.010414,115,120,winter,5,0.05779609580834707
eta_lat_p44p523903_lon_m23p010422.npy,44.523903,-23.010422,135,140,winter,5,0.13738231112559637
eta_lat_m31p463802_lon_m41p010422.npy,-31.463802,-41.010422,175,180,winter,5,0.0742621769507726
eta_lat_m5p545479_lon_m167p010422.npy,-5.545479,-167.010422,125,130,winter,5,0.12370873987674713
eta_lat_m68p928383_lon_m155p010422.npy,-68.928383,-155.010422,165,170,winter,5,1.0745517214139302
eta_lat_m31p463802_lon_m119p010414.npy,-31.463802,-119.010414,150,155,winter,5,0.07323390990495682
eta_lat_p31p463802_lon_m29p010422.npy,31.463802,-29.010422,160,165,winter,5,0.06535144646962483
eta_lat_m16p395037_lon_m11p010422.npy,-16.395037,-11.010422,185,190,winter,5,0.08255826681852341
eta_lat_m73p888268_lon_m29p051193.npy,-73.888268,-29.051193,185,190,winter,5,0.4060146709283193
eta_lat_m55p389462_lon_p132p989563.npy,-55.389462,132.989563,150,155,winter,5,0.0843703771630923
eta_lat_m11p027672_lon_p84p989594.npy,-11.027672,84.989594,150,155,winter,5,0.10113670925299327
eta_lat_m58p574665_lon_p72p989594.npy,-58.574665,72.989594,140,145,winter,5,0.09877946227788925
eta_lat_m70p827019_lon_m124p974617.npy,-70.827019,-124.974617,200,205,winter,5,0.8179663022359213
eta_lat_p11p027672_lon_m149p010422.npy,11.027672,-149.010422,140,145,winter,5,0.09981039663155873
eta_lat_m52p006847_lon_p24p989578.npy,-52.006847,24.989578,135,140,winter,5,0.11217310031255086
eta_lat_m58p574665_lon_p120p989594.npy,-58.574665,120.989594,160,165,winter,5,0.14407827953497568
eta_lat_m55p400803_lon_p162p989563.npy,-55.400803,162.989563,200,205,winter,5,0.1422745113571485
eta_lat_p44p523903_lon_m17p010422.npy,44.523903,-17.010422,180,185,winter,5,0.0868922546505928
eta_lat_p51p994694_lon_m41p010422.npy,51.994694,-41.010422,150,155,winter,5,0.10062642643849055
eta_lat_m31p463802_lon_p72p989594.npy,-31.463802,72.989594,140,145,winter,5,0.061092764139175415
eta_lat_m0p009682_lon_p78p989594.npy,-0.009682,78.989594,185,190,winter,5,0.1779041588306427
eta_lat_m61p508057_lon_p150p989563.npy,-61.508057,150.989563,170,175,winter,5,0.083247110247612
eta_lat_m71p197975_lon_m172p950165.npy,-71.197975,-172.950165,200,205,winter,5,2.110170324643453
eta_lat_m26p641497_lon_m17p010422.npy,-26.641497,-17.010422,175,180,winter,5,0.07972466945648193
eta_lat_m61p508057_lon_p120p989594.npy,-61.508057,120.989594,190,195,winter,5,0.0746385504802068
eta_lat_m44p523903_lon_p90p989594.npy,-44.523903,90.989594,190,195,winter,5,0.08832381665706635
eta_lat_m0p009682_lon_p78p989594.npy,-0.009682,78.989594,170,175,winter,5,0.14140536387761435
eta_lat_m48p374134_lon_m131p010422.npy,-48.374134,-131.010422,145,150,winter,5,0.08210185170173645
eta_lat_m0p009682_lon_m35p010422.npy,-0.009682,-35.010422,180,185,winter,5,0.11579440534114838
eta_lat_p16p395037_lon_m131p010422.npy,16.395037,-131.010422,150,155,winter,5,0.1110819752017657
eta_lat_m51p994694_lon_p96p989594.npy,-51.994694,96.989594,200,205,winter,5,0.09740945200125377
eta_lat_m68p928383_lon_m5p010422.npy,-68.928383,-5.010422,120,125,winter,5,1.2138516505559285
eta_lat_m64p202515_lon_m71p010414.npy,-64.202515,-71.010414,125,130,winter,5,0.14653862019379935
eta_lat_m58p574665_lon_m161p010422.npy,-58.574665,-161.010422,175,180,winter,5,0.07042049492398898
eta_lat_m64p202515_lon_m77p010414.npy,-64.202515,-77.010414,140,145,winter,5,0.11067306374510129
eta_lat_m11p027672_lon_m131p010422.npy,-11.027672,-131.010422,140,145,winter,5,0.0752028872569402
eta_lat_p40p414062_lon_m59p010422.npy,40.414062,-59.010422,135,140,winter,5,0.12370241681734721
eta_lat_m55p389462_lon_p108p989594.npy,-55.389462,108.989594,180,185,winter,5,0.09636903802553813
eta_lat_m44p523903_lon_p72p989594.npy,-44.523903,72.989594,165,170,winter,5,0.09672835220893224
eta_lat_p21p610189_lon_m137p010422.npy,21.610189,-137.010422,120,125,winter,5,0.08942856391270955
eta_lat_m48p374134_lon_m107p010414.npy,-48.374134,-107.010414,155,160,winter,5,0.11956835289796193
eta_lat_m40p414062_lon_p156p989563.npy,-40.414062,156.989563,125,130,winter,5,0.08153134832779567
eta_lat_m40p414062_lon_m161p010422.npy,-40.414062,-161.010422,175,180,winter,5,0.08620164543390274
eta_lat_m68p928383_lon_m131p010422.npy,-68.928383,-131.010422,185,190,winter,5,0.04691361387570699
eta_lat_m31p463802_lon_m131p010422.npy,-31.463802,-131.010422,190,195,winter,5,0.06428795432051022
eta_lat_m26p641497_lon_m119p010414.npy,-26.641497,-119.010414,200,205,winter,5,0.07920671999454498
eta_lat_m64p202515_lon_p6p989578.npy,-64.202515,6.989578,130,135,winter,5,0.26516594489415485
eta_lat_p5p545479_lon_m113p010414.npy,5.545479,-113.010414,160,165,winter,5,0.12331880629062653
eta_lat_p51p994694_lon_m137p010422.npy,51.994694,-137.010422,160,165,winter,5,0.13504156718651453
eta_lat_m55p400803_lon_p138p989563.npy,-55.400803,138.989563,165,170,winter,5,0.058587830513715744
eta_lat_p26p641497_lon_m155p010422.npy,26.641497,-155.010422,165,170,winter,5,0.07353530575831731
eta_lat_m64p202515_lon_m131p010422.npy,-64.202515,-131.010422,160,165,winter,5,0.08176746716101964
eta_lat_m48p374134_lon_p84p989594.npy,-48.374134,84.989594,125,130,winter,5,0.2710830420255661
eta_lat_m26p641497_lon_m23p010422.npy,-26.641497,-23.010422,170,175,winter,5,0.06454940016071002
eta_lat_m16p395037_lon_m23p010422.npy,-16.395037,-23.010422,175,180,winter,5,0.06317778676748276
eta_lat_m55p389462_lon_m89p010414.npy,-55.389462,-89.010414,170,175,winter,5,0.06715298195679982
eta_lat_m5p545479_lon_m5p010422.npy,-5.545479,-5.010422,160,165,winter,5,0.07871969540913899
eta_lat_m40p414062_lon_m113p010414.npy,-40.414062,-113.010414,140,145,winter,5,0.05352759982148806
eta_lat_p31p463802_lon_m173p010422.npy,31.463802,-173.010422,120,125,winter,5,0.09472392251094182
eta_lat_m36p058659_lon_m35p010422.npy,-36.058659,-35.010422,165,170,winter,5,0.08591396609942119
eta_lat_p5p545479_lon_p60p989578.npy,5.545479,60.989578,135,140,winter,5,0.11005282153685887
eta_lat_m66p662788_lon_p18p989578.npy,-66.662788,18.989578,175,180,winter,5,0.2078519662221273
eta_lat_p5p545479_lon_m29p010422.npy,5.545479,-29.010422,165,170,winter,5,0.10264729956785838
eta_lat_m31p463802_lon_m95p010414.npy,-31.463802,-95.010414,125,130,winter,5,0.07092612857619922
eta_lat_m55p400803_lon_m149p010422.npy,-55.400803,-149.010422,185,190,winter,5,0.0756824513276418
eta_lat_m68p928383_lon_m149p010422.npy,-68.928383,-149.010422,135,140,winter,5,0.44914979736010235
eta_lat_m75p785980_lon_m171p738495.npy,-75.78598,-171.738495,150,155,winter,5,3.1256062984466553
eta_lat_p11p027672_lon_m149p010422.npy,11.027672,-149.010422,125,130,winter,5,0.1253538653254509
eta_lat_m73p621971_lon_m53p396431.npy,-73.621971,-53.396431,175,180,winter,5,0.3084266781806946
eta_lat_m48p374134_lon_p114p989594.npy,-48.374134,114.989594,180,185,winter,5,0.09971703092257182
eta_lat_m70p897415_lon_m136p959152.npy,-70.897415,-136.959152,130,135,winter,5,0.7118056217829386
eta_lat_p36p058659_lon_m155p010422.npy,36.058659,-155.010422,155,160,winter,5,0.10426241407791774
eta_lat_m64p202515_lon_m35p010422.npy,-64.202515,-35.010422,175,180,winter,5,0.21603711942831674
eta_lat_m21p610189_lon_m5p010422.npy,-21.610189,-5.010422,135,140,winter,5,0.06582479178905487
eta_lat_m55p389462_lon_p24p989578.npy,-55.389462,24.989578,170,175,winter,5,0.07906420528888702
eta_lat_m40p414062_lon_p132p989563.npy,-40.414062,132.989563,125,130,winter,5,0.05533147479097048
eta_lat_m11p027672_lon_m131p010422.npy,-11.027672,-131.010422,145,150,winter,5,0.0930883064866066
eta_lat_m40p414062_lon_m47p010422.npy,-40.414062,-47.010422,120,125,winter,5,0.27377986411253613
eta_lat_p21p610189_lon_m131p010422.npy,21.610189,-131.010422,185,190,winter,5,0.1014108881354332
eta_lat_m31p463802_lon_m89p010414.npy,-31.463802,-89.010414,150,155,winter,5,0.06949612622459729
eta_lat_m58p574665_lon_m17p010422.npy,-58.574665,-17.010422,155,160,winter,5,0.07657760878403981
eta_lat_p31p463802_lon_m137p010422.npy,31.463802,-137.010422,180,185,winter,5,0.07360418513417244
eta_lat_p21p610189_lon_m125p010414.npy,21.610189,-125.010414,175,180,winter,5,0.07366784165302913
eta_lat_m68p928383_lon_m95p010414.npy,-68.928383,-95.010414,175,180,winter,5,0.1631566733121872
eta_lat_m64p202515_lon_p60p989578.npy,-64.202515,60.989578,120,125,winter,5,0.3490649362405141
eta_lat_m11p027672_lon_m89p010414.npy,-11.027672,-89.010414,130,135,winter,5,0.08208987365166347
eta_lat_m64p202515_lon_p48p989578.npy,-64.202515,48.989578,185,190,winter,5,0.07922645658254623
eta_lat_m26p641497_lon_p90p989594.npy,-26.641497,90.989594,150,155,winter,5,0.08395098646481831
eta_lat_m68p928383_lon_m155p010422.npy,-68.928383,-155.010422,115,120,winter,5,0.47931376099586487
eta_lat_m26p641497_lon_m5p010422.npy,-26.641497,-5.010422,200,205,winter,5,0.08022357026735942
eta_lat_p55p389462_lon_m41p010422.npy,55.389462,-41.010422,140,145,winter,5,0.09121716519196828
eta_lat_m61p508057_lon_m131p010422.npy,-61.508057,-131.010422,200,205,winter,5,0.10592269400755565
eta_lat_p51p994694_lon_m137p010422.npy,51.994694,-137.010422,115,120,winter,5,0.07839946697155635
eta_lat_m55p400803_lon_m119p010414.npy,-55.400803,-119.010414,120,125,winter,5,0.11372099320093791
eta_lat_m55p389462_lon_p132p989563.npy,-55.389462,132.989563,195,200,winter,5,0.08070921401182811
eta_lat_p26p641497_lon_m35p010422.npy,26.641497,-35.010422,175,180,winter,5,0.0829641471306483
eta_lat_m68p928383_lon_m59p010422.npy,-68.928383,-59.010422,190,195,winter,5,0.9768588542938232
eta_lat_m5p545479_lon_m23p010422.npy,-5.545479,-23.010422,125,130,winter,5,0.09547040611505508
eta_lat_m51p994694_lon_p108p989594.npy,-51.994694,108.989594,125,130,winter,5,0.142636147638162
eta_lat_m40p414062_lon_m143p010422.npy,-40.414062,-143.010422,120,125,winter,5,0.05919691423575083
eta_lat_m51p994694_lon_p96p989594.npy,-51.994694,96.989594,165,170,winter,5,0.1453430006901423
eta_lat_m61p508057_lon_m173p010422.npy,-61.508057,-173.010422,135,140,winter,5,0.0644342489540577
eta_lat_m66p662788_lon_m173p010422.npy,-66.662788,-173.010422,160,165,winter,5,0.07567111775279045
eta_lat_m5p545479_lon_m11p010422.npy,-5.545479,-11.010422,165,170,winter,5,0.11928413808345795
eta_lat_m0p009682_lon_p78p989594.npy,-0.009682,78.989594,165,170,winter,5,0.12780830015738806
eta_lat_m48p374134_lon_m47p010422.npy,-48.374134,-47.010422,155,160,winter,5,0.19748302300771078
eta_lat_p5p545479_lon_m167p010422.npy,5.545479,-167.010422,170,175,winter,5,0.12283290922641754
eta_lat_p0p009682_lon_m161p010422.npy,0.009682,-161.010422,185,190,winter,5,0.10860603302717209
eta_lat_p48p374134_lon_m167p010422.npy,48.374134,-167.010422,155,160,winter,5,0.11419850091139476
eta_lat_m0p009682_lon_m23p010422.npy,-0.009682,-23.010422,170,175,winter,5,0.10750180979569753
eta_lat_m68p928383_lon_m131p010422.npy,-68.928383,-131.010422,150,155,winter,5,0.14586018522580466
eta_lat_m58p574665_lon_p162p989563.npy,-58.574665,162.989563,160,165,winter,5,0.12042100727558136
eta_lat_m51p994694_lon_p102p989594.npy,-51.994694,102.989594,135,140,winter,5,0.07789727672934532
eta_lat_m11p027672_lon_p78p989594.npy,-11.027672,78.989594,170,175,winter,5,0.10485982894897461
eta_lat_p16p395037_lon_p174p989563.npy,16.395037,174.989563,160,165,winter,5,0.09411939481894176
eta_lat_m68p928383_lon_p174p989563.npy,-68.928383,174.989563,125,130,winter,5,0.5061070322990417
eta_lat_p44p523903_lon_p156p989563.npy,44.523903,156.989563,140,145,winter,5,0.10310625160733859
eta_lat_m51p994694_lon_p0p989578.npy,-51.994694,0.989578,115,120,winter,5,0.09259005387624104
eta_lat_m44p523903_lon_p138p989563.npy,-44.523903,138.989563,160,165,winter,5,0.10640323907136917
eta_lat_m66p662788_lon_m101p010414.npy,-66.662788,-101.010414,165,170,winter,5,0.05828650047381719
eta_lat_m66p662788_lon_m125p010414.npy,-66.662788,-125.010414,195,200,winter,5,0.09111044059197108
eta_lat_m55p389462_lon_m83p010414.npy,-55.389462,-83.010414,150,155,winter,5,0.0767721210916837
eta_lat_m48p374134_lon_m35p010422.npy,-48.374134,-35.010422,155,160,winter,5,0.1358295480410258
eta_lat_m48p374134_lon_p144p989563.npy,-48.374134,144.989563,170,175,winter,5,0.12473648538192113
eta_lat_m71p260567_lon_p175p038208.npy,-71.260567,175.038208,175,180,winter,5,0.28274962306022644
eta_lat_m16p395037_lon_m131p010422.npy,-16.395037,-131.010422,200,205,winter,5,0.07610604415337245
eta_lat_m55p400803_lon_m161p010422.npy,-55.400803,-161.010422,200,205,winter,5,0.1282420555750529
eta_lat_m64p202515_lon_m155p010422.npy,-64.202515,-155.010422,200,205,winter,5,0.112135944267114
eta_lat_m44p523903_lon_p30p989578.npy,-44.523903,30.989578,135,140,winter,5,0.07297895724574725
eta_lat_m11p027672_lon_m83p010414.npy,-11.027672,-83.010414,120,125,winter,5,0.07334311803181966
eta_lat_m64p202515_lon_p156p989563.npy,-64.202515,156.989563,200,205,winter,5,0.20962285498778024
eta_lat_m64p202515_lon_p18p989578.npy,-64.202515,18.989578,130,135,winter,5,0.2354204406340917
eta_lat_m66p662788_lon_m95p010414.npy,-66.662788,-95.010414,155,160,winter,5,0.0688729075094064
eta_lat_p0p009682_lon_p162p989563.npy,0.009682,162.989563,155,160,winter,5,0.16193894545237222
eta_lat_p5p545479_lon_m173p010422.npy,5.545479,-173.010422,125,130,winter,5,0.12101815889279048
eta_lat_p36p058659_lon_m155p010422.npy,36.058659,-155.010422,195,200,winter,5,0.07869001477956772
eta_lat_m40p414062_lon_p156p989563.npy,-40.414062,156.989563,155,160,winter,5,0.09247501691182454
eta_lat_m61p508057_lon_p126p989594.npy,-61.508057,126.989594,130,135,winter,5,0.1201654424269994
eta_lat_m64p202515_lon_m95p010414.npy,-64.202515,-95.010414,155,160,winter,5,0.05382122347752253
eta_lat_p44p523903_lon_p162p989563.npy,44.523903,162.989563,165,170,winter,5,0.08693808441360791
eta_lat_m68p928383_lon_m47p010422.npy,-68.928383,-47.010422,130,135,winter,5,0.5840270519256592
eta_lat_m66p662788_lon_m113p010414.npy,-66.662788,-113.010414,135,140,winter,5,0.05657930175463358
eta_lat_m55p400803_lon_p108p989594.npy,-55.400803,108.989594,120,125,winter,5,0.075007863342762
eta_lat_p21p610189_lon_p126p989594.npy,21.610189,126.989594,175,180,winter,5,0.11173913131157558
eta_lat_p11p027672_lon_m29p010422.npy,11.027672,-29.010422,175,180,winter,5,0.10256294657786687
eta_lat_m73p545830_lon_m172p573288.npy,-73.54583,-172.573288,185,190,winter,5,3.1157617568969727
eta_lat_m70p827019_lon_m124p974617.npy,-70.827019,-124.974617,125,130,winter,5,1.0119261741638184
eta_lat_p31p463802_lon_m35p010422.npy,31.463802,-35.010422,175,180,winter,5,0.07658604284127553
eta_lat_m51p994694_lon_p36p989578.npy,-51.994694,36.989578,145,150,winter,5,0.08186605075995128
eta_lat_p40p414062_lon_p156p989563.npy,40.414062,156.989563,165,170,winter,5,0.14609955747922262
eta_lat_m55p400803_lon_m125p010414.npy,-55.400803,-125.010414,190,195,winter,5,0.17198780179023743
eta_lat_m55p389462_lon_m107p010414.npy,-55.389462,-107.010414,170,175,winter,5,0.07081867257754008
eta_lat_m61p508057_lon_m149p010422.npy,-61.508057,-149.010422,125,130,winter,5,0.2392148276170095
eta_lat_m55p400803_lon_m131p010422.npy,-55.400803,-131.010422,115,120,winter,5,0.1537476380666097
eta_lat_p36p058659_lon_m161p010422.npy,36.058659,-161.010422,160,165,winter,5,0.07469133411844571
eta_lat_m61p508057_lon_m95p010414.npy,-61.508057,-95.010414,165,170,winter,5,0.08669505765040715
eta_lat_m44p523903_lon_p132p989563.npy,-44.523903,132.989563,140,145,winter,5,0.11768687268098195
eta_lat_p26p641497_lon_m47p010422.npy,26.641497,-47.010422,130,135,winter,5,0.06954335669676463
eta_lat_p26p641497_lon_m65p010414.npy,26.641497,-65.010414,200,205,winter,5,0.09051774938901265
eta_lat_m68p928383_lon_m173p010422.npy,-68.928383,-173.010422,200,205,winter,5,1.4324536323547363
eta_lat_m5p545479_lon_p90p989594.npy,-5.545479,90.989594,130,135,winter,5,0.09657684713602066
eta_lat_m52p006847_lon_m161p010422.npy,-52.006847,-161.010422,140,145,winter,5,0.06515348702669144
eta_lat_m61p508057_lon_p150p989563.npy,-61.508057,150.989563,155,160,winter,5,0.04943518713116646
eta_lat_m36p058659_lon_m155p010422.npy,-36.058659,-155.010422,115,120,winter,5,0.05732563758889834
eta_lat_m58p574665_lon_p90p989594.npy,-58.574665,90.989594,135,140,winter,5,0.08766537656386693
eta_lat_m48p374134_lon_m83p010414.npy,-48.374134,-83.010414,155,160,winter,5,0.06305675581097603
eta_lat_m5p545479_lon_m119p010414.npy,-5.545479,-119.010414,195,200,winter,5,0.11456203709046046
eta_lat_m64p202515_lon_m71p010414.npy,-64.202515,-71.010414,145,150,winter,5,0.13111699372529984
eta_lat_m68p928383_lon_m137p010422.npy,-68.928383,-137.010422,140,145,winter,5,0.07438103606303532
eta_lat_m52p006847_lon_m23p010422.npy,-52.006847,-23.010422,145,150,winter,5,0.08280462523301442
eta_lat_m55p389462_lon_p66p989594.npy,-55.389462,66.989594,150,155,winter,5,0.08073386798302333
eta_lat_m5p545479_lon_m29p010422.npy,-5.545479,-29.010422,160,165,winter,5,0.08129198600848515
eta_lat_m31p463802_lon_m23p010422.npy,-31.463802,-23.010422,115,120,winter,5,0.06522337098916371
eta_lat_m40p414062_lon_m41p010422.npy,-40.414062,-41.010422,190,195,winter,5,0.11222213506698608
eta_lat_m55p400803_lon_p12p989578.npy,-55.400803,12.989578,150,155,winter,5,0.059422733883062996
eta_lat_m61p508057_lon_m119p010414.npy,-61.508057,-119.010414,175,180,winter,5,0.09202830369273822
eta_lat_m64p202515_lon_p54p989578.npy,-64.202515,54.989578,190,195,winter,5,0.21817206343015036
eta_lat_p16p395037_lon_p162p989563.npy,16.395037,162.989563,185,190,winter,5,0.10694388051827748
eta_lat_p16p395037_lon_p138p989563.npy,16.395037,138.989563,125,130,winter,5,0.12934943785270056
eta_lat_m26p641497_lon_m137p010422.npy,-26.641497,-137.010422,180,185,winter,5,0.06294624010721843
eta_lat_m40p414062_lon_p162p989563.npy,-40.414062,162.989563,130,135,winter,5,0.07347651198506355
eta_lat_m51p994694_lon_m161p010422.npy,-51.994694,-161.010422,160,165,winter,5,0.09567506611347198
eta_lat_m44p523903_lon_m53p010422.npy,-44.523903,-53.010422,135,140,winter,5,0.18633442123730978
eta_lat_p21p610189_lon_m59p010422.npy,21.610189,-59.010422,130,135,winter,5,0.07231060415506363
eta_lat_m55p389462_lon_p12p989578.npy,-55.389462,12.989578,165,170,winter,5,0.08272298177083333
eta_lat_m66p662788_lon_p0p989578.npy,-66.662788,0.989578,190,195,winter,5,0.24674159288406372
eta_lat_m26p641497_lon_p60p989578.npy,-26.641497,60.989578,115,120,winter,5,0.06954521810015042
eta_lat_m31p463802_lon_m125p010414.npy,-31.463802,-125.010414,150,155,winter,5,0.0647249420483907
eta_lat_m48p374134_lon_p144p989563.npy,-48.374134,144.989563,115,120,winter,5,0.12089239557584126
eta_lat_p36p058659_lon_m47p010422.npy,36.058659,-47.010422,200,205,winter,5,0.06988315656781197
eta_lat_m40p414062_lon_p18p989578.npy,-40.414062,18.989578,135,140,winter,5,0.36035165190696716
eta_lat_m36p058659_lon_p60p989578.npy,-36.058659,60.989578,120,125,winter,5,0.09026543299357097
eta_lat_m36p058659_lon_p42p989578.npy,-36.058659,42.989578,175,180,winter,5,0.12802515923976898
eta_lat_p36p058659_lon_m167p010422.npy,36.058659,-167.010422,175,180,winter,5,0.06171222155292829
eta_lat_m44p523903_lon_m143p010422.npy,-44.523903,-143.010422,175,180,winter,5,0.06750868260860443
eta_lat_m48p374134_lon_m131p010422.npy,-48.374134,-131.010422,160,165,winter,5,0.05660377691189448
eta_lat_m55p389462_lon_m131p010422.npy,-55.389462,-131.010422,120,125,winter,5,0.11792931954065959
eta_lat_m51p994694_lon_m107p010414.npy,-51.994694,-107.010414,145,150,winter,5,0.07772252957026164
eta_lat_m5p545479_lon_p48p989578.npy,-5.545479,48.989578,125,130,winter,5,0.12122471382220586
eta_lat_p31p463802_lon_p174p989563.npy,31.463802,174.989563,200,205,winter,5,0.12048655996719997
eta_lat_m11p027672_lon_m11p010422.npy,-11.027672,-11.010422,145,150,winter,5,0.08195738246043523
eta_lat_m75p574257_lon_m165p651382.npy,-75.574257,-165.651382,140,145,winter,5,2.1651295820871987
eta_lat_m75p574257_lon_m165p651382.npy,-75.574257,-165.651382,120,125,winter,5,1.5764893690745037
eta_lat_m48p374134_lon_p90p989594.npy,-48.374134,90.989594,155,160,winter,5,0.13390371948480606
eta_lat_m52p006847_lon_p120p989594.npy,-52.006847,120.989594,170,175,winter,5,0.0830327570438385
eta_lat_m64p202515_lon_m77p010414.npy,-64.202515,-77.010414,180,185,winter,5,0.07551984240611394
eta_lat_p5p545479_lon_m167p010422.npy,5.545479,-167.010422,165,170,winter,5,0.12696018566687903
eta_lat_m64p202515_lon_p162p989563.npy,-64.202515,162.989563,165,170,winter,5,0.06571654975414276
eta_lat_m51p994694_lon_m149p010422.npy,-51.994694,-149.010422,130,135,winter,5,0.0813259705901146
eta_lat_p31p463802_lon_m23p010422.npy,31.463802,-23.010422,145,150,winter,5,0.08075371384620667
eta_lat_m55p400803_lon_p54p989578.npy,-55.400803,54.989578,130,135,winter,5,0.07806842774152756
eta_lat_m70p897415_lon_m136p959152.npy,-70.897415,-136.959152,195,200,winter,5,0.26596592863400775
eta_lat_p31p463802_lon_m155p010422.npy,31.463802,-155.010422,135,140,winter,5,0.09797207762797673
eta_lat_m40p414062_lon_m41p010422.npy,-40.414062,-41.010422,175,180,winter,5,0.10997469474871953
eta_lat_m36p058659_lon_m107p010414.npy,-36.058659,-107.010414,200,205,winter,5,0.062377224365870156
eta_lat_m31p463802_lon_p54p989578.npy,-31.463802,54.989578,165,170,winter,5,0.07057918608188629
eta_lat_m48p374134_lon_p174p989563.npy,-48.374134,174.989563,155,160,winter,5,0.07418603450059891
eta_lat_m58p574665_lon_m101p010414.npy,-58.574665,-101.010414,190,195,winter,5,0.08827371150255203
eta_lat_m51p994694_lon_p120p989594.npy,-51.994694,120.989594,200,205,winter,5,0.07071898008386295
eta_lat_p36p058659_lon_m143p010422.npy,36.058659,-143.010422,190,195,winter,5,0.07204186295469601
eta_lat_m68p928383_lon_m149p010422.npy,-68.928383,-149.010422,145,150,winter,5,0.2952994207541148
eta_lat_m55p389462_lon_m113p010414.npy,-55.389462,-113.010414,170,175,winter,5,0.15603250761826834
eta_lat_m40p414062_lon_p120p989594.npy,-40.414062,120.989594,120,125,winter,5,0.07364880790313084
eta_lat_m26p641497_lon_m167p010422.npy,-26.641497,-167.010422,150,155,winter,5,0.0732252225279808
eta_lat_m48p374134_lon_p0p989578.npy,-48.374134,0.989578,135,140,winter,5,0.06912262241045634
eta_lat_m44p523903_lon_p72p989594.npy,-44.523903,72.989594,150,155,winter,5,0.12164025008678436
eta_lat_m61p508057_lon_m107p010414.npy,-61.508057,-107.010414,155,160,winter,5,0.04969430590669314
eta_lat_p11p027672_lon_m101p010414.npy,11.027672,-101.010414,190,195,winter,5,0.0926940490802129
eta_lat_m40p414062_lon_m41p010422.npy,-40.414062,-41.010422,200,205,winter,5,0.08239765961964925
eta_lat_m0p009682_lon_m5p010422.npy,-0.009682,-5.010422,115,120,winter,5,0.09498128046592076
eta_lat_m11p027672_lon_m11p010422.npy,-11.027672,-11.010422,125,130,winter,5,0.08186631153027217
eta_lat_m55p400803_lon_m167p010422.npy,-55.400803,-167.010422,115,120,winter,5,0.07922459890445073
eta_lat_m55p389462_lon_m53p010422.npy,-55.389462,-53.010422,195,200,winter,5,0.36987273891766864
eta_lat_m51p994694_lon_m149p010422.npy,-51.994694,-149.010422,135,140,winter,5,0.09981886049111684
eta_lat_p64p927673_lon_m5p599991.npy,64.927673,-5.599991,120,125,winter,5,0.13152130196491876
eta_lat_m11p027672_lon_p84p989594.npy,-11.027672,84.989594,170,175,winter,5,0.11552499483029048
eta_lat_m44p523903_lon_p96p989594.npy,-44.523903,96.989594,125,130,winter,5,0.10422908266385396
eta_lat_m55p400803_lon_p84p989594.npy,-55.400803,84.989594,125,130,winter,5,0.1991043488184611
eta_lat_m44p523903_lon_m143p010422.npy,-44.523903,-143.010422,165,170,winter,5,0.05662500485777855
eta_lat_m52p006847_lon_m125p010414.npy,-52.006847,-125.010414,155,160,winter,5,0.1191125437617302
eta_lat_m55p400803_lon_m113p010414.npy,-55.400803,-113.010414,145,150,winter,5,0.1128730724255244
eta_lat_p5p545479_lon_m155p010422.npy,5.545479,-155.010422,170,175,winter,5,0.10667681445678075
eta_lat_m44p523903_lon_p132p989563.npy,-44.523903,132.989563,175,180,winter,5,0.06749484936396281
eta_lat_p11p027672_lon_m149p010422.npy,11.027672,-149.010422,150,155,winter,5,0.10558462639649709
eta_lat_m61p508057_lon_m29p010422.npy,-61.508057,-29.010422,140,145,winter,5,0.7279535531997681
eta_lat_m66p662788_lon_m137p010422.npy,-66.662788,-137.010422,140,145,winter,5,0.22494541108608246
eta_lat_m51p994694_lon_m89p010414.npy,-51.994694,-89.010414,135,140,winter,5,0.05878304193417231
eta_lat_m40p414062_lon_m155p010422.npy,-40.414062,-155.010422,140,145,winter,5,0.06226580962538719
eta_lat_m55p400803_lon_p72p989594.npy,-55.400803,72.989594,150,155,winter,5,0.07860175768534343
eta_lat_p11p027672_lon_m101p010414.npy,11.027672,-101.010414,140,145,winter,5,0.13457796971003214
eta_lat_p55p389462_lon_p174p989563.npy,55.389462,174.989563,145,150,winter,5,0.11860981583595276
eta_lat_m48p374134_lon_p12p989578.npy,-48.374134,12.989578,140,145,winter,5,0.10545104742050171
eta_lat_p31p463802_lon_p150p989563.npy,31.463802,150.989563,145,150,winter,5,0.08648475259542465
eta_lat_m68p928383_lon_m167p010422.npy,-68.928383,-167.010422,190,195,winter,5,1.6956589619318645
eta_lat_m64p202515_lon_m149p010422.npy,-64.202515,-149.010422,150,155,winter,5,0.055095553398132324
eta_lat_m70p941582_lon_m89p045937.npy,-70.941582,-89.045937,140,145,winter,5,0.26628660162289935
eta_lat_m61p508057_lon_p114p989594.npy,-61.508057,114.989594,120,125,winter,5,0.07573315252860387
eta_lat_p44p523903_lon_m17p010422.npy,44.523903,-17.010422,190,195,winter,5,0.0685688133041064
eta_lat_p61p185383_lon_m29p222214.npy,61.185383,-29.222214,115,120,winter,5,0.13668661564588547
eta_lat_m16p395037_lon_m17p010422.npy,-16.395037,-17.010422,170,175,winter,5,0.09926920135815938
eta_lat_p26p641497_lon_p162p989563.npy,26.641497,162.989563,200,205,winter,5,0.07405053948362668
eta_lat_m55p400803_lon_m149p010422.npy,-55.400803,-149.010422,195,200,winter,5,0.1245435078938802
eta_lat_m66p662788_lon_m107p010414.npy,-66.662788,-107.010414,145,150,winter,5,0.06729322175184886
eta_lat_m5p545479_lon_p84p989594.npy,-5.545479,84.989594,140,145,winter,5,0.12484690298636754
eta_lat_m51p994694_lon_m137p010422.npy,-51.994694,-137.010422,130,135,winter,5,0.0871213252345721
eta_lat_m31p463802_lon_m113p010414.npy,-31.463802,-113.010414,175,180,winter,5,0.06425522267818451
eta_lat_m48p374134_lon_m149p010422.npy,-48.374134,-149.010422,195,200,winter,5,0.0643834372361501
eta_lat_p21p610189_lon_m23p010422.npy,21.610189,-23.010422,185,190,winter,5,0.06928543373942375
eta_lat_m0p009682_lon_m11p010422.npy,-0.009682,-11.010422,175,180,winter,5,0.11813915024201076
eta_lat_m48p374134_lon_m41p010422.npy,-48.374134,-41.010422,170,175,winter,5,0.16266903281211853
eta_lat_p31p463802_lon_p144p989563.npy,31.463802,144.989563,115,120,winter,5,0.08053236206372578
eta_lat_m11p027672_lon_m113p010414.npy,-11.027672,-113.010414,130,135,winter,5,0.07940732439359029
eta_lat_m72p442223_lon_m113p020538.npy,-72.442223,-113.020538,170,175,winter,5,0.20924978454907736
eta_lat_m55p389462_lon_m113p010414.npy,-55.389462,-113.010414,135,140,winter,5,0.08160986999670665
eta_lat_p31p463802_lon_m41p010422.npy,31.463802,-41.010422,190,195,winter,5,0.08369114249944687
eta_lat_p5p545479_lon_m29p010422.npy,5.545479,-29.010422,155,160,winter,5,0.12993410726388296
eta_lat_m48p374134_lon_m137p010422.npy,-48.374134,-137.010422,180,185,winter,5,0.050014386574427284
eta_lat_m31p463802_lon_p66p989594.npy,-31.463802,66.989594,145,150,winter,5,0.06342630957563718
eta_lat_m36p058659_lon_p6p989578.npy,-36.058659,6.989578,175,180,winter,5,0.0560895303885142
eta_lat_m68p928383_lon_m143p010422.npy,-68.928383,-143.010422,170,175,winter,5,0.053673344353834786
eta_lat_m64p202515_lon_m83p010414.npy,-64.202515,-83.010414,150,155,winter,5,0.10069610178470612
eta_lat_m61p508057_lon_p120p989594.npy,-61.508057,120.989594,135,140,winter,5,0.11311718573172887
eta_lat_m36p058659_lon_m101p010414.npy,-36.058659,-101.010414,160,165,winter,5,0.05761865402261416
eta_lat_p48p374134_lon_m143p010422.npy,48.374134,-143.010422,145,150,winter,5,0.1224329670270284
eta_lat_m40p414062_lon_p48p989578.npy,-40.414062,48.989578,190,195,winter,5,0.10761325558026631
eta_lat_m36p058659_lon_p12p989578.npy,-36.058659,12.989578,125,130,winter,5,0.09233324478069942
eta_lat_m48p374134_lon_p78p989594.npy,-48.374134,78.989594,170,175,winter,5,0.27879422903060913
eta_lat_p31p463802_lon_m35p010422.npy,31.463802,-35.010422,190,195,winter,5,0.06526717046896617
eta_lat_p36p058659_lon_m167p010422.npy,36.058659,-167.010422,200,205,winter,5,0.1141766905784607
eta_lat_m36p058659_lon_p36p989578.npy,-36.058659,36.989578,140,145,winter,5,0.06612597281734149
eta_lat_m40p414062_lon_p156p989563.npy,-40.414062,156.989563,145,150,winter,5,0.07764894018570583
eta_lat_p5p545479_lon_m107p010414.npy,5.545479,-107.010414,165,170,winter,5,0.1016034334897995
eta_lat_p31p463802_lon_m125p010414.npy,31.463802,-125.010414,135,140,winter,5,0.07562342037757237
eta_lat_m52p006847_lon_p36p989578.npy,-52.006847,36.989578,190,195,winter,5,0.0728560561935107
eta_lat_m55p389462_lon_m59p010422.npy,-55.389462,-59.010422,115,120,winter,5,0.28464045623938244
eta_lat_m48p374134_lon_m83p010414.npy,-48.374134,-83.010414,175,180,winter,5,0.1005077635248502
eta_lat_m16p395037_lon_m101p010414.npy,-16.395037,-101.010414,155,160,winter,5,0.07250842203696568
eta_lat_m31p463802_lon_m131p010422.npy,-31.463802,-131.010422,120,125,winter,5,0.08282230297724406
eta_lat_m68p928383_lon_m101p010414.npy,-68.928383,-101.010414,195,200,winter,5,0.24242795010407767
eta_lat_m44p523903_lon_p6p989578.npy,-44.523903,6.989578,170,175,winter,5,0.11632999281088512
eta_lat_m55p389462_lon_m95p010414.npy,-55.389462,-95.010414,125,130,winter,5,0.06295329332351685
eta_lat_m26p641497_lon_p60p989578.npy,-26.641497,60.989578,130,135,winter,5,0.07175094882647197
eta_lat_m61p508057_lon_m143p010422.npy,-61.508057,-143.010422,125,130,winter,5,0.16466975708802542
eta_lat_m68p928383_lon_p174p989563.npy,-68.928383,174.989563,185,190,winter,5,0.15078548590342203
eta_lat_p0p009682_lon_m137p010422.npy,0.009682,-137.010422,190,195,winter,5,0.15311788022518158
eta_lat_m55p389462_lon_p120p989594.npy,-55.389462,120.989594,125,130,winter,5,0.08439454063773155
eta_lat_m66p662788_lon_m137p010422.npy,-66.662788,-137.010422,200,205,winter,5,0.06013353914022446
eta_lat_m51p994694_lon_p60p989578.npy,-51.994694,60.989578,155,160,winter,5,0.11844549824794133
eta_lat_p5p545479_lon_m137p010422.npy,5.545479,-137.010422,195,200,winter,5,0.1418019930521647
eta_lat_p26p641497_lon_m29p010422.npy,26.641497,-29.010422,175,180,winter,5,0.06838312993446986
eta_lat_m40p414062_lon_p102p989594.npy,-40.414062,102.989594,170,175,winter,5,0.055590501676003136
eta_lat_m76p178772_lon_m41p740692.npy,-76.178772,-41.740692,165,170,winter,5,0.7054961522420248
eta_lat_m64p202515_lon_p36p989578.npy,-64.202515,36.989578,185,190,winter,5,0.04462991033991178
eta_lat_p21p610189_lon_m137p010422.npy,21.610189,-137.010422,135,140,winter,5,0.08621828258037567
eta_lat_m31p463802_lon_m11p010422.npy,-31.463802,-11.010422,180,185,winter,5,0.10203666985034943
eta_lat_m26p641497_lon_p174p989563.npy,-26.641497,174.989563,140,145,winter,5,0.08859166999657948
eta_lat_m68p928383_lon_m167p010422.npy,-68.928383,-167.010422,125,130,winter,5,2.1576204697291055
eta_lat_m55p389462_lon_m119p010414.npy,-55.389462,-119.010414,155,160,winter,5,0.183213472366333
eta_lat_m26p641497_lon_p0p989578.npy,-26.641497,0.989578,150,155,winter,5,0.06233087678750356
eta_lat_m36p058659_lon_p0p989578.npy,-36.058659,0.989578,135,140,winter,5,0.06424075861771901
eta_lat_m36p058659_lon_p90p989594.npy,-36.058659,90.989594,150,155,winter,5,0.06666731089353561
eta_lat_m48p374134_lon_m47p010422.npy,-48.374134,-47.010422,120,125,winter,5,0.14266726871331534
eta_lat_m51p994694_lon_m101p010414.npy,-51.994694,-101.010414,145,150,winter,5,0.05703426649173101
eta_lat_m58p574665_lon_m11p010422.npy,-58.574665,-11.010422,160,165,winter,5,0.09145946800708771
eta_lat_p36p058659_lon_m47p010422.npy,36.058659,-47.010422,160,165,winter,5,0.11802017688751221
eta_lat_m52p006847_lon_m101p010414.npy,-52.006847,-101.010414,135,140,winter,5,0.05530646940072378
eta_lat_m68p928383_lon_p168p989563.npy,-68.928383,168.989563,200,205,winter,5,0.18355706334114075
eta_lat_m5p545479_lon_m29p010422.npy,-5.545479,-29.010422,150,155,winter,5,0.09263975918292999
eta_lat_p44p523903_lon_p168p989563.npy,44.523903,168.989563,170,175,winter,5,0.09191938986380895
eta_lat_m52p006847_lon_m53p010422.npy,-52.006847,-53.010422,130,135,winter,5,0.08633183563748996
eta_lat_p16p395037_lon_m59p010422.npy,16.395037,-59.010422,195,200,winter,5,0.06895416975021362
eta_lat_p21p610189_lon_m137p010422.npy,21.610189,-137.010422,150,155,winter,5,0.09521023680766423
eta_lat_m70p857033_lon_m130p966385.npy,-70.857033,-130.966385,170,175,winter,5,0.6102193196614584
eta_lat_m68p928383_lon_m29p010422.npy,-68.928383,-29.010422,175,180,winter,5,0.9666997392972311
eta_lat_m11p027672_lon_m113p010414.npy,-11.027672,-113.010414,200,205,winter,5,0.10552040487527847
eta_lat_p0p009682_lon_m125p010414.npy,0.009682,-125.010414,115,120,winter,5,0.13196235646804175
eta_lat_p21p610189_lon_m29p010422.npy,21.610189,-29.010422,140,145,winter,5,0.07420695821444194
eta_lat_m51p994694_lon_p126p989594.npy,-51.994694,126.989594,165,170,winter,5,0.24155224363009134
eta_lat_m68p928383_lon_m17p010422.npy,-68.928383,-17.010422,125,130,winter,5,1.9692351818084717
eta_lat_m66p662788_lon_m83p010414.npy,-66.662788,-83.010414,135,140,winter,5,0.06691287582119305
eta_lat_m5p545479_lon_p90p989594.npy,-5.545479,90.989594,150,155,winter,5,0.09763374676307042
eta_lat_m58p574665_lon_p126p989594.npy,-58.574665,126.989594,125,130,winter,5,0.1559808353583018
eta_lat_p5p545479_lon_m119p010414.npy,5.545479,-119.010414,165,170,winter,5,0.11760507524013519
eta_lat_p26p641497_lon_m29p010422.npy,26.641497,-29.010422,130,135,winter,5,0.07135878503322601
eta_lat_m5p545479_lon_m11p010422.npy,-5.545479,-11.010422,185,190,winter,5,0.11864785850048065
eta_lat_m11p027672_lon_m89p010414.npy,-11.027672,-89.010414,180,185,winter,5,0.08351440727710724
eta_lat_m11p027672_lon_p90p989594.npy,-11.027672,90.989594,125,130,winter,5,0.09878479937712352
eta_lat_m75p355705_lon_m159p614578.npy,-75.355705,-159.614578,145,150,winter,5,2.897787650426229
eta_lat_p58p499409_lon_m23p040436.npy,58.499409,-23.040436,135,140,winter,5,0.23268355429172516
eta_lat_m16p395037_lon_m101p010414.npy,-16.395037,-101.010414,140,145,winter,5,0.07757091770569484
eta_lat_m72p438423_lon_m118p949417.npy,-72.438423,-118.949417,135,140,winter,5,0.9296513597170512
eta_lat_m55p389462_lon_m107p010414.npy,-55.389462,-107.010414,200,205,winter,5,0.12311742454767227
eta_lat_p5p545479_lon_m101p010414.npy,5.545479,-101.010414,165,170,winter,5,0.09376235802968343
eta_lat_m61p508057_lon_p90p989594.npy,-61.508057,90.989594,155,160,winter,5,0.14531471331914267
eta_lat_m70p821320_lon_m118p983330.npy,-70.82132,-118.98333,175,180,winter,5,0.7273850838343302
eta_lat_p31p463802_lon_m59p010422.npy,31.463802,-59.010422,160,165,winter,5,0.10975045959154765
eta_lat_m44p523903_lon_m47p010422.npy,-44.523903,-47.010422,185,190,winter,5,0.08528282245000203
eta_lat_p48p374134_lon_p162p989563.npy,48.374134,162.989563,170,175,winter,5,0.11059831455349922
eta_lat_m31p463802_lon_m23p010422.npy,-31.463802,-23.010422,125,130,winter,5,0.07158119479815166
eta_lat_m66p662788_lon_p18p989578.npy,-66.662788,18.989578,150,155,winter,5,0.1547546535730362
eta_lat_m31p463802_lon_m137p010422.npy,-31.463802,-137.010422,165,170,winter,5,0.06100120395421982
eta_lat_m16p395037_lon_p72p989594.npy,-16.395037,72.989594,180,185,winter,5,0.08699044336875279
eta_lat_p21p610189_lon_p174p989563.npy,21.610189,174.989563,150,155,winter,5,0.09095251808563869
eta_lat_m26p641497_lon_m167p010422.npy,-26.641497,-167.010422,200,205,winter,5,0.10888357957204182
eta_lat_m51p994694_lon_p0p989578.npy,-51.994694,0.989578,165,170,winter,5,0.10904707262913386
eta_lat_m55p389462_lon_p6p989578.npy,-55.389462,6.989578,195,200,winter,5,0.07759789129098256
eta_lat_m66p662788_lon_p30p989578.npy,-66.662788,30.989578,155,160,winter,5,0.05658883353074392
eta_lat_m36p058659_lon_p84p989594.npy,-36.058659,84.989594,155,160,winter,5,0.0512600913643837
eta_lat_m55p400803_lon_m59p010422.npy,-55.400803,-59.010422,195,200,winter,5,0.7140724062919617
eta_lat_m36p058659_lon_p0p989578.npy,-36.058659,0.989578,150,155,winter,5,0.07592090467611949
eta_lat_p11p027672_lon_p84p989594.npy,11.027672,84.989594,195,200,winter,5,0.0921466921766599
eta_lat_m16p395037_lon_m11p010422.npy,-16.395037,-11.010422,160,165,winter,5,0.07469792415698369
eta_lat_p44p523903_lon_m161p010422.npy,44.523903,-161.010422,195,200,winter,5,0.07553452750047047
eta_lat_p36p058659_lon_m167p010422.npy,36.058659,-167.010422,135,140,winter,5,0.08721926560004552
eta_lat_m16p395037_lon_p72p989594.npy,-16.395037,72.989594,160,165,winter,5,0.08675499508778255
eta_lat_m36p058659_lon_m17p010422.npy,-36.058659,-17.010422,140,145,winter,5,0.10166760037342708
eta_lat_p31p463802_lon_m149p010422.npy,31.463802,-149.010422,160,165,winter,5,0.07411601146062215
eta_lat_p5p545479_lon_m23p010422.npy,5.545479,-23.010422,170,175,winter,5,0.12791689236958823
eta_lat_p16p395037_lon_p156p989563.npy,16.395037,156.989563,185,190,winter,5,0.11176733424266179
eta_lat_m16p395037_lon_p84p989594.npy,-16.395037,84.989594,145,150,winter,5,0.10042468210061391
eta_lat_m48p374134_lon_m155p010422.npy,-48.374134,-155.010422,195,200,winter,5,0.06537168969710667
eta_lat_m61p508057_lon_m83p010414.npy,-61.508057,-83.010414,200,205,winter,5,0.10319748520851135
eta_lat_p31p463802_lon_m143p010422.npy,31.463802,-143.010422,175,180,winter,5,0.0845123107234637
eta_lat_p11p027672_lon_m29p010422.npy,11.027672,-29.010422,125,130,winter,5,0.10759809861580531
eta_lat_m40p414062_lon_p90p989594.npy,-40.414062,90.989594,120,125,winter,5,0.09297546744346619
eta_lat_m36p058659_lon_p90p989594.npy,-36.058659,90.989594,195,200,winter,5,0.07024241487185161
eta_lat_m58p574665_lon_p114p989594.npy,-58.574665,114.989594,165,170,winter,5,0.07324279223879178
eta_lat_p61p185383_lon_m29p222214.npy,61.185383,-29.222214,150,155,winter,5,0.09548117717107137
eta_lat_m58p574665_lon_p114p989594.npy,-58.574665,114.989594,180,185,winter,5,0.055115144699811935
eta_lat_m16p395037_lon_m83p010414.npy,-16.395037,-83.010414,150,155,winter,5,0.06454578414559364
eta_lat_m44p523903_lon_m137p010422.npy,-44.523903,-137.010422,180,185,winter,5,0.06582807749509811
eta_lat_p48p374134_lon_m173p010422.npy,48.374134,-173.010422,115,120,winter,5,0.21145582695802054
eta_lat_p44p523903_lon_m35p010422.npy,44.523903,-35.010422,185,190,winter,5,0.06613141546646754
eta_lat_m26p641497_lon_p174p989563.npy,-26.641497,174.989563,115,120,winter,5,0.09555485347906749
eta_lat_m55p400803_lon_m95p010414.npy,-55.400803,-95.010414,190,195,winter,5,0.08715982735157013
eta_lat_p21p610189_lon_m23p010422.npy,21.610189,-23.010422,125,130,winter,5,0.08316546926895778
eta_lat_m44p523903_lon_p42p989578.npy,-44.523903,42.989578,140,145,winter,5,0.09180805583794911
eta_lat_m55p389462_lon_m149p010422.npy,-55.389462,-149.010422,185,190,winter,5,0.08628142873446147
eta_lat_m44p523903_lon_p102p989594.npy,-44.523903,102.989594,200,205,winter,5,0.11933482438325882
eta_lat_p0p009682_lon_m119p010414.npy,0.009682,-119.010414,165,170,winter,5,0.11542466034491856
eta_lat_m55p389462_lon_p84p989594.npy,-55.389462,84.989594,150,155,winter,5,0.21928647657235464
eta_lat_m72p830154_lon_m142p626068.npy,-72.830154,-142.626068,120,125,winter,5,1.308478315671285
eta_lat_m51p994694_lon_m101p010414.npy,-51.994694,-101.010414,185,190,winter,5,0.05371213083465894
eta_lat_p5p545479_lon_p66p989594.npy,5.545479,66.989594,165,170,winter,5,0.10862516860167186
eta_lat_p31p463802_lon_m173p010422.npy,31.463802,-173.010422,150,155,winter,5,0.07109187170863152
eta_lat_m55p400803_lon_p114p989594.npy,-55.400803,114.989594,145,150,winter,5,0.11375695466995239
eta_lat_m52p006847_lon_p114p989594.npy,-52.006847,114.989594,160,165,winter,5,0.06254492575923602
eta_lat_p31p463802_lon_p168p989563.npy,31.463802,168.989563,175,180,winter,5,0.08088534325361252
eta_lat_m52p006847_lon_m29p010422.npy,-52.006847,-29.010422,170,175,winter,5,0.08129620552062988
eta_lat_m44p523903_lon_m11p010422.npy,-44.523903,-11.010422,135,140,winter,5,0.08423163741827011
eta_lat_m26p641497_lon_p174p989563.npy,-26.641497,174.989563,150,155,winter,5,0.1640523374080658
eta_lat_m11p027672_lon_p78p989594.npy,-11.027672,78.989594,115,120,winter,5,0.09481769800186157
eta_lat_m36p058659_lon_m131p010422.npy,-36.058659,-131.010422,145,150,winter,5,0.10854447384675343
eta_lat_m61p508057_lon_m167p010422.npy,-61.508057,-167.010422,160,165,winter,5,0.05955104902386665
eta_lat_p31p463802_lon_m173p010422.npy,31.463802,-173.010422,155,160,winter,5,0.10107212016979854
eta_lat_m11p027672_lon_m29p010422.npy,-11.027672,-29.010422,155,160,winter,5,0.06340410808722179
eta_lat_p11p027672_lon_m137p010422.npy,11.027672,-137.010422,195,200,winter,5,0.11245615283648173
eta_lat_m66p662788_lon_m113p010414.npy,-66.662788,-113.010414,115,120,winter,5,0.04627212012807528
eta_lat_m52p006847_lon_m95p010414.npy,-52.006847,-95.010414,180,185,winter,5,0.1315794736146927
eta_lat_p26p641497_lon_m47p010422.npy,26.641497,-47.010422,185,190,winter,5,0.053924946735302605
eta_lat_m61p508057_lon_p144p989563.npy,-61.508057,144.989563,155,160,winter,5,0.07698940485715866
eta_lat_m48p374134_lon_m131p010422.npy,-48.374134,-131.010422,135,140,winter,5,0.04179257589081923
eta_lat_m58p574665_lon_p90p989594.npy,-58.574665,90.989594,190,195,winter,5,0.07947271813948949
eta_lat_m44p523903_lon_m29p010422.npy,-44.523903,-29.010422,115,120,winter,5,0.08588288972775142
eta_lat_p40p414062_lon_m173p010422.npy,40.414062,-173.010422,175,180,winter,5,0.0691349133849144
eta_lat_m58p574665_lon_m11p010422.npy,-58.574665,-11.010422,165,170,winter,5,0.08009374638398488
eta_lat_m36p058659_lon_p162p989563.npy,-36.058659,162.989563,125,130,winter,5,0.07209999362627666
eta_lat_m55p400803_lon_p24p989578.npy,-55.400803,24.989578,150,155,winter,5,0.06451154127717018
eta_lat_m58p574665_lon_p0p989578.npy,-58.574665,0.989578,145,150,winter,5,0.051138648142417274
eta_lat_m26p641497_lon_m155p010422.npy,-26.641497,-155.010422,115,120,winter,5,0.06929211815198262
eta_lat_m40p414062_lon_p96p989594.npy,-40.414062,96.989594,165,170,winter,5,0.05536494652430216
eta_lat_m55p389462_lon_p84p989594.npy,-55.389462,84.989594,140,145,winter,5,0.20112213989098868
eta_lat_p36p058659_lon_m143p010422.npy,36.058659,-143.010422,185,190,winter,5,0.0674402229487896
eta_lat_m52p006847_lon_p30p989578.npy,-52.006847,30.989578,150,155,winter,5,0.14498373866081238
eta_lat_m61p508057_lon_p120p989594.npy,-61.508057,120.989594,130,135,winter,5,0.09030747661987941
eta_lat_p16p395037_lon_m161p010422.npy,16.395037,-161.010422,170,175,winter,5,0.11369157085816066
eta_lat_m64p202515_lon_p18p989578.npy,-64.202515,18.989578,175,180,winter,5,0.06511607517798741
eta_lat_m40p414062_lon_p30p989578.npy,-40.414062,30.989578,180,185,winter,5,0.17297849555810293
eta_lat_m26p641497_lon_p102p989594.npy,-26.641497,102.989594,165,170,winter,5,0.06863407666484515
eta_lat_m5p545479_lon_p48p989578.npy,-5.545479,48.989578,140,145,winter,5,0.1022351011633873
eta_lat_p16p395037_lon_m131p010422.npy,16.395037,-131.010422,135,140,winter,5,0.10328817615906398
eta_lat_m48p374134_lon_m95p010414.npy,-48.374134,-95.010414,150,155,winter,5,0.06392151614030202
eta_lat_m51p994694_lon_p90p989594.npy,-51.994694,90.989594,160,165,winter,5,0.1279076337814331
eta_lat_m36p058659_lon_m113p010414.npy,-36.058659,-113.010414,135,140,winter,5,0.06909036636352539
eta_lat_m61p508057_lon_p144p989563.npy,-61.508057,144.989563,130,135,winter,5,0.10505908479293187
eta_lat_m44p523903_lon_m143p010422.npy,-44.523903,-143.010422,130,135,winter,5,0.06580232207973798
eta_lat_m48p374134_lon_p84p989594.npy,-48.374134,84.989594,180,185,winter,5,0.11124372979005177
eta_lat_m55p389462_lon_p132p989563.npy,-55.389462,132.989563,135,140,winter,5,0.09651044011116028
eta_lat_m61p508057_lon_m155p010422.npy,-61.508057,-155.010422,130,135,winter,5,0.09482204541563988
eta_lat_m44p523903_lon_p42p989578.npy,-44.523903,42.989578,170,175,winter,5,0.09662040571371715
eta_lat_m36p058659_lon_p60p989578.npy,-36.058659,60.989578,150,155,winter,5,0.06737941379348437
eta_lat_m44p523903_lon_m137p010422.npy,-44.523903,-137.010422,145,150,winter,5,0.05670256291826566
eta_lat_p44p523903_lon_m41p010422.npy,44.523903,-41.010422,190,195,winter,5,0.07953132688999176
eta_lat_m26p641497_lon_m137p010422.npy,-26.641497,-137.010422,150,155,winter,5,0.06231713046630224
eta_lat_p40p414062_lon_m17p010422.npy,40.414062,-17.010422,140,145,winter,5,0.06741211687525113
eta_lat_m64p202515_lon_m143p010422.npy,-64.202515,-143.010422,145,150,winter,5,0.11158043891191483
eta_lat_p31p463802_lon_m149p010422.npy,31.463802,-149.010422,170,175,winter,5,0.11130611101786296
eta_lat_m58p574665_lon_m59p010422.npy,-58.574665,-59.010422,180,185,winter,5,0.12207600474357605
eta_lat_p26p641497_lon_p168p989563.npy,26.641497,168.989563,150,155,winter,5,0.07288814584414165
eta_lat_p31p463802_lon_m167p010422.npy,31.463802,-167.010422,120,125,winter,5,0.07927360385656357
eta_lat_m61p508057_lon_m35p010422.npy,-61.508057,-35.010422,185,190,winter,5,0.11294574787219365
eta_lat_p16p395037_lon_m59p010422.npy,16.395037,-59.010422,130,135,winter,5,0.09256562093893687
eta_lat_p5p545479_lon_m101p010414.npy,5.545479,-101.010414,190,195,winter,5,0.11642724772294362
eta_lat_m51p994694_lon_m29p010422.npy,-51.994694,-29.010422,155,160,winter,5,0.08823748677968979
eta_lat_p16p395037_lon_m35p010422.npy,16.395037,-35.010422,140,145,winter,5,0.09212782979011536
eta_lat_p61p082935_lon_m35p089630.npy,61.082935,-35.08963,130,135,winter,5,0.1253772700826327
eta_lat_p11p027672_lon_m101p010414.npy,11.027672,-101.010414,145,150,winter,5,0.11630647877852122
eta_lat_m11p027672_lon_m131p010422.npy,-11.027672,-131.010422,175,180,winter,5,0.09363434960444768
eta_lat_m26p641497_lon_m113p010414.npy,-26.641497,-113.010414,200,205,winter,5,0.07004351168870926
eta_lat_p61p579643_lon_m58p686073.npy,61.579643,-58.686073,125,130,winter,5,0.21484745542208353
eta_lat_m36p058659_lon_m155p010422.npy,-36.058659,-155.010422,190,195,winter,5,0.071599081158638
eta_lat_m68p928383_lon_m83p010414.npy,-68.928383,-83.010414,170,175,winter,5,0.053432160367568336
eta_lat_p16p395037_lon_m161p010422.npy,16.395037,-161.010422,145,150,winter,5,0.1037451798717181
eta_lat_m21p610189_lon_m125p010414.npy,-21.610189,-125.010414,185,190,winter,5,0.0709554726878802
eta_lat_p11p027672_lon_p66p989594.npy,11.027672,66.989594,170,175,winter,5,0.07458825533588727
eta_lat_m36p058659_lon_p102p989594.npy,-36.058659,102.989594,130,135,winter,5,0.06280309210220973
eta_lat_m5p545479_lon_m119p010414.npy,-5.545479,-119.010414,150,155,winter,5,0.10213763763507207
eta_lat_m61p508057_lon_m155p010422.npy,-61.508057,-155.010422,175,180,winter,5,0.0679431992272536
eta_lat_m51p994694_lon_p36p989578.npy,-51.994694,36.989578,180,185,winter,5,0.13271675755580267
eta_lat_m36p058659_lon_m155p010422.npy,-36.058659,-155.010422,135,140,winter,5,0.06986052046219508
eta_lat_m51p994694_lon_m161p010422.npy,-51.994694,-161.010422,150,155,winter,5,0.07918093850215276
eta_lat_m55p400803_lon_m5p010422.npy,-55.400803,-5.010422,150,155,winter,5,0.07873949532707532
eta_lat_m73p118896_lon_m154p539932.npy,-73.118896,-154.539932,155,160,winter,5,1.1689475774765015
eta_lat_m55p400803_lon_p42p989578.npy,-55.400803,42.989578,165,170,winter,5,0.08630046248435974
eta_lat_m31p463802_lon_p84p989594.npy,-31.463802,84.989594,150,155,winter,5,0.08100118736426036
eta_lat_m11p027672_lon_p0p989578.npy,-11.027672,0.989578,115,120,winter,5,0.06088061382373174
eta_lat_p40p414062_lon_m35p010422.npy,40.414062,-35.010422,155,160,winter,5,0.0652345543106397
eta_lat_m66p662788_lon_p12p989578.npy,-66.662788,12.989578,185,190,winter,5,0.6604235768318176
eta_lat_m44p523903_lon_p18p989578.npy,-44.523903,18.989578,195,200,winter,5,0.06856557602683704
eta_lat_m16p395037_lon_m119p010414.npy,-16.395037,-119.010414,185,190,winter,5,0.06427712614337604
eta_lat_m21p610189_lon_p78p989594.npy,-21.610189,78.989594,150,155,winter,5,0.07042688131332397
eta_lat_p36p058659_lon_m137p010422.npy,36.058659,-137.010422,200,205,winter,5,0.07932732502619426
eta_lat_m48p374134_lon_m107p010414.npy,-48.374134,-107.010414,115,120,winter,5,0.06787948807080586
eta_lat_m55p389462_lon_p138p989563.npy,-55.389462,138.989563,195,200,winter,5,0.07737032075723012
eta_lat_m36p058659_lon_m119p010414.npy,-36.058659,-119.010414,145,150,winter,5,0.0653022217253844
eta_lat_m48p374134_lon_m143p010422.npy,-48.374134,-143.010422,140,145,winter,5,0.06712857137123744
eta_lat_m26p641497_lon_m23p010422.npy,-26.641497,-23.010422,200,205,winter,5,0.07911708205938339
eta_lat_p61p367260_lon_m23p297623.npy,61.36726,-23.297623,160,165,winter,5,0.07512270410855611
eta_lat_m55p400803_lon_m11p010422.npy,-55.400803,-11.010422,145,150,winter,5,0.08192107578118642
eta_lat_p36p058659_lon_m161p010422.npy,36.058659,-161.010422,130,135,winter,5,0.09729260454575221
eta_lat_m68p928383_lon_m101p010414.npy,-68.928383,-101.010414,120,125,winter,5,0.06737761820356052
eta_lat_m44p523903_lon_p90p989594.npy,-44.523903,90.989594,125,130,winter,5,0.07885406911373138
eta_lat_m44p523903_lon_p78p989594.npy,-44.523903,78.989594,120,125,winter,5,0.39986686905225116
eta_lat_p26p641497_lon_m137p010422.npy,26.641497,-137.010422,120,125,winter,5,0.09836161136627197
eta_lat_p36p058659_lon_m47p010422.npy,36.058659,-47.010422,175,180,winter,5,0.09766257057587306
eta_lat_m64p202515_lon_p156p989563.npy,-64.202515,156.989563,165,170,winter,5,0.06341550002495448
eta_lat_m58p574665_lon_m173p010422.npy,-58.574665,-173.010422,135,140,winter,5,0.06172873079776764
eta_lat_m44p523903_lon_p66p989594.npy,-44.523903,66.989594,170,175,winter,5,0.13013670593500137
eta_lat_m51p994694_lon_p24p989578.npy,-51.994694,24.989578,180,185,winter,5,0.16400504608949026
eta_lat_m40p414062_lon_p114p989594.npy,-40.414062,114.989594,190,195,winter,5,0.08836333205302556
eta_lat_m48p374134_lon_p174p989563.npy,-48.374134,174.989563,120,125,winter,5,0.08697448919216792
eta_lat_m44p523903_lon_p138p989563.npy,-44.523903,138.989563,200,205,winter,5,0.08721286058425903
eta_lat_m0p009682_lon_m11p010422.npy,-0.009682,-11.010422,170,175,winter,5,0.10783017923434575
eta_lat_m58p574665_lon_m167p010422.npy,-58.574665,-167.010422,185,190,winter,5,0.0635119875272115
eta_lat_m58p574665_lon_m173p010422.npy,-58.574665,-173.010422,145,150,winter,5,0.056417478869358696
eta_lat_p21p610189_lon_p150p989563.npy,21.610189,150.989563,145,150,winter,5,0.0863750825325648
eta_lat_m48p374134_lon_p150p989563.npy,-48.374134,150.989563,145,150,winter,5,0.1016702950000763
eta_lat_m51p994694_lon_p30p989578.npy,-51.994694,30.989578,125,130,winter,5,0.17682275672753653
eta_lat_m11p027672_lon_m23p010422.npy,-11.027672,-23.010422,170,175,winter,5,0.09342245012521744
eta_lat_p0p009682_lon_m131p010422.npy,0.009682,-131.010422,150,155,winter,5,0.1096694568792979
eta_lat_p63p507416_lon_m35p256088.npy,63.507416,-35.256088,150,155,winter,5,0.11579360564549764
eta_lat_m66p662788_lon_p174p989563.npy,-66.662788,174.989563,170,175,winter,5,0.12036590526501338
eta_lat_m71p197975_lon_m172p950165.npy,-71.197975,-172.950165,165,170,winter,5,1.8295964002609253
eta_lat_m11p027672_lon_m89p010414.npy,-11.027672,-89.010414,115,120,winter,5,0.07707001268863678
eta_lat_m55p400803_lon_p78p989594.npy,-55.400803,78.989594,195,200,winter,5,0.10548306753238042
eta_lat_m0p009682_lon_m17p010422.npy,-0.009682,-17.010422,130,135,winter,5,0.10839343070983887
eta_lat_m68p928383_lon_m53p010422.npy,-68.928383,-53.010422,160,165,winter,5,1.1644287109375
eta_lat_m26p641497_lon_p108p989594.npy,-26.641497,108.989594,160,165,winter,5,0.08127851039171219
eta_lat_m44p523903_lon_m119p010414.npy,-44.523903,-119.010414,125,130,winter,5,0.0668863666554292
eta_lat_m52p006847_lon_m149p010422.npy,-52.006847,-149.010422,165,170,winter,5,0.08614848554134369
eta_lat_m51p994694_lon_m137p010422.npy,-51.994694,-137.010422,150,155,winter,5,0.08181638518969218
eta_lat_m44p523903_lon_p84p989594.npy,-44.523903,84.989594,195,200,winter,5,0.17369626462459564
eta_lat_p11p027672_lon_m155p010422.npy,11.027672,-155.010422,170,175,winter,5,0.1044554313023885
eta_lat_m64p202515_lon_m125p010414.npy,-64.202515,-125.010414,175,180,winter,5,0.10954458018143971
eta_lat_p26p641497_lon_m143p010422.npy,26.641497,-143.010422,140,145,winter,5,0.082085187236468
eta_lat_m61p508057_lon_p60p989578.npy,-61.508057,60.989578,155,160,winter,5,0.07100779563188553
eta_lat_p5p545479_lon_m35p010422.npy,5.545479,-35.010422,130,135,winter,5,0.09398815035820007
eta_lat_m40p414062_lon_m101p010414.npy,-40.414062,-101.010414,135,140,winter,5,0.055247411131858826
eta_lat_m58p574665_lon_p150p989563.npy,-58.574665,150.989563,185,190,winter,5,0.10267909367879231
eta_lat_m58p574665_lon_p90p989594.npy,-58.574665,90.989594,145,150,winter,5,0.09253102540969849
eta_lat_m36p058659_lon_p12p989578.npy,-36.058659,12.989578,155,160,winter,5,0.10563978801170985
eta_lat_m44p523903_lon_m155p010422.npy,-44.523903,-155.010422,115,120,winter,5,0.04727379480997721
eta_lat_m58p574665_lon_p6p989578.npy,-58.574665,6.989578,135,140,winter,5,0.058801211416721344
eta_lat_m55p400803_lon_p168p989563.npy,-55.400803,168.989563,145,150,winter,5,0.6740992863972982
eta_lat_p11p027672_lon_p174p989563.npy,11.027672,174.989563,115,120,winter,5,0.09954563279946645
eta_lat_m40p414062_lon_m119p010414.npy,-40.414062,-119.010414,200,205,winter,5,0.07359747836987178
eta_lat_m55p389462_lon_p126p989594.npy,-55.389462,126.989594,140,145,winter,5,0.12107936044534047
eta_lat_m61p508057_lon_p144p989563.npy,-61.508057,144.989563,200,205,winter,5,0.0933685153722763
eta_lat_m64p202515_lon_p48p989578.npy,-64.202515,48.989578,175,180,winter,5,0.07770797361930211
eta_lat_m31p463802_lon_m95p010414.npy,-31.463802,-95.010414,150,155,winter,5,0.05380033329129219
eta_lat_p51p994694_lon_p150p989563.npy,51.994694,150.989563,185,190,winter,5,0.18546576301256815
eta_lat_m48p374134_lon_p42p989578.npy,-48.374134,42.989578,120,125,winter,5,0.09519557654857635
eta_lat_p65p913406_lon_m30p464722.npy,65.913406,-30.464722,150,155,winter,5,2.0449148416519165
eta_lat_m61p508057_lon_m77p010414.npy,-61.508057,-77.010414,130,135,winter,5,0.19132869939009348
eta_lat_m21p610189_lon_m5p010422.npy,-21.610189,-5.010422,165,170,winter,5,0.06955911467472713
eta_lat_m61p508057_lon_p0p989578.npy,-61.508057,0.989578,185,190,winter,5,0.06132840986053149
eta_lat_m26p641497_lon_m5p010422.npy,-26.641497,-5.010422,120,125,winter,5,0.06476634244124095
eta_lat_p51p994694_lon_m149p010422.npy,51.994694,-149.010422,185,190,winter,5,0.07583274195591609
eta_lat_m52p006847_lon_p174p989563.npy,-52.006847,174.989563,145,150,winter,5,0.14446084449688593
eta_lat_m40p414062_lon_p36p989578.npy,-40.414062,36.989578,145,150,winter,5,0.1442583054304123
eta_lat_m58p574665_lon_m59p010422.npy,-58.574665,-59.010422,125,130,winter,5,0.10365517934163411
eta_lat_m36p058659_lon_m23p010422.npy,-36.058659,-23.010422,135,140,winter,5,0.07367461547255516
eta_lat_m5p545479_lon_m101p010414.npy,-5.545479,-101.010414,145,150,winter,5,0.12060136596361797
eta_lat_m55p389462_lon_m107p010414.npy,-55.389462,-107.010414,185,190,winter,5,0.10936391353607178
eta_lat_m31p463802_lon_m119p010414.npy,-31.463802,-119.010414,175,180,winter,5,0.0775431717435519
eta_lat_p16p395037_lon_p162p989563.npy,16.395037,162.989563,135,140,winter,5,0.09200605501731236
eta_lat_m68p928383_lon_m35p010422.npy,-68.928383,-35.010422,115,120,winter,5,0.920023242632548
eta_lat_m61p508057_lon_p60p989578.npy,-61.508057,60.989578,115,120,winter,5,0.20322763423124948
eta_lat_m55p400803_lon_p126p989594.npy,-55.400803,126.989594,180,185,winter,5,0.123220960299174
eta_lat_m36p058659_lon_m89p010414.npy,-36.058659,-89.010414,185,190,winter,5,0.07301181554794312
eta_lat_m58p574665_lon_p12p989578.npy,-58.574665,12.989578,130,135,winter,5,0.05952880531549454
eta_lat_p26p641497_lon_p156p989563.npy,26.641497,156.989563,155,160,winter,5,0.07794314622879028
eta_lat_p40p414062_lon_p162p989563.npy,40.414062,162.989563,185,190,winter,5,0.1299608995517095
eta_lat_m44p523903_lon_m35p010422.npy,-44.523903,-35.010422,190,195,winter,5,0.10013459622859955
eta_lat_m31p463802_lon_m149p010422.npy,-31.463802,-149.010422,180,185,winter,5,0.06428334986170132
eta_lat_m40p414062_lon_m167p010422.npy,-40.414062,-167.010422,120,125,winter,5,0.04993820811311404
eta_lat_p58p499409_lon_m23p040436.npy,58.499409,-23.040436,170,175,winter,5,0.13823148608207703
eta_lat_m66p662788_lon_m113p010414.npy,-66.662788,-113.010414,195,200,winter,5,0.055783726274967194
eta_lat_m16p395037_lon_m29p010422.npy,-16.395037,-29.010422,190,195,winter,5,0.05423460528254509
eta_lat_m58p574665_lon_p138p989563.npy,-58.574665,138.989563,145,150,winter,5,0.08082496126492818
eta_lat_m36p058659_lon_p36p989578.npy,-36.058659,36.989578,135,140,winter,5,0.061602974931399025
eta_lat_p51p994694_lon_m149p010422.npy,51.994694,-149.010422,160,165,winter,5,0.06386054307222366
eta_lat_m40p414062_lon_m137p010422.npy,-40.414062,-137.010422,200,205,winter,5,0.09018528461456299
eta_lat_m61p508057_lon_m125p010414.npy,-61.508057,-125.010414,195,200,winter,5,0.06622293964028358
eta_lat_m0p009682_lon_m11p010422.npy,-0.009682,-11.010422,160,165,winter,5,0.10084345191717148
eta_lat_m51p994694_lon_p18p989578.npy,-51.994694,18.989578,170,175,winter,5,0.15785641223192215
eta_lat_m48p374134_lon_p126p989594.npy,-48.374134,126.989594,145,150,winter,5,0.2083150694767634
eta_lat_m16p395037_lon_m83p010414.npy,-16.395037,-83.010414,190,195,winter,5,0.07783444970846176
eta_lat_m31p463802_lon_m41p010422.npy,-31.463802,-41.010422,160,165,winter,5,0.06700180098414421
eta_lat_m51p994694_lon_p30p989578.npy,-51.994694,30.989578,170,175,winter,5,0.12041137367486954
eta_lat_m36p058659_lon_m17p010422.npy,-36.058659,-17.010422,195,200,winter,5,0.07700279106696446
eta_lat_m21p610189_lon_p0p989578.npy,-21.610189,0.989578,115,120,winter,5,0.0708488995830218
eta_lat_p26p641497_lon_m65p010414.npy,26.641497,-65.010414,195,200,winter,5,0.08477736016114552
eta_lat_m0p009682_lon_m17p010422.npy,-0.009682,-17.010422,160,165,winter,5,0.13012801110744476
eta_lat_m64p202515_lon_m77p010414.npy,-64.202515,-77.010414,165,170,winter,5,0.07929968585570653
eta_lat_p36p058659_lon_m149p010422.npy,36.058659,-149.010422,185,190,winter,5,0.0922667533159256
eta_lat_m51p994694_lon_p144p989563.npy,-51.994694,144.989563,175,180,winter,5,0.1146597092350324
eta_lat_m51p994694_lon_p0p989578.npy,-51.994694,0.989578,150,155,winter,5,0.07430297136306763
eta_lat_m48p374134_lon_p42p989578.npy,-48.374134,42.989578,200,205,winter,5,0.09184619536002477
eta_lat_p36p058659_lon_p144p989563.npy,36.058659,144.989563,190,195,winter,5,0.3282138258218765
eta_lat_m44p523903_lon_p132p989563.npy,-44.523903,132.989563,165,170,winter,5,0.05251137291391691
eta_lat_m44p523903_lon_m161p010422.npy,-44.523903,-161.010422,140,145,winter,5,0.08382613708575566
eta_lat_m73p291496_lon_m160p547073.npy,-73.291496,-160.547073,145,150,winter,5,1.1675691207249959
eta_lat_p31p463802_lon_m131p010422.npy,31.463802,-131.010422,125,130,winter,5,0.09369050959746043
eta_lat_m55p400803_lon_m47p010422.npy,-55.400803,-47.010422,125,130,winter,5,0.11537127445141475
eta_lat_m68p928383_lon_m59p010422.npy,-68.928383,-59.010422,165,170,winter,5,1.001308798789978
eta_lat_m61p508057_lon_p108p989594.npy,-61.508057,108.989594,125,130,winter,5,0.060506624480088554
eta_lat_p61p367260_lon_m23p297623.npy,61.36726,-23.297623,155,160,winter,5,0.07533658544222514
eta_lat_m40p414062_lon_p12p989578.npy,-40.414062,12.989578,185,190,winter,5,0.1465062548716863
eta_lat_m64p202515_lon_p6p989578.npy,-64.202515,6.989578,170,175,winter,5,0.04953058809041977
eta_lat_p16p395037_lon_m149p010422.npy,16.395037,-149.010422,155,160,winter,5,0.09409622102975845
eta_lat_p48p374134_lon_m149p010422.npy,48.374134,-149.010422,150,155,winter,5,0.2143042931954066
eta_lat_m5p545479_lon_m131p010422.npy,-5.545479,-131.010422,155,160,winter,5,0.11047412951787312
eta_lat_m68p928383_lon_m143p010422.npy,-68.928383,-143.010422,175,180,winter,5,0.11303229381640752
eta_lat_m21p610189_lon_m5p010422.npy,-21.610189,-5.010422,130,135,winter,5,0.05920150255163511
eta_lat_m31p463802_lon_m101p010414.npy,-31.463802,-101.010414,130,135,winter,5,0.05427447333931923
eta_lat_m21p610189_lon_m107p010414.npy,-21.610189,-107.010414,115,120,winter,5,0.060930671791235604
eta_lat_m26p641497_lon_p102p989594.npy,-26.641497,102.989594,115,120,winter,5,0.1059522454937299
eta_lat_p11p027672_lon_p60p989578.npy,11.027672,60.989578,185,190,winter,5,0.12237313638130824
eta_lat_p44p523903_lon_m161p010422.npy,44.523903,-161.010422,125,130,winter,5,0.09402577827374141
eta_lat_m51p994694_lon_m47p010422.npy,-51.994694,-47.010422,130,135,winter,5,0.0646711178123951
eta_lat_m55p400803_lon_p108p989594.npy,-55.400803,108.989594,185,190,winter,5,0.09619120508432388
eta_lat_m55p400803_lon_m5p010422.npy,-55.400803,-5.010422,125,130,winter,5,0.07829755047957103
eta_lat_m31p463802_lon_m161p010422.npy,-31.463802,-161.010422,155,160,winter,5,0.07856546342372894
eta_lat_m31p463802_lon_p90p989594.npy,-31.463802,90.989594,150,155,winter,5,0.07370396082599957
eta_lat_m16p395037_lon_m17p010422.npy,-16.395037,-17.010422,190,195,winter,5,0.06709886218110721
eta_lat_m44p523903_lon_m107p010414.npy,-44.523903,-107.010414,145,150,winter,5,0.05996863047281901
eta_lat_m21p610189_lon_m95p010414.npy,-21.610189,-95.010414,175,180,winter,5,0.06197176997860273
eta_lat_p11p027672_lon_m173p010422.npy,11.027672,-173.010422,195,200,winter,5,0.10541034489870071
eta_lat_m64p202515_lon_p48p989578.npy,-64.202515,48.989578,135,140,winter,5,0.10428575426340103
eta_lat_p61p579643_lon_m17p313934.npy,61.579643,-17.313934,150,155,winter,5,0.06435980026920636
eta_lat_m36p058659_lon_m143p010422.npy,-36.058659,-143.010422,155,160,winter,5,0.07551072537899017
eta_lat_p44p523903_lon_p162p989563.npy,44.523903,162.989563,115,120,winter,5,0.0811857357621193
eta_lat_p67p966568_lon_p0p326355.npy,67.966568,0.326355,200,205,winter,5,0.07608579347531001
eta_lat_m61p508057_lon_p96p989594.npy,-61.508057,96.989594,125,130,winter,5,0.12224480261405309
eta_lat_m5p545479_lon_p78p989594.npy,-5.545479,78.989594,170,175,winter,5,0.11039583384990692
eta_lat_m52p006847_lon_p36p989578.npy,-52.006847,36.989578,195,200,winter,5,0.07987380276123683
eta_lat_m64p202515_lon_p126p989594.npy,-64.202515,126.989594,170,175,winter,5,0.08387095977862676
eta_lat_m31p463802_lon_p162p989563.npy,-31.463802,162.989563,130,135,winter,5,0.12018174429734547
eta_lat_m64p202515_lon_m125p010414.npy,-64.202515,-125.010414,145,150,winter,5,0.05858795593182246
eta_lat_p26p641497_lon_m149p010422.npy,26.641497,-149.010422,200,205,winter,5,0.06627264743049939
eta_lat_m40p414062_lon_m173p010422.npy,-40.414062,-173.010422,175,180,winter,5,0.0760051558415095
eta_lat_m36p058659_lon_p162p989563.npy,-36.058659,162.989563,115,120,winter,5,0.07485870023568471
eta_lat_m5p545479_lon_p48p989578.npy,-5.545479,48.989578,145,150,winter,5,0.11063199987014134
eta_lat_m0p009682_lon_m23p010422.npy,-0.009682,-23.010422,180,185,winter,5,0.11356900135676067
eta_lat_m70p857033_lon_m130p966385.npy,-70.857033,-130.966385,195,200,winter,5,0.7780220806598663
eta_lat_p5p545479_lon_m149p010422.npy,5.545479,-149.010422,120,125,winter,5,0.11056116223335266
eta_lat_p63p507416_lon_m35p256088.npy,63.507416,-35.256088,195,200,winter,5,0.17136015991369882
eta_lat_p26p641497_lon_m23p010422.npy,26.641497,-23.010422,160,165,winter,5,0.08548794190088908
eta_lat_m61p508057_lon_p102p989594.npy,-61.508057,102.989594,175,180,winter,5,0.08590393016735713
eta_lat_m40p414062_lon_p36p989578.npy,-40.414062,36.989578,190,195,winter,5,0.1563215653101603
eta_lat_m52p006847_lon_m53p010422.npy,-52.006847,-53.010422,145,150,winter,5,0.09800871709982555
eta_lat_m61p508057_lon_p66p989594.npy,-61.508057,66.989594,115,120,winter,5,0.5041569073994955
eta_lat_m26p641497_lon_m155p010422.npy,-26.641497,-155.010422,170,175,winter,5,0.07565616071224213
eta_lat_m40p414062_lon_p162p989563.npy,-40.414062,162.989563,140,145,winter,5,0.07705160106221835
eta_lat_m51p994694_lon_p24p989578.npy,-51.994694,24.989578,145,150,winter,5,0.09942846745252609
eta_lat_m64p202515_lon_p168p989563.npy,-64.202515,168.989563,125,130,winter,5,0.07921211421489716
eta_lat_m48p374134_lon_p30p989578.npy,-48.374134,30.989578,150,155,winter,5,0.08603209505478542
eta_lat_m64p202515_lon_m167p010422.npy,-64.202515,-167.010422,125,130,winter,5,0.11447188506523769
eta_lat_m51p994694_lon_m95p010414.npy,-51.994694,-95.010414,165,170,winter,5,0.0816433255871137
eta_lat_m16p395037_lon_p72p989594.npy,-16.395037,72.989594,190,195,winter,5,0.07999531676371892
eta_lat_p63p711063_lon_m29p662918.npy,63.711063,-29.662918,140,145,winter,5,0.1127442941069603
eta_lat_m64p202515_lon_p48p989578.npy,-64.202515,48.989578,130,135,winter,5,0.0861173855761687
eta_lat_m52p006847_lon_m173p010422.npy,-52.006847,-173.010422,195,200,winter,5,0.1218319113055865
eta_lat_p26p641497_lon_m47p010422.npy,26.641497,-47.010422,145,150,winter,5,0.07860840608676274
eta_lat_m31p463802_lon_p66p989594.npy,-31.463802,66.989594,135,140,winter,5,0.051310441146294274
eta_lat_m55p389462_lon_m143p010422.npy,-55.389462,-143.010422,165,170,winter,5,0.08267397185166676
eta_lat_m55p389462_lon_p6p989578.npy,-55.389462,6.989578,170,175,winter,5,0.07958951592445374
eta_lat_m21p610189_lon_m17p010422.npy,-21.610189,-17.010422,165,170,winter,5,0.062012650072574615
eta_lat_m0p009682_lon_p66p989594.npy,-0.009682,66.989594,130,135,winter,5,0.10048156479994456
eta_lat_p40p414062_lon_m137p010422.npy,40.414062,-137.010422,115,120,winter,5,0.0652434378862381
eta_lat_m26p641497_lon_m29p010422.npy,-26.641497,-29.010422,150,155,winter,5,0.056973772744337715
eta_lat_m52p006847_lon_m89p010414.npy,-52.006847,-89.010414,195,200,winter,5,0.07032887513438861
eta_lat_m58p574665_lon_p132p989563.npy,-58.574665,132.989563,160,165,winter,5,0.13934122522672018
eta_lat_m55p389462_lon_m161p010422.npy,-55.389462,-161.010422,150,155,winter,5,0.10857025782267253
eta_lat_m44p523903_lon_m137p010422.npy,-44.523903,-137.010422,195,200,winter,5,0.061784921834866204
eta_lat_p31p463802_lon_p144p989563.npy,31.463802,144.989563,190,195,winter,5,0.09633872161308925
eta_lat_m58p574665_lon_m47p010422.npy,-58.574665,-47.010422,115,120,winter,5,0.11502206325531006
eta_lat_m55p400803_lon_m59p010422.npy,-55.400803,-59.010422,145,150,winter,5,0.1982704003651937
eta_lat_m44p523903_lon_p120p989594.npy,-44.523903,120.989594,120,125,winter,5,0.049942160646120705
eta_lat_m55p389462_lon_p162p989563.npy,-55.389462,162.989563,190,195,winter,5,0.15614458670218787
eta_lat_m64p202515_lon_m119p010414.npy,-64.202515,-119.010414,185,190,winter,5,0.10524293035268784
eta_lat_m44p523903_lon_m113p010414.npy,-44.523903,-113.010414,125,130,winter,5,0.06218052779634794
eta_lat_p0p009682_lon_m161p010422.npy,0.009682,-161.010422,150,155,winter,5,0.0981040894985199
eta_lat_p36p058659_lon_p144p989563.npy,36.058659,144.989563,160,165,winter,5,0.41145483652750653
eta_lat_m21p610189_lon_p72p989594.npy,-21.610189,72.989594,155,160,winter,5,0.09089361627896626
eta_lat_m55p389462_lon_m5p010422.npy,-55.389462,-5.010422,165,170,winter,5,0.09494349360466003
eta_lat_m55p400803_lon_p120p989594.npy,-55.400803,120.989594,150,155,winter,5,0.10136411339044571
eta_lat_m21p610189_lon_m125p010414.npy,-21.610189,-125.010414,130,135,winter,5,0.07039830709497134
eta_lat_m48p374134_lon_p138p989563.npy,-48.374134,138.989563,145,150,winter,5,0.09706572691599528
eta_lat_p36p058659_lon_m65p010414.npy,36.058659,-65.010414,125,130,winter,5,0.16554743548234305
eta_lat_m51p994694_lon_m11p010422.npy,-51.994694,-11.010422,180,185,winter,5,0.14825579275687537
eta_lat_m40p414062_lon_p60p989578.npy,-40.414062,60.989578,195,200,winter,5,0.07217661291360855
eta_lat_m31p463802_lon_p66p989594.npy,-31.463802,66.989594,155,160,winter,5,0.07329148054122925
eta_lat_m52p006847_lon_m83p010414.npy,-52.006847,-83.010414,130,135,winter,5,0.08207518359025319
eta_lat_m58p574665_lon_m17p010422.npy,-58.574665,-17.010422,135,140,winter,5,0.15722393989562988
eta_lat_m66p662788_lon_m47p010422.npy,-66.662788,-47.010422,185,190,winter,5,1.2413915395736694
eta_lat_m58p574665_lon_m5p010422.npy,-58.574665,-5.010422,170,175,winter,5,0.07352349907159805
eta_lat_m44p523903_lon_m47p010422.npy,-44.523903,-47.010422,170,175,winter,5,0.06181723872820536
eta_lat_m40p414062_lon_m119p010414.npy,-40.414062,-119.010414,180,185,winter,5,0.0645263244708379
eta_lat_p36p058659_lon_p174p989563.npy,36.058659,174.989563,195,200,winter,5,0.14170698324839273
eta_lat_p0p009682_lon_m125p010414.npy,0.009682,-125.010414,140,145,winter,5,0.11999657253424327
eta_lat_m68p928383_lon_m29p010422.npy,-68.928383,-29.010422,180,185,winter,5,1.127000093460083
eta_lat_p21p610189_lon_m137p010422.npy,21.610189,-137.010422,160,165,winter,5,0.09016651411851247
eta_lat_m40p414062_lon_m89p010414.npy,-40.414062,-89.010414,165,170,winter,5,0.07647018010417621
eta_lat_m55p389462_lon_p162p989563.npy,-55.389462,162.989563,170,175,winter,5,0.1855685661236445
eta_lat_m36p058659_lon_m89p010414.npy,-36.058659,-89.010414,140,145,winter,5,0.0696819672981898
eta_lat_m58p574665_lon_m113p010414.npy,-58.574665,-113.010414,180,185,winter,5,0.10194098204374313
eta_lat_p16p395037_lon_m35p010422.npy,16.395037,-35.010422,190,195,winter,5,0.10105326275030772
eta_lat_m52p006847_lon_m47p010422.npy,-52.006847,-47.010422,125,130,winter,5,0.06296970198551814
eta_lat_m64p202515_lon_p174p989563.npy,-64.202515,174.989563,145,150,winter,5,0.06336217497785886
eta_lat_m52p006847_lon_p132p989563.npy,-52.006847,132.989563,160,165,winter,5,0.09167336920897166
eta_lat_m40p414062_lon_m173p010422.npy,-40.414062,-173.010422,170,175,winter,5,0.07943220684925716
eta_lat_m61p508057_lon_p90p989594.npy,-61.508057,90.989594,175,180,winter,5,0.12737819055716196
eta_lat_m52p006847_lon_p6p989578.npy,-52.006847,6.989578,120,125,winter,5,0.1212174321214358
eta_lat_m70p941582_lon_m89p045937.npy,-70.941582,-89.045937,145,150,winter,5,0.36355893810590106
eta_lat_m40p414062_lon_p60p989578.npy,-40.414062,60.989578,150,155,winter,5,0.06876424079140027
eta_lat_p61p579643_lon_m58p686073.npy,61.579643,-58.686073,160,165,winter,5,0.4689062138398488
eta_lat_m0p009682_lon_p84p989594.npy,-0.009682,84.989594,165,170,winter,5,0.14400549978017807
eta_lat_p5p545479_lon_m101p010414.npy,5.545479,-101.010414,140,145,winter,5,0.12167816360791524
eta_lat_m52p006847_lon_m119p010414.npy,-52.006847,-119.010414,170,175,winter,5,0.13476528724034628
eta_lat_m48p374134_lon_m149p010422.npy,-48.374134,-149.010422,145,150,winter,5,0.05498175571362177
eta_lat_m61p508057_lon_p84p989594.npy,-61.508057,84.989594,180,185,winter,5,0.09407788266738255
eta_lat_p26p641497_lon_m47p010422.npy,26.641497,-47.010422,190,195,winter,5,0.07198283076286316
eta_lat_m11p027672_lon_m131p010422.npy,-11.027672,-131.010422,115,120,winter,5,0.11319798976182938
eta_lat_m26p641497_lon_m17p010422.npy,-26.641497,-17.010422,180,185,winter,5,0.10269519189993541
eta_lat_m73p291496_lon_m160p547073.npy,-73.291496,-160.547073,150,155,winter,5,1.1748190720876057
eta_lat_m48p374134_lon_m89p010414.npy,-48.374134,-89.010414,115,120,winter,5,0.0516084594031175
eta_lat_p21p610189_lon_m35p010422.npy,21.610189,-35.010422,135,140,winter,5,0.08224449555079143
eta_lat_m36p058659_lon_m143p010422.npy,-36.058659,-143.010422,165,170,winter,5,0.0690906432767709
eta_lat_p5p545479_lon_m119p010414.npy,5.545479,-119.010414,140,145,winter,5,0.10678351918856303
eta_lat_p31p463802_lon_m161p010422.npy,31.463802,-161.010422,160,165,winter,5,0.07293010503053665
eta_lat_m44p523903_lon_m119p010414.npy,-44.523903,-119.010414,175,180,winter,5,0.09963745375474294
eta_lat_m0p009682_lon_m29p010422.npy,-0.009682,-29.010422,185,190,winter,5,0.10867711156606674
eta_lat_m40p414062_lon_p36p989578.npy,-40.414062,36.989578,195,200,winter,5,0.12581919630368552
eta_lat_m55p389462_lon_m5p010422.npy,-55.389462,-5.010422,170,175,winter,5,0.05523007114728292
eta_lat_p5p545479_lon_m167p010422.npy,5.545479,-167.010422,200,205,winter,5,0.11860175430774689
eta_lat_p61p579643_lon_m58p686073.npy,61.579643,-58.686073,165,170,winter,5,0.33742159605026245
eta_lat_p36p058659_lon_m59p010422.npy,36.058659,-59.010422,135,140,winter,5,0.12755233546098074
eta_lat_p36p058659_lon_p150p989563.npy,36.058659,150.989563,130,135,winter,5,0.25470076004664105
eta_lat_m48p374134_lon_p84p989594.npy,-48.374134,84.989594,145,150,winter,5,0.13937954107920328
eta_lat_m55p400803_lon_m107p010414.npy,-55.400803,-107.010414,150,155,winter,5,0.07068828369180362
eta_lat_m58p574665_lon_m11p010422.npy,-58.574665,-11.010422,190,195,winter,5,0.11065440624952316
eta_lat_m48p374134_lon_p12p989578.npy,-48.374134,12.989578,185,190,winter,5,0.15057735641797385
eta_lat_m51p994694_lon_m5p010422.npy,-51.994694,-5.010422,150,155,winter,5,0.09050089369217555
eta_lat_p40p414062_lon_p150p989563.npy,40.414062,150.989563,150,155,winter,5,0.11014676094055176
eta_lat_p36p058659_lon_p150p989563.npy,36.058659,150.989563,150,155,winter,5,0.31422826647758484
eta_lat_m73p796959_lon_m41p244324.npy,-73.796959,-41.244324,125,130,winter,5,0.4243439237276713
eta_lat_m21p610189_lon_p96p989594.npy,-21.610189,96.989594,140,145,winter,5,0.07810848454634349
eta_lat_m55p400803_lon_m83p010414.npy,-55.400803,-83.010414,125,130,winter,5,0.05963868647813797
eta_lat_p11p027672_lon_p60p989578.npy,11.027672,60.989578,140,145,winter,5,0.07280823836723964
eta_lat_m44p523903_lon_p132p989563.npy,-44.523903,132.989563,155,160,winter,5,0.0957361285885175
eta_lat_m73p621971_lon_m53p396431.npy,-73.621971,-53.396431,195,200,winter,5,1.2958254019419353
eta_lat_m71p057938_lon_m154p945801.npy,-71.057938,-154.945801,190,195,winter,5,0.3192530671755473
eta_lat_m55p389462_lon_m11p010422.npy,-55.389462,-11.010422,185,190,winter,5,0.05315831551949183
eta_lat_m52p006847_lon_p126p989594.npy,-52.006847,126.989594,125,130,winter,5,0.14939732352892557
eta_lat_m55p400803_lon_m95p010414.npy,-55.400803,-95.010414,155,160,winter,5,0.08526917298634847
eta_lat_m52p006847_lon_m167p010422.npy,-52.006847,-167.010422,200,205,winter,5,0.13044239083925882
eta_lat_m66p662788_lon_m29p010422.npy,-66.662788,-29.010422,130,135,winter,5,1.002160668373108
eta_lat_m72p830154_lon_m142p626068.npy,-72.830154,-142.626068,195,200,winter,5,0.6750449538230896
eta_lat_m64p202515_lon_p66p989594.npy,-64.202515,66.989594,150,155,winter,5,0.11847086995840073
eta_lat_m61p508057_lon_m119p010414.npy,-61.508057,-119.010414,160,165,winter,5,0.11297120153903961
eta_lat_m64p202515_lon_p6p989578.npy,-64.202515,6.989578,185,190,winter,5,0.08899777879317601
eta_lat_m71p306725_lon_m29p016449.npy,-71.306725,-29.016449,145,150,winter,5,0.9818874796231588
eta_lat_m58p574665_lon_p78p989594.npy,-58.574665,78.989594,195,200,winter,5,0.09309020638465881
eta_lat_m26p641497_lon_p90p989594.npy,-26.641497,90.989594,190,195,winter,5,0.07144627099235852
eta_lat_m68p928383_lon_m47p010422.npy,-68.928383,-47.010422,165,170,winter,5,0.6254708369572958
eta_lat_m26p641497_lon_p84p989594.npy,-26.641497,84.989594,125,130,winter,5,0.08145853877067566
eta_lat_p68p049988_lon_p6p988419.npy,68.049988,6.988419,130,135,winter,5,0.1041357343395551
eta_lat_m55p400803_lon_m47p010422.npy,-55.400803,-47.010422,160,165,winter,5,0.08901805927356084
eta_lat_p11p027672_lon_p66p989594.npy,11.027672,66.989594,140,145,winter,5,0.07820176829894383
eta_lat_p16p395037_lon_m35p010422.npy,16.395037,-35.010422,200,205,winter,5,0.1037925233443578
eta_lat_m11p027672_lon_m23p010422.npy,-11.027672,-23.010422,195,200,winter,5,0.0757539061208566
eta_lat_p31p463802_lon_p162p989563.npy,31.463802,162.989563,165,170,winter,5,0.11274189005295436
eta_lat_m55p389462_lon_p132p989563.npy,-55.389462,132.989563,200,205,winter,5,0.12908020367225012
eta_lat_m36p058659_lon_m131p010422.npy,-36.058659,-131.010422,200,205,winter,5,0.08373836676279704
eta_lat_m55p389462_lon_m119p010414.npy,-55.389462,-119.010414,175,180,winter,5,0.2404803236325582
eta_lat_m61p508057_lon_m119p010414.npy,-61.508057,-119.010414,180,185,winter,5,0.11014275501171748
eta_lat_m58p574665_lon_p108p989594.npy,-58.574665,108.989594,180,185,winter,5,0.11068997780481975
eta_lat_m55p389462_lon_p24p989578.npy,-55.389462,24.989578,165,170,winter,5,0.05420140673716863
eta_lat_m66p662788_lon_m167p010422.npy,-66.662788,-167.010422,180,185,winter,5,0.31446443994839984
eta_lat_m64p202515_lon_p6p989578.npy,-64.202515,6.989578,180,185,winter,5,0.10595971842606862
eta_lat_m55p400803_lon_m161p010422.npy,-55.400803,-161.010422,165,170,winter,5,0.08597998817761739
eta_lat_m11p027672_lon_m11p010422.npy,-11.027672,-11.010422,150,155,winter,5,0.1077257643143336
eta_lat_p11p027672_lon_m59p010422.npy,11.027672,-59.010422,170,175,winter,5,0.07226339479287465
eta_lat_m68p928383_lon_m131p010422.npy,-68.928383,-131.010422,130,135,winter,5,0.23868894080320993
eta_lat_m58p574665_lon_p138p989563.npy,-58.574665,138.989563,150,155,winter,5,0.08461614449818929
eta_lat_m64p202515_lon_p42p989578.npy,-64.202515,42.989578,160,165,winter,5,0.06847476835052173
eta_lat_m40p414062_lon_m41p010422.npy,-40.414062,-41.010422,180,185,winter,5,0.1585999677578608
eta_lat_m40p414062_lon_p54p989578.npy,-40.414062,54.989578,145,150,winter,5,0.24845877289772034
eta_lat_p40p414062_lon_p156p989563.npy,40.414062,156.989563,200,205,winter,5,0.10715186595916748
eta_lat_m31p463802_lon_m41p010422.npy,-31.463802,-41.010422,125,130,winter,5,0.07911431789398193
eta_lat_m55p389462_lon_p150p989563.npy,-55.389462,150.989563,120,125,winter,5,0.19356732567151388
eta_lat_m40p414062_lon_p114p989594.npy,-40.414062,114.989594,130,135,winter,5,0.08706731845935185
eta_lat_p44p523903_lon_m137p010422.npy,44.523903,-137.010422,140,145,winter,5,0.06317730247974396
eta_lat_m48p374134_lon_m173p010422.npy,-48.374134,-173.010422,115,120,winter,5,0.12357677519321442
eta_lat_m55p389462_lon_m59p010422.npy,-55.389462,-59.010422,150,155,winter,5,0.2263451317946116
eta_lat_m66p662788_lon_m29p010422.npy,-66.662788,-29.010422,160,165,winter,5,0.8027130564053854
eta_lat_m31p463802_lon_m89p010414.npy,-31.463802,-89.010414,165,170,winter,5,0.07432849953571956
eta_lat_m61p508057_lon_p42p989578.npy,-61.508057,42.989578,115,120,winter,5,0.11070266366004944
eta_lat_m55p400803_lon_p132p989563.npy,-55.400803,132.989563,180,185,winter,5,0.06303798158963521
eta_lat_m64p202515_lon_m155p010422.npy,-64.202515,-155.010422,185,190,winter,5,0.13247874130805334
eta_lat_m73p545830_lon_m172p573288.npy,-73.54583,-172.573288,190,195,winter,5,2.24544628461202
eta_lat_m11p027672_lon_p78p989594.npy,-11.027672,78.989594,125,130,winter,5,0.08755013346672058
eta_lat_m36p058659_lon_m35p010422.npy,-36.058659,-35.010422,130,135,winter,5,0.06780616194009781
eta_lat_m66p662788_lon_m125p010414.npy,-66.662788,-125.010414,150,155,winter,5,0.061713198820749916
eta_lat_m44p523903_lon_m149p010422.npy,-44.523903,-149.010422,190,195,winter,5,0.060005063811937966
eta_lat_m16p395037_lon_p108p989594.npy,-16.395037,108.989594,160,165,winter,5,0.07423944398760796
eta_lat_m16p395037_lon_m101p010414.npy,-16.395037,-101.010414,115,120,winter,5,0.06339522823691368
eta_lat_m11p027672_lon_m101p010414.npy,-11.027672,-101.010414,155,160,winter,5,0.08629612624645233
eta_lat_p36p058659_lon_m35p010422.npy,36.058659,-35.010422,165,170,winter,5,0.07343729337056477
eta_lat_p40p414062_lon_m161p010422.npy,40.414062,-161.010422,115,120,winter,5,0.0931737869977951
eta_lat_m52p006847_lon_m173p010422.npy,-52.006847,-173.010422,180,185,winter,5,0.15399145831664404
eta_lat_m55p389462_lon_p102p989594.npy,-55.389462,102.989594,125,130,winter,5,0.10009206334749858
eta_lat_m48p374134_lon_p138p989563.npy,-48.374134,138.989563,175,180,winter,5,0.1352977752685547
eta_lat_m55p389462_lon_m11p010422.npy,-55.389462,-11.010422,180,185,winter,5,0.17641438419620195
eta_lat_p11p027672_lon_m155p010422.npy,11.027672,-155.010422,195,200,winter,5,0.0879885454972585
eta_lat_m64p202515_lon_p48p989578.npy,-64.202515,48.989578,170,175,winter,5,0.07354373236497243
eta_lat_m40p414062_lon_p108p989594.npy,-40.414062,108.989594,115,120,winter,5,0.06389954934517543
eta_lat_m21p610189_lon_m131p010422.npy,-21.610189,-131.010422,180,185,winter,5,0.06917641560236613
eta_lat_m5p545479_lon_m101p010414.npy,-5.545479,-101.010414,125,130,winter,5,0.14236553510030112
eta_lat_m51p994694_lon_p138p989563.npy,-51.994694,138.989563,125,130,winter,5,0.09999093165000279
eta_lat_m44p523903_lon_p6p989578.npy,-44.523903,6.989578,135,140,winter,5,0.06949270889163017
eta_lat_m52p006847_lon_m11p010422.npy,-52.006847,-11.010422,145,150,winter,5,0.08899697164694469
eta_lat_m58p574665_lon_m113p010414.npy,-58.574665,-113.010414,160,165,winter,5,0.07987841467062633
eta_lat_m70p818817_lon_m112p992744.npy,-70.818817,-112.992744,135,140,winter,5,0.05964389691750208
eta_lat_m48p374134_lon_m131p010422.npy,-48.374134,-131.010422,155,160,winter,5,0.07562897354364395
eta_lat_m21p610189_lon_m11p010422.npy,-21.610189,-11.010422,140,145,winter,5,0.0654345378279686
eta_lat_m48p374134_lon_m143p010422.npy,-48.374134,-143.010422,120,125,winter,5,0.05267403523127238
eta_lat_m61p508057_lon_m17p010422.npy,-61.508057,-17.010422,145,150,winter,5,0.35155540704727173
eta_lat_p31p463802_lon_m137p010422.npy,31.463802,-137.010422,150,155,winter,5,0.07196113963921864
eta_lat_m64p202515_lon_m107p010414.npy,-64.202515,-107.010414,160,165,winter,5,0.05852037792404493
eta_lat_p48p374134_lon_m143p010422.npy,48.374134,-143.010422,175,180,winter,5,0.1565149873495102
eta_lat_p40p414062_lon_m155p010422.npy,40.414062,-155.010422,195,200,winter,5,0.10415398081143697
eta_lat_m66p662788_lon_p174p989563.npy,-66.662788,174.989563,145,150,winter,5,0.11673383911450703
eta_lat_p31p463802_lon_m53p010422.npy,31.463802,-53.010422,190,195,winter,5,0.08295261611541112
eta_lat_m68p928383_lon_m35p010422.npy,-68.928383,-35.010422,195,200,winter,5,0.6144636472066244
eta_lat_m31p463802_lon_p0p989578.npy,-31.463802,0.989578,135,140,winter,5,0.08014854167898496
eta_lat_m40p414062_lon_p18p989578.npy,-40.414062,18.989578,120,125,winter,5,0.19185165067513785
eta_lat_m16p395037_lon_p6p989578.npy,-16.395037,6.989578,160,165,winter,5,0.0701177790760994
eta_lat_p11p027672_lon_m125p010414.npy,11.027672,-125.010414,115,120,winter,5,0.11453998585542043
eta_lat_p11p027672_lon_m23p010422.npy,11.027672,-23.010422,145,150,winter,5,0.0973002165555954
eta_lat_m58p574665_lon_p72p989594.npy,-58.574665,72.989594,115,120,winter,5,0.08030204971631368
eta_lat_m55p400803_lon_p150p989563.npy,-55.400803,150.989563,140,145,winter,5,0.20011449853579202
eta_lat_m40p414062_lon_p42p989578.npy,-40.414062,42.989578,140,145,winter,5,0.11935683091481526
eta_lat_p40p414062_lon_m137p010422.npy,40.414062,-137.010422,155,160,winter,5,0.11541610956192017
eta_lat_m64p202515_lon_m113p010414.npy,-64.202515,-113.010414,145,150,winter,5,0.08293374627828598
eta_lat_m16p395037_lon_p102p989594.npy,-16.395037,102.989594,165,170,winter,5,0.07583471139272054
eta_lat_m52p006847_lon_m47p010422.npy,-52.006847,-47.010422,170,175,winter,5,0.07529598101973534
eta_lat_p36p058659_lon_m143p010422.npy,36.058659,-143.010422,160,165,winter,5,0.06494888911644618
eta_lat_m58p574665_lon_p132p989563.npy,-58.574665,132.989563,200,205,winter,5,0.1212729016939799
eta_lat_p16p395037_lon_p138p989563.npy,16.395037,138.989563,165,170,winter,5,0.11279747883478801
eta_lat_m70p951729_lon_m142p952744.npy,-70.951729,-142.952744,160,165,winter,5,0.49381836255391437
eta_lat_m55p389462_lon_m149p010422.npy,-55.389462,-149.010422,130,135,winter,5,0.07285704463720322
eta_lat_m51p994694_lon_m107p010414.npy,-51.994694,-107.010414,135,140,winter,5,0.08927089720964432
eta_lat_p16p395037_lon_p156p989563.npy,16.395037,156.989563,160,165,winter,5,0.10674067338307698
eta_lat_m66p662788_lon_m125p010414.npy,-66.662788,-125.010414,165,170,winter,5,0.0689998393257459
eta_lat_p5p545479_lon_m119p010414.npy,5.545479,-119.010414,200,205,winter,5,0.12530708809693655
eta_lat_m61p508057_lon_p36p989578.npy,-61.508057,36.989578,175,180,winter,5,0.08045425886909167
eta_lat_m64p202515_lon_m107p010414.npy,-64.202515,-107.010414,155,160,winter,5,0.06370485449830691
eta_lat_p31p463802_lon_m161p010422.npy,31.463802,-161.010422,130,135,winter,5,0.10566723843415578
eta_lat_m21p610189_lon_m11p010422.npy,-21.610189,-11.010422,170,175,winter,5,0.0857327605287234
eta_lat_p5p545479_lon_m23p010422.npy,5.545479,-23.010422,160,165,winter,5,0.12119457870721817
eta_lat_m40p414062_lon_p42p989578.npy,-40.414062,42.989578,135,140,winter,5,0.10787364095449448
eta_lat_m36p058659_lon_m95p010414.npy,-36.058659,-95.010414,175,180,winter,5,0.06358024477958679
eta_lat_m64p202515_lon_m77p010414.npy,-64.202515,-77.010414,120,125,winter,5,0.08366826176643372
eta_lat_m55p389462_lon_p174p989563.npy,-55.389462,174.989563,120,125,winter,5,0.12530586371819177
eta_lat_m51p994694_lon_m149p010422.npy,-51.994694,-149.010422,195,200,winter,5,0.1311167652408282
eta_lat_m21p610189_lon_p96p989594.npy,-21.610189,96.989594,165,170,winter,5,0.0803570772210757
eta_lat_p0p009682_lon_m143p010422.npy,0.009682,-143.010422,195,200,winter,5,0.10853447516759236
eta_lat_m64p202515_lon_p168p989563.npy,-64.202515,168.989563,190,195,winter,5,0.07958683619896571
eta_lat_m66p662788_lon_m41p010422.npy,-66.662788,-41.010422,120,125,winter,5,0.6787430842717489
eta_lat_m68p928383_lon_m11p010422.npy,-68.928383,-11.010422,150,155,winter,5,0.5444043874740601
eta_lat_m66p662788_lon_m35p010422.npy,-66.662788,-35.010422,155,160,winter,5,0.49442068735758465
eta_lat_m66p662788_lon_p12p989578.npy,-66.662788,12.989578,135,140,winter,5,0.3349798222382863
eta_lat_p21p610189_lon_m125p010414.npy,21.610189,-125.010414,180,185,winter,5,0.08643308530251186
eta_lat_m61p508057_lon_p30p989578.npy,-61.508057,30.989578,190,195,winter,5,0.09044333795706432
eta_lat_m16p395037_lon_m83p010414.npy,-16.395037,-83.010414,165,170,winter,5,0.07018347084522247
eta_lat_m51p994694_lon_m161p010422.npy,-51.994694,-161.010422,130,135,winter,5,0.11583890269200008
eta_lat_m40p414062_lon_p108p989594.npy,-40.414062,108.989594,155,160,winter,5,0.05888951073090235
eta_lat_p40p414062_lon_m23p010422.npy,40.414062,-23.010422,135,140,winter,5,0.08568472911914189
eta_lat_m64p202515_lon_p174p989563.npy,-64.202515,174.989563,170,175,winter,5,0.11107795437177022
eta_lat_m52p006847_lon_p114p989594.npy,-52.006847,114.989594,200,205,winter,5,0.06092941885193189
eta_lat_m61p508057_lon_m71p010414.npy,-61.508057,-71.010414,185,190,winter,5,0.1617442270119985
eta_lat_m61p508057_lon_m155p010422.npy,-61.508057,-155.010422,170,175,winter,5,0.13067318995793661
eta_lat_m55p389462_lon_p24p989578.npy,-55.389462,24.989578,145,150,winter,5,0.06858230754733086
eta_lat_m0p009682_lon_p78p989594.npy,-0.009682,78.989594,120,125,winter,5,0.14793862154086432
eta_lat_p36p058659_lon_m149p010422.npy,36.058659,-149.010422,120,125,winter,5,0.10038323700428009
eta_lat_p26p641497_lon_m155p010422.npy,26.641497,-155.010422,190,195,winter,5,0.07214671870072682
eta_lat_m61p508057_lon_p96p989594.npy,-61.508057,96.989594,190,195,winter,5,0.09547614554564159
eta_lat_m58p574665_lon_m65p010414.npy,-58.574665,-65.010414,165,170,winter,5,0.13451633850733438
eta_lat_m26p641497_lon_m11p010422.npy,-26.641497,-11.010422,195,200,winter,5,0.07110665366053581
eta_lat_m55p400803_lon_m101p010414.npy,-55.400803,-101.010414,160,165,winter,5,0.0680872971812884
eta_lat_m55p400803_lon_m89p010414.npy,-55.400803,-89.010414,115,120,winter,5,0.10046041756868362
eta_lat_m73p859009_lon_m35p162323.npy,-73.859009,-35.162323,115,120,winter,5,0.3407941460609436
eta_lat_m66p662788_lon_m173p010422.npy,-66.662788,-173.010422,155,160,winter,5,0.12429355829954147
eta_lat_m11p027672_lon_m131p010422.npy,-11.027672,-131.010422,130,135,winter,5,0.10166827340920766
eta_lat_m52p006847_lon_m47p010422.npy,-52.006847,-47.010422,175,180,winter,5,0.08944914489984512
eta_lat_m55p400803_lon_p30p989578.npy,-55.400803,30.989578,135,140,winter,5,0.11358292897542317
eta_lat_m51p994694_lon_m23p010422.npy,-51.994694,-23.010422,180,185,winter,5,0.12797726194063822
eta_lat_m52p006847_lon_p12p989578.npy,-52.006847,12.989578,180,185,winter,5,0.07320877040425937
eta_lat_m58p574665_lon_p108p989594.npy,-58.574665,108.989594,125,130,winter,5,0.06512115026513736
eta_lat_m48p374134_lon_m173p010422.npy,-48.374134,-173.010422,170,175,winter,5,0.10461055984099706
eta_lat_m64p202515_lon_m119p010414.npy,-64.202515,-119.010414,155,160,winter,5,0.057180372377236686
eta_lat_p36p058659_lon_m65p010414.npy,36.058659,-65.010414,135,140,winter,5,0.16922802229722342
eta_lat_p31p463802_lon_p174p989563.npy,31.463802,174.989563,160,165,winter,5,0.07866085817416509
eta_lat_m61p508057_lon_m101p010414.npy,-61.508057,-101.010414,200,205,winter,5,0.09085791061321895
eta_lat_m5p545479_lon_m23p010422.npy,-5.545479,-23.010422,150,155,winter,5,0.08707207192977269
eta_lat_m68p928383_lon_m35p010422.npy,-68.928383,-35.010422,190,195,winter,5,0.4591070810953776
eta_lat_m48p374134_lon_m167p010422.npy,-48.374134,-167.010422,115,120,winter,5,0.06702518463134766
eta_lat_m55p400803_lon_p24p989578.npy,-55.400803,24.989578,170,175,winter,5,0.06264668082197507
eta_lat_p11p027672_lon_m35p010422.npy,11.027672,-35.010422,130,135,winter,5,0.10558524231115977
eta_lat_p36p058659_lon_m47p010422.npy,36.058659,-47.010422,180,185,winter,5,0.11061574518680573
eta_lat_m52p006847_lon_m29p010422.npy,-52.006847,-29.010422,125,130,winter,5,0.15722832580407461
eta_lat_p21p610189_lon_m53p010422.npy,21.610189,-53.010422,200,205,winter,5,0.08973612139622371
eta_lat_m51p994694_lon_p138p989563.npy,-51.994694,138.989563,175,180,winter,5,0.0783212383588155
eta_lat_m55p389462_lon_m125p010414.npy,-55.389462,-125.010414,160,165,winter,5,0.09447632233301799
eta_lat_m40p414062_lon_m119p010414.npy,-40.414062,-119.010414,145,150,winter,5,0.05489728351434072
eta_lat_p5p545479_lon_p60p989578.npy,5.545479,60.989578,165,170,winter,5,0.09281861533721288
eta_lat_m26p641497_lon_p78p989594.npy,-26.641497,78.989594,160,165,winter,5,0.06504849344491959
eta_lat_m71p317345_lon_m23p007370.npy,-71.317345,-23.00737,200,205,winter,5,0.17808879911899567
eta_lat_m16p395037_lon_p84p989594.npy,-16.395037,84.989594,150,155,winter,5,0.0870371734102567
eta_lat_m51p994694_lon_p138p989563.npy,-51.994694,138.989563,195,200,winter,5,0.07896249368786812
eta_lat_m61p508057_lon_p6p989578.npy,-61.508057,6.989578,180,185,winter,5,0.11495213707288106
eta_lat_p36p058659_lon_m41p010422.npy,36.058659,-41.010422,190,195,winter,5,0.11252927283445995
eta_lat_m55p389462_lon_p120p989594.npy,-55.389462,120.989594,160,165,winter,5,0.13815182944138846
eta_lat_m66p662788_lon_m17p010422.npy,-66.662788,-17.010422,155,160,winter,5,0.7256878614425659
eta_lat_m16p395037_lon_m131p010422.npy,-16.395037,-131.010422,170,175,winter,5,0.0790157640973727
eta_lat_p44p523903_lon_p174p989563.npy,44.523903,174.989563,145,150,winter,5,0.11946529398361842
eta_lat_m55p400803_lon_p78p989594.npy,-55.400803,78.989594,185,190,winter,5,0.08600860337416331
eta_lat_m11p027672_lon_m29p010422.npy,-11.027672,-29.010422,150,155,winter,5,0.07115945344169934
eta_lat_m11p027672_lon_m113p010414.npy,-11.027672,-113.010414,145,150,winter,5,0.08544407784938812
eta_lat_p31p463802_lon_p162p989563.npy,31.463802,162.989563,190,195,winter,5,0.16159265240033469
eta_lat_m58p574665_lon_p18p989578.npy,-58.574665,18.989578,165,170,winter,5,0.086398101101319
eta_lat_p48p374134_lon_m161p010422.npy,48.374134,-161.010422,185,190,winter,5,0.08366039643685023
eta_lat_p31p463802_lon_m71p010414.npy,31.463802,-71.010414,135,140,winter,5,0.13651134570439658
eta_lat_m68p928383_lon_m143p010422.npy,-68.928383,-143.010422,180,185,winter,5,0.06362417340278625
eta_lat_m48p374134_lon_p12p989578.npy,-48.374134,12.989578,115,120,winter,5,0.09220308313767116
eta_lat_m55p389462_lon_m47p010422.npy,-55.389462,-47.010422,195,200,winter,5,0.0943315823872884
eta_lat_m61p508057_lon_p114p989594.npy,-61.508057,114.989594,185,190,winter,5,0.08388519287109375
eta_lat_m64p202515_lon_m5p010422.npy,-64.202515,-5.010422,145,150,winter,5,0.48714157938957214
eta_lat_m51p994694_lon_p96p989594.npy,-51.994694,96.989594,140,145,winter,5,0.1115106890598933
eta_lat_m26p641497_lon_m167p010422.npy,-26.641497,-167.010422,140,145,winter,5,0.0678094116350015
eta_lat_p48p374134_lon_m137p010422.npy,48.374134,-137.010422,115,120,winter,5,0.07118668407201767
eta_lat_m21p610189_lon_m17p010422.npy,-21.610189,-17.010422,135,140,winter,5,0.06793822720646858
eta_lat_m52p006847_lon_m149p010422.npy,-52.006847,-149.010422,170,175,winter,5,0.07688711086908977
eta_lat_m61p508057_lon_m17p010422.npy,-61.508057,-17.010422,115,120,winter,5,0.6046890616416931
eta_lat_m51p994694_lon_m83p010414.npy,-51.994694,-83.010414,160,165,winter,5,0.04705387353897095
eta_lat_m51p994694_lon_m131p010422.npy,-51.994694,-131.010422,170,175,winter,5,0.09478170424699783
eta_lat_m55p400803_lon_p12p989578.npy,-55.400803,12.989578,140,145,winter,5,0.05755678191781044
eta_lat_m21p610189_lon_p78p989594.npy,-21.610189,78.989594,130,135,winter,5,0.07355210433403651
eta_lat_m51p994694_lon_p84p989594.npy,-51.994694,84.989594,170,175,winter,5,0.11666473746299744
eta_lat_m48p374134_lon_p102p989594.npy,-48.374134,102.989594,170,175,winter,5,0.06587934245665868
eta_lat_m11p027672_lon_m95p010414.npy,-11.027672,-95.010414,175,180,winter,5,0.10773185392220815
eta_lat_p63p711063_lon_m29p662918.npy,63.711063,-29.662918,145,150,winter,5,0.1163434088230133
eta_lat_m48p374134_lon_p60p989578.npy,-48.374134,60.989578,140,145,winter,5,0.07322048768401146
eta_lat_p44p523903_lon_m149p010422.npy,44.523903,-149.010422,165,170,winter,5,0.08940735459327698
eta_lat_m55p389462_lon_p126p989594.npy,-55.389462,126.989594,190,195,winter,5,0.13841605434815088
eta_lat_m55p389462_lon_m53p010422.npy,-55.389462,-53.010422,160,165,winter,5,0.1661497304836909
eta_lat_m0p009682_lon_m11p010422.npy,-0.009682,-11.010422,130,135,winter,5,0.11033430695533752
eta_lat_m40p414062_lon_p48p989578.npy,-40.414062,48.989578,170,175,winter,5,0.0828821137547493
eta_lat_m64p202515_lon_p12p989578.npy,-64.202515,12.989578,165,170,winter,5,0.08984937270482381
eta_lat_p44p523903_lon_m131p010422.npy,44.523903,-131.010422,180,185,winter,5,0.11800292134284973
eta_lat_m16p395037_lon_p78p989594.npy,-16.395037,78.989594,115,120,winter,5,0.0893864780664444
eta_lat_m31p463802_lon_m173p010422.npy,-31.463802,-173.010422,190,195,winter,5,0.06055223196744919
eta_lat_m55p400803_lon_m131p010422.npy,-55.400803,-131.010422,150,155,winter,5,0.14572050174077353
eta_lat_m21p610189_lon_m11p010422.npy,-21.610189,-11.010422,175,180,winter,5,0.07815100997686386
eta_lat_m55p389462_lon_m23p010422.npy,-55.389462,-23.010422,195,200,winter,5,0.09286692117651303
eta_lat_m64p202515_lon_m83p010414.npy,-64.202515,-83.010414,130,135,winter,5,0.10248492409785588
eta_lat_m68p928383_lon_m17p010422.npy,-68.928383,-17.010422,165,170,winter,5,0.30919114748636883
eta_lat_m36p058659_lon_m41p010422.npy,-36.058659,-41.010422,165,170,winter,5,0.08320401112238567
eta_lat_p11p027672_lon_m47p010422.npy,11.027672,-47.010422,150,155,winter,5,0.07776360958814621
eta_lat_p44p523903_lon_m131p010422.npy,44.523903,-131.010422,150,155,winter,5,0.10507838676373164
eta_lat_m48p374134_lon_p138p989563.npy,-48.374134,138.989563,170,175,winter,5,0.10889565199613571
eta_lat_m64p202515_lon_p6p989578.npy,-64.202515,6.989578,155,160,winter,5,0.1633762220541636
eta_lat_m68p928383_lon_m119p010414.npy,-68.928383,-119.010414,145,150,winter,5,0.06716181834538777
eta_lat_m64p202515_lon_p156p989563.npy,-64.202515,156.989563,125,130,winter,5,0.05987016359965006
eta_lat_m64p202515_lon_m95p010414.npy,-64.202515,-95.010414,145,150,winter,5,0.07380741586287816
eta_lat_p11p027672_lon_p174p989563.npy,11.027672,174.989563,170,175,winter,5,0.09747944275538127
eta_lat_m58p574665_lon_p18p989578.npy,-58.574665,18.989578,185,190,winter,5,0.05551352227727572
eta_lat_m58p574665_lon_p54p989578.npy,-58.574665,54.989578,170,175,winter,5,0.08390497912963231
eta_lat_p5p545479_lon_p66p989594.npy,5.545479,66.989594,150,155,winter,5,0.1353204200665156
eta_lat_m71p197975_lon_m172p950165.npy,-71.197975,-172.950165,190,195,winter,5,1.825164794921875
eta_lat_m51p994694_lon_p174p989563.npy,-51.994694,174.989563,175,180,winter,5,0.1988087793191274
eta_lat_m44p523903_lon_p156p989563.npy,-44.523903,156.989563,175,180,winter,5,0.09099372973044713
eta_lat_m44p523903_lon_p132p989563.npy,-44.523903,132.989563,170,175,winter,5,0.0684620092312495
eta_lat_m61p508057_lon_p30p989578.npy,-61.508057,30.989578,150,155,winter,5,0.06976300477981567
eta_lat_m61p508057_lon_m149p010422.npy,-61.508057,-149.010422,180,185,winter,5,0.08547277996937434
eta_lat_p51p994694_lon_m29p010422.npy,51.994694,-29.010422,140,145,winter,5,0.1306236982345581
eta_lat_m5p545479_lon_m167p010422.npy,-5.545479,-167.010422,190,195,winter,5,0.10837522149085999
eta_lat_m58p574665_lon_p174p989563.npy,-58.574665,174.989563,195,200,winter,5,0.07597156862417857
eta_lat_m26p641497_lon_p108p989594.npy,-26.641497,108.989594,145,150,winter,5,0.08539969722429912
eta_lat_m64p202515_lon_m155p010422.npy,-64.202515,-155.010422,115,120,winter,5,0.856314480304718
eta_lat_m26p641497_lon_m23p010422.npy,-26.641497,-23.010422,190,195,winter,5,0.0750168909629186
eta_lat_p0p009682_lon_m125p010414.npy,0.009682,-125.010414,190,195,winter,5,0.10930278400580089
eta_lat_m55p400803_lon_m161p010422.npy,-55.400803,-161.010422,150,155,winter,5,0.1036311537027359
eta_lat_m55p400803_lon_m17p010422.npy,-55.400803,-17.010422,155,160,winter,5,0.07209127520521481
eta_lat_m66p662788_lon_p12p989578.npy,-66.662788,12.989578,200,205,winter,5,0.9649437268575033
eta_lat_m11p027672_lon_p84p989594.npy,-11.027672,84.989594,160,165,winter,5,0.08869556089242299
eta_lat_p16p395037_lon_m47p010422.npy,16.395037,-47.010422,170,175,winter,5,0.0680905853708585
eta_lat_p26p641497_lon_m155p010422.npy,26.641497,-155.010422,125,130,winter,5,0.06733632832765579
eta_lat_m26p641497_lon_m29p010422.npy,-26.641497,-29.010422,175,180,winter,5,0.07883782188097636
eta_lat_m36p058659_lon_p108p989594.npy,-36.058659,108.989594,155,160,winter,5,0.09039746224880219
eta_lat_m66p662788_lon_m125p010414.npy,-66.662788,-125.010414,120,125,winter,5,0.08904275049765904
eta_lat_m36p058659_lon_m95p010414.npy,-36.058659,-95.010414,195,200,winter,5,0.06278375163674355
eta_lat_p21p610189_lon_m137p010422.npy,21.610189,-137.010422,185,190,winter,5,0.0963384136557579
eta_lat_m31p463802_lon_m155p010422.npy,-31.463802,-155.010422,175,180,winter,5,0.06303566197554271
eta_lat_m52p006847_lon_m5p010422.npy,-52.006847,-5.010422,145,150,winter,5,0.06694886709252994
eta_lat_m26p641497_lon_p6p989578.npy,-26.641497,6.989578,140,145,winter,5,0.06620106101036072
eta_lat_m68p928383_lon_m11p010422.npy,-68.928383,-11.010422,190,195,winter,5,0.3285005788008372
eta_lat_m26p641497_lon_p102p989594.npy,-26.641497,102.989594,195,200,winter,5,0.062377930929263435
eta_lat_m31p463802_lon_p0p989578.npy,-31.463802,0.989578,180,185,winter,5,0.08362874140342076
eta_lat_p21p610189_lon_m35p010422.npy,21.610189,-35.010422,190,195,winter,5,0.07409135500590007
eta_lat_m16p395037_lon_m23p010422.npy,-16.395037,-23.010422,125,130,winter,5,0.0921063522497813
eta_lat_m21p610189_lon_p78p989594.npy,-21.610189,78.989594,185,190,winter,5,0.08622410893440247
eta_lat_m40p414062_lon_m95p010414.npy,-40.414062,-95.010414,125,130,winter,5,0.061020687222480774
eta_lat_m44p523903_lon_m29p010422.npy,-44.523903,-29.010422,125,130,winter,5,0.04744091878334681
eta_lat_m52p006847_lon_m5p010422.npy,-52.006847,-5.010422,165,170,winter,5,0.10112441331148148
eta_lat_m36p058659_lon_m167p010422.npy,-36.058659,-167.010422,185,190,winter,5,0.07898704831798871
eta_lat_m68p928383_lon_m113p010414.npy,-68.928383,-113.010414,200,205,winter,5,0.0413741742571195
eta_lat_p16p395037_lon_m173p010422.npy,16.395037,-173.010422,175,180,winter,5,0.08993719766537349
eta_lat_p0p009682_lon_m119p010414.npy,0.009682,-119.010414,185,190,winter,5,0.10424317171176274
eta_lat_m40p414062_lon_p108p989594.npy,-40.414062,108.989594,150,155,winter,5,0.06267837310830753
eta_lat_m58p574665_lon_m101p010414.npy,-58.574665,-101.010414,140,145,winter,5,0.08368655294179916
eta_lat_m40p414062_lon_m155p010422.npy,-40.414062,-155.010422,125,130,winter,5,0.06826900069912274
eta_lat_m61p508057_lon_p36p989578.npy,-61.508057,36.989578,150,155,winter,5,0.05914341410001119
eta_lat_p36p058659_lon_m59p010422.npy,36.058659,-59.010422,150,155,winter,5,0.16813084483146667
eta_lat_m51p994694_lon_p108p989594.npy,-51.994694,108.989594,165,170,winter,5,0.07309048622846603
eta_lat_p44p523903_lon_m137p010422.npy,44.523903,-137.010422,150,155,winter,5,0.10306979715824127
eta_lat_p21p610189_lon_m35p010422.npy,21.610189,-35.010422,115,120,winter,5,0.07248604794343312
eta_lat_m48p374134_lon_m155p010422.npy,-48.374134,-155.010422,120,125,winter,5,0.05073055376609167
eta_lat_m31p463802_lon_p48p989578.npy,-31.463802,48.989578,155,160,winter,5,0.10742353896299998
eta_lat_m31p463802_lon_m143p010422.npy,-31.463802,-143.010422,135,140,winter,5,0.07313691576321919
eta_lat_p48p374134_lon_p174p989563.npy,48.374134,174.989563,190,195,winter,5,0.1550766477982203
eta_lat_m61p508057_lon_p48p989578.npy,-61.508057,48.989578,115,120,winter,5,0.07226201146841049
eta_lat_m31p463802_lon_p36p989578.npy,-31.463802,36.989578,170,175,winter,5,0.08425482610861461
eta_lat_m26p641497_lon_m173p010422.npy,-26.641497,-173.010422,130,135,winter,5,0.09937759240468343
eta_lat_m73p796959_lon_m41p244324.npy,-73.796959,-41.244324,115,120,winter,5,0.4357091287771861
eta_lat_m16p395037_lon_p108p989594.npy,-16.395037,108.989594,130,135,winter,5,0.08609576771656673
eta_lat_m48p374134_lon_m161p010422.npy,-48.374134,-161.010422,185,190,winter,5,0.09545699258645375
eta_lat_m64p202515_lon_p66p989594.npy,-64.202515,66.989594,125,130,winter,5,0.611863374710083
eta_lat_m0p009682_lon_p90p989594.npy,-0.009682,90.989594,120,125,winter,5,0.15219215552012125
eta_lat_m61p508057_lon_p54p989578.npy,-61.508057,54.989578,165,170,winter,5,0.08770051350196202
eta_lat_m44p523903_lon_m155p010422.npy,-44.523903,-155.010422,120,125,winter,5,0.06047319124142329
eta_lat_m21p610189_lon_p0p989578.npy,-21.610189,0.989578,200,205,winter,5,0.06942263493935268
eta_lat_m52p006847_lon_p156p989563.npy,-52.006847,156.989563,150,155,winter,5,0.15133804082870483
eta_lat_p31p463802_lon_m47p010422.npy,31.463802,-47.010422,150,155,winter,5,0.05896844963232676
eta_lat_m55p389462_lon_p42p989578.npy,-55.389462,42.989578,190,195,winter,5,0.07415699462095897
eta_lat_m26p641497_lon_m113p010414.npy,-26.641497,-113.010414,165,170,winter,5,0.05529329180717468
eta_lat_p11p027672_lon_m131p010422.npy,11.027672,-131.010422,120,125,winter,5,0.10709596673647563
eta_lat_m44p523903_lon_p126p989594.npy,-44.523903,126.989594,180,185,winter,5,0.07040402417381604
eta_lat_m5p545479_lon_p66p989594.npy,-5.545479,66.989594,115,120,winter,5,0.110261137286822
eta_lat_m66p662788_lon_m53p010422.npy,-66.662788,-53.010422,160,165,winter,5,0.44743551810582477
eta_lat_m31p463802_lon_m155p010422.npy,-31.463802,-155.010422,120,125,winter,5,0.057788132379452385
eta_lat_m48p374134_lon_m5p010422.npy,-48.374134,-5.010422,135,140,winter,5,0.07915790379047394
eta_lat_m36p058659_lon_p48p989578.npy,-36.058659,48.989578,115,120,winter,5,0.06774162997802098
eta_lat_p11p027672_lon_m23p010422.npy,11.027672,-23.010422,150,155,winter,5,0.10707732290029526
eta_lat_m16p395037_lon_m125p010414.npy,-16.395037,-125.010414,190,195,winter,5,0.07028201719125111
eta_lat_m55p389462_lon_p30p989578.npy,-55.389462,30.989578,120,125,winter,5,0.12680510679880777
eta_lat_m71p306725_lon_m29p016449.npy,-71.306725,-29.016449,150,155,winter,5,1.2217638889948528
eta_lat_m48p374134_lon_p30p989578.npy,-48.374134,30.989578,155,160,winter,5,0.08426651606957118
eta_lat_m58p574665_lon_p78p989594.npy,-58.574665,78.989594,135,140,winter,5,0.1244555910428365
eta_lat_m66p662788_lon_m83p010414.npy,-66.662788,-83.010414,175,180,winter,5,0.19790460169315338
eta_lat_m64p202515_lon_p24p989578.npy,-64.202515,24.989578,180,185,winter,5,0.06974145025014877
eta_lat_m55p389462_lon_p168p989563.npy,-55.389462,168.989563,115,120,winter,5,0.6532699863115946
eta_lat_p31p463802_lon_p174p989563.npy,31.463802,174.989563,180,185,winter,5,0.08436862379312515
eta_lat_m40p414062_lon_m23p010422.npy,-40.414062,-23.010422,155,160,winter,5,0.06548562397559483
eta_lat_m71p260567_lon_p175p038208.npy,-71.260567,175.038208,145,150,winter,5,0.22650857269763947
eta_lat_m55p400803_lon_p24p989578.npy,-55.400803,24.989578,185,190,winter,5,0.0483159584303697
eta_lat_m16p395037_lon_p54p989578.npy,-16.395037,54.989578,175,180,winter,5,0.07307495921850204
eta_lat_m31p463802_lon_m107p010414.npy,-31.463802,-107.010414,130,135,winter,5,0.05465860664844513
eta_lat_m51p994694_lon_p96p989594.npy,-51.994694,96.989594,160,165,winter,5,0.14840368429819742
eta_lat_m52p006847_lon_m119p010414.npy,-52.006847,-119.010414,195,200,winter,5,0.07984687636295955
eta_lat_p36p058659_lon_p156p989563.npy,36.058659,156.989563,140,145,winter,5,0.15164565543333688
eta_lat_m11p027672_lon_m119p010414.npy,-11.027672,-119.010414,115,120,winter,5,0.07915373891592026
eta_lat_m68p928383_lon_m131p010422.npy,-68.928383,-131.010422,155,160,winter,5,0.06436727195978165
eta_lat_m48p374134_lon_m161p010422.npy,-48.374134,-161.010422,165,170,winter,5,0.06804044420520465
eta_lat_m55p400803_lon_m89p010414.npy,-55.400803,-89.010414,165,170,winter,5,0.06128543242812157
eta_lat_m40p414062_lon_p102p989594.npy,-40.414062,102.989594,190,195,winter,5,0.06996820122003555
eta_lat_m58p574665_lon_p24p989578.npy,-58.574665,24.989578,160,165,winter,5,0.07873232911030452
eta_lat_p40p414062_lon_m143p010422.npy,40.414062,-143.010422,165,170,winter,5,0.08520918091138203
eta_lat_m52p006847_lon_p6p989578.npy,-52.006847,6.989578,150,155,winter,5,0.07725642869869868
eta_lat_m31p463802_lon_m23p010422.npy,-31.463802,-23.010422,120,125,winter,5,0.06365025043487549
eta_lat_m70p857033_lon_m130p966385.npy,-70.857033,-130.966385,185,190,winter,5,0.34967585404713947
eta_lat_p16p395037_lon_m47p010422.npy,16.395037,-47.010422,180,185,winter,5,0.08825771510601044
eta_lat_m40p414062_lon_p84p989594.npy,-40.414062,84.989594,190,195,winter,5,0.11670256406068802
eta_lat_m58p574665_lon_m11p010422.npy,-58.574665,-11.010422,155,160,winter,5,0.09203522776563962
eta_lat_p26p641497_lon_m137p010422.npy,26.641497,-137.010422,135,140,winter,5,0.08409034957488377
eta_lat_m52p006847_lon_m155p010422.npy,-52.006847,-155.010422,160,165,winter,5,0.08555639286835988
eta_lat_m66p662788_lon_m125p010414.npy,-66.662788,-125.010414,170,175,winter,5,0.09004053970177968
eta_lat_m52p006847_lon_m149p010422.npy,-52.006847,-149.010422,155,160,winter,5,0.0923856720328331
eta_lat_m66p662788_lon_p0p989578.npy,-66.662788,0.989578,155,160,winter,5,0.3634079496065776
eta_lat_m55p400803_lon_p168p989563.npy,-55.400803,168.989563,115,120,winter,5,0.5894056061903635
eta_lat_m5p545479_lon_p84p989594.npy,-5.545479,84.989594,120,125,winter,5,0.11417377243439357
eta_lat_m58p574665_lon_m53p010422.npy,-58.574665,-53.010422,165,170,winter,5,0.12699963649113974
eta_lat_m55p389462_lon_p42p989578.npy,-55.389462,42.989578,170,175,winter,5,0.07889316231012344
eta_lat_m36p058659_lon_m137p010422.npy,-36.058659,-137.010422,200,205,winter,5,0.1821174149711927
eta_lat_p31p463802_lon_m35p010422.npy,31.463802,-35.010422,195,200,winter,5,0.09409248580535252
eta_lat_m51p994694_lon_m101p010414.npy,-51.994694,-101.010414,120,125,winter,5,0.06541756043831508
eta_lat_p16p395037_lon_p162p989563.npy,16.395037,162.989563,145,150,winter,5,0.08494897186756134
eta_lat_p16p395037_lon_p138p989563.npy,16.395037,138.989563,160,165,winter,5,0.11377922197182973
eta_lat_m44p523903_lon_p84p989594.npy,-44.523903,84.989594,135,140,winter,5,0.14907837907473245
eta_lat_m31p463802_lon_m95p010414.npy,-31.463802,-95.010414,135,140,winter,5,0.0770329087972641
eta_lat_m51p994694_lon_m155p010422.npy,-51.994694,-155.010422,120,125,winter,5,0.11670792599519093
eta_lat_m11p027672_lon_m83p010414.npy,-11.027672,-83.010414,145,150,winter,5,0.08712356785933177
eta_lat_m64p202515_lon_p12p989578.npy,-64.202515,12.989578,120,125,winter,5,0.22841477394104004
eta_lat_p48p374134_lon_m35p010422.npy,48.374134,-35.010422,200,205,winter,5,0.06867027282714844
eta_lat_m61p508057_lon_p174p989563.npy,-61.508057,174.989563,185,190,winter,5,0.11826450874408086
eta_lat_p11p027672_lon_m47p010422.npy,11.027672,-47.010422,180,185,winter,5,0.08852285395065944
eta_lat_m55p400803_lon_p144p989563.npy,-55.400803,144.989563,130,135,winter,5,0.053562390307585396
eta_lat_m58p574665_lon_m161p010422.npy,-58.574665,-161.010422,130,135,winter,5,0.11866142104069392
eta_lat_p51p994694_lon_m47p010422.npy,51.994694,-47.010422,145,150,winter,5,0.10611904660860698
eta_lat_m44p523903_lon_m41p010422.npy,-44.523903,-41.010422,165,170,winter,5,0.16203013559182486
eta_lat_m64p202515_lon_m107p010414.npy,-64.202515,-107.010414,140,145,winter,5,0.07585546125968297
eta_lat_m58p574665_lon_p36p989578.npy,-58.574665,36.989578,200,205,winter,5,0.061206708351771034
eta_lat_m68p928383_lon_m41p010422.npy,-68.928383,-41.010422,180,185,winter,5,0.7563341657320658
eta_lat_m21p610189_lon_p96p989594.npy,-21.610189,96.989594,185,190,winter,5,0.07741035769383113
eta_lat_m40p414062_lon_m101p010414.npy,-40.414062,-101.010414,145,150,winter,5,0.06568543364604314
eta_lat_p31p463802_lon_m131p010422.npy,31.463802,-131.010422,150,155,winter,5,0.06308679282665253
eta_lat_m73p720367_lon_m47p316681.npy,-73.720367,-47.316681,130,135,winter,5,0.6107661525408427
eta_lat_p0p009682_lon_m137p010422.npy,0.009682,-137.010422,195,200,winter,5,0.10826446364323299
eta_lat_m61p508057_lon_p90p989594.npy,-61.508057,90.989594,180,185,winter,5,0.19902044037977853
eta_lat_m73p291496_lon_m160p547073.npy,-73.291496,-160.547073,185,190,winter,5,1.721882740656535
eta_lat_m44p523903_lon_m161p010422.npy,-44.523903,-161.010422,170,175,winter,5,0.06833907340963681
eta_lat_m61p508057_lon_m11p010422.npy,-61.508057,-11.010422,195,200,winter,5,0.07199528565009435
eta_lat_m40p414062_lon_m173p010422.npy,-40.414062,-173.010422,120,125,winter,5,0.0628292274971803
eta_lat_m68p928383_lon_m23p010422.npy,-68.928383,-23.010422,180,185,winter,5,0.7507192889849345
eta_lat_m26p641497_lon_p102p989594.npy,-26.641497,102.989594,155,160,winter,5,0.06255851934353511
eta_lat_m55p400803_lon_m149p010422.npy,-55.400803,-149.010422,165,170,winter,5,0.06795984134078026
eta_lat_m73p118896_lon_m154p539932.npy,-73.118896,-154.539932,115,120,winter,5,0.9907674988110861
eta_lat_m58p574665_lon_p0p989578.npy,-58.574665,0.989578,140,145,winter,5,0.10809486111005147
eta_lat_m44p523903_lon_m35p010422.npy,-44.523903,-35.010422,115,120,winter,5,0.10943465928236644
eta_lat_m16p395037_lon_m83p010414.npy,-16.395037,-83.010414,125,130,winter,5,0.0914812038342158
eta_lat_m52p006847_lon_m137p010422.npy,-52.006847,-137.010422,160,165,winter,5,0.12135408322016399
eta_lat_m61p508057_lon_m83p010414.npy,-61.508057,-83.010414,120,125,winter,5,0.06767965853214264
eta_lat_m40p414062_lon_p36p989578.npy,-40.414062,36.989578,130,135,winter,5,0.20916810631752014
eta_lat_m61p508057_lon_p0p989578.npy,-61.508057,0.989578,150,155,winter,5,0.0654904879629612
eta_lat_m61p508057_lon_p6p989578.npy,-61.508057,6.989578,190,195,winter,5,0.11354322483142217
eta_lat_m40p414062_lon_m41p010422.npy,-40.414062,-41.010422,185,190,winter,5,0.11477272709210713
eta_lat_m58p574665_lon_p84p989594.npy,-58.574665,84.989594,145,150,winter,5,0.4019525349140167
eta_lat_m48p374134_lon_p96p989594.npy,-48.374134,96.989594,190,195,winter,5,0.09654815246661504
eta_lat_m48p374134_lon_p18p989578.npy,-48.374134,18.989578,195,200,winter,5,0.18195738891760507
eta_lat_m55p389462_lon_m167p010422.npy,-55.389462,-167.010422,185,190,winter,5,0.0807234173019727
eta_lat_m55p389462_lon_p36p989578.npy,-55.389462,36.989578,155,160,winter,5,0.09849029282728831
eta_lat_p16p395037_lon_m41p010422.npy,16.395037,-41.010422,155,160,winter,5,0.08716494838396709
eta_lat_p0p009682_lon_m113p010414.npy,0.009682,-113.010414,125,130,winter,5,0.11397041132052739
eta_lat_m36p058659_lon_m101p010414.npy,-36.058659,-101.010414,195,200,winter,5,0.06355863188703854
eta_lat_m52p006847_lon_p36p989578.npy,-52.006847,36.989578,140,145,winter,5,0.10528841863075893
eta_lat_m26p641497_lon_p102p989594.npy,-26.641497,102.989594,200,205,winter,5,0.06197658181190491
eta_lat_m21p610189_lon_p108p989594.npy,-21.610189,108.989594,125,130,winter,5,0.07676627114415169
eta_lat_m31p463802_lon_m41p010422.npy,-31.463802,-41.010422,140,145,winter,5,0.06729553019007047
eta_lat_p5p545479_lon_m29p010422.npy,5.545479,-29.010422,135,140,winter,5,0.10881150265534718
eta_lat_m48p374134_lon_m89p010414.npy,-48.374134,-89.010414,195,200,winter,5,0.06249760091304779
eta_lat_m40p414062_lon_p90p989594.npy,-40.414062,90.989594,185,190,winter,5,0.08972541491190593
eta_lat_m40p414062_lon_p24p989578.npy,-40.414062,24.989578,145,150,winter,5,0.12420995285113652
eta_lat_m48p374134_lon_p102p989594.npy,-48.374134,102.989594,185,190,winter,5,0.0799373189608256
eta_lat_m55p400803_lon_p24p989578.npy,-55.400803,24.989578,180,185,winter,5,0.05475964645544688
eta_lat_m48p374134_lon_m95p010414.npy,-48.374134,-95.010414,195,200,winter,5,0.0910516008734703
eta_lat_m48p374134_lon_m11p010422.npy,-48.374134,-11.010422,150,155,winter,5,0.09572462737560272
eta_lat_m0p009682_lon_m35p010422.npy,-0.009682,-35.010422,135,140,winter,5,0.09974845002094905
eta_lat_m64p202515_lon_p12p989578.npy,-64.202515,12.989578,135,140,winter,5,0.1868270089228948
eta_lat_m31p463802_lon_m89p010414.npy,-31.463802,-89.010414,155,160,winter,5,0.059801713873942695
eta_lat_m75p574257_lon_m165p651382.npy,-75.574257,-165.651382,155,160,winter,5,4.059928814570109
eta_lat_m51p994694_lon_p120p989594.npy,-51.994694,120.989594,175,180,winter,5,0.13353228320678076
eta_lat_p11p027672_lon_m131p010422.npy,11.027672,-131.010422,175,180,winter,5,0.11959769576787949
eta_lat_m21p610189_lon_m95p010414.npy,-21.610189,-95.010414,130,135,winter,5,0.06496875484784444
eta_lat_m58p574665_lon_m107p010414.npy,-58.574665,-107.010414,170,175,winter,5,0.0870787650346756
eta_lat_m40p414062_lon_p126p989594.npy,-40.414062,126.989594,125,130,winter,5,0.06449244916439056
eta_lat_p36p058659_lon_m131p010422.npy,36.058659,-131.010422,135,140,winter,5,0.07546255737543106
eta_lat_p40p414062_lon_m17p010422.npy,40.414062,-17.010422,130,135,winter,5,0.0606572354833285
eta_lat_m61p508057_lon_p0p989578.npy,-61.508057,0.989578,130,135,winter,5,0.24101576209068298
eta_lat_m21p610189_lon_m113p010414.npy,-21.610189,-113.010414,120,125,winter,5,0.07024664804339409
eta_lat_m52p006847_lon_p96p989594.npy,-52.006847,96.989594,160,165,winter,5,0.1244095116853714
eta_lat_p44p523903_lon_m17p010422.npy,44.523903,-17.010422,150,155,winter,5,0.09923392534255981
eta_lat_m58p574665_lon_p108p989594.npy,-58.574665,108.989594,190,195,winter,5,0.07960435251394908
eta_lat_m71p110893_lon_m160p945129.npy,-71.110893,-160.945129,175,180,winter,5,0.6082167625427246
eta_lat_m31p463802_lon_p174p989563.npy,-31.463802,174.989563,125,130,winter,5,0.09849925090869267
eta_lat_m66p662788_lon_m23p010422.npy,-66.662788,-23.010422,175,180,winter,5,0.7473393281300863
eta_lat_p36p058659_lon_m131p010422.npy,36.058659,-131.010422,175,180,winter,5,0.0769893154501915
eta_lat_m55p389462_lon_p150p989563.npy,-55.389462,150.989563,135,140,winter,5,0.17230618000030518
eta_lat_m5p545479_lon_m23p010422.npy,-5.545479,-23.010422,135,140,winter,5,0.08899043003718059
eta_lat_m11p027672_lon_p6p989578.npy,-11.027672,6.989578,140,145,winter,5,0.06319953501224518
eta_lat_m21p610189_lon_m5p010422.npy,-21.610189,-5.010422,155,160,winter,5,0.07018094758192699
eta_lat_p0p009682_lon_m143p010422.npy,0.009682,-143.010422,130,135,winter,5,0.1470087319612503
eta_lat_m5p545479_lon_m149p010422.npy,-5.545479,-149.010422,145,150,winter,5,0.10196409374475479
eta_lat_m61p508057_lon_p150p989563.npy,-61.508057,150.989563,150,155,winter,5,0.0704900249838829
eta_lat_m58p574665_lon_m137p010422.npy,-58.574665,-137.010422,115,120,winter,5,0.09371782590945561
eta_lat_m44p523903_lon_p156p989563.npy,-44.523903,156.989563,200,205,winter,5,0.08193270613749822
eta_lat_m31p463802_lon_p96p989594.npy,-31.463802,96.989594,145,150,winter,5,0.05993787571787834
eta_lat_m70p827019_lon_m124p974617.npy,-70.827019,-124.974617,145,150,winter,5,1.4456008275349934
eta_lat_m68p928383_lon_m143p010422.npy,-68.928383,-143.010422,150,155,winter,5,0.22400273382663727
eta_lat_m40p414062_lon_p114p989594.npy,-40.414062,114.989594,145,150,winter,5,0.05936577543616295
eta_lat_m71p317345_lon_m23p007370.npy,-71.317345,-23.00737,165,170,winter,5,0.48038018743197125
eta_lat_m66p662788_lon_m173p010422.npy,-66.662788,-173.010422,200,205,winter,5,0.18250514566898346
eta_lat_m58p574665_lon_p0p989578.npy,-58.574665,0.989578,155,160,winter,5,0.057400831331809364
eta_lat_m55p400803_lon_m161p010422.npy,-55.400803,-161.010422,160,165,winter,5,0.12852931519349417
eta_lat_p65p913406_lon_m30p464722.npy,65.913406,-30.464722,135,140,winter,5,2.083036263783773
eta_lat_p5p545479_lon_m125p010414.npy,5.545479,-125.010414,185,190,winter,5,0.13009405136108398
eta_lat_m64p202515_lon_p60p989578.npy,-64.202515,60.989578,130,135,winter,5,0.3417918384075165
eta_lat_p31p463802_lon_p156p989563.npy,31.463802,156.989563,180,185,winter,5,0.1550844063361486
eta_lat_m61p508057_lon_p102p989594.npy,-61.508057,102.989594,115,120,winter,5,0.24658123652140299
eta_lat_p51p994694_lon_m155p010422.npy,51.994694,-155.010422,165,170,winter,5,0.13501989841461182
eta_lat_m0p009682_lon_p78p989594.npy,-0.009682,78.989594,155,160,winter,5,0.1319611892104149
eta_lat_m52p006847_lon_p60p989578.npy,-52.006847,60.989578,115,120,winter,5,0.09663175543149312
eta_lat_m58p574665_lon_p18p989578.npy,-58.574665,18.989578,170,175,winter,5,0.10201014826695125
eta_lat_p44p523903_lon_m143p010422.npy,44.523903,-143.010422,145,150,winter,5,0.11968400826056798
eta_lat_m66p662788_lon_p6p989578.npy,-66.662788,6.989578,125,130,winter,5,0.4946544369061788
eta_lat_m21p610189_lon_p72p989594.npy,-21.610189,72.989594,175,180,winter,5,0.07641446590423584
eta_lat_p11p027672_lon_m101p010414.npy,11.027672,-101.010414,160,165,winter,5,0.1101955274740855
eta_lat_m48p374134_lon_m35p010422.npy,-48.374134,-35.010422,160,165,winter,5,0.10061671336491902
eta_lat_m40p414062_lon_p48p989578.npy,-40.414062,48.989578,195,200,winter,5,0.08978799233833949
eta_lat_m44p523903_lon_m35p010422.npy,-44.523903,-35.010422,195,200,winter,5,0.13296528657277426
eta_lat_p64p927673_lon_m5p599991.npy,64.927673,-5.599991,165,170,winter,5,0.067429864158233
eta_lat_p61p185383_lon_m29p222214.npy,61.185383,-29.222214,145,150,winter,5,0.09005012859900792
eta_lat_m64p202515_lon_m71p010414.npy,-64.202515,-71.010414,190,195,winter,5,0.09315256277720134
eta_lat_p26p641497_lon_m131p010422.npy,26.641497,-131.010422,195,200,winter,5,0.08317971726258595
eta_lat_m36p058659_lon_p12p989578.npy,-36.058659,12.989578,140,145,winter,5,0.11453159153461456
eta_lat_p26p641497_lon_p150p989563.npy,26.641497,150.989563,155,160,winter,5,0.08856721719106038
eta_lat_m58p574665_lon_p66p989594.npy,-58.574665,66.989594,200,205,winter,5,0.08809139827887218
eta_lat_m58p574665_lon_m83p010414.npy,-58.574665,-83.010414,150,155,winter,5,0.06384077668190002
eta_lat_m44p523903_lon_p114p989594.npy,-44.523903,114.989594,125,130,winter,5,0.07483139137427013
eta_lat_p51p994694_lon_m35p010422.npy,51.994694,-35.010422,125,130,winter,5,0.09916193038225174
eta_lat_m26p641497_lon_p90p989594.npy,-26.641497,90.989594,140,145,winter,5,0.08294891069332759
eta_lat_m76p178772_lon_m41p740692.npy,-76.178772,-41.740692,140,145,winter,5,0.5005882084369659
eta_lat_m52p006847_lon_p60p989578.npy,-52.006847,60.989578,180,185,winter,5,0.08352670073509216
eta_lat_m48p374134_lon_m161p010422.npy,-48.374134,-161.010422,140,145,winter,5,0.07708595444758733
eta_lat_m66p662788_lon_m23p010422.npy,-66.662788,-23.010422,140,145,winter,5,1.42940092086792
eta_lat_m58p574665_lon_p144p989563.npy,-58.574665,144.989563,175,180,winter,5,0.05565101404984792
eta_lat_m68p928383_lon_p174p989563.npy,-68.928383,174.989563,195,200,winter,5,0.19708475470542908
eta_lat_m61p508057_lon_m155p010422.npy,-61.508057,-155.010422,195,200,winter,5,0.06665226196249326
eta_lat_m48p374134_lon_m41p010422.npy,-48.374134,-41.010422,125,130,winter,5,0.08483467747767766
eta_lat_m52p006847_lon_m95p010414.npy,-52.006847,-95.010414,170,175,winter,5,0.07354951153198878
eta_lat_m61p508057_lon_p120p989594.npy,-61.508057,120.989594,120,125,winter,5,0.09538671622673671
eta_lat_p16p395037_lon_m41p010422.npy,16.395037,-41.010422,135,140,winter,5,0.0859224945306778
eta_lat_m58p574665_lon_m17p010422.npy,-58.574665,-17.010422,180,185,winter,5,0.08552078406016032
eta_lat_m55p389462_lon_p90p989594.npy,-55.389462,90.989594,140,145,winter,5,0.3142011761665344
eta_lat_m51p994694_lon_m95p010414.npy,-51.994694,-95.010414,185,190,winter,5,0.055427168806393944
eta_lat_m66p662788_lon_p6p989578.npy,-66.662788,6.989578,185,190,winter,5,0.2803932676712672
eta_lat_p16p395037_lon_m119p010414.npy,16.395037,-119.010414,145,150,winter,5,0.09296778589487076
eta_lat_m11p027672_lon_m125p010414.npy,-11.027672,-125.010414,120,125,winter,5,0.07526129235823949
eta_lat_m68p928383_lon_m41p010422.npy,-68.928383,-41.010422,140,145,winter,5,1.0610421895980835
eta_lat_m48p374134_lon_m11p010422.npy,-48.374134,-11.010422,185,190,winter,5,0.1128947560985883
eta_lat_p36p058659_lon_m131p010422.npy,36.058659,-131.010422,190,195,winter,5,0.10297164817651112
eta_lat_m51p994694_lon_p0p989578.npy,-51.994694,0.989578,195,200,winter,5,0.11255649104714394
eta_lat_m61p508057_lon_m77p010414.npy,-61.508057,-77.010414,140,145,winter,5,0.1132287010550499
eta_lat_m55p389462_lon_p90p989594.npy,-55.389462,90.989594,160,165,winter,5,0.18315995732943216
eta_lat_m11p027672_lon_m95p010414.npy,-11.027672,-95.010414,150,155,winter,5,0.07972018669048946
eta_lat_m55p400803_lon_p114p989594.npy,-55.400803,114.989594,190,195,winter,5,0.09958941986163457
eta_lat_m68p928383_lon_m47p010422.npy,-68.928383,-47.010422,170,175,winter,5,0.5289038320382436
eta_lat_m16p395037_lon_p72p989594.npy,-16.395037,72.989594,200,205,winter,5,0.09110976258913676
eta_lat_m64p202515_lon_m5p010422.npy,-64.202515,-5.010422,195,200,winter,5,0.08517285933097203
eta_lat_m48p374134_lon_m23p010422.npy,-48.374134,-23.010422,175,180,winter,5,0.12671558310588202
eta_lat_m55p389462_lon_m119p010414.npy,-55.389462,-119.010414,120,125,winter,5,0.10930913190046947
eta_lat_m26p641497_lon_m17p010422.npy,-26.641497,-17.010422,190,195,winter,5,0.08219966789086659
eta_lat_m36p058659_lon_p102p989594.npy,-36.058659,102.989594,125,130,winter,5,0.07132258514563243
eta_lat_p70p750267_lon_p6p987473.npy,70.750267,6.987473,190,195,winter,5,0.10169880588849385
eta_lat_p21p610189_lon_m131p010422.npy,21.610189,-131.010422,170,175,winter,5,0.09859983374675114
eta_lat_m68p928383_lon_m125p010414.npy,-68.928383,-125.010414,195,200,winter,5,0.0863420603175958
eta_lat_p44p523903_lon_m41p010422.npy,44.523903,-41.010422,125,130,winter,5,0.07487036908666293
eta_lat_p36p058659_lon_p168p989563.npy,36.058659,168.989563,160,165,winter,5,0.1456445505221685
eta_lat_m61p508057_lon_m119p010414.npy,-61.508057,-119.010414,125,130,winter,5,0.06902964661518733
eta_lat_m61p508057_lon_m167p010422.npy,-61.508057,-167.010422,120,125,winter,5,0.05465464914838473
eta_lat_m61p508057_lon_p90p989594.npy,-61.508057,90.989594,115,120,winter,5,0.10918502509593964
eta_lat_m31p463802_lon_m95p010414.npy,-31.463802,-95.010414,185,190,winter,5,0.0647271399696668
eta_lat_m16p395037_lon_m17p010422.npy,-16.395037,-17.010422,135,140,winter,5,0.07025476669271787
eta_lat_m58p574665_lon_p42p989578.npy,-58.574665,42.989578,150,155,winter,5,0.051155260453621544
eta_lat_m21p610189_lon_p78p989594.npy,-21.610189,78.989594,115,120,winter,5,0.0754480982820193
eta_lat_m61p508057_lon_p96p989594.npy,-61.508057,96.989594,180,185,winter,5,0.15371478100617728
eta_lat_m44p523903_lon_m113p010414.npy,-44.523903,-113.010414,120,125,winter,5,0.06030952433745066
eta_lat_m61p508057_lon_p30p989578.npy,-61.508057,30.989578,145,150,winter,5,0.06275830045342445
eta_lat_m61p508057_lon_p102p989594.npy,-61.508057,102.989594,180,185,winter,5,0.08334911366303761
eta_lat_m44p523903_lon_m161p010422.npy,-44.523903,-161.010422,185,190,winter,5,0.06363757948080699
eta_lat_p5p545479_lon_m149p010422.npy,5.545479,-149.010422,165,170,winter,5,0.0969605619708697
eta_lat_m66p662788_lon_p24p989578.npy,-66.662788,24.989578,125,130,winter,5,0.17833709716796875
eta_lat_m40p414062_lon_p96p989594.npy,-40.414062,96.989594,175,180,winter,5,0.05175032590826353
eta_lat_p70p750267_lon_p6p987473.npy,70.750267,6.987473,195,200,winter,5,0.07969863712787628
eta_lat_m61p508057_lon_m149p010422.npy,-61.508057,-149.010422,140,145,winter,5,0.059978423019250236
eta_lat_m31p463802_lon_p84p989594.npy,-31.463802,84.989594,170,175,winter,5,0.06611485282580058
eta_lat_m55p389462_lon_p42p989578.npy,-55.389462,42.989578,200,205,winter,5,0.11334596822659175
eta_lat_p48p374134_lon_m143p010422.npy,48.374134,-143.010422,115,120,winter,5,0.07197819153467815
eta_lat_m51p994694_lon_m17p010422.npy,-51.994694,-17.010422,165,170,winter,5,0.1217585951089859
eta_lat_m66p662788_lon_p30p989578.npy,-66.662788,30.989578,130,135,winter,5,0.23709316551685333
eta_lat_m48p374134_lon_p156p989563.npy,-48.374134,156.989563,125,130,winter,5,0.09997616708278656
eta_lat_m64p202515_lon_p120p989594.npy,-64.202515,120.989594,180,185,winter,5,0.07196564351518948
eta_lat_m16p395037_lon_p78p989594.npy,-16.395037,78.989594,160,165,winter,5,0.08178065220514934
eta_lat_m48p374134_lon_m161p010422.npy,-48.374134,-161.010422,160,165,winter,5,0.05616870274146398
eta_lat_m0p009682_lon_m23p010422.npy,-0.009682,-23.010422,145,150,winter,5,0.10620791216691335
eta_lat_p44p523903_lon_m143p010422.npy,44.523903,-143.010422,140,145,winter,5,0.09203882267077763
eta_lat_m40p414062_lon_m107p010414.npy,-40.414062,-107.010414,185,190,winter,5,0.06714317450920741
eta_lat_m61p508057_lon_p18p989578.npy,-61.508057,18.989578,175,180,winter,5,0.09163958082596461
eta_lat_p26p641497_lon_m137p010422.npy,26.641497,-137.010422,190,195,winter,5,0.07761401186386745
eta_lat_m31p463802_lon_p84p989594.npy,-31.463802,84.989594,200,205,winter,5,0.09160628418127696
eta_lat_p31p463802_lon_p156p989563.npy,31.463802,156.989563,150,155,winter,5,0.09644370526075363
eta_lat_m58p574665_lon_p24p989578.npy,-58.574665,24.989578,195,200,winter,5,0.08008113503456116
eta_lat_m21p610189_lon_m11p010422.npy,-21.610189,-11.010422,195,200,winter,5,0.07256803909937541
eta_lat_m5p545479_lon_m167p010422.npy,-5.545479,-167.010422,155,160,winter,5,0.12101264297962189
eta_lat_m58p574665_lon_p138p989563.npy,-58.574665,138.989563,160,165,winter,5,0.08020444711049397
eta_lat_m55p400803_lon_m167p010422.npy,-55.400803,-167.010422,135,140,winter,5,0.0823710672557354
eta_lat_m48p374134_lon_m29p010422.npy,-48.374134,-29.010422,190,195,winter,5,0.07603066662947337
eta_lat_m26p641497_lon_p174p989563.npy,-26.641497,174.989563,170,175,winter,5,0.09506424268086751
eta_lat_m61p508057_lon_p150p989563.npy,-61.508057,150.989563,120,125,winter,5,0.06389042735099792
eta_lat_m52p006847_lon_p36p989578.npy,-52.006847,36.989578,185,190,winter,5,0.09228742122650146
eta_lat_m31p463802_lon_m107p010414.npy,-31.463802,-107.010414,200,205,winter,5,0.056026664872964226
eta_lat_m55p389462_lon_p42p989578.npy,-55.389462,42.989578,175,180,winter,5,0.0870349829395612
eta_lat_m70p831284_lon_m107p022827.npy,-70.831284,-107.022827,160,165,winter,5,0.10953938712676366
eta_lat_m44p523903_lon_p120p989594.npy,-44.523903,120.989594,165,170,winter,5,0.06459278116623561
eta_lat_m40p414062_lon_p6p989578.npy,-40.414062,6.989578,150,155,winter,5,0.06547478834788005
eta_lat_m48p374134_lon_p96p989594.npy,-48.374134,96.989594,115,120,winter,5,0.10595988482236862
eta_lat_p48p374134_lon_m143p010422.npy,48.374134,-143.010422,120,125,winter,5,0.08074806878964107
eta_lat_m58p574665_lon_p102p989594.npy,-58.574665,102.989594,140,145,winter,5,0.05939589192469915
eta_lat_m16p395037_lon_p54p989578.npy,-16.395037,54.989578,150,155,winter,5,0.13852190474669138
eta_lat_m75p355705_lon_m159p614578.npy,-75.355705,-159.614578,180,185,winter,5,1.7265612284342449
eta_lat_m51p994694_lon_m101p010414.npy,-51.994694,-101.010414,180,185,winter,5,0.11650258302688599
eta_lat_m21p610189_lon_m113p010414.npy,-21.610189,-113.010414,125,130,winter,5,0.05496354897816976
eta_lat_p5p545479_lon_m41p010422.npy,5.545479,-41.010422,120,125,winter,5,0.11450201272964478
eta_lat_p26p641497_lon_m23p010422.npy,26.641497,-23.010422,125,130,winter,5,0.09186588724454244
eta_lat_m61p508057_lon_m101p010414.npy,-61.508057,-101.010414,135,140,winter,5,0.0625758742292722
eta_lat_m31p463802_lon_m89p010414.npy,-31.463802,-89.010414,145,150,winter,5,0.05393678074081739
eta_lat_m51p994694_lon_m47p010422.npy,-51.994694,-47.010422,195,200,winter,5,0.09993728995323181
eta_lat_m55p400803_lon_p150p989563.npy,-55.400803,150.989563,125,130,winter,5,0.15557801723480225
eta_lat_m58p574665_lon_m101p010414.npy,-58.574665,-101.010414,115,120,winter,5,0.09011684358119965
eta_lat_p31p463802_lon_m143p010422.npy,31.463802,-143.010422,120,125,winter,5,0.09139654288689296
eta_lat_m11p027672_lon_p66p989594.npy,-11.027672,66.989594,115,120,winter,5,0.09270091851552327
eta_lat_p31p463802_lon_p174p989563.npy,31.463802,174.989563,170,175,winter,5,0.08815369506676991
eta_lat_m5p545479_lon_m113p010414.npy,-5.545479,-113.010414,130,135,winter,5,0.10175054768721263
eta_lat_m52p006847_lon_m161p010422.npy,-52.006847,-161.010422,150,155,winter,5,0.08426104485988617
eta_lat_m51p994694_lon_p114p989594.npy,-51.994694,114.989594,165,170,winter,5,0.06768397490183513
eta_lat_p36p058659_lon_m29p010422.npy,36.058659,-29.010422,160,165,winter,5,0.09293979406356812
eta_lat_p31p463802_lon_m137p010422.npy,31.463802,-137.010422,130,135,winter,5,0.07477540150284767
eta_lat_m48p374134_lon_p114p989594.npy,-48.374134,114.989594,175,180,winter,5,0.09088580061992009
eta_lat_m61p508057_lon_p102p989594.npy,-61.508057,102.989594,135,140,winter,5,0.10324063648780187
eta_lat_p21p610189_lon_p132p989563.npy,21.610189,132.989563,195,200,winter,5,0.10952508449554443
eta_lat_p36p058659_lon_p174p989563.npy,36.058659,174.989563,125,130,winter,5,0.08965776115655899
eta_lat_m11p027672_lon_m101p010414.npy,-11.027672,-101.010414,150,155,winter,5,0.08082455148299535
eta_lat_p31p463802_lon_m149p010422.npy,31.463802,-149.010422,145,150,winter,5,0.09039501597483952
eta_lat_m36p058659_lon_p162p989563.npy,-36.058659,162.989563,130,135,winter,5,0.07110127061605453
eta_lat_m55p389462_lon_p42p989578.npy,-55.389462,42.989578,135,140,winter,5,0.09067910288770993
eta_lat_m31p463802_lon_m89p010414.npy,-31.463802,-89.010414,115,120,winter,5,0.06170477718114853
eta_lat_m48p374134_lon_m113p010414.npy,-48.374134,-113.010414,170,175,winter,5,0.059939915935198464
eta_lat_m52p006847_lon_p120p989594.npy,-52.006847,120.989594,180,185,winter,5,0.11096986879905064
eta_lat_m66p662788_lon_m77p010414.npy,-66.662788,-77.010414,185,190,winter,5,0.10099843144416809
eta_lat_m31p463802_lon_p48p989578.npy,-31.463802,48.989578,140,145,winter,5,0.07234542692701022
eta_lat_p55p389462_lon_p174p989563.npy,55.389462,174.989563,160,165,winter,5,0.08409080406030019
eta_lat_p5p545479_lon_p60p989578.npy,5.545479,60.989578,155,160,winter,5,0.10299056271711986
eta_lat_p16p395037_lon_p174p989563.npy,16.395037,174.989563,120,125,winter,5,0.08700604985157649
eta_lat_p16p395037_lon_p66p989594.npy,16.395037,66.989594,115,120,winter,5,0.07518061995506287
eta_lat_p26p641497_lon_m125p010414.npy,26.641497,-125.010414,165,170,winter,5,0.06654919435580571
eta_lat_p26p641497_lon_m161p010422.npy,26.641497,-161.010422,140,145,winter,5,0.07404374579588573
eta_lat_m16p395037_lon_p0p989578.npy,-16.395037,0.989578,165,170,winter,5,0.06364400188128154
eta_lat_m51p994694_lon_p156p989563.npy,-51.994694,156.989563,200,205,winter,5,0.10876996318499248
eta_lat_m61p508057_lon_p126p989594.npy,-61.508057,126.989594,195,200,winter,5,0.10457056388258934
eta_lat_m16p395037_lon_m89p010414.npy,-16.395037,-89.010414,195,200,winter,5,0.07195135081807773
eta_lat_m51p994694_lon_p144p989563.npy,-51.994694,144.989563,150,155,winter,5,0.09055504699548085
eta_lat_m58p574665_lon_m119p010414.npy,-58.574665,-119.010414,200,205,winter,5,0.09468532105286916
eta_lat_p26p641497_lon_p168p989563.npy,26.641497,168.989563,195,200,winter,5,0.09027184794346492
eta_lat_m72p438423_lon_m118p949417.npy,-72.438423,-118.949417,120,125,winter,5,1.2110425233840942
eta_lat_m36p058659_lon_p12p989578.npy,-36.058659,12.989578,135,140,winter,5,0.11782350887854894
eta_lat_m61p508057_lon_p174p989563.npy,-61.508057,174.989563,125,130,winter,5,0.07928493122259776
eta_lat_m61p508057_lon_p126p989594.npy,-61.508057,126.989594,190,195,winter,5,0.12892470757166544
eta_lat_p64p927673_lon_m5p599991.npy,64.927673,-5.599991,175,180,winter,5,0.08952436471978824
eta_lat_p58p669430_lon_p174p969116.npy,58.66943,174.969116,190,195,winter,5,0.15647583082318306
eta_lat_m52p006847_lon_m47p010422.npy,-52.006847,-47.010422,180,185,winter,5,0.09599427133798599
eta_lat_m31p463802_lon_m11p010422.npy,-31.463802,-11.010422,115,120,winter,5,0.06196271628141403
eta_lat_m0p009682_lon_p66p989594.npy,-0.009682,66.989594,150,155,winter,5,0.1432002087434133
eta_lat_p44p523903_lon_p168p989563.npy,44.523903,168.989563,160,165,winter,5,0.13436442613601685
eta_lat_m55p389462_lon_m167p010422.npy,-55.389462,-167.010422,150,155,winter,5,0.09622875352700551
eta_lat_p21p610189_lon_p150p989563.npy,21.610189,150.989563,130,135,winter,5,0.0898804912964503
eta_lat_m55p389462_lon_m107p010414.npy,-55.389462,-107.010414,145,150,winter,5,0.05900909751653671
eta_lat_m31p463802_lon_p84p989594.npy,-31.463802,84.989594,195,200,winter,5,0.05828026682138443
eta_lat_p40p414062_lon_m137p010422.npy,40.414062,-137.010422,175,180,winter,5,0.10624174773693085
eta_lat_p48p374134_lon_m149p010422.npy,48.374134,-149.010422,155,160,winter,5,0.09257915616035461
eta_lat_p26p641497_lon_m125p010414.npy,26.641497,-125.010414,180,185,winter,5,0.08554085344076157
eta_lat_m16p395037_lon_m131p010422.npy,-16.395037,-131.010422,165,170,winter,5,0.08143354952335358
eta_lat_m55p400803_lon_m161p010422.npy,-55.400803,-161.010422,185,190,winter,5,0.10156701008478801
eta_lat_p0p009682_lon_m149p010422.npy,0.009682,-149.010422,155,160,winter,5,0.1375743051369985
eta_lat_m0p009682_lon_m23p010422.npy,-0.009682,-23.010422,115,120,winter,5,0.11567190041144688
eta_lat_m70p827019_lon_m124p974617.npy,-70.827019,-124.974617,160,165,winter,5,1.3333423932393391
eta_lat_m55p389462_lon_p114p989594.npy,-55.389462,114.989594,180,185,winter,5,0.061032649129629135
eta_lat_m55p389462_lon_p18p989578.npy,-55.389462,18.989578,200,205,winter,5,0.129185418287913
eta_lat_m68p928383_lon_p174p989563.npy,-68.928383,174.989563,155,160,winter,5,0.08604761337240537
eta_lat_m44p523903_lon_p102p989594.npy,-44.523903,102.989594,160,165,winter,5,0.09943901747465134
eta_lat_m68p928383_lon_m83p010414.npy,-68.928383,-83.010414,180,185,winter,5,0.06508291388551395
eta_lat_m58p574665_lon_p120p989594.npy,-58.574665,120.989594,150,155,winter,5,0.10596178472042084
eta_lat_m66p662788_lon_m143p010422.npy,-66.662788,-143.010422,145,150,winter,5,0.2770240704218547
eta_lat_m55p389462_lon_m83p010414.npy,-55.389462,-83.010414,130,135,winter,5,0.0666915625333786
eta_lat_m21p610189_lon_m11p010422.npy,-21.610189,-11.010422,165,170,winter,5,0.06938164805372556
eta_lat_m55p389462_lon_m47p010422.npy,-55.389462,-47.010422,200,205,winter,5,0.07312548160552979
eta_lat_m66p662788_lon_m161p010422.npy,-66.662788,-161.010422,150,155,winter,5,0.6818719704945883
eta_lat_m36p058659_lon_m29p010422.npy,-36.058659,-29.010422,170,175,winter,5,0.10889606922864914
eta_lat_m71p250717_lon_m47p040466.npy,-71.250717,-47.040466,170,175,winter,5,0.419354110956192
eta_lat_m44p523903_lon_p156p989563.npy,-44.523903,156.989563,120,125,winter,5,0.0819980762898922
eta_lat_p58p392208_lon_m35p018463.npy,58.392208,-35.018463,180,185,winter,5,0.14551966885725656
eta_lat_m21p610189_lon_m125p010414.npy,-21.610189,-125.010414,200,205,winter,5,0.06422425309816997
eta_lat_m58p574665_lon_p126p989594.npy,-58.574665,126.989594,150,155,winter,5,0.2298543999592463
eta_lat_m11p027672_lon_p0p989578.npy,-11.027672,0.989578,180,185,winter,5,0.07102057337760925
eta_lat_m48p374134_lon_p96p989594.npy,-48.374134,96.989594,185,190,winter,5,0.053748304645220436
eta_lat_p31p463802_lon_p144p989563.npy,31.463802,144.989563,200,205,winter,5,0.08913008371988933
eta_lat_m64p202515_lon_p72p989594.npy,-64.202515,72.989594,170,175,winter,5,0.07618449876705806
eta_lat_m44p523903_lon_p156p989563.npy,-44.523903,156.989563,140,145,winter,5,0.08539931600292523
eta_lat_m16p395037_lon_p96p989594.npy,-16.395037,96.989594,180,185,winter,5,0.09571484724680583
eta_lat_m40p414062_lon_m161p010422.npy,-40.414062,-161.010422,140,145,winter,5,0.10780481000741322
eta_lat_m66p662788_lon_m131p010422.npy,-66.662788,-131.010422,145,150,winter,5,0.05887679507335027
eta_lat_m58p574665_lon_p114p989594.npy,-58.574665,114.989594,145,150,winter,5,0.19914173086484274
eta_lat_m44p523903_lon_m119p010414.npy,-44.523903,-119.010414,165,170,winter,5,0.07544391353925069
eta_lat_m52p006847_lon_p108p989594.npy,-52.006847,108.989594,135,140,winter,5,0.0812413717309634
eta_lat_m31p463802_lon_p90p989594.npy,-31.463802,90.989594,180,185,winter,5,0.09568631649017334
eta_lat_m21p610189_lon_m131p010422.npy,-21.610189,-131.010422,140,145,winter,5,0.05895641694466273
eta_lat_m44p523903_lon_p96p989594.npy,-44.523903,96.989594,170,175,winter,5,0.08051483829816182
eta_lat_p48p374134_lon_m155p010422.npy,48.374134,-155.010422,150,155,winter,5,0.17975357919931412
eta_lat_m31p463802_lon_m149p010422.npy,-31.463802,-149.010422,155,160,winter,5,0.06556198249260585
eta_lat_p11p027672_lon_m23p010422.npy,11.027672,-23.010422,160,165,winter,5,0.10277191797892253
eta_lat_m26p641497_lon_m119p010414.npy,-26.641497,-119.010414,155,160,winter,5,0.07963259518146515
eta_lat_m61p508057_lon_p0p989578.npy,-61.508057,0.989578,155,160,winter,5,0.048926317443450294
eta_lat_m48p374134_lon_m35p010422.npy,-48.374134,-35.010422,165,170,winter,5,0.15585738917191824
eta_lat_m55p389462_lon_p102p989594.npy,-55.389462,102.989594,195,200,winter,5,0.12096718450387318
eta_lat_m48p374134_lon_p174p989563.npy,-48.374134,174.989563,150,155,winter,5,0.0961905208726724
eta_lat_m36p058659_lon_m155p010422.npy,-36.058659,-155.010422,140,145,winter,5,0.05596880490581194
eta_lat_m44p523903_lon_m131p010422.npy,-44.523903,-131.010422,130,135,winter,5,0.046758946031332016
eta_lat_m52p006847_lon_p96p989594.npy,-52.006847,96.989594,115,120,winter,5,0.13298958788315454
eta_lat_m58p574665_lon_m89p010414.npy,-58.574665,-89.010414,165,170,winter,5,0.05936411768198013
eta_lat_p36p058659_lon_m149p010422.npy,36.058659,-149.010422,150,155,winter,5,0.0700894445180893
eta_lat_m66p662788_lon_m137p010422.npy,-66.662788,-137.010422,125,130,winter,5,0.23445029060045877
eta_lat_m26p641497_lon_m161p010422.npy,-26.641497,-161.010422,150,155,winter,5,0.08300975461800893
eta_lat_m21p610189_lon_m101p010414.npy,-21.610189,-101.010414,160,165,winter,5,0.058723347882429756
eta_lat_m64p202515_lon_p174p989563.npy,-64.202515,174.989563,135,140,winter,5,0.08837077269951503
eta_lat_m55p400803_lon_m155p010422.npy,-55.400803,-155.010422,185,190,winter,5,0.050292602429787316
eta_lat_m40p414062_lon_p120p989594.npy,-40.414062,120.989594,125,130,winter,5,0.06177099669973055
eta_lat_p36p058659_lon_m41p010422.npy,36.058659,-41.010422,120,125,winter,5,0.06905338913202286
eta_lat_p11p027672_lon_p60p989578.npy,11.027672,60.989578,130,135,winter,5,0.07383868843317032
eta_lat_m61p508057_lon_p144p989563.npy,-61.508057,144.989563,145,150,winter,5,0.05844656005501747
eta_lat_m16p395037_lon_m125p010414.npy,-16.395037,-125.010414,195,200,winter,5,0.06980485717455547
eta_lat_m55p389462_lon_m83p010414.npy,-55.389462,-83.010414,160,165,winter,5,0.055496598283449806
eta_lat_m64p202515_lon_m23p010422.npy,-64.202515,-23.010422,175,180,winter,5,0.6636113127072653
eta_lat_m61p508057_lon_m143p010422.npy,-61.508057,-143.010422,200,205,winter,5,0.08869567513465881
eta_lat_m55p400803_lon_m155p010422.npy,-55.400803,-155.010422,135,140,winter,5,0.06601367642482121
eta_lat_m58p574665_lon_p18p989578.npy,-58.574665,18.989578,150,155,winter,5,0.06946270788709323
eta_lat_m31p463802_lon_m95p010414.npy,-31.463802,-95.010414,160,165,winter,5,0.0653117907543977
eta_lat_m40p414062_lon_m125p010414.npy,-40.414062,-125.010414,165,170,winter,5,0.09159610172112782
eta_lat_m52p006847_lon_p120p989594.npy,-52.006847,120.989594,175,180,winter,5,0.1468848412235578
eta_lat_m31p463802_lon_m113p010414.npy,-31.463802,-113.010414,130,135,winter,5,0.06452961017688115
eta_lat_m36p058659_lon_m137p010422.npy,-36.058659,-137.010422,165,170,winter,5,0.08095275238156319
eta_lat_m16p395037_lon_m89p010414.npy,-16.395037,-89.010414,155,160,winter,5,0.07659674932559331
eta_lat_m55p400803_lon_p132p989563.npy,-55.400803,132.989563,120,125,winter,5,0.07067415366570155
eta_lat_m40p414062_lon_m35p010422.npy,-40.414062,-35.010422,135,140,winter,5,0.05867566913366318
eta_lat_m55p400803_lon_m119p010414.npy,-55.400803,-119.010414,165,170,winter,5,0.10501326372226079
eta_lat_m68p928383_lon_m5p010422.npy,-68.928383,-5.010422,155,160,winter,5,0.31254489223162335
eta_lat_p31p463802_lon_m59p010422.npy,31.463802,-59.010422,135,140,winter,5,0.07767664889494579
eta_lat_m66p662788_lon_p6p989578.npy,-66.662788,6.989578,170,175,winter,5,0.2337402105331421
eta_lat_p36p058659_lon_m155p010422.npy,36.058659,-155.010422,140,145,winter,5,0.0933525338768959
eta_lat_p26p641497_lon_p156p989563.npy,26.641497,156.989563,135,140,winter,5,0.0798909564812978
eta_lat_m40p414062_lon_m23p010422.npy,-40.414062,-23.010422,195,200,winter,5,0.0784652978181839
eta_lat_m48p374134_lon_m101p010414.npy,-48.374134,-101.010414,200,205,winter,5,0.08117519070704778
eta_lat_m5p545479_lon_m131p010422.npy,-5.545479,-131.010422,135,140,winter,5,0.0992991973956426
eta_lat_p16p395037_lon_m125p010414.npy,16.395037,-125.010414,135,140,winter,5,0.10261453439791997
eta_lat_m55p389462_lon_p144p989563.npy,-55.389462,144.989563,175,180,winter,5,0.06060402219494184
eta_lat_m40p414062_lon_p72p989594.npy,-40.414062,72.989594,200,205,winter,5,0.0808846006790797
eta_lat_m64p202515_lon_m113p010414.npy,-64.202515,-113.010414,150,155,winter,5,0.07889986783266068
eta_lat_m64p202515_lon_m35p010422.npy,-64.202515,-35.010422,125,130,winter,5,0.957183301448822
eta_lat_p44p523903_lon_m143p010422.npy,44.523903,-143.010422,200,205,winter,5,0.08402564624945323
eta_lat_p5p545479_lon_m35p010422.npy,5.545479,-35.010422,195,200,winter,5,0.12609724203745523
eta_lat_m40p414062_lon_m155p010422.npy,-40.414062,-155.010422,185,190,winter,5,0.05971617251634598
eta_lat_m48p374134_lon_p114p989594.npy,-48.374134,114.989594,155,160,winter,5,0.11199004203081131
eta_lat_m44p523903_lon_m5p010422.npy,-44.523903,-5.010422,160,165,winter,5,0.1027432382106781
eta_lat_m73p859009_lon_m35p162323.npy,-73.859009,-35.162323,140,145,winter,5,0.8126886188983917
eta_lat_m61p508057_lon_m113p010414.npy,-61.508057,-113.010414,150,155,winter,5,0.0803137334684531
eta_lat_p5p545479_lon_p60p989578.npy,5.545479,60.989578,160,165,winter,5,0.11284753680229187
eta_lat_m52p006847_lon_p12p989578.npy,-52.006847,12.989578,120,125,winter,5,0.08413557708263397
eta_lat_p51p994694_lon_p150p989563.npy,51.994694,150.989563,125,130,winter,5,0.13344149043162665
eta_lat_p31p463802_lon_m149p010422.npy,31.463802,-149.010422,125,130,winter,5,0.06461899479230244
eta_lat_p48p374134_lon_m149p010422.npy,48.374134,-149.010422,160,165,winter,5,0.11247392495473225
eta_lat_m48p374134_lon_m113p010414.npy,-48.374134,-113.010414,165,170,winter,5,0.08395096908013026
eta_lat_m61p508057_lon_p48p989578.npy,-61.508057,48.989578,165,170,winter,5,0.06430487831433614
eta_lat_p48p374134_lon_m173p010422.npy,48.374134,-173.010422,160,165,winter,5,0.08670151978731155
eta_lat_m0p009682_lon_p90p989594.npy,-0.009682,90.989594,180,185,winter,5,0.13625053068002066
eta_lat_m40p414062_lon_p6p989578.npy,-40.414062,6.989578,185,190,winter,5,0.05874752625823021
eta_lat_m64p202515_lon_m101p010414.npy,-64.202515,-101.010414,150,155,winter,5,0.053458064794540405
eta_lat_p58p428707_lon_m29p032135.npy,58.428707,-29.032135,145,150,winter,5,0.11199897279342015
eta_lat_m48p374134_lon_m47p010422.npy,-48.374134,-47.010422,125,130,winter,5,0.2603257397810618
eta_lat_m55p389462_lon_p12p989578.npy,-55.389462,12.989578,195,200,winter,5,0.0964902217189471
eta_lat_m64p202515_lon_m167p010422.npy,-64.202515,-167.010422,140,145,winter,5,0.0945057322581609
eta_lat_m26p641497_lon_p0p989578.npy,-26.641497,0.989578,175,180,winter,5,0.0636298693716526
eta_lat_m70p951729_lon_m142p952744.npy,-70.951729,-142.952744,185,190,winter,5,0.3341369728247325
eta_lat_m64p202515_lon_p126p989594.npy,-64.202515,126.989594,115,120,winter,5,0.09858718266089757
eta_lat_p36p058659_lon_m35p010422.npy,36.058659,-35.010422,185,190,winter,5,0.06637112920482953
eta_lat_m36p058659_lon_m155p010422.npy,-36.058659,-155.010422,160,165,winter,5,0.06402682761351268
eta_lat_m51p994694_lon_m113p010414.npy,-51.994694,-113.010414,145,150,winter,5,0.07795754323403041
eta_lat_p26p641497_lon_m161p010422.npy,26.641497,-161.010422,195,200,winter,5,0.0854133740067482
eta_lat_p11p027672_lon_m149p010422.npy,11.027672,-149.010422,115,120,winter,5,0.10762757807970047
eta_lat_p31p463802_lon_m143p010422.npy,31.463802,-143.010422,150,155,winter,5,0.08584356804688771
eta_lat_m71p216316_lon_m53p046265.npy,-71.216316,-53.046265,190,195,winter,5,1.0395062168439229
eta_lat_m11p027672_lon_m17p010422.npy,-11.027672,-17.010422,120,125,winter,5,0.10191911955674489
eta_lat_m44p523903_lon_m11p010422.npy,-44.523903,-11.010422,115,120,winter,5,0.07617730895678203
eta_lat_m48p374134_lon_p30p989578.npy,-48.374134,30.989578,140,145,winter,5,0.13090015947818756
eta_lat_m64p202515_lon_p150p989563.npy,-64.202515,150.989563,125,130,winter,5,0.06664644678433736
eta_lat_p11p027672_lon_m95p010414.npy,11.027672,-95.010414,130,135,winter,5,0.126041109363238
eta_lat_m55p389462_lon_p6p989578.npy,-55.389462,6.989578,175,180,winter,5,0.08431554834047954
eta_lat_p31p463802_lon_m41p010422.npy,31.463802,-41.010422,120,125,winter,5,0.08672116200129192
eta_lat_m58p574665_lon_m83p010414.npy,-58.574665,-83.010414,200,205,winter,5,0.08473554998636246
eta_lat_p11p027672_lon_m167p010422.npy,11.027672,-167.010422,180,185,winter,5,0.10489736994107564
eta_lat_m5p545479_lon_p90p989594.npy,-5.545479,90.989594,140,145,winter,5,0.10323210308949153
eta_lat_m55p389462_lon_p84p989594.npy,-55.389462,84.989594,180,185,winter,5,0.1134437844157219
eta_lat_p26p641497_lon_p162p989563.npy,26.641497,162.989563,160,165,winter,5,0.08324265480041504
eta_lat_m26p641497_lon_p84p989594.npy,-26.641497,84.989594,200,205,winter,5,0.09120406707127889
eta_lat_m44p523903_lon_m143p010422.npy,-44.523903,-143.010422,150,155,winter,5,0.08233554661273956
eta_lat_m58p574665_lon_m83p010414.npy,-58.574665,-83.010414,135,140,winter,5,0.09871379534403484
eta_lat_p11p027672_lon_m113p010414.npy,11.027672,-113.010414,165,170,winter,5,0.1051975389321645
eta_lat_m64p202515_lon_p144p989563.npy,-64.202515,144.989563,180,185,winter,5,0.09519085784753163
eta_lat_m36p058659_lon_m143p010422.npy,-36.058659,-143.010422,185,190,winter,5,0.06151313210527102
eta_lat_m61p508057_lon_m83p010414.npy,-61.508057,-83.010414,190,195,winter,5,0.09589682271083196
eta_lat_m58p574665_lon_m77p010414.npy,-58.574665,-77.010414,195,200,winter,5,0.10710000991821289
eta_lat_m55p400803_lon_p150p989563.npy,-55.400803,150.989563,160,165,winter,5,0.13583529740571976
eta_lat_m73p433556_lon_m166p559235.npy,-73.433556,-166.559235,150,155,winter,5,1.702667236328125
eta_lat_p51p994694_lon_m149p010422.npy,51.994694,-149.010422,125,130,winter,5,0.12608964244524637
eta_lat_m44p523903_lon_p18p989578.npy,-44.523903,18.989578,200,205,winter,5,0.06729508191347122
eta_lat_m31p463802_lon_p66p989594.npy,-31.463802,66.989594,125,130,winter,5,0.06411468610167503
eta_lat_m75p574257_lon_m165p651382.npy,-75.574257,-165.651382,175,180,winter,5,2.0834019581476846
eta_lat_m44p523903_lon_p12p989578.npy,-44.523903,12.989578,145,150,winter,5,0.06890052556991577
eta_lat_m68p928383_lon_m59p010422.npy,-68.928383,-59.010422,145,150,winter,5,1.2848012844721477
eta_lat_m40p414062_lon_p108p989594.npy,-40.414062,108.989594,125,130,winter,5,0.06432811170816422
eta_lat_m66p662788_lon_p24p989578.npy,-66.662788,24.989578,150,155,winter,5,0.1331359644730886
eta_lat_p5p545479_lon_m155p010422.npy,5.545479,-155.010422,160,165,winter,5,0.11425537367661794
eta_lat_m58p574665_lon_p114p989594.npy,-58.574665,114.989594,120,125,winter,5,0.07979381084442139
eta_lat_m73p545830_lon_m172p573288.npy,-73.54583,-172.573288,140,145,winter,5,1.9518530368804932
eta_lat_m26p641497_lon_p66p989594.npy,-26.641497,66.989594,145,150,winter,5,0.06273572891950607
eta_lat_m71p317345_lon_m23p007370.npy,-71.317345,-23.00737,155,160,winter,5,0.9428576231002808
eta_lat_m16p395037_lon_m107p010414.npy,-16.395037,-107.010414,165,170,winter,5,0.07692490269740422
eta_lat_m55p389462_lon_p174p989563.npy,-55.389462,174.989563,195,200,winter,5,0.09363296876351039
eta_lat_p11p027672_lon_m23p010422.npy,11.027672,-23.010422,200,205,winter,5,0.0879299392302831
eta_lat_m31p463802_lon_p174p989563.npy,-31.463802,174.989563,150,155,winter,5,0.12736941377321878
eta_lat_m58p574665_lon_m23p010422.npy,-58.574665,-23.010422,120,125,winter,5,0.16508691012859344
eta_lat_p16p395037_lon_m41p010422.npy,16.395037,-41.010422,160,165,winter,5,0.09352336327234904
eta_lat_m44p523903_lon_p42p989578.npy,-44.523903,42.989578,165,170,winter,5,0.08619102587302525
eta_lat_m55p400803_lon_p6p989578.npy,-55.400803,6.989578,200,205,winter,5,0.1022619903087616
eta_lat_p26p641497_lon_m137p010422.npy,26.641497,-137.010422,130,135,winter,5,0.06809369971354802
eta_lat_m36p058659_lon_m149p010422.npy,-36.058659,-149.010422,115,120,winter,5,0.06528989473978679
eta_lat_m36p058659_lon_p162p989563.npy,-36.058659,162.989563,150,155,winter,5,0.11621633917093277
eta_lat_m36p058659_lon_m23p010422.npy,-36.058659,-23.010422,200,205,winter,5,0.10473392903804779
eta_lat_p26p641497_lon_m161p010422.npy,26.641497,-161.010422,155,160,winter,5,0.08211138347784679
eta_lat_m66p662788_lon_m113p010414.npy,-66.662788,-113.010414,190,195,winter,5,0.06894961247841518
eta_lat_m21p610189_lon_p90p989594.npy,-21.610189,90.989594,170,175,winter,5,0.09905459235111873
eta_lat_m76p178772_lon_m41p740692.npy,-76.178772,-41.740692,160,165,winter,5,0.42509955167770386
eta_lat_m61p508057_lon_p156p989563.npy,-61.508057,156.989563,125,130,winter,5,0.06263663868109386
eta_lat_m71p110893_lon_m160p945129.npy,-71.110893,-160.945129,130,135,winter,5,0.5334669848283132
eta_lat_m31p463802_lon_m119p010414.npy,-31.463802,-119.010414,185,190,winter,5,0.05836998174587885
eta_lat_p48p374134_lon_m29p010422.npy,48.374134,-29.010422,170,175,winter,5,0.08922783037026723
eta_lat_m61p508057_lon_p24p989578.npy,-61.508057,24.989578,115,120,winter,5,0.15758264064788818
eta_lat_m64p202515_lon_m173p010422.npy,-64.202515,-173.010422,115,120,winter,5,0.06891325612862904
eta_lat_p31p463802_lon_m143p010422.npy,31.463802,-143.010422,180,185,winter,5,0.07951540003220241
eta_lat_m51p994694_lon_m161p010422.npy,-51.994694,-161.010422,145,150,winter,5,0.06479264919956525
eta_lat_p16p395037_lon_m41p010422.npy,16.395037,-41.010422,130,135,winter,5,0.09985028952360153
eta_lat_m51p994694_lon_m113p010414.npy,-51.994694,-113.010414,175,180,winter,5,0.10961796840031941
eta_lat_p31p463802_lon_p168p989563.npy,31.463802,168.989563,155,160,winter,5,0.07407486438751221
eta_lat_m61p508057_lon_p126p989594.npy,-61.508057,126.989594,155,160,winter,5,0.12198135256767273
eta_lat_m66p662788_lon_p36p989578.npy,-66.662788,36.989578,170,175,winter,5,0.09939185778299968
eta_lat_m26p641497_lon_m23p010422.npy,-26.641497,-23.010422,135,140,winter,5,0.06795238455136617
eta_lat_p61p579643_lon_m17p313934.npy,61.579643,-17.313934,175,180,winter,5,0.0795005237062772
eta_lat_p21p610189_lon_m53p010422.npy,21.610189,-53.010422,160,165,winter,5,0.07242476691802342
eta_lat_m58p574665_lon_p84p989594.npy,-58.574665,84.989594,150,155,winter,5,0.22871723771095276
eta_lat_m52p006847_lon_p132p989563.npy,-52.006847,132.989563,195,200,winter,5,0.06526940564314525
eta_lat_m40p414062_lon_m47p010422.npy,-40.414062,-47.010422,115,120,winter,5,0.1490056812763214
eta_lat_m55p389462_lon_m131p010422.npy,-55.389462,-131.010422,180,185,winter,5,0.2942807773749034
eta_lat_p26p641497_lon_m149p010422.npy,26.641497,-149.010422,145,150,winter,5,0.07911470532417297
eta_lat_p21p610189_lon_m65p010414.npy,21.610189,-65.010414,135,140,winter,5,0.0670052779217561
eta_lat_m26p641497_lon_m161p010422.npy,-26.641497,-161.010422,135,140,winter,5,0.08954040706157684
eta_lat_m55p400803_lon_p174p989563.npy,-55.400803,174.989563,140,145,winter,5,0.14932158589363098
eta_lat_m61p508057_lon_p102p989594.npy,-61.508057,102.989594,145,150,winter,5,0.1058781271179517
eta_lat_m55p389462_lon_p144p989563.npy,-55.389462,144.989563,195,200,winter,5,0.11765427390734355
eta_lat_p16p395037_lon_p66p989594.npy,16.395037,66.989594,195,200,winter,5,0.07864547024170558
eta_lat_m61p508057_lon_m125p010414.npy,-61.508057,-125.010414,190,195,winter,5,0.11356155822674434
eta_lat_p44p523903_lon_m23p010422.npy,44.523903,-23.010422,195,200,winter,5,0.08632260064284007
eta_lat_p11p027672_lon_m167p010422.npy,11.027672,-167.010422,185,190,winter,5,0.1083768183986346
eta_lat_m61p508057_lon_m149p010422.npy,-61.508057,-149.010422,175,180,winter,5,0.07201811919609706
eta_lat_m64p202515_lon_m143p010422.npy,-64.202515,-143.010422,160,165,winter,5,0.0797057921687762
eta_lat_p31p463802_lon_m35p010422.npy,31.463802,-35.010422,120,125,winter,5,0.07348699991901715
eta_lat_p31p463802_lon_m173p010422.npy,31.463802,-173.010422,190,195,winter,5,0.08683243145545323
eta_lat_m55p389462_lon_p138p989563.npy,-55.389462,138.989563,125,130,winter,5,0.08026606837908427
eta_lat_m68p928383_lon_m29p010422.npy,-68.928383,-29.010422,190,195,winter,5,0.7579155961672465
eta_lat_m44p523903_lon_m155p010422.npy,-44.523903,-155.010422,155,160,winter,5,0.06886055568854015
eta_lat_m31p463802_lon_p36p989578.npy,-31.463802,36.989578,190,195,winter,5,0.07635002583265305
eta_lat_p21p610189_lon_m35p010422.npy,21.610189,-35.010422,195,200,winter,5,0.06658663600683212
eta_lat_m64p202515_lon_p168p989563.npy,-64.202515,168.989563,150,155,winter,5,0.0906866043806076
eta_lat_m64p202515_lon_p42p989578.npy,-64.202515,42.989578,145,150,winter,5,0.046289088825384773
eta_lat_p40p414062_lon_m173p010422.npy,40.414062,-173.010422,115,120,winter,5,0.08715070287386577
eta_lat_m52p006847_lon_m119p010414.npy,-52.006847,-119.010414,140,145,winter,5,0.07183013608058293
eta_lat_m5p545479_lon_m119p010414.npy,-5.545479,-119.010414,180,185,winter,5,0.11916709194580714
eta_lat_m11p027672_lon_m89p010414.npy,-11.027672,-89.010414,145,150,winter,5,0.08082810292641322
eta_lat_p48p374134_lon_m41p010422.npy,48.374134,-41.010422,175,180,winter,5,0.1364375203847885
eta_lat_m64p202515_lon_m17p010422.npy,-64.202515,-17.010422,185,190,winter,5,0.48647164305051166
eta_lat_m55p400803_lon_m53p010422.npy,-55.400803,-53.010422,170,175,winter,5,0.19833329319953918
eta_lat_m51p994694_lon_m89p010414.npy,-51.994694,-89.010414,115,120,winter,5,0.05786956722537676
eta_lat_m58p574665_lon_p114p989594.npy,-58.574665,114.989594,140,145,winter,5,0.06314366683363914
eta_lat_m44p523903_lon_p12p989578.npy,-44.523903,12.989578,140,145,winter,5,0.06676177183787028
eta_lat_m48p374134_lon_p174p989563.npy,-48.374134,174.989563,190,195,winter,5,0.11349388460318248
eta_lat_m0p009682_lon_m17p010422.npy,-0.009682,-17.010422,200,205,winter,5,0.11229851841926575
eta_lat_m36p058659_lon_m23p010422.npy,-36.058659,-23.010422,145,150,winter,5,0.08190651486317317
eta_lat_m48p374134_lon_m155p010422.npy,-48.374134,-155.010422,155,160,winter,5,0.08710346867640813
eta_lat_m52p006847_lon_m107p010414.npy,-52.006847,-107.010414,125,130,winter,5,0.06244631732503573
eta_lat_m66p662788_lon_m11p010422.npy,-66.662788,-11.010422,145,150,winter,5,0.8718333045641581
eta_lat_m40p414062_lon_m29p010422.npy,-40.414062,-29.010422,190,195,winter,5,0.07127127796411514
eta_lat_m55p400803_lon_p168p989563.npy,-55.400803,168.989563,200,205,winter,5,0.11472855508327484
eta_lat_p16p395037_lon_p138p989563.npy,16.395037,138.989563,170,175,winter,5,0.09927795827388763
eta_lat_m55p400803_lon_p150p989563.npy,-55.400803,150.989563,190,195,winter,5,0.2141589323679606
eta_lat_m48p374134_lon_m101p010414.npy,-48.374134,-101.010414,135,140,winter,5,0.05061349645256996
eta_lat_m26p641497_lon_p66p989594.npy,-26.641497,66.989594,115,120,winter,5,0.06441210086146991
eta_lat_m70p951729_lon_m142p952744.npy,-70.951729,-142.952744,145,150,winter,5,0.6369243462880453
eta_lat_m61p508057_lon_m107p010414.npy,-61.508057,-107.010414,165,170,winter,5,0.056155490378538765
eta_lat_p36p058659_lon_m35p010422.npy,36.058659,-35.010422,135,140,winter,5,0.07818088680505753
eta_lat_m55p400803_lon_p132p989563.npy,-55.400803,132.989563,155,160,winter,5,0.08364715178807576
eta_lat_m68p928383_lon_m149p010422.npy,-68.928383,-149.010422,155,160,winter,5,0.2840640644232432
eta_lat_m44p523903_lon_m41p010422.npy,-44.523903,-41.010422,160,165,winter,5,0.07826747248570125
eta_lat_p44p523903_lon_m41p010422.npy,44.523903,-41.010422,165,170,winter,5,0.08401203652222951
eta_lat_m55p400803_lon_m113p010414.npy,-55.400803,-113.010414,115,120,winter,5,0.15052312115828195
eta_lat_m36p058659_lon_p60p989578.npy,-36.058659,60.989578,165,170,winter,5,0.05856448660294215
eta_lat_p48p374134_lon_p162p989563.npy,48.374134,162.989563,200,205,winter,5,0.0846242643892765
eta_lat_m52p006847_lon_m17p010422.npy,-52.006847,-17.010422,120,125,winter,5,0.09461289644241333
eta_lat_p16p395037_lon_p174p989563.npy,16.395037,174.989563,135,140,winter,5,0.08597062279780705
eta_lat_p36p058659_lon_m53p010422.npy,36.058659,-53.010422,175,180,winter,5,0.09053141623735428
eta_lat_m58p574665_lon_m89p010414.npy,-58.574665,-89.010414,170,175,winter,5,0.07574634253978729
eta_lat_p44p523903_lon_m35p010422.npy,44.523903,-35.010422,165,170,winter,5,0.09447944909334183
eta_lat_p40p414062_lon_p168p989563.npy,40.414062,168.989563,200,205,winter,5,0.12580126027266184
eta_lat_m64p202515_lon_p156p989563.npy,-64.202515,156.989563,145,150,winter,5,0.08504061152537663
eta_lat_m16p395037_lon_m95p010414.npy,-16.395037,-95.010414,160,165,winter,5,0.06946687648693721
eta_lat_m70p831284_lon_m107p022827.npy,-70.831284,-107.022827,185,190,winter,5,0.20631262163321176
eta_lat_m75p574257_lon_m165p651382.npy,-75.574257,-165.651382,125,130,winter,5,2.012982805569967
eta_lat_m31p463802_lon_m113p010414.npy,-31.463802,-113.010414,155,160,winter,5,0.052696251620848976
eta_lat_m48p374134_lon_m89p010414.npy,-48.374134,-89.010414,140,145,winter,5,0.0694312018652757
eta_lat_p44p523903_lon_p168p989563.npy,44.523903,168.989563,135,140,winter,5,0.17429871360460916
eta_lat_m55p389462_lon_m89p010414.npy,-55.389462,-89.010414,165,170,winter,5,0.05157449468970299
eta_lat_m72p830154_lon_m142p626068.npy,-72.830154,-142.626068,135,140,winter,5,1.5058986345926921
eta_lat_m55p389462_lon_m59p010422.npy,-55.389462,-59.010422,195,200,winter,5,0.680616041024526
eta_lat_m55p389462_lon_p6p989578.npy,-55.389462,6.989578,155,160,winter,5,0.12753415604432425
eta_lat_m55p389462_lon_p60p989578.npy,-55.389462,60.989578,125,130,winter,5,0.07943783948818843
eta_lat_m0p009682_lon_m17p010422.npy,-0.009682,-17.010422,120,125,winter,5,0.11868819346030553
eta_lat_m71p306725_lon_m29p016449.npy,-71.306725,-29.016449,200,205,winter,5,0.6928685506184896
eta_lat_p36p058659_lon_m155p010422.npy,36.058659,-155.010422,170,175,winter,5,0.0751613179842631
eta_lat_p36p058659_lon_p174p989563.npy,36.058659,174.989563,175,180,winter,5,0.1103720764319102
eta_lat_m40p414062_lon_m155p010422.npy,-40.414062,-155.010422,160,165,winter,5,0.06989415114124616
eta_lat_m66p662788_lon_p18p989578.npy,-66.662788,18.989578,115,120,winter,5,0.27397580941518146
eta_lat_m21p610189_lon_m125p010414.npy,-21.610189,-125.010414,150,155,winter,5,0.07781917105118434
eta_lat_m66p662788_lon_m29p010422.npy,-66.662788,-29.010422,195,200,winter,5,0.859156608581543
eta_lat_m36p058659_lon_p12p989578.npy,-36.058659,12.989578,115,120,winter,5,0.09383197625478108
eta_lat_m55p400803_lon_m149p010422.npy,-55.400803,-149.010422,145,150,winter,5,0.05464203655719757
eta_lat_p36p058659_lon_m167p010422.npy,36.058659,-167.010422,195,200,winter,5,0.1257886936267217
eta_lat_m64p202515_lon_m119p010414.npy,-64.202515,-119.010414,195,200,winter,5,0.07456447680791219
eta_lat_m40p414062_lon_m125p010414.npy,-40.414062,-125.010414,120,125,winter,5,0.060659522811571755
eta_lat_p63p507416_lon_m35p256088.npy,63.507416,-35.256088,125,130,winter,5,0.17718552549680075
eta_lat_m64p202515_lon_p12p989578.npy,-64.202515,12.989578,170,175,winter,5,0.06202837824821472
eta_lat_m44p523903_lon_m17p010422.npy,-44.523903,-17.010422,135,140,winter,5,0.08411964649955432
eta_lat_m31p463802_lon_p78p989594.npy,-31.463802,78.989594,150,155,winter,5,0.06586566691597302
eta_lat_p44p523903_lon_m29p010422.npy,44.523903,-29.010422,125,130,winter,5,0.08560533573230107
eta_lat_m5p545479_lon_m5p010422.npy,-5.545479,-5.010422,195,200,winter,5,0.08632049709558487
eta_lat_m52p006847_lon_m113p010414.npy,-52.006847,-113.010414,200,205,winter,5,0.07522723823785782
eta_lat_p44p523903_lon_p168p989563.npy,44.523903,168.989563,120,125,winter,5,0.12161563088496526
eta_lat_m55p400803_lon_m131p010422.npy,-55.400803,-131.010422,145,150,winter,5,0.11406309405962627
eta_lat_m40p414062_lon_m47p010422.npy,-40.414062,-47.010422,200,205,winter,5,0.17657126983006796
eta_lat_m68p928383_lon_m41p010422.npy,-68.928383,-41.010422,115,120,winter,5,0.8196848630905151
eta_lat_m26p641497_lon_m155p010422.npy,-26.641497,-155.010422,200,205,winter,5,0.07652814437945683
eta_lat_p11p027672_lon_m119p010414.npy,11.027672,-119.010414,150,155,winter,5,0.11185581733783086
eta_lat_m55p400803_lon_p138p989563.npy,-55.400803,138.989563,120,125,winter,5,0.05960304786761602
eta_lat_m66p662788_lon_m11p010422.npy,-66.662788,-11.010422,165,170,winter,5,0.37568024297555286
eta_lat_m58p574665_lon_p144p989563.npy,-58.574665,144.989563,165,170,winter,5,0.06540834407011668
eta_lat_m55p389462_lon_m11p010422.npy,-55.389462,-11.010422,115,120,winter,5,0.09138591835896175
eta_lat_m44p523903_lon_p102p989594.npy,-44.523903,102.989594,150,155,winter,5,0.11498369773228963
eta_lat_m40p414062_lon_m35p010422.npy,-40.414062,-35.010422,175,180,winter,5,0.06422376011808713
eta_lat_m55p400803_lon_m23p010422.npy,-55.400803,-23.010422,175,180,winter,5,0.08774140725533168
eta_lat_m70p897415_lon_m136p959152.npy,-70.897415,-136.959152,160,165,winter,5,0.5003985663255056
eta_lat_p31p463802_lon_m167p010422.npy,31.463802,-167.010422,200,205,winter,5,0.07008089870214462
eta_lat_m64p202515_lon_p18p989578.npy,-64.202515,18.989578,180,185,winter,5,0.06963091095288594
eta_lat_m58p574665_lon_m173p010422.npy,-58.574665,-173.010422,165,170,winter,5,0.06198263416687647
eta_lat_m31p463802_lon_m23p010422.npy,-31.463802,-23.010422,185,190,winter,5,0.06666203091541927
eta_lat_m11p027672_lon_m29p010422.npy,-11.027672,-29.010422,145,150,winter,5,0.074680561820666
eta_lat_m55p389462_lon_p90p989594.npy,-55.389462,90.989594,185,190,winter,5,0.11517103016376495
eta_lat_m64p202515_lon_p126p989594.npy,-64.202515,126.989594,120,125,winter,5,0.06849626700083415
eta_lat_m55p389462_lon_p150p989563.npy,-55.389462,150.989563,195,200,winter,5,0.2229339430729548
eta_lat_p0p009682_lon_m167p010422.npy,0.009682,-167.010422,175,180,winter,5,0.11643201112747192
eta_lat_m64p202515_lon_m17p010422.npy,-64.202515,-17.010422,160,165,winter,5,0.635399599870046
eta_lat_m71p197975_lon_m172p950165.npy,-71.197975,-172.950165,125,130,winter,5,1.5983102321624756
eta_lat_m21p610189_lon_m17p010422.npy,-21.610189,-17.010422,195,200,winter,5,0.07728515565395355
eta_lat_m61p508057_lon_m107p010414.npy,-61.508057,-107.010414,135,140,winter,5,0.06276341403524081
eta_lat_m31p463802_lon_m29p010422.npy,-31.463802,-29.010422,135,140,winter,5,0.07239345957835515
eta_lat_m55p400803_lon_p162p989563.npy,-55.400803,162.989563,195,200,winter,5,0.1715893099705378
eta_lat_p0p009682_lon_m137p010422.npy,0.009682,-137.010422,165,170,winter,5,0.12475613256295522
eta_lat_m26p641497_lon_m119p010414.npy,-26.641497,-119.010414,115,120,winter,5,0.06345685323079427
eta_lat_m58p574665_lon_m167p010422.npy,-58.574665,-167.010422,145,150,winter,5,0.05505078658461571
eta_lat_m61p508057_lon_m83p010414.npy,-61.508057,-83.010414,155,160,winter,5,0.05318313961227735
eta_lat_m40p414062_lon_m35p010422.npy,-40.414062,-35.010422,130,135,winter,5,0.0954672321677208
eta_lat_m48p374134_lon_p144p989563.npy,-48.374134,144.989563,165,170,winter,5,0.11762857437133789
eta_lat_p51p994694_lon_m23p010422.npy,51.994694,-23.010422,120,125,winter,5,0.22025369107723236
eta_lat_m21p610189_lon_m23p010422.npy,-21.610189,-23.010422,185,190,winter,5,0.060026618341604866
eta_lat_p40p414062_lon_m47p010422.npy,40.414062,-47.010422,140,145,winter,5,0.07580383618672688
eta_lat_m52p006847_lon_m161p010422.npy,-52.006847,-161.010422,175,180,winter,5,0.0931212306022644
eta_lat_m52p006847_lon_m167p010422.npy,-52.006847,-167.010422,130,135,winter,5,0.17714321613311768
eta_lat_m21p610189_lon_m5p010422.npy,-21.610189,-5.010422,145,150,winter,5,0.060715653002262115
eta_lat_p21p610189_lon_m41p010422.npy,21.610189,-41.010422,120,125,winter,5,0.06422524278362592
eta_lat_p11p027672_lon_m101p010414.npy,11.027672,-101.010414,135,140,winter,5,0.10452928890784581
eta_lat_p5p545479_lon_m35p010422.npy,5.545479,-35.010422,150,155,winter,5,0.1099138433734576
eta_lat_p5p545479_lon_m101p010414.npy,5.545479,-101.010414,150,155,winter,5,0.12946207324663797
eta_lat_m61p508057_lon_m17p010422.npy,-61.508057,-17.010422,160,165,winter,5,0.20705938835938772
eta_lat_m40p414062_lon_p60p989578.npy,-40.414062,60.989578,170,175,winter,5,0.07789590209722519
eta_lat_m48p374134_lon_m5p010422.npy,-48.374134,-5.010422,130,135,winter,5,0.0869625893731912
eta_lat_p16p395037_lon_m41p010422.npy,16.395037,-41.010422,165,170,winter,5,0.07708107183376949
eta_lat_p11p027672_lon_m167p010422.npy,11.027672,-167.010422,165,170,winter,5,0.1123846744497617
eta_lat_m16p395037_lon_m101p010414.npy,-16.395037,-101.010414,130,135,winter,5,0.06785308942198753
eta_lat_m51p994694_lon_m95p010414.npy,-51.994694,-95.010414,170,175,winter,5,0.07723611841599147
eta_lat_m58p574665_lon_p102p989594.npy,-58.574665,102.989594,195,200,winter,5,0.0866258442401886
eta_lat_m58p574665_lon_p54p989578.npy,-58.574665,54.989578,165,170,winter,5,0.12753273795048395
eta_lat_p36p058659_lon_p174p989563.npy,36.058659,174.989563,140,145,winter,5,0.09550156941016515
eta_lat_m58p574665_lon_m83p010414.npy,-58.574665,-83.010414,180,185,winter,5,0.08454422156016032
eta_lat_m16p395037_lon_m17p010422.npy,-16.395037,-17.010422,115,120,winter,5,0.0641446349521478
eta_lat_m52p006847_lon_m5p010422.npy,-52.006847,-5.010422,130,135,winter,5,0.0797298476099968
eta_lat_p21p610189_lon_m53p010422.npy,21.610189,-53.010422,180,185,winter,5,0.0844040314356486
eta_lat_p21p610189_lon_m119p010414.npy,21.610189,-119.010414,180,185,winter,5,0.09631727387507756
eta_lat_m31p463802_lon_m41p010422.npy,-31.463802,-41.010422,200,205,winter,5,0.08405320843060811
eta_lat_m58p574665_lon_p24p989578.npy,-58.574665,24.989578,180,185,winter,5,0.09517898534735043
eta_lat_p55p389462_lon_m47p010422.npy,55.389462,-47.010422,150,155,winter,5,0.14823435743649802
eta_lat_m36p058659_lon_m47p010422.npy,-36.058659,-47.010422,130,135,winter,5,0.07608102013667424
eta_lat_m44p523903_lon_m119p010414.npy,-44.523903,-119.010414,130,135,winter,5,0.04671574383974075
eta_lat_m16p395037_lon_m11p010422.npy,-16.395037,-11.010422,145,150,winter,5,0.06407309447725613
eta_lat_p16p395037_lon_p156p989563.npy,16.395037,156.989563,175,180,winter,5,0.08589133620262146
eta_lat_m11p027672_lon_m11p010422.npy,-11.027672,-11.010422,135,140,winter,5,0.07906042039394379
eta_lat_m16p395037_lon_m113p010414.npy,-16.395037,-113.010414,125,130,winter,5,0.06989291061957677
eta_lat_m55p389462_lon_p126p989594.npy,-55.389462,126.989594,125,130,winter,5,0.14548747738202414
eta_lat_m58p574665_lon_p156p989563.npy,-58.574665,156.989563,120,125,winter,5,0.08852557837963104
eta_lat_p44p523903_lon_m149p010422.npy,44.523903,-149.010422,195,200,winter,5,0.07018458470702171
eta_lat_m0p009682_lon_p60p989578.npy,-0.009682,60.989578,175,180,winter,5,0.11363176256418228
eta_lat_m52p006847_lon_m107p010414.npy,-52.006847,-107.010414,150,155,winter,5,0.05492684617638588
eta_lat_p26p641497_lon_p162p989563.npy,26.641497,162.989563,140,145,winter,5,0.07173451036214828
eta_lat_p26p641497_lon_m65p010414.npy,26.641497,-65.010414,160,165,winter,5,0.07386354108651479
eta_lat_m55p400803_lon_p30p989578.npy,-55.400803,30.989578,180,185,winter,5,0.0822076400121053
eta_lat_m55p389462_lon_m47p010422.npy,-55.389462,-47.010422,165,170,winter,5,0.07081325724720955
eta_lat_m26p641497_lon_m113p010414.npy,-26.641497,-113.010414,120,125,winter,5,0.06282745177547137
eta_lat_m58p574665_lon_m71p010414.npy,-58.574665,-71.010414,180,185,winter,5,0.07961422453324
eta_lat_m51p994694_lon_m131p010422.npy,-51.994694,-131.010422,175,180,winter,5,0.10650692880153656
eta_lat_m31p463802_lon_m119p010414.npy,-31.463802,-119.010414,170,175,winter,5,0.06803181022405624
eta_lat_p0p009682_lon_m113p010414.npy,0.009682,-113.010414,135,140,winter,5,0.12101036806901296
eta_lat_m16p395037_lon_p108p989594.npy,-16.395037,108.989594,135,140,winter,5,0.13811917354663214
eta_lat_m40p414062_lon_m95p010414.npy,-40.414062,-95.010414,180,185,winter,5,0.08310184627771378
eta_lat_p63p711063_lon_m29p662918.npy,63.711063,-29.662918,170,175,winter,5,0.12503022948900858
eta_lat_m55p400803_lon_m89p010414.npy,-55.400803,-89.010414,180,185,winter,5,0.0668915497759978
eta_lat_m5p545479_lon_m119p010414.npy,-5.545479,-119.010414,185,190,winter,5,0.1235653559366862
eta_lat_m51p994694_lon_p102p989594.npy,-51.994694,102.989594,185,190,winter,5,0.15017702678839365
eta_lat_m58p574665_lon_p78p989594.npy,-58.574665,78.989594,200,205,winter,5,0.16314591219027838
eta_lat_m48p374134_lon_p30p989578.npy,-48.374134,30.989578,160,165,winter,5,0.11102647582689922
eta_lat_m40p414062_lon_m125p010414.npy,-40.414062,-125.010414,130,135,winter,5,0.053997643291950226
eta_lat_m5p545479_lon_m131p010422.npy,-5.545479,-131.010422,125,130,winter,5,0.09921830892562866
eta_lat_m52p006847_lon_m155p010422.npy,-52.006847,-155.010422,135,140,winter,5,0.12889861315488815
eta_lat_m36p058659_lon_p162p989563.npy,-36.058659,162.989563,200,205,winter,5,0.08943762878576915
eta_lat_p48p374134_lon_p174p989563.npy,48.374134,174.989563,115,120,winter,5,0.07365131253997485
eta_lat_m71p296463_lon_m35p025223.npy,-71.296463,-35.025223,120,125,winter,5,0.414699708422025
eta_lat_m58p574665_lon_m137p010422.npy,-58.574665,-137.010422,190,195,winter,5,0.10400870442390442
eta_lat_p26p641497_lon_p156p989563.npy,26.641497,156.989563,190,195,winter,5,0.07624376192688942
eta_lat_p40p414062_lon_p174p989563.npy,40.414062,174.989563,150,155,winter,5,0.10283641268809636
eta_lat_p61p579643_lon_m17p313934.npy,61.579643,-17.313934,120,125,winter,5,0.07093928257624309
eta_lat_p44p523903_lon_m149p010422.npy,44.523903,-149.010422,170,175,winter,5,0.07391390452782313
eta_lat_m70p857033_lon_m130p966385.npy,-70.857033,-130.966385,165,170,winter,5,0.5371082524458567
eta_lat_m55p400803_lon_m11p010422.npy,-55.400803,-11.010422,155,160,winter,5,0.07109088202317555
eta_lat_m55p400803_lon_p60p989578.npy,-55.400803,60.989578,135,140,winter,5,0.08722459773222606
eta_lat_p0p009682_lon_m107p010414.npy,0.009682,-107.010414,185,190,winter,5,0.12811856965223947
eta_lat_m55p400803_lon_p78p989594.npy,-55.400803,78.989594,170,175,winter,5,0.10424504677454631
eta_lat_m36p058659_lon_p66p989594.npy,-36.058659,66.989594,135,140,winter,5,0.05876594160993894
eta_lat_m11p027672_lon_m83p010414.npy,-11.027672,-83.010414,190,195,winter,5,0.08050412684679031
eta_lat_p44p523903_lon_m149p010422.npy,44.523903,-149.010422,175,180,winter,5,0.11393461128075917
eta_lat_m5p545479_lon_m131p010422.npy,-5.545479,-131.010422,160,165,winter,5,0.1066155085961024
eta_lat_m61p508057_lon_m113p010414.npy,-61.508057,-113.010414,130,135,winter,5,0.06005712101856867
eta_lat_m55p389462_lon_p36p989578.npy,-55.389462,36.989578,175,180,winter,5,0.08555014928181966
eta_lat_m61p508057_lon_p60p989578.npy,-61.508057,60.989578,195,200,winter,5,0.10302613178888957
eta_lat_p31p463802_lon_m53p010422.npy,31.463802,-53.010422,130,135,winter,5,0.07417713354031245
eta_lat_m44p523903_lon_m119p010414.npy,-44.523903,-119.010414,185,190,winter,5,0.04810812324285507
eta_lat_m52p006847_lon_p120p989594.npy,-52.006847,120.989594,115,120,winter,5,0.1182368944088618
eta_lat_m66p662788_lon_m149p010422.npy,-66.662788,-149.010422,195,200,winter,5,0.3519836366176605
eta_lat_m31p463802_lon_p48p989578.npy,-31.463802,48.989578,195,200,winter,5,0.10909269253412883
eta_lat_p51p994694_lon_m161p010422.npy,51.994694,-161.010422,195,200,winter,5,0.12431349853674571
eta_lat_m64p202515_lon_m155p010422.npy,-64.202515,-155.010422,190,195,winter,5,0.08781336744626363
eta_lat_m52p006847_lon_p60p989578.npy,-52.006847,60.989578,160,165,winter,5,0.07898746927579244
eta_lat_p48p374134_lon_m41p010422.npy,48.374134,-41.010422,120,125,winter,5,0.1545564979314804
eta_lat_m73p118896_lon_m154p539932.npy,-73.118896,-154.539932,165,170,winter,5,0.8686908284823099
eta_lat_p31p463802_lon_m53p010422.npy,31.463802,-53.010422,125,130,winter,5,0.10776280239224434
eta_lat_m44p523903_lon_p12p989578.npy,-44.523903,12.989578,155,160,winter,5,0.06190519779920578
eta_lat_p48p374134_lon_m137p010422.npy,48.374134,-137.010422,185,190,winter,5,0.09844054281711578
eta_lat_m71p306725_lon_m29p016449.npy,-71.306725,-29.016449,155,160,winter,5,2.1799312035242715
eta_lat_p44p523903_lon_p168p989563.npy,44.523903,168.989563,155,160,winter,5,0.12769854937990507
eta_lat_m61p508057_lon_p138p989563.npy,-61.508057,138.989563,145,150,winter,5,0.0953224425514539
eta_lat_m48p374134_lon_m47p010422.npy,-48.374134,-47.010422,180,185,winter,5,0.1190320650736491
eta_lat_m55p400803_lon_m173p010422.npy,-55.400803,-173.010422,185,190,winter,5,0.09079305206735928
eta_lat_m64p202515_lon_m119p010414.npy,-64.202515,-119.010414,180,185,winter,5,0.08646631985902786
eta_lat_m52p006847_lon_p6p989578.npy,-52.006847,6.989578,170,175,winter,5,0.09272791196902593
eta_lat_m61p508057_lon_p18p989578.npy,-61.508057,18.989578,135,140,winter,5,0.05696340029438337
eta_lat_m31p463802_lon_p162p989563.npy,-31.463802,162.989563,150,155,winter,5,0.11628903448581696
eta_lat_m58p574665_lon_p48p989578.npy,-58.574665,48.989578,165,170,winter,5,0.07390991846720378
eta_lat_m52p006847_lon_p12p989578.npy,-52.006847,12.989578,195,200,winter,5,0.12602739284435907
eta_lat_m66p662788_lon_m137p010422.npy,-66.662788,-137.010422,170,175,winter,5,0.06631856908400853
eta_lat_m26p641497_lon_m35p010422.npy,-26.641497,-35.010422,185,190,winter,5,0.07086855421463649
eta_lat_m70p818817_lon_m112p992744.npy,-70.818817,-112.992744,195,200,winter,5,0.07782686750094096
eta_lat_m58p574665_lon_p126p989594.npy,-58.574665,126.989594,160,165,winter,5,0.1153603196144104
eta_lat_p58p499409_lon_m23p040436.npy,58.499409,-23.040436,165,170,winter,5,0.12934869031111398
eta_lat_m31p463802_lon_m137p010422.npy,-31.463802,-137.010422,190,195,winter,5,0.06802214185396831
eta_lat_m66p662788_lon_p36p989578.npy,-66.662788,36.989578,175,180,winter,5,0.060096735755602516
eta_lat_m16p395037_lon_p78p989594.npy,-16.395037,78.989594,165,170,winter,5,0.08475736528635025
eta_lat_m11p027672_lon_m83p010414.npy,-11.027672,-83.010414,135,140,winter,5,0.07889775931835175
eta_lat_p21p610189_lon_m41p010422.npy,21.610189,-41.010422,195,200,winter,5,0.06592879941066106
eta_lat_m58p574665_lon_p96p989594.npy,-58.574665,96.989594,190,195,winter,5,0.08629959324995677
eta_lat_m52p006847_lon_p0p989578.npy,-52.006847,0.989578,195,200,winter,5,0.12728906174500784
eta_lat_m40p414062_lon_m167p010422.npy,-40.414062,-167.010422,160,165,winter,5,0.06361730272571246
eta_lat_m55p389462_lon_p114p989594.npy,-55.389462,114.989594,145,150,winter,5,0.08245471864938736
eta_lat_m61p508057_lon_m23p010422.npy,-61.508057,-23.010422,115,120,winter,5,0.6904983520507812
eta_lat_p26p641497_lon_m59p010422.npy,26.641497,-59.010422,190,195,winter,5,0.07201612368226051
eta_lat_m55p400803_lon_p174p989563.npy,-55.400803,174.989563,155,160,winter,5,0.20164752006530762
eta_lat_m44p523903_lon_m53p010422.npy,-44.523903,-53.010422,170,175,winter,5,0.15182599425315857
eta_lat_m40p414062_lon_m149p010422.npy,-40.414062,-149.010422,190,195,winter,5,0.059630985061327614
eta_lat_m55p400803_lon_m5p010422.npy,-55.400803,-5.010422,175,180,winter,5,0.10425333430369695
eta_lat_p44p523903_lon_m23p010422.npy,44.523903,-23.010422,165,170,winter,5,0.10214133560657501
eta_lat_p44p523903_lon_m17p010422.npy,44.523903,-17.010422,155,160,winter,5,0.08680136253436406
eta_lat_p40p414062_lon_m17p010422.npy,40.414062,-17.010422,155,160,winter,5,0.07693346093098323
eta_lat_p44p523903_lon_p156p989563.npy,44.523903,156.989563,150,155,winter,5,0.06728499134381612
eta_lat_m48p374134_lon_m137p010422.npy,-48.374134,-137.010422,135,140,winter,5,0.05590667575597763
eta_lat_m71p216316_lon_m53p046265.npy,-71.216316,-53.046265,145,150,winter,5,0.9898651440938314
eta_lat_p26p641497_lon_m35p010422.npy,26.641497,-35.010422,125,130,winter,5,0.05604067941506704
eta_lat_m36p058659_lon_p72p989594.npy,-36.058659,72.989594,195,200,winter,5,0.05767780418197314
eta_lat_m36p058659_lon_p6p989578.npy,-36.058659,6.989578,155,160,winter,5,0.07337350398302078
eta_lat_m52p006847_lon_p174p989563.npy,-52.006847,174.989563,165,170,winter,5,0.14598391950130463
eta_lat_m5p545479_lon_m113p010414.npy,-5.545479,-113.010414,120,125,winter,5,0.09795978168646495
eta_lat_p5p545479_lon_m143p010422.npy,5.545479,-143.010422,135,140,winter,5,0.11206459999084473
eta_lat_p64p927673_lon_m5p599991.npy,64.927673,-5.599991,160,165,winter,5,0.0611934003730615
eta_lat_m36p058659_lon_p48p989578.npy,-36.058659,48.989578,200,205,winter,5,0.08517630646626155
eta_lat_m61p508057_lon_m11p010422.npy,-61.508057,-11.010422,190,195,winter,5,0.07248957330981891
eta_lat_m58p574665_lon_p72p989594.npy,-58.574665,72.989594,155,160,winter,5,0.08713987469673157
eta_lat_m52p006847_lon_p6p989578.npy,-52.006847,6.989578,140,145,winter,5,0.12516013036171594
eta_lat_m40p414062_lon_p90p989594.npy,-40.414062,90.989594,150,155,winter,5,0.07942515860001247
eta_lat_p16p395037_lon_p66p989594.npy,16.395037,66.989594,160,165,winter,5,0.07725547005732854
eta_lat_p21p610189_lon_m149p010422.npy,21.610189,-149.010422,180,185,winter,5,0.08402198553085327
eta_lat_m64p202515_lon_m161p010422.npy,-64.202515,-161.010422,115,120,winter,5,0.8931425015131632
eta_lat_m26p641497_lon_m173p010422.npy,-26.641497,-173.010422,180,185,winter,5,0.07945627967516582
eta_lat_m55p400803_lon_p18p989578.npy,-55.400803,18.989578,185,190,winter,5,0.07499818628033002
eta_lat_p36p058659_lon_p156p989563.npy,36.058659,156.989563,165,170,winter,5,0.21691803137461343
eta_lat_m40p414062_lon_m113p010414.npy,-40.414062,-113.010414,190,195,winter,5,0.07840730746587117
eta_lat_m31p463802_lon_m11p010422.npy,-31.463802,-11.010422,145,150,winter,5,0.05766859774788221
eta_lat_p40p414062_lon_m53p010422.npy,40.414062,-53.010422,185,190,winter,5,0.1102885901927948
eta_lat_p31p463802_lon_m137p010422.npy,31.463802,-137.010422,125,130,winter,5,0.07588685552279155
eta_lat_m58p574665_lon_m101p010414.npy,-58.574665,-101.010414,145,150,winter,5,0.08224158237377803
eta_lat_p31p463802_lon_m143p010422.npy,31.463802,-143.010422,165,170,winter,5,0.08083096891641617
eta_lat_m48p374134_lon_p12p989578.npy,-48.374134,12.989578,175,180,winter,5,0.17608747879664102
eta_lat_m70p941582_lon_m89p045937.npy,-70.941582,-89.045937,190,195,winter,5,0.14525707811117172
eta_lat_m36p058659_lon_m119p010414.npy,-36.058659,-119.010414,150,155,winter,5,0.05820941428343455
eta_lat_m55p389462_lon_p132p989563.npy,-55.389462,132.989563,180,185,winter,5,0.07554177194833755
eta_lat_m51p994694_lon_p126p989594.npy,-51.994694,126.989594,120,125,winter,5,0.09975991398096085
eta_lat_m26p641497_lon_m167p010422.npy,-26.641497,-167.010422,130,135,winter,5,0.07582377890745799
eta_lat_m58p574665_lon_p72p989594.npy,-58.574665,72.989594,125,130,winter,5,0.11047880972425143
eta_lat_m64p202515_lon_m29p010422.npy,-64.202515,-29.010422,135,140,winter,5,0.5035285949707031
eta_lat_p55p389462_lon_m35p010422.npy,55.389462,-35.010422,155,160,winter,5,0.11574530104796092
eta_lat_p51p994694_lon_m161p010422.npy,51.994694,-161.010422,145,150,winter,5,0.0963482732574145
eta_lat_p5p545479_lon_m131p010422.npy,5.545479,-131.010422,155,160,winter,5,0.12021857748428981
eta_lat_p11p027672_lon_m59p010422.npy,11.027672,-59.010422,175,180,winter,5,0.0889586756626765
eta_lat_p11p027672_lon_m95p010414.npy,11.027672,-95.010414,135,140,winter,5,0.10195962091286977
eta_lat_p51p994694_lon_m23p010422.npy,51.994694,-23.010422,180,185,winter,5,0.18999183674653372
eta_lat_p21p610189_lon_m119p010414.npy,21.610189,-119.010414,145,150,winter,5,0.08408619711796443
eta_lat_m51p994694_lon_p12p989578.npy,-51.994694,12.989578,130,135,winter,5,0.07813361535469691
eta_lat_m61p508057_lon_p0p989578.npy,-61.508057,0.989578,125,130,winter,5,0.29030747214953107
eta_lat_m66p662788_lon_p0p989578.npy,-66.662788,0.989578,120,125,winter,5,0.672646164894104
eta_lat_m48p374134_lon_m17p010422.npy,-48.374134,-17.010422,185,190,winter,5,0.1134566068649292
eta_lat_m5p545479_lon_m89p010414.npy,-5.545479,-89.010414,170,175,winter,5,0.08832745254039764
eta_lat_m64p202515_lon_m143p010422.npy,-64.202515,-143.010422,190,195,winter,5,0.09462158381938934
eta_lat_m31p463802_lon_p54p989578.npy,-31.463802,54.989578,190,195,winter,5,0.07958819468816121
eta_lat_m58p574665_lon_m143p010422.npy,-58.574665,-143.010422,165,170,winter,5,0.05685653289159139
eta_lat_m52p006847_lon_p138p989563.npy,-52.006847,138.989563,175,180,winter,5,0.08951377620299657
eta_lat_p55p389462_lon_m29p010422.npy,55.389462,-29.010422,120,125,winter,5,0.10800645252068837
eta_lat_m40p414062_lon_m35p010422.npy,-40.414062,-35.010422,195,200,winter,5,0.07757462561130524
eta_lat_m55p389462_lon_p138p989563.npy,-55.389462,138.989563,180,185,winter,5,0.07614457607269287
eta_lat_p51p994694_lon_m23p010422.npy,51.994694,-23.010422,165,170,winter,5,0.17811091244220734
eta_lat_m61p508057_lon_m161p010422.npy,-61.508057,-161.010422,160,165,winter,5,0.10296387722094853
eta_lat_m55p389462_lon_p36p989578.npy,-55.389462,36.989578,125,130,winter,5,0.11095217863718669
eta_lat_m51p994694_lon_p24p989578.npy,-51.994694,24.989578,150,155,winter,5,0.0974925085902214
eta_lat_p26p641497_lon_m161p010422.npy,26.641497,-161.010422,150,155,winter,5,0.08643229305744171
eta_lat_m72p979408_lon_m148p561707.npy,-72.979408,-148.561707,175,180,winter,5,0.8206574519475301
eta_lat_m55p389462_lon_m59p010422.npy,-55.389462,-59.010422,190,195,winter,5,0.21481660505135855
eta_lat_m11p027672_lon_p72p989594.npy,-11.027672,72.989594,185,190,winter,5,0.10695466647545497
eta_lat_p11p027672_lon_p66p989594.npy,11.027672,66.989594,200,205,winter,5,0.11006530622641246
eta_lat_p44p523903_lon_m17p010422.npy,44.523903,-17.010422,175,180,winter,5,0.07312294592459996
eta_lat_m48p374134_lon_m107p010414.npy,-48.374134,-107.010414,180,185,winter,5,0.08559727172056834
eta_lat_p11p027672_lon_m167p010422.npy,11.027672,-167.010422,175,180,winter,5,0.10964617381493251
eta_lat_m64p202515_lon_p24p989578.npy,-64.202515,24.989578,125,130,winter,5,0.18383841961622238
eta_lat_p16p395037_lon_p138p989563.npy,16.395037,138.989563,200,205,winter,5,0.11434759696324666
eta_lat_m44p523903_lon_m143p010422.npy,-44.523903,-143.010422,160,165,winter,5,0.0793035055200259
eta_lat_p11p027672_lon_m173p010422.npy,11.027672,-173.010422,170,175,winter,5,0.0991416946053505
eta_lat_m44p523903_lon_m131p010422.npy,-44.523903,-131.010422,170,175,winter,5,0.06248976290225983
eta_lat_p48p374134_lon_m137p010422.npy,48.374134,-137.010422,200,205,winter,5,0.12888806561628977
eta_lat_m0p009682_lon_p66p989594.npy,-0.009682,66.989594,125,130,winter,5,0.12001961718002956
eta_lat_p5p545479_lon_m125p010414.npy,5.545479,-125.010414,120,125,winter,5,0.11331636706988017
eta_lat_m55p400803_lon_p120p989594.npy,-55.400803,120.989594,175,180,winter,5,0.11869974186023076
eta_lat_p11p027672_lon_m59p010422.npy,11.027672,-59.010422,125,130,winter,5,0.07611799240112305
eta_lat_p44p523903_lon_p162p989563.npy,44.523903,162.989563,175,180,winter,5,0.12114414324363072
eta_lat_m48p374134_lon_p102p989594.npy,-48.374134,102.989594,155,160,winter,5,0.07550246268510818
eta_lat_m68p928383_lon_m149p010422.npy,-68.928383,-149.010422,180,185,winter,5,0.3221944918235143
eta_lat_p26p641497_lon_m143p010422.npy,26.641497,-143.010422,130,135,winter,5,0.0776382436354955
eta_lat_p21p610189_lon_m23p010422.npy,21.610189,-23.010422,120,125,winter,5,0.056514840573072433
eta_lat_m52p006847_lon_p138p989563.npy,-52.006847,138.989563,185,190,winter,5,0.10404192159573238
eta_lat_p11p027672_lon_m35p010422.npy,11.027672,-35.010422,125,130,winter,5,0.09847409278154373
eta_lat_m58p574665_lon_m23p010422.npy,-58.574665,-23.010422,135,140,winter,5,0.1136878232161204
eta_lat_m36p058659_lon_m113p010414.npy,-36.058659,-113.010414,150,155,winter,5,0.08679691205422084
eta_lat_p40p414062_lon_p174p989563.npy,40.414062,174.989563,155,160,winter,5,0.18042126297950745
eta_lat_m55p400803_lon_m5p010422.npy,-55.400803,-5.010422,160,165,winter,5,0.1523539920647939
eta_lat_m31p463802_lon_m101p010414.npy,-31.463802,-101.010414,175,180,winter,5,0.05112811426321665
eta_lat_m66p662788_lon_p174p989563.npy,-66.662788,174.989563,200,205,winter,5,0.08787835389375687
eta_lat_m68p928383_lon_m137p010422.npy,-68.928383,-137.010422,175,180,winter,5,0.061514947563409805
eta_lat_m72p442223_lon_m113p020538.npy,-72.442223,-113.020538,145,150,winter,5,0.5082527200380961
eta_lat_p11p027672_lon_m59p010422.npy,11.027672,-59.010422,200,205,winter,5,0.07086540758609772
eta_lat_m36p058659_lon_m35p010422.npy,-36.058659,-35.010422,140,145,winter,5,0.05666395276784897
eta_lat_m68p928383_lon_m17p010422.npy,-68.928383,-17.010422,115,120,winter,5,1.2314075628916423
eta_lat_m40p414062_lon_p120p989594.npy,-40.414062,120.989594,135,140,winter,5,0.06162011126677195
eta_lat_m40p414062_lon_m149p010422.npy,-40.414062,-149.010422,165,170,winter,5,0.08273856590191524
eta_lat_p11p027672_lon_m119p010414.npy,11.027672,-119.010414,185,190,winter,5,0.11648336797952652
eta_lat_p5p545479_lon_m155p010422.npy,5.545479,-155.010422,115,120,winter,5,0.09916004786888759
eta_lat_m48p374134_lon_p60p989578.npy,-48.374134,60.989578,200,205,winter,5,0.07431082179148991
eta_lat_p61p185383_lon_m29p222214.npy,61.185383,-29.222214,130,135,winter,5,0.13490133732557297
eta_lat_m55p400803_lon_p78p989594.npy,-55.400803,78.989594,150,155,winter,5,0.06813768297433853
eta_lat_m31p463802_lon_p60p989578.npy,-31.463802,60.989578,125,130,winter,5,0.06119255845745405
eta_lat_m51p994694_lon_m167p010422.npy,-51.994694,-167.010422,130,135,winter,5,0.17832125226656595
eta_lat_m55p389462_lon_m17p010422.npy,-55.389462,-17.010422,195,200,winter,5,0.08072170366843541
eta_lat_m55p400803_lon_p6p989578.npy,-55.400803,6.989578,150,155,winter,5,0.06996333847443263
eta_lat_m52p006847_lon_m47p010422.npy,-52.006847,-47.010422,130,135,winter,5,0.05898998429377874
eta_lat_m55p400803_lon_m17p010422.npy,-55.400803,-17.010422,140,145,winter,5,0.06252944469451904
eta_lat_p36p058659_lon_m35p010422.npy,36.058659,-35.010422,195,200,winter,5,0.0965320219596227
eta_lat_p16p395037_lon_m29p010422.npy,16.395037,-29.010422,165,170,winter,5,0.07172877589861552
eta_lat_p61p579643_lon_m17p313934.npy,61.579643,-17.313934,165,170,winter,5,0.07361429805556934
eta_lat_m55p389462_lon_p150p989563.npy,-55.389462,150.989563,140,145,winter,5,0.2133964349826177
eta_lat_m61p508057_lon_p24p989578.npy,-61.508057,24.989578,170,175,winter,5,0.08715616539120674
eta_lat_m31p463802_lon_p54p989578.npy,-31.463802,54.989578,200,205,winter,5,0.06590388963619868
eta_lat_m44p523903_lon_m29p010422.npy,-44.523903,-29.010422,155,160,winter,5,0.12770767509937286
eta_lat_m16p395037_lon_m83p010414.npy,-16.395037,-83.010414,195,200,winter,5,0.07347170511881511
eta_lat_p40p414062_lon_m173p010422.npy,40.414062,-173.010422,145,150,winter,5,0.09038884192705154
eta_lat_m51p994694_lon_p84p989594.npy,-51.994694,84.989594,190,195,winter,5,0.20725210507710776
eta_lat_m55p400803_lon_p36p989578.npy,-55.400803,36.989578,115,120,winter,5,0.10372305661439896
eta_lat_m40p414062_lon_m125p010414.npy,-40.414062,-125.010414,175,180,winter,5,0.06639128178358078
eta_lat_m31p463802_lon_m17p010422.npy,-31.463802,-17.010422,185,190,winter,5,0.0776653786500295
eta_lat_m5p545479_lon_p168p989563.npy,-5.545479,168.989563,150,155,winter,5,0.12407194823026657
eta_lat_m40p414062_lon_p90p989594.npy,-40.414062,90.989594,160,165,winter,5,0.08308655520280202
eta_lat_p16p395037_lon_m149p010422.npy,16.395037,-149.010422,195,200,winter,5,0.08062879492839177
eta_lat_m44p523903_lon_p12p989578.npy,-44.523903,12.989578,185,190,winter,5,0.10705102483431499
eta_lat_m64p202515_lon_m47p010422.npy,-64.202515,-47.010422,135,140,winter,5,0.5900700191656748
eta_lat_p16p395037_lon_m29p010422.npy,16.395037,-29.010422,150,155,winter,5,0.07780604064464569
eta_lat_p68p049988_lon_p6p988419.npy,68.049988,6.988419,115,120,winter,5,0.10310028245051701
eta_lat_m64p202515_lon_m155p010422.npy,-64.202515,-155.010422,135,140,winter,5,0.5536986142396927
eta_lat_m66p662788_lon_m53p010422.npy,-66.662788,-53.010422,180,185,winter,5,0.9787155191103617
eta_lat_p40p414062_lon_m149p010422.npy,40.414062,-149.010422,185,190,winter,5,0.06886708736419678
eta_lat_m26p641497_lon_m5p010422.npy,-26.641497,-5.010422,145,150,winter,5,0.06702769671877225
eta_lat_m48p374134_lon_p108p989594.npy,-48.374134,108.989594,180,185,winter,5,0.1008352388938268
eta_lat_m55p389462_lon_m173p010422.npy,-55.389462,-173.010422,120,125,winter,5,0.06972338755925496
eta_lat_m21p610189_lon_p84p989594.npy,-21.610189,84.989594,130,135,winter,5,0.08686040590206782
eta_lat_m44p523903_lon_p120p989594.npy,-44.523903,120.989594,170,175,winter,5,0.057877399027347565
eta_lat_m26p641497_lon_p84p989594.npy,-26.641497,84.989594,165,170,winter,5,0.06609272460142772
eta_lat_m36p058659_lon_m35p010422.npy,-36.058659,-35.010422,115,120,winter,5,0.07813894500335057
eta_lat_m31p463802_lon_p174p989563.npy,-31.463802,174.989563,185,190,winter,5,0.12110420813163121
eta_lat_m61p508057_lon_p30p989578.npy,-61.508057,30.989578,130,135,winter,5,0.11504334211349487
eta_lat_m26p641497_lon_p108p989594.npy,-26.641497,108.989594,175,180,winter,5,0.07125094036261241
eta_lat_m51p994694_lon_m95p010414.npy,-51.994694,-95.010414,175,180,winter,5,0.054756149649620056
eta_lat_p11p027672_lon_m131p010422.npy,11.027672,-131.010422,170,175,winter,5,0.11659583201011021
eta_lat_m16p395037_lon_p108p989594.npy,-16.395037,108.989594,125,130,winter,5,0.101532148818175
eta_lat_m58p574665_lon_m143p010422.npy,-58.574665,-143.010422,150,155,winter,5,0.06619507695237796
eta_lat_m16p395037_lon_m95p010414.npy,-16.395037,-95.010414,135,140,winter,5,0.0715163176258405
eta_lat_m64p202515_lon_m131p010422.npy,-64.202515,-131.010422,140,145,winter,5,0.06671688705682755
eta_lat_p26p641497_lon_m41p010422.npy,26.641497,-41.010422,120,125,winter,5,0.06532910217841466
eta_lat_m52p006847_lon_m101p010414.npy,-52.006847,-101.010414,185,190,winter,5,0.06357437248031299
eta_lat_m16p395037_lon_m113p010414.npy,-16.395037,-113.010414,115,120,winter,5,0.06211449826757113
eta_lat_m21p610189_lon_m89p010414.npy,-21.610189,-89.010414,175,180,winter,5,0.05591143916050593
eta_lat_m55p389462_lon_m107p010414.npy,-55.389462,-107.010414,155,160,winter,5,0.08707528064648311
eta_lat_m66p662788_lon_m107p010414.npy,-66.662788,-107.010414,200,205,winter,5,0.05286885425448418
eta_lat_m36p058659_lon_p36p989578.npy,-36.058659,36.989578,125,130,winter,5,0.07427513599395752
eta_lat_m61p508057_lon_m77p010414.npy,-61.508057,-77.010414,170,175,winter,5,0.11078106611967087
eta_lat_m5p545479_lon_m113p010414.npy,-5.545479,-113.010414,135,140,winter,5,0.10044981042544048
eta_lat_m0p009682_lon_p0p989578.npy,-0.009682,0.989578,155,160,winter,5,0.10455588002999623
eta_lat_m66p662788_lon_m131p010422.npy,-66.662788,-131.010422,195,200,winter,5,0.08236227184534073
eta_lat_m40p414062_lon_p102p989594.npy,-40.414062,102.989594,145,150,winter,5,0.05830978602170944
eta_lat_m68p928383_lon_m137p010422.npy,-68.928383,-137.010422,170,175,winter,5,0.07275410741567612
eta_lat_m52p006847_lon_p114p989594.npy,-52.006847,114.989594,120,125,winter,5,0.06914890309174855
eta_lat_m36p058659_lon_m47p010422.npy,-36.058659,-47.010422,200,205,winter,5,0.08503664781649907
eta_lat_m61p508057_lon_p78p989594.npy,-61.508057,78.989594,170,175,winter,5,0.06555084014932315
eta_lat_m58p574665_lon_p48p989578.npy,-58.574665,48.989578,135,140,winter,5,0.06169040873646736
eta_lat_m5p545479_lon_m29p010422.npy,-5.545479,-29.010422,145,150,winter,5,0.08924691875775655
eta_lat_m55p400803_lon_m83p010414.npy,-55.400803,-83.010414,190,195,winter,5,0.06533369173606236
eta_lat_m58p574665_lon_m17p010422.npy,-58.574665,-17.010422,125,130,winter,5,0.30342985192934674
eta_lat_m52p006847_lon_p0p989578.npy,-52.006847,0.989578,140,145,winter,5,0.10156288991371791
eta_lat_m36p058659_lon_p72p989594.npy,-36.058659,72.989594,165,170,winter,5,0.07287642856438954
eta_lat_m64p202515_lon_p36p989578.npy,-64.202515,36.989578,135,140,winter,5,0.092828668653965
eta_lat_p5p545479_lon_m167p010422.npy,5.545479,-167.010422,120,125,winter,5,0.11573006957769394
eta_lat_p16p395037_lon_p174p989563.npy,16.395037,174.989563,115,120,winter,5,0.07745798925558726
eta_lat_m36p058659_lon_p84p989594.npy,-36.058659,84.989594,190,195,winter,5,0.06980784609913826
eta_lat_m16p395037_lon_m89p010414.npy,-16.395037,-89.010414,170,175,winter,5,0.059665825217962265
eta_lat_m64p202515_lon_m161p010422.npy,-64.202515,-161.010422,160,165,winter,5,0.09944559633731842
eta_lat_m26p641497_lon_p72p989594.npy,-26.641497,72.989594,175,180,winter,5,0.07629096259673436
eta_lat_m55p389462_lon_m101p010414.npy,-55.389462,-101.010414,115,120,winter,5,0.0779866985976696
eta_lat_m48p374134_lon_p42p989578.npy,-48.374134,42.989578,190,195,winter,5,0.09547329445679982
eta_lat_p11p027672_lon_m131p010422.npy,11.027672,-131.010422,200,205,winter,5,0.11636087795098622
eta_lat_m5p545479_lon_m89p010414.npy,-5.545479,-89.010414,200,205,winter,5,0.10745585958162944
eta_lat_m0p009682_lon_p84p989594.npy,-0.009682,84.989594,190,195,winter,5,0.11617910613616307
eta_lat_m44p523903_lon_m155p010422.npy,-44.523903,-155.010422,185,190,winter,5,0.06602730602025986
eta_lat_m51p994694_lon_p126p989594.npy,-51.994694,126.989594,125,130,winter,5,0.2192929337422053
eta_lat_m61p508057_lon_m83p010414.npy,-61.508057,-83.010414,140,145,winter,5,0.06712471817930539
eta_lat_m68p928383_lon_m125p010414.npy,-68.928383,-125.010414,190,195,winter,5,0.09000199536482494
eta_lat_m55p389462_lon_p162p989563.npy,-55.389462,162.989563,155,160,winter,5,0.23075397312641144
eta_lat_m55p400803_lon_m95p010414.npy,-55.400803,-95.010414,200,205,winter,5,0.09449345370133717
eta_lat_m52p006847_lon_p6p989578.npy,-52.006847,6.989578,190,195,winter,5,0.0717557320992152
eta_lat_m21p610189_lon_m89p010414.npy,-21.610189,-89.010414,160,165,winter,5,0.058791156858205795
eta_lat_m48p374134_lon_m149p010422.npy,-48.374134,-149.010422,125,130,winter,5,0.06141115849216779
eta_lat_m5p545479_lon_m29p010422.npy,-5.545479,-29.010422,195,200,winter,5,0.08588613818089168
eta_lat_p0p009682_lon_m119p010414.npy,0.009682,-119.010414,160,165,winter,5,0.10503529012203217
eta_lat_m66p662788_lon_m23p010422.npy,-66.662788,-23.010422,125,130,winter,5,1.334354559580485
eta_lat_m66p662788_lon_m161p010422.npy,-66.662788,-161.010422,145,150,winter,5,0.903007984161377
eta_lat_m40p414062_lon_m29p010422.npy,-40.414062,-29.010422,125,130,winter,5,0.0630834773182869
eta_lat_m52p006847_lon_m29p010422.npy,-52.006847,-29.010422,145,150,winter,5,0.1913879712422689
eta_lat_p65p913406_lon_m30p464722.npy,65.913406,-30.464722,145,150,winter,5,2.3271164099375405
eta_lat_m44p523903_lon_m23p010422.npy,-44.523903,-23.010422,180,185,winter,5,0.08056547741095225
eta_lat_p11p027672_lon_m113p010414.npy,11.027672,-113.010414,185,190,winter,5,0.10735064744949341
eta_lat_p26p641497_lon_m137p010422.npy,26.641497,-137.010422,115,120,winter,5,0.06880958750844002
eta_lat_m58p574665_lon_p0p989578.npy,-58.574665,0.989578,175,180,winter,5,0.07756743083397548
eta_lat_m52p006847_lon_m17p010422.npy,-52.006847,-17.010422,150,155,winter,5,0.08255659292141597
eta_lat_m72p569344_lon_m130p758957.npy,-72.569344,-130.758957,155,160,winter,5,1.2060054143269856
eta_lat_m26p641497_lon_p6p989578.npy,-26.641497,6.989578,160,165,winter,5,0.06074326361219088
eta_lat_m52p006847_lon_m89p010414.npy,-52.006847,-89.010414,185,190,winter,5,0.04894580195347468
eta_lat_p21p610189_lon_m143p010422.npy,21.610189,-143.010422,155,160,winter,5,0.0771970624725024
eta_lat_m48p374134_lon_m41p010422.npy,-48.374134,-41.010422,175,180,winter,5,0.1207278420527776
eta_lat_m16p395037_lon_p6p989578.npy,-16.395037,6.989578,120,125,winter,5,0.06125826264421145
eta_lat_m55p400803_lon_p12p989578.npy,-55.400803,12.989578,170,175,winter,5,0.08591758956511815
eta_lat_m36p058659_lon_m107p010414.npy,-36.058659,-107.010414,135,140,winter,5,0.0738616685072581
eta_lat_p21p610189_lon_p150p989563.npy,21.610189,150.989563,125,130,winter,5,0.10571374992529552
eta_lat_m5p545479_lon_m11p010422.npy,-5.545479,-11.010422,125,130,winter,5,0.09260419259468715
eta_lat_m61p508057_lon_m155p010422.npy,-61.508057,-155.010422,180,185,winter,5,0.07858768850564957
eta_lat_m26p641497_lon_m119p010414.npy,-26.641497,-119.010414,130,135,winter,5,0.06790459901094437
eta_lat_m31p463802_lon_p96p989594.npy,-31.463802,96.989594,165,170,winter,5,0.06536513070265453
eta_lat_m55p389462_lon_p6p989578.npy,-55.389462,6.989578,200,205,winter,5,0.0907391036550204
eta_lat_m40p414062_lon_m137p010422.npy,-40.414062,-137.010422,185,190,winter,5,0.06862417856852214
eta_lat_m55p400803_lon_p120p989594.npy,-55.400803,120.989594,135,140,winter,5,0.10557473450899124
eta_lat_m64p202515_lon_p42p989578.npy,-64.202515,42.989578,115,120,winter,5,0.28128387530644733
eta_lat_p44p523903_lon_p156p989563.npy,44.523903,156.989563,120,125,winter,5,0.10943427433570226
eta_lat_m40p414062_lon_m131p010422.npy,-40.414062,-131.010422,180,185,winter,5,0.05835589269797007
eta_lat_p40p414062_lon_m149p010422.npy,40.414062,-149.010422,195,200,winter,5,0.06025471165776253
eta_lat_m66p662788_lon_m161p010422.npy,-66.662788,-161.010422,175,180,winter,5,0.8081519405047098
eta_lat_p11p027672_lon_m155p010422.npy,11.027672,-155.010422,130,135,winter,5,0.09611652791500092
eta_lat_p55p389462_lon_m143p010422.npy,55.389462,-143.010422,150,155,winter,5,0.1633643408616384
eta_lat_m44p523903_lon_m5p010422.npy,-44.523903,-5.010422,180,185,winter,5,0.08967366193731625
eta_lat_m48p374134_lon_m131p010422.npy,-48.374134,-131.010422,140,145,winter,5,0.057511135935783386
eta_lat_m21p610189_lon_m77p010414.npy,-21.610189,-77.010414,185,190,winter,5,0.060724448412656784
eta_lat_m66p662788_lon_p174p989563.npy,-66.662788,174.989563,120,125,winter,5,0.06669362758596738
eta_lat_m26p641497_lon_m35p010422.npy,-26.641497,-35.010422,150,155,winter,5,0.0644034892320633
eta_lat_m55p400803_lon_p60p989578.npy,-55.400803,60.989578,170,175,winter,5,0.12886841595172882
eta_lat_m66p662788_lon_m5p010422.npy,-66.662788,-5.010422,165,170,winter,5,0.220246821641922
eta_lat_m48p374134_lon_m107p010414.npy,-48.374134,-107.010414,200,205,winter,5,0.11021687835454941
eta_lat_p40p414062_lon_m131p010422.npy,40.414062,-131.010422,200,205,winter,5,0.08600940306981404
eta_lat_m40p414062_lon_p42p989578.npy,-40.414062,42.989578,130,135,winter,5,0.11280624568462372
eta_lat_m55p389462_lon_p168p989563.npy,-55.389462,168.989563,190,195,winter,5,0.1844150424003601
eta_lat_m21p610189_lon_m77p010414.npy,-21.610189,-77.010414,125,130,winter,5,0.06937572235862415
eta_lat_m58p574665_lon_p42p989578.npy,-58.574665,42.989578,195,200,winter,5,0.0954069954653581
eta_lat_m51p994694_lon_m131p010422.npy,-51.994694,-131.010422,130,135,winter,5,0.07133914281924565
eta_lat_m55p400803_lon_p150p989563.npy,-55.400803,150.989563,145,150,winter,5,0.22021885216236115
eta_lat_m26p641497_lon_m137p010422.npy,-26.641497,-137.010422,115,120,winter,5,0.06491100167234738
eta_lat_p5p545479_lon_p66p989594.npy,5.545479,66.989594,140,145,winter,5,0.08754740903774898
eta_lat_m40p414062_lon_m113p010414.npy,-40.414062,-113.010414,160,165,winter,5,0.15759519239266714
eta_lat_p51p994694_lon_m17p010422.npy,51.994694,-17.010422,180,185,winter,5,0.13267089426517487
eta_lat_p11p027672_lon_p156p989563.npy,11.027672,156.989563,175,180,winter,5,0.10840311646461487
eta_lat_p11p027672_lon_m35p010422.npy,11.027672,-35.010422,140,145,winter,5,0.10609513024489085
eta_lat_m31p463802_lon_m101p010414.npy,-31.463802,-101.010414,120,125,winter,5,0.05564603085319201
eta_lat_m21p610189_lon_p108p989594.npy,-21.610189,108.989594,130,135,winter,5,0.08547252664963405
eta_lat_m0p009682_lon_p90p989594.npy,-0.009682,90.989594,125,130,winter,5,0.10767156879107158
eta_lat_p16p395037_lon_m59p010422.npy,16.395037,-59.010422,165,170,winter,5,0.06568895404537518
eta_lat_m61p508057_lon_m167p010422.npy,-61.508057,-167.010422,175,180,winter,5,0.0656835250556469
eta_lat_m55p389462_lon_p90p989594.npy,-55.389462,90.989594,200,205,winter,5,0.0832194412748019
eta_lat_p40p414062_lon_m35p010422.npy,40.414062,-35.010422,160,165,winter,5,0.08402015765508015
eta_lat_m26p641497_lon_p174p989563.npy,-26.641497,174.989563,175,180,winter,5,0.08934855212767918
eta_lat_m51p994694_lon_m5p010422.npy,-51.994694,-5.010422,120,125,winter,5,0.0667146531244119
eta_lat_m58p574665_lon_m143p010422.npy,-58.574665,-143.010422,195,200,winter,5,0.07174869999289513
eta_lat_m21p610189_lon_m23p010422.npy,-21.610189,-23.010422,130,135,winter,5,0.05866468697786331
eta_lat_m48p374134_lon_m173p010422.npy,-48.374134,-173.010422,155,160,winter,5,0.12663237005472183
eta_lat_p31p463802_lon_m149p010422.npy,31.463802,-149.010422,190,195,winter,5,0.0721789002418518
eta_lat_m51p994694_lon_p12p989578.npy,-51.994694,12.989578,185,190,winter,5,0.10989349832137425
eta_lat_m51p994694_lon_m83p010414.npy,-51.994694,-83.010414,190,195,winter,5,0.0766209860642751
eta_lat_m64p202515_lon_p12p989578.npy,-64.202515,12.989578,185,190,winter,5,0.05884846051534017
eta_lat_m16p395037_lon_p0p989578.npy,-16.395037,0.989578,150,155,winter,5,0.0608541468779246
eta_lat_m40p414062_lon_p6p989578.npy,-40.414062,6.989578,195,200,winter,5,0.06289941196640332
eta_lat_m36p058659_lon_p0p989578.npy,-36.058659,0.989578,180,185,winter,5,0.06086248283584913
eta_lat_p0p009682_lon_m125p010414.npy,0.009682,-125.010414,145,150,winter,5,0.12547684460878372
eta_lat_m64p202515_lon_m47p010422.npy,-64.202515,-47.010422,140,145,winter,5,0.9868245919545492
eta_lat_m52p006847_lon_m125p010414.npy,-52.006847,-125.010414,165,170,winter,5,0.05591199919581413
eta_lat_m31p463802_lon_p78p989594.npy,-31.463802,78.989594,130,135,winter,5,0.07787061482667923
eta_lat_m36p058659_lon_m119p010414.npy,-36.058659,-119.010414,200,205,winter,5,0.058218235770861305
eta_lat_p26p641497_lon_m155p010422.npy,26.641497,-155.010422,140,145,winter,5,0.0733239824573199
eta_lat_m51p994694_lon_p90p989594.npy,-51.994694,90.989594,140,145,winter,5,0.08910122513771057
eta_lat_m36p058659_lon_p108p989594.npy,-36.058659,108.989594,125,130,winter,5,0.07430124034484227
eta_lat_m75p785980_lon_m171p738495.npy,-75.78598,-171.738495,175,180,winter,5,2.285682717959086
eta_lat_m55p389462_lon_m47p010422.npy,-55.389462,-47.010422,155,160,winter,5,0.07791062941153844
eta_lat_m55p400803_lon_p30p989578.npy,-55.400803,30.989578,150,155,winter,5,0.07164972523848216
eta_lat_p51p994694_lon_m155p010422.npy,51.994694,-155.010422,125,130,winter,5,0.07174778232971828
eta_lat_m55p389462_lon_p12p989578.npy,-55.389462,12.989578,115,120,winter,5,0.06635827571153641
eta_lat_m73p545830_lon_m172p573288.npy,-73.54583,-172.573288,170,175,winter,5,2.232154607772827
eta_lat_p64p927673_lon_m5p599991.npy,64.927673,-5.599991,200,205,winter,5,0.09481670459111531
eta_lat_m26p641497_lon_p60p989578.npy,-26.641497,60.989578,150,155,winter,5,0.0731629729270935
eta_lat_m51p994694_lon_p60p989578.npy,-51.994694,60.989578,170,175,winter,5,0.05337570980191231
eta_lat_p40p414062_lon_m35p010422.npy,40.414062,-35.010422,170,175,winter,5,0.08136752496163051
eta_lat_p40p414062_lon_m155p010422.npy,40.414062,-155.010422,175,180,winter,5,0.0953858991463979
eta_lat_p26p641497_lon_m41p010422.npy,26.641497,-41.010422,130,135,winter,5,0.07289305577675502
eta_lat_p44p523903_lon_m149p010422.npy,44.523903,-149.010422,135,140,winter,5,0.08194879690806071
eta_lat_m44p523903_lon_m167p010422.npy,-44.523903,-167.010422,200,205,winter,5,0.049803504099448524
eta_lat_m55p389462_lon_m149p010422.npy,-55.389462,-149.010422,135,140,winter,5,0.06763248393932979
eta_lat_m0p009682_lon_m29p010422.npy,-0.009682,-29.010422,195,200,winter,5,0.10112545390923817
eta_lat_m44p523903_lon_m47p010422.npy,-44.523903,-47.010422,155,160,winter,5,0.09671573837598164
eta_lat_m44p523903_lon_m149p010422.npy,-44.523903,-149.010422,175,180,winter,5,0.06101773555080096
eta_lat_m58p574665_lon_p84p989594.npy,-58.574665,84.989594,185,190,winter,5,0.14659063518047333
eta_lat_m61p508057_lon_p54p989578.npy,-61.508057,54.989578,175,180,winter,5,0.07462189346551895
eta_lat_m66p662788_lon_p174p989563.npy,-66.662788,174.989563,160,165,winter,5,0.0748530849814415
eta_lat_m72p442223_lon_m113p020538.npy,-72.442223,-113.020538,135,140,winter,5,0.7137694557507833
eta_lat_m61p508057_lon_m161p010422.npy,-61.508057,-161.010422,145,150,winter,5,0.06608396271864574
eta_lat_m48p374134_lon_m119p010414.npy,-48.374134,-119.010414,140,145,winter,5,0.061308604975541435
eta_lat_p51p994694_lon_m47p010422.npy,51.994694,-47.010422,140,145,winter,5,0.14668700844049454
eta_lat_p21p610189_lon_m65p010414.npy,21.610189,-65.010414,165,170,winter,5,0.07204823195934296
eta_lat_p36p058659_lon_m59p010422.npy,36.058659,-59.010422,200,205,winter,5,0.1772297869126002
eta_lat_m68p928383_lon_m35p010422.npy,-68.928383,-35.010422,160,165,winter,5,0.8151380022366842
eta_lat_p21p610189_lon_m65p010414.npy,21.610189,-65.010414,180,185,winter,5,0.0673707127571106
eta_lat_m55p400803_lon_m95p010414.npy,-55.400803,-95.010414,160,165,winter,5,0.08066211889187495
eta_lat_m58p574665_lon_m101p010414.npy,-58.574665,-101.010414,135,140,winter,5,0.07565066094199817
eta_lat_m55p389462_lon_p102p989594.npy,-55.389462,102.989594,115,120,winter,5,0.0858876605828603
eta_lat_m16p395037_lon_m119p010414.npy,-16.395037,-119.010414,145,150,winter,5,0.07269661501049995
eta_lat_m52p006847_lon_p126p989594.npy,-52.006847,126.989594,175,180,winter,5,0.19484286506970724
eta_lat_m48p374134_lon_m137p010422.npy,-48.374134,-137.010422,120,125,winter,5,0.0594007782638073
eta_lat_p21p610189_lon_m149p010422.npy,21.610189,-149.010422,175,180,winter,5,0.08287424594163895
eta_lat_m26p641497_lon_m23p010422.npy,-26.641497,-23.010422,150,155,winter,5,0.060844471057256065
eta_lat_p16p395037_lon_m53p010422.npy,16.395037,-53.010422,165,170,winter,5,0.0709332525730133
eta_lat_m36p058659_lon_m95p010414.npy,-36.058659,-95.010414,180,185,winter,5,0.08678652842839558
eta_lat_m58p574665_lon_m155p010422.npy,-58.574665,-155.010422,115,120,winter,5,0.11650526523590088
eta_lat_m66p662788_lon_m53p010422.npy,-66.662788,-53.010422,185,190,winter,5,1.2131441831588745
eta_lat_m52p006847_lon_m11p010422.npy,-52.006847,-11.010422,190,195,winter,5,0.06415760392944019
eta_lat_m58p574665_lon_m155p010422.npy,-58.574665,-155.010422,125,130,winter,5,0.11209202309449513
eta_lat_m0p009682_lon_p0p989578.npy,-0.009682,0.989578,160,165,winter,5,0.08015978336334229
eta_lat_m21p610189_lon_p90p989594.npy,-21.610189,90.989594,175,180,winter,5,0.07806609322627385
eta_lat_p21p610189_lon_m53p010422.npy,21.610189,-53.010422,120,125,winter,5,0.06865417957305908
eta_lat_m66p662788_lon_p30p989578.npy,-66.662788,30.989578,190,195,winter,5,0.08780953039725621
eta_lat_m26p641497_lon_m29p010422.npy,-26.641497,-29.010422,125,130,winter,5,0.06245428820451101
eta_lat_m40p414062_lon_p84p989594.npy,-40.414062,84.989594,115,120,winter,5,0.08538198719422023
eta_lat_m68p928383_lon_m137p010422.npy,-68.928383,-137.010422,150,155,winter,5,0.08550330127278964
eta_lat_p48p374134_lon_m23p010422.npy,48.374134,-23.010422,200,205,winter,5,0.17982855439186096
eta_lat_p21p610189_lon_m119p010414.npy,21.610189,-119.010414,150,155,winter,5,0.0766545981168747
eta_lat_p11p027672_lon_m35p010422.npy,11.027672,-35.010422,165,170,winter,5,0.09030518929163615
eta_lat_m71p057938_lon_m154p945801.npy,-71.057938,-154.945801,115,120,winter,5,0.7730528910954794
eta_lat_m48p374134_lon_p108p989594.npy,-48.374134,108.989594,135,140,winter,5,0.07523540159066518
eta_lat_m44p523903_lon_p6p989578.npy,-44.523903,6.989578,185,190,winter,5,0.06989497691392899
eta_lat_m68p928383_lon_m53p010422.npy,-68.928383,-53.010422,175,180,winter,5,0.3706112653017044
eta_lat_p26p641497_lon_m65p010414.npy,26.641497,-65.010414,140,145,winter,5,0.06846210112174352
eta_lat_m44p523903_lon_p18p989578.npy,-44.523903,18.989578,155,160,winter,5,0.06432285780707996
eta_lat_m68p928383_lon_m5p010422.npy,-68.928383,-5.010422,175,180,winter,5,0.7182096044222513
eta_lat_m55p389462_lon_m47p010422.npy,-55.389462,-47.010422,120,125,winter,5,0.0840202122926712
eta_lat_m16p395037_lon_p0p989578.npy,-16.395037,0.989578,170,175,winter,5,0.06978117674589157
eta_lat_m58p574665_lon_p0p989578.npy,-58.574665,0.989578,180,185,winter,5,0.07984541853268941
eta_lat_m70p951729_lon_m142p952744.npy,-70.951729,-142.952744,120,125,winter,5,0.3949495653311412
eta_lat_m11p027672_lon_m83p010414.npy,-11.027672,-83.010414,160,165,winter,5,0.09010987728834152
eta_lat_p58p428707_lon_m29p032135.npy,58.428707,-29.032135,140,145,winter,5,0.0925127516190211
eta_lat_p48p374134_lon_m173p010422.npy,48.374134,-173.010422,165,170,winter,5,0.17481852571169534
eta_lat_m58p574665_lon_m59p010422.npy,-58.574665,-59.010422,135,140,winter,5,0.10442034403483073
eta_lat_p5p545479_lon_m125p010414.npy,5.545479,-125.010414,165,170,winter,5,0.1268200178941091
eta_lat_p5p545479_lon_p60p989578.npy,5.545479,60.989578,185,190,winter,5,0.1327853873372078
eta_lat_m44p523903_lon_p114p989594.npy,-44.523903,114.989594,150,155,winter,5,0.14353357752164206
eta_lat_m55p389462_lon_m11p010422.npy,-55.389462,-11.010422,165,170,winter,5,0.12724396834770837
eta_lat_p48p374134_lon_m29p010422.npy,48.374134,-29.010422,195,200,winter,5,0.07556999723116557
eta_lat_m48p374134_lon_m5p010422.npy,-48.374134,-5.010422,145,150,winter,5,0.07124872257312138
eta_lat_m55p389462_lon_p144p989563.npy,-55.389462,144.989563,115,120,winter,5,0.10578048353393872
eta_lat_m16p395037_lon_p102p989594.npy,-16.395037,102.989594,145,150,winter,5,0.06774356588721275
eta_lat_m16p395037_lon_m113p010414.npy,-16.395037,-113.010414,135,140,winter,5,0.06501685331265132
eta_lat_m55p400803_lon_p18p989578.npy,-55.400803,18.989578,120,125,winter,5,0.07462470109264056
eta_lat_m40p414062_lon_m107p010414.npy,-40.414062,-107.010414,190,195,winter,5,0.06070380906263987
eta_lat_p11p027672_lon_m143p010422.npy,11.027672,-143.010422,130,135,winter,5,0.10376670211553574
eta_lat_p11p027672_lon_m47p010422.npy,11.027672,-47.010422,155,160,winter,5,0.0721459612250328
eta_lat_m71p296463_lon_m35p025223.npy,-71.296463,-35.025223,170,175,winter,5,0.7088542779286703
eta_lat_m40p414062_lon_p30p989578.npy,-40.414062,30.989578,170,175,winter,5,0.19812311232089996
eta_lat_m40p414062_lon_m29p010422.npy,-40.414062,-29.010422,180,185,winter,5,0.07476741075515747
eta_lat_m11p027672_lon_p72p989594.npy,-11.027672,72.989594,145,150,winter,5,0.09685666859149933
eta_lat_m11p027672_lon_m125p010414.npy,-11.027672,-125.010414,200,205,winter,5,0.08690441151460011
eta_lat_p31p463802_lon_p168p989563.npy,31.463802,168.989563,185,190,winter,5,0.10651194304227829
eta_lat_m55p389462_lon_p162p989563.npy,-55.389462,162.989563,140,145,winter,5,0.16275422275066376
eta_lat_m55p400803_lon_m11p010422.npy,-55.400803,-11.010422,190,195,winter,5,0.08513337622086208
eta_lat_m5p545479_lon_m23p010422.npy,-5.545479,-23.010422,130,135,winter,5,0.09321804096301396
eta_lat_m64p202515_lon_m5p010422.npy,-64.202515,-5.010422,175,180,winter,5,0.08147541930278142
eta_lat_m58p574665_lon_m23p010422.npy,-58.574665,-23.010422,140,145,winter,5,0.09251020352045695
eta_lat_m16p395037_lon_p54p989578.npy,-16.395037,54.989578,120,125,winter,5,0.07448647171258926
eta_lat_m0p009682_lon_p60p989578.npy,-0.009682,60.989578,190,195,winter,5,0.12605621914068857
eta_lat_m58p574665_lon_p102p989594.npy,-58.574665,102.989594,135,140,winter,5,0.06274779016772906
eta_lat_p58p669430_lon_p174p969116.npy,58.66943,174.969116,145,150,winter,5,0.08052808543046315
eta_lat_p21p610189_lon_m47p010422.npy,21.610189,-47.010422,175,180,winter,5,0.06550974026322365
eta_lat_p31p463802_lon_m47p010422.npy,31.463802,-47.010422,180,185,winter,5,0.09658206750949223
eta_lat_m68p928383_lon_m29p010422.npy,-68.928383,-29.010422,170,175,winter,5,0.65809432665507
eta_lat_m40p414062_lon_p162p989563.npy,-40.414062,162.989563,200,205,winter,5,0.07048034171263377
eta_lat_m55p389462_lon_p144p989563.npy,-55.389462,144.989563,140,145,winter,5,0.06513674060503642
eta_lat_p5p545479_lon_m167p010422.npy,5.545479,-167.010422,150,155,winter,5,0.11997124801079433
eta_lat_m55p389462_lon_p90p989594.npy,-55.389462,90.989594,175,180,winter,5,0.20291738212108612
eta_lat_m55p400803_lon_p42p989578.npy,-55.400803,42.989578,115,120,winter,5,0.09986528754234314
eta_lat_m31p463802_lon_m161p010422.npy,-31.463802,-161.010422,195,200,winter,5,0.06329837068915367
eta_lat_p31p463802_lon_p174p989563.npy,31.463802,174.989563,150,155,winter,5,0.06718803818027179
eta_lat_m55p400803_lon_p162p989563.npy,-55.400803,162.989563,180,185,winter,5,0.3100634068250656
eta_lat_m55p400803_lon_m113p010414.npy,-55.400803,-113.010414,150,155,winter,5,0.07922529677549998
eta_lat_m64p202515_lon_p72p989594.npy,-64.202515,72.989594,145,150,winter,5,0.07238816718260448
eta_lat_m52p006847_lon_p144p989563.npy,-52.006847,144.989563,195,200,winter,5,0.08264050632715225
eta_lat_m61p508057_lon_p132p989563.npy,-61.508057,132.989563,170,175,winter,5,0.07904195785522461
eta_lat_m31p463802_lon_m143p010422.npy,-31.463802,-143.010422,155,160,winter,5,0.07436984032392502
eta_lat_m52p006847_lon_p24p989578.npy,-52.006847,24.989578,185,190,winter,5,0.16984936594963074
eta_lat_m36p058659_lon_p84p989594.npy,-36.058659,84.989594,115,120,winter,5,0.07708568250139554
eta_lat_m40p414062_lon_p42p989578.npy,-40.414062,42.989578,120,125,winter,5,0.14155679444471994
eta_lat_m72p979408_lon_m148p561707.npy,-72.979408,-148.561707,120,125,winter,5,1.1607044537862141
eta_lat_m16p395037_lon_m23p010422.npy,-16.395037,-23.010422,140,145,winter,5,0.06181329985459646
eta_lat_m64p202515_lon_m137p010422.npy,-64.202515,-137.010422,160,165,winter,5,0.071454718708992
eta_lat_p55p389462_lon_m35p010422.npy,55.389462,-35.010422,140,145,winter,5,0.07317034403483073
eta_lat_m52p006847_lon_m155p010422.npy,-52.006847,-155.010422,150,155,winter,5,0.12126885602871577
eta_lat_m55p389462_lon_p60p989578.npy,-55.389462,60.989578,165,170,winter,5,0.07457164923350017
eta_lat_m58p574665_lon_p144p989563.npy,-58.574665,144.989563,120,125,winter,5,0.05697710687915484
eta_lat_p0p009682_lon_m143p010422.npy,0.009682,-143.010422,180,185,winter,5,0.12975048025449118
eta_lat_m36p058659_lon_m113p010414.npy,-36.058659,-113.010414,140,145,winter,5,0.0670247549811999
eta_lat_m48p374134_lon_m83p010414.npy,-48.374134,-83.010414,140,145,winter,5,0.07773673658569653
eta_lat_m58p574665_lon_p60p989578.npy,-58.574665,60.989578,120,125,winter,5,0.08614860475063324
eta_lat_m51p994694_lon_m125p010414.npy,-51.994694,-125.010414,160,165,winter,5,0.07745585590600967
eta_lat_m0p009682_lon_m35p010422.npy,-0.009682,-35.010422,170,175,winter,5,0.10016032308340073
eta_lat_m44p523903_lon_m125p010414.npy,-44.523903,-125.010414,195,200,winter,5,0.05364666506648064
eta_lat_m64p202515_lon_p84p989594.npy,-64.202515,84.989594,150,155,winter,5,0.05496121942996979
eta_lat_m68p928383_lon_m101p010414.npy,-68.928383,-101.010414,155,160,winter,5,0.3388414879639943
eta_lat_p40p414062_lon_m131p010422.npy,40.414062,-131.010422,140,145,winter,5,0.0972560445467631
eta_lat_m55p389462_lon_p108p989594.npy,-55.389462,108.989594,160,165,winter,5,0.11506906896829605
eta_lat_m66p662788_lon_m47p010422.npy,-66.662788,-47.010422,160,165,winter,5,0.5942469040552775
eta_lat_m48p374134_lon_p114p989594.npy,-48.374134,114.989594,115,120,winter,5,0.25214580198129016
eta_lat_m16p395037_lon_p84p989594.npy,-16.395037,84.989594,120,125,winter,5,0.08727733790874481
eta_lat_m64p202515_lon_m41p010422.npy,-64.202515,-41.010422,140,145,winter,5,0.5637600620587667
eta_lat_m40p414062_lon_m95p010414.npy,-40.414062,-95.010414,150,155,winter,5,0.07444642980893452
eta_lat_p55p389462_lon_m47p010422.npy,55.389462,-47.010422,195,200,winter,5,0.09123608221610387
eta_lat_m40p414062_lon_m173p010422.npy,-40.414062,-173.010422,165,170,winter,5,0.09827352315187454
eta_lat_p61p579643_lon_m17p313934.npy,61.579643,-17.313934,200,205,winter,5,0.10182275871435802
eta_lat_m31p463802_lon_m101p010414.npy,-31.463802,-101.010414,145,150,winter,5,0.05507318675518036
eta_lat_p5p545479_lon_m95p010414.npy,5.545479,-95.010414,115,120,winter,5,0.11543770134449005
eta_lat_p31p463802_lon_m47p010422.npy,31.463802,-47.010422,115,120,winter,5,0.07900807758172353
eta_lat_m55p400803_lon_m5p010422.npy,-55.400803,-5.010422,135,140,winter,5,0.08878999203443527
eta_lat_m44p523903_lon_m125p010414.npy,-44.523903,-125.010414,190,195,winter,5,0.08552909021576245
eta_lat_m51p994694_lon_p6p989578.npy,-51.994694,6.989578,125,130,winter,5,0.10250998536745708
eta_lat_m64p202515_lon_m137p010422.npy,-64.202515,-137.010422,180,185,winter,5,0.0896280234058698
eta_lat_p0p009682_lon_m113p010414.npy,0.009682,-113.010414,180,185,winter,5,0.10163234422604243
eta_lat_m58p574665_lon_m161p010422.npy,-58.574665,-161.010422,190,195,winter,5,0.0850712147851785
eta_lat_p16p395037_lon_m125p010414.npy,16.395037,-125.010414,145,150,winter,5,0.09694785128037135
eta_lat_p11p027672_lon_m29p010422.npy,11.027672,-29.010422,140,145,winter,5,0.10556366294622421
eta_lat_m58p574665_lon_m71p010414.npy,-58.574665,-71.010414,135,140,winter,5,0.13533123334248862
eta_lat_m48p374134_lon_m5p010422.npy,-48.374134,-5.010422,160,165,winter,5,0.07943304628133774
eta_lat_m58p574665_lon_p54p989578.npy,-58.574665,54.989578,185,190,winter,5,0.07070549080769221
eta_lat_m11p027672_lon_p72p989594.npy,-11.027672,72.989594,130,135,winter,5,0.10247245182593663
eta_lat_m40p414062_lon_p66p989594.npy,-40.414062,66.989594,135,140,winter,5,0.08551703641812007
eta_lat_m64p202515_lon_m95p010414.npy,-64.202515,-95.010414,165,170,winter,5,0.06152713422973951
eta_lat_m21p610189_lon_p102p989594.npy,-21.610189,102.989594,170,175,winter,5,0.06834560881058376
eta_lat_m40p414062_lon_p132p989563.npy,-40.414062,132.989563,195,200,winter,5,0.07371827214956284
eta_lat_m44p523903_lon_m5p010422.npy,-44.523903,-5.010422,190,195,winter,5,0.08071564386288325
eta_lat_m58p574665_lon_m95p010414.npy,-58.574665,-95.010414,165,170,winter,5,0.06504872937997182
eta_lat_p48p374134_lon_p162p989563.npy,48.374134,162.989563,140,145,winter,5,0.10550815984606743
eta_lat_m58p574665_lon_m107p010414.npy,-58.574665,-107.010414,125,130,winter,5,0.09446753561496735
eta_lat_p61p579643_lon_m58p686073.npy,61.579643,-58.686073,120,125,winter,5,0.23767747481664023
eta_lat_m16p395037_lon_m23p010422.npy,-16.395037,-23.010422,200,205,winter,5,0.07001378883918126
eta_lat_m64p202515_lon_m11p010422.npy,-64.202515,-11.010422,150,155,winter,5,0.7206159234046936
eta_lat_m5p545479_lon_m119p010414.npy,-5.545479,-119.010414,125,130,winter,5,0.10002744197845459
eta_lat_m73p888268_lon_m29p051193.npy,-73.888268,-29.051193,165,170,winter,5,0.9174174865086874
eta_lat_m5p545479_lon_m149p010422.npy,-5.545479,-149.010422,155,160,winter,5,0.10407017419735591
eta_lat_p16p395037_lon_m35p010422.npy,16.395037,-35.010422,165,170,winter,5,0.09623098621765773
eta_lat_m5p545479_lon_m149p010422.npy,-5.545479,-149.010422,160,165,winter,5,0.1048496166865031
eta_lat_m68p928383_lon_m59p010422.npy,-68.928383,-59.010422,170,175,winter,5,0.7130879362424215
eta_lat_m52p006847_lon_p120p989594.npy,-52.006847,120.989594,135,140,winter,5,0.12772640585899353
eta_lat_m48p374134_lon_p60p989578.npy,-48.374134,60.989578,160,165,winter,5,0.08744009832541148
eta_lat_m16p395037_lon_p108p989594.npy,-16.395037,108.989594,155,160,winter,5,0.08740739772717158
eta_lat_m26p641497_lon_m137p010422.npy,-26.641497,-137.010422,195,200,winter,5,0.06278607745965321
eta_lat_m61p508057_lon_m11p010422.npy,-61.508057,-11.010422,115,120,winter,5,0.6455028454462687
eta_lat_p40p414062_lon_p156p989563.npy,40.414062,156.989563,135,140,winter,5,0.14594080050786337
eta_lat_m16p395037_lon_p54p989578.npy,-16.395037,54.989578,160,165,winter,5,0.08377028753360112
eta_lat_m11p027672_lon_m29p010422.npy,-11.027672,-29.010422,180,185,winter,5,0.0860533465941747
eta_lat_m61p508057_lon_p156p989563.npy,-61.508057,156.989563,160,165,winter,5,0.06161610782146454
eta_lat_m48p374134_lon_p90p989594.npy,-48.374134,90.989594,165,170,winter,5,0.08251554022232692
eta_lat_m36p058659_lon_m173p010422.npy,-36.058659,-173.010422,175,180,winter,5,0.06523566941420238
eta_lat_m70p857033_lon_m130p966385.npy,-70.857033,-130.966385,120,125,winter,5,1.2727553844451904
eta_lat_p55p389462_lon_m47p010422.npy,55.389462,-47.010422,200,205,winter,5,0.06900505100687344
eta_lat_m64p202515_lon_m107p010414.npy,-64.202515,-107.010414,115,120,winter,5,0.06330057854453723
eta_lat_p11p027672_lon_p156p989563.npy,11.027672,156.989563,180,185,winter,5,0.1446881095568339
eta_lat_m58p574665_lon_p168p989563.npy,-58.574665,168.989563,190,195,winter,5,0.17687993248303732
eta_lat_m51p994694_lon_p114p989594.npy,-51.994694,114.989594,140,145,winter,5,0.08170141279697418
eta_lat_m64p202515_lon_p66p989594.npy,-64.202515,66.989594,160,165,winter,5,0.11016300568977992
eta_lat_m55p400803_lon_p168p989563.npy,-55.400803,168.989563,155,160,winter,5,0.38497571150461835
eta_lat_m16p395037_lon_m107p010414.npy,-16.395037,-107.010414,170,175,winter,5,0.07774030168851216
eta_lat_m51p994694_lon_p30p989578.npy,-51.994694,30.989578,185,190,winter,5,0.09338287015755971
eta_lat_m52p006847_lon_m131p010422.npy,-52.006847,-131.010422,160,165,winter,5,0.10411491990089417
eta_lat_m44p523903_lon_m29p010422.npy,-44.523903,-29.010422,120,125,winter,5,0.08970268815755844
eta_lat_p40p414062_lon_p174p989563.npy,40.414062,174.989563,145,150,winter,5,0.10070403416951497
eta_lat_m71p110893_lon_m160p945129.npy,-71.110893,-160.945129,155,160,winter,5,0.6014017462730408
eta_lat_m5p545479_lon_p90p989594.npy,-5.545479,90.989594,115,120,winter,5,0.10020362337430318
eta_lat_m44p523903_lon_p66p989594.npy,-44.523903,66.989594,140,145,winter,5,0.09114313622315724
eta_lat_p5p545479_lon_m143p010422.npy,5.545479,-143.010422,165,170,winter,5,0.1055067852139473
eta_lat_m61p508057_lon_p42p989578.npy,-61.508057,42.989578,195,200,winter,5,0.09161127731204033
eta_lat_m55p400803_lon_p102p989594.npy,-55.400803,102.989594,175,180,winter,5,0.1356080174446106
eta_lat_m44p523903_lon_p138p989563.npy,-44.523903,138.989563,155,160,winter,5,0.07384101798137029
eta_lat_m66p662788_lon_m29p010422.npy,-66.662788,-29.010422,155,160,winter,5,0.8225134213765463
eta_lat_m55p400803_lon_p144p989563.npy,-55.400803,144.989563,155,160,winter,5,0.08814287434021632
eta_lat_m40p414062_lon_p96p989594.npy,-40.414062,96.989594,155,160,winter,5,0.0506053181986014
eta_lat_p5p545479_lon_p66p989594.npy,5.545479,66.989594,185,190,winter,5,0.13449554642041525
eta_lat_p11p027672_lon_m113p010414.npy,11.027672,-113.010414,180,185,winter,5,0.11426243682702382
eta_lat_m44p523903_lon_p66p989594.npy,-44.523903,66.989594,200,205,winter,5,0.2429294983545939
eta_lat_m55p389462_lon_m173p010422.npy,-55.389462,-173.010422,125,130,winter,5,0.09910143415133159
eta_lat_m61p508057_lon_m11p010422.npy,-61.508057,-11.010422,170,175,winter,5,0.07448803881804149
eta_lat_m36p058659_lon_m95p010414.npy,-36.058659,-95.010414,125,130,winter,5,0.06698598340153694
eta_lat_m58p574665_lon_m143p010422.npy,-58.574665,-143.010422,160,165,winter,5,0.08126480629046758
eta_lat_m11p027672_lon_m11p010422.npy,-11.027672,-11.010422,190,195,winter,5,0.07640934487183888
eta_lat_p11p027672_lon_m161p010422.npy,11.027672,-161.010422,140,145,winter,5,0.0952078327536583
eta_lat_m16p395037_lon_p90p989594.npy,-16.395037,90.989594,160,165,winter,5,0.07413365319371223
eta_lat_m31p463802_lon_m149p010422.npy,-31.463802,-149.010422,145,150,winter,5,0.06259964654843013
eta_lat_m55p389462_lon_p84p989594.npy,-55.389462,84.989594,130,135,winter,5,0.13862212002277374
eta_lat_m64p202515_lon_p30p989578.npy,-64.202515,30.989578,170,175,winter,5,0.062238803754250206
eta_lat_m44p523903_lon_m29p010422.npy,-44.523903,-29.010422,175,180,winter,5,0.08385790884494781
eta_lat_m51p994694_lon_p6p989578.npy,-51.994694,6.989578,150,155,winter,5,0.09968983133633931
eta_lat_p44p523903_lon_m143p010422.npy,44.523903,-143.010422,190,195,winter,5,0.0792384756108125
eta_lat_p26p641497_lon_m149p010422.npy,26.641497,-149.010422,150,155,winter,5,0.07776588201522827
eta_lat_m64p202515_lon_p24p989578.npy,-64.202515,24.989578,185,190,winter,5,0.05310888588428497
eta_lat_m51p994694_lon_m17p010422.npy,-51.994694,-17.010422,145,150,winter,5,0.06365378946065903
eta_lat_m40p414062_lon_p156p989563.npy,-40.414062,156.989563,140,145,winter,5,0.08743661393721898
eta_lat_m51p994694_lon_p30p989578.npy,-51.994694,30.989578,200,205,winter,5,0.11861589054266612
eta_lat_m40p414062_lon_p162p989563.npy,-40.414062,162.989563,180,185,winter,5,0.0982182373603185
eta_lat_m64p202515_lon_p84p989594.npy,-64.202515,84.989594,175,180,winter,5,0.07576002180576324
eta_lat_m55p389462_lon_p30p989578.npy,-55.389462,30.989578,135,140,winter,5,0.1097983146707217
eta_lat_m36p058659_lon_p108p989594.npy,-36.058659,108.989594,180,185,winter,5,0.06627954790989558
eta_lat_p26p641497_lon_m155p010422.npy,26.641497,-155.010422,195,200,winter,5,0.0701267880698045
eta_lat_m73p433556_lon_m166p559235.npy,-73.433556,-166.559235,145,150,winter,5,1.689782698949178
eta_lat_m5p545479_lon_p66p989594.npy,-5.545479,66.989594,155,160,winter,5,0.11589604616165161
eta_lat_m64p202515_lon_m119p010414.npy,-64.202515,-119.010414,115,120,winter,5,0.09341177344322205
eta_lat_m73p621971_lon_m53p396431.npy,-73.621971,-53.396431,200,205,winter,5,0.753945012887319
eta_lat_m51p994694_lon_p156p989563.npy,-51.994694,156.989563,185,190,winter,5,0.28168556094169617
eta_lat_p40p414062_lon_m137p010422.npy,40.414062,-137.010422,180,185,winter,5,0.06750078002611797
eta_lat_m48p374134_lon_m35p010422.npy,-48.374134,-35.010422,125,130,winter,5,0.12525674700737
eta_lat_p55p389462_lon_m143p010422.npy,55.389462,-143.010422,135,140,winter,5,0.10127126673857371
eta_lat_m16p395037_lon_m131p010422.npy,-16.395037,-131.010422,115,120,winter,5,0.06682079657912254
eta_lat_p11p027672_lon_p66p989594.npy,11.027672,66.989594,155,160,winter,5,0.10130335142215093
eta_lat_p67p749512_lon_m6p266800.npy,67.749512,-6.2668,125,130,winter,5,0.09400216490030289
eta_lat_p51p994694_lon_p150p989563.npy,51.994694,150.989563,160,165,winter,5,0.10842721660931905
eta_lat_m61p508057_lon_m119p010414.npy,-61.508057,-119.010414,165,170,winter,5,0.10111471265554428
eta_lat_m55p400803_lon_p18p989578.npy,-55.400803,18.989578,140,145,winter,5,0.0696902225414912
eta_lat_m55p400803_lon_m53p010422.npy,-55.400803,-53.010422,130,135,winter,5,0.26583132147789
eta_lat_m66p662788_lon_m119p010414.npy,-66.662788,-119.010414,145,150,winter,5,0.05558152496814728
eta_lat_m58p574665_lon_p174p989563.npy,-58.574665,174.989563,115,120,winter,5,0.09636276712020238
eta_lat_m40p414062_lon_m149p010422.npy,-40.414062,-149.010422,125,130,winter,5,0.0626262550552686
eta_lat_p11p027672_lon_m137p010422.npy,11.027672,-137.010422,180,185,winter,5,0.12518825133641562
eta_lat_p51p994694_lon_m17p010422.npy,51.994694,-17.010422,145,150,winter,5,0.1119133656223615
eta_lat_m48p374134_lon_m23p010422.npy,-48.374134,-23.010422,140,145,winter,5,0.09025252610445023
eta_lat_m52p006847_lon_p114p989594.npy,-52.006847,114.989594,125,130,winter,5,0.08080953111251195
eta_lat_m52p006847_lon_p84p989594.npy,-52.006847,84.989594,120,125,winter,5,0.30402397116025287
eta_lat_m71p152878_lon_m166p947037.npy,-71.152878,-166.947037,125,130,winter,5,1.7060879468917847
eta_lat_m0p009682_lon_p54p989578.npy,-0.009682,54.989578,125,130,winter,5,0.1058668668071429
eta_lat_m64p202515_lon_p66p989594.npy,-64.202515,66.989594,175,180,winter,5,0.0678171676894029
eta_lat_m55p400803_lon_p132p989563.npy,-55.400803,132.989563,190,195,winter,5,0.10251220067342122
eta_lat_p48p374134_lon_p168p989563.npy,48.374134,168.989563,180,185,winter,5,0.1446327492594719
eta_lat_m58p574665_lon_p174p989563.npy,-58.574665,174.989563,190,195,winter,5,0.10245222349961598
eta_lat_m26p641497_lon_m167p010422.npy,-26.641497,-167.010422,170,175,winter,5,0.06832684576511383
eta_lat_m58p574665_lon_p54p989578.npy,-58.574665,54.989578,135,140,winter,5,0.0953806738058726
eta_lat_m68p928383_lon_m155p010422.npy,-68.928383,-155.010422,185,190,winter,5,0.366769681374232
eta_lat_m51p994694_lon_m107p010414.npy,-51.994694,-107.010414,190,195,winter,5,0.11465417345364888
eta_lat_m58p574665_lon_m119p010414.npy,-58.574665,-119.010414,180,185,winter,5,0.08860601236422856
eta_lat_m36p058659_lon_p42p989578.npy,-36.058659,42.989578,180,185,winter,5,0.07904535283644994
eta_lat_m55p389462_lon_p18p989578.npy,-55.389462,18.989578,150,155,winter,5,0.058528292924165726
eta_lat_m51p994694_lon_p90p989594.npy,-51.994694,90.989594,190,195,winter,5,0.08346545447905858
eta_lat_m58p574665_lon_m107p010414.npy,-58.574665,-107.010414,175,180,winter,5,0.09191873421271642
eta_lat_p40p414062_lon_m149p010422.npy,40.414062,-149.010422,150,155,winter,5,0.1214049905538559
eta_lat_m55p400803_lon_m11p010422.npy,-55.400803,-11.010422,125,130,winter,5,0.0547178586324056
eta_lat_m61p508057_lon_m5p010422.npy,-61.508057,-5.010422,185,190,winter,5,0.047691126043597855
eta_lat_m31p463802_lon_m5p010422.npy,-31.463802,-5.010422,170,175,winter,5,0.06420056521892548
eta_lat_p26p641497_lon_p150p989563.npy,26.641497,150.989563,170,175,winter,5,0.09316185861825943
eta_lat_p36p058659_lon_m167p010422.npy,36.058659,-167.010422,125,130,winter,5,0.08857118089993794
eta_lat_m64p202515_lon_p42p989578.npy,-64.202515,42.989578,140,145,winter,5,0.050232035418351494
eta_lat_m44p523903_lon_p114p989594.npy,-44.523903,114.989594,180,185,winter,5,0.07564679036537807
eta_lat_p0p009682_lon_m125p010414.npy,0.009682,-125.010414,150,155,winter,5,0.125576950609684
eta_lat_p36p058659_lon_m173p010422.npy,36.058659,-173.010422,125,130,winter,5,0.1501044308145841
eta_lat_m16p395037_lon_m107p010414.npy,-16.395037,-107.010414,180,185,winter,5,0.07239873210589091
eta_lat_p21p610189_lon_m173p010422.npy,21.610189,-173.010422,160,165,winter,5,0.09155868987242381
eta_lat_m66p662788_lon_m107p010414.npy,-66.662788,-107.010414,115,120,winter,5,0.05738375708460808
eta_lat_m26p641497_lon_p0p989578.npy,-26.641497,0.989578,135,140,winter,5,0.06199408695101738
eta_lat_m44p523903_lon_m11p010422.npy,-44.523903,-11.010422,175,180,winter,5,0.08570620914300282
eta_lat_m55p389462_lon_p102p989594.npy,-55.389462,102.989594,190,195,winter,5,0.0938109556833903
eta_lat_p31p463802_lon_m23p010422.npy,31.463802,-23.010422,160,165,winter,5,0.05618542805314064
eta_lat_m64p202515_lon_p120p989594.npy,-64.202515,120.989594,195,200,winter,5,0.06235131497184435
eta_lat_p5p545479_lon_m155p010422.npy,5.545479,-155.010422,130,135,winter,5,0.09901818633079529
eta_lat_m55p389462_lon_p30p989578.npy,-55.389462,30.989578,140,145,winter,5,0.08015558868646622
eta_lat_m31p463802_lon_m131p010422.npy,-31.463802,-131.010422,130,135,winter,5,0.06257511799534161
eta_lat_m68p928383_lon_m107p010414.npy,-68.928383,-107.010414,115,120,winter,5,0.05187524979313215
eta_lat_p26p641497_lon_p168p989563.npy,26.641497,168.989563,165,170,winter,5,0.08994982639948527
eta_lat_m36p058659_lon_p0p989578.npy,-36.058659,0.989578,160,165,winter,5,0.06024855747818947
eta_lat_p11p027672_lon_m59p010422.npy,11.027672,-59.010422,155,160,winter,5,0.08974076062440872
eta_lat_m55p400803_lon_m101p010414.npy,-55.400803,-101.010414,180,185,winter,5,0.08582057058811188
eta_lat_p26p641497_lon_m65p010414.npy,26.641497,-65.010414,130,135,winter,5,0.08823247005542119
eta_lat_m52p006847_lon_m95p010414.npy,-52.006847,-95.010414,185,190,winter,5,0.052936253448327385
eta_lat_m58p574665_lon_p162p989563.npy,-58.574665,162.989563,130,135,winter,5,0.10442330688238144
eta_lat_m31p463802_lon_m173p010422.npy,-31.463802,-173.010422,185,190,winter,5,0.06914933895071347
eta_lat_m61p508057_lon_p114p989594.npy,-61.508057,114.989594,140,145,winter,5,0.07601239532232285
eta_lat_p21p610189_lon_m143p010422.npy,21.610189,-143.010422,175,180,winter,5,0.08818439890940984
eta_lat_p26p641497_lon_m161p010422.npy,26.641497,-161.010422,160,165,winter,5,0.08947787185509999
eta_lat_m55p400803_lon_m101p010414.npy,-55.400803,-101.010414,165,170,winter,5,0.07880686596035957
eta_lat_p51p994694_lon_m29p010422.npy,51.994694,-29.010422,125,130,winter,5,0.1065971627831459
eta_lat_m5p545479_lon_m23p010422.npy,-5.545479,-23.010422,195,200,winter,5,0.08824573457241058
eta_lat_p58p499409_lon_m23p040436.npy,58.499409,-23.040436,125,130,winter,5,0.15313811103502908
eta_lat_m55p400803_lon_m167p010422.npy,-55.400803,-167.010422,190,195,winter,5,0.10884527365366618
eta_lat_m61p508057_lon_p72p989594.npy,-61.508057,72.989594,190,195,winter,5,0.08752227077881496
eta_lat_p51p994694_lon_p150p989563.npy,51.994694,150.989563,190,195,winter,5,0.18312307198842367
eta_lat_m48p374134_lon_p96p989594.npy,-48.374134,96.989594,145,150,winter,5,0.07099766160051028
eta_lat_m51p994694_lon_m131p010422.npy,-51.994694,-131.010422,190,195,winter,5,0.09824930628140767
eta_lat_m58p574665_lon_m107p010414.npy,-58.574665,-107.010414,140,145,winter,5,0.06713405003150304
eta_lat_m58p574665_lon_m113p010414.npy,-58.574665,-113.010414,195,200,winter,5,0.07767034073670705
eta_lat_p21p610189_lon_m23p010422.npy,21.610189,-23.010422,195,200,winter,5,0.056312392155329384
eta_lat_m44p523903_lon_p42p989578.npy,-44.523903,42.989578,135,140,winter,5,0.1262740803261598
eta_lat_m21p610189_lon_m125p010414.npy,-21.610189,-125.010414,155,160,winter,5,0.07907939950625102
eta_lat_m55p389462_lon_p126p989594.npy,-55.389462,126.989594,130,135,winter,5,0.0859850247701009
eta_lat_m55p389462_lon_m5p010422.npy,-55.389462,-5.010422,195,200,winter,5,0.10060002158085506
eta_lat_p67p966568_lon_p0p326355.npy,67.966568,0.326355,195,200,winter,5,0.07516227910916011
eta_lat_m58p574665_lon_m5p010422.npy,-58.574665,-5.010422,180,185,winter,5,0.15741782387097678
eta_lat_m52p006847_lon_m119p010414.npy,-52.006847,-119.010414,185,190,winter,5,0.09959550698598225
eta_lat_m66p662788_lon_p6p989578.npy,-66.662788,6.989578,115,120,winter,5,0.6150032083193461
eta_lat_p5p545479_lon_p54p989578.npy,5.545479,54.989578,190,195,winter,5,0.09684226165215175
eta_lat_m36p058659_lon_m137p010422.npy,-36.058659,-137.010422,135,140,winter,5,0.05700633923212687
eta_lat_m0p009682_lon_p84p989594.npy,-0.009682,84.989594,120,125,winter,5,0.10498619079589844
eta_lat_m31p463802_lon_m167p010422.npy,-31.463802,-167.010422,125,130,winter,5,0.06027644624312719
eta_lat_m71p011032_lon_m148p947784.npy,-71.011032,-148.947784,140,145,winter,5,0.4224291443824768
eta_lat_m64p202515_lon_p72p989594.npy,-64.202515,72.989594,180,185,winter,5,0.062404519567886986
eta_lat_m48p374134_lon_p108p989594.npy,-48.374134,108.989594,190,195,winter,5,0.059299301356077194
eta_lat_m31p463802_lon_m113p010414.npy,-31.463802,-113.010414,140,145,winter,5,0.07527830948432286
eta_lat_m61p508057_lon_m107p010414.npy,-61.508057,-107.010414,150,155,winter,5,0.05604543288548788
eta_lat_p26p641497_lon_m143p010422.npy,26.641497,-143.010422,135,140,winter,5,0.07847358038028081
eta_lat_p44p523903_lon_m155p010422.npy,44.523903,-155.010422,150,155,winter,5,0.09248500814040501
eta_lat_p44p523903_lon_m173p010422.npy,44.523903,-173.010422,115,120,winter,5,0.21122361222902933
eta_lat_m5p545479_lon_p66p989594.npy,-5.545479,66.989594,185,190,winter,5,0.12108727047840755
eta_lat_m40p414062_lon_m95p010414.npy,-40.414062,-95.010414,135,140,winter,5,0.05152494957049688
eta_lat_m68p928383_lon_m95p010414.npy,-68.928383,-95.010414,200,205,winter,5,0.09369441866874695
eta_lat_m52p006847_lon_p114p989594.npy,-52.006847,114.989594,145,150,winter,5,0.09049576024214427
eta_lat_m68p928383_lon_m95p010414.npy,-68.928383,-95.010414,125,130,winter,5,0.8829694191614786
eta_lat_p26p641497_lon_m35p010422.npy,26.641497,-35.010422,120,125,winter,5,0.05692064265410105
eta_lat_m48p374134_lon_m23p010422.npy,-48.374134,-23.010422,185,190,winter,5,0.07789236803849538
eta_lat_m71p216316_lon_m53p046265.npy,-71.216316,-53.046265,140,145,winter,5,0.3131072223186493
eta_lat_m48p374134_lon_p120p989594.npy,-48.374134,120.989594,115,120,winter,5,0.15095537155866623
eta_lat_p5p545479_lon_m35p010422.npy,5.545479,-35.010422,200,205,winter,5,0.09745542208353679
eta_lat_m66p662788_lon_m167p010422.npy,-66.662788,-167.010422,195,200,winter,5,0.3531669278939565
eta_lat_p44p523903_lon_m41p010422.npy,44.523903,-41.010422,140,145,winter,5,0.09162067373593648
eta_lat_m5p545479_lon_m11p010422.npy,-5.545479,-11.010422,180,185,winter,5,0.14177783330281576
eta_lat_m55p400803_lon_p108p989594.npy,-55.400803,108.989594,140,145,winter,5,0.074190358320872
eta_lat_m61p508057_lon_p36p989578.npy,-61.508057,36.989578,135,140,winter,5,0.08640522013107936
eta_lat_m26p641497_lon_m5p010422.npy,-26.641497,-5.010422,140,145,winter,5,0.07654451454679172
eta_lat_p16p395037_lon_m143p010422.npy,16.395037,-143.010422,190,195,winter,5,0.10076763729254405
eta_lat_m70p951729_lon_m142p952744.npy,-70.951729,-142.952744,200,205,winter,5,0.24653910597165427
eta_lat_m68p928383_lon_m59p010422.npy,-68.928383,-59.010422,140,145,winter,5,1.3908578554789226
eta_lat_m36p058659_lon_m161p010422.npy,-36.058659,-161.010422,200,205,winter,5,0.05478787049651146
eta_lat_m52p006847_lon_p0p989578.npy,-52.006847,0.989578,125,130,winter,5,0.08223852887749672
eta_lat_p51p994694_lon_m137p010422.npy,51.994694,-137.010422,190,195,winter,5,0.06957455476125081
eta_lat_m61p508057_lon_m17p010422.npy,-61.508057,-17.010422,155,160,winter,5,0.19573259353637695
eta_lat_p40p414062_lon_m161p010422.npy,40.414062,-161.010422,160,165,winter,5,0.08144687861204147
eta_lat_p16p395037_lon_m29p010422.npy,16.395037,-29.010422,200,205,winter,5,0.08925562351942062
eta_lat_m31p463802_lon_m11p010422.npy,-31.463802,-11.010422,200,205,winter,5,0.08270168056090672
eta_lat_m36p058659_lon_m167p010422.npy,-36.058659,-167.010422,190,195,winter,5,0.05632152905066808
eta_lat_m0p009682_lon_p66p989594.npy,-0.009682,66.989594,200,205,winter,5,0.12179076671600342
eta_lat_m61p508057_lon_p6p989578.npy,-61.508057,6.989578,140,145,winter,5,0.0647286834816138
eta_lat_m11p027672_lon_m125p010414.npy,-11.027672,-125.010414,155,160,winter,5,0.07938162237405777
eta_lat_m5p545479_lon_p168p989563.npy,-5.545479,168.989563,115,120,winter,5,0.13916265467802683
eta_lat_m44p523903_lon_p24p989578.npy,-44.523903,24.989578,165,170,winter,5,0.09301017969846725
eta_lat_m55p400803_lon_p102p989594.npy,-55.400803,102.989594,120,125,winter,5,0.11218984921773274
eta_lat_p36p058659_lon_m131p010422.npy,36.058659,-131.010422,155,160,winter,5,0.08125836153825124
eta_lat_m55p389462_lon_m143p010422.npy,-55.389462,-143.010422,120,125,winter,5,0.16544887175162634
eta_lat_p21p610189_lon_m173p010422.npy,21.610189,-173.010422,125,130,winter,5,0.10483050346374512
eta_lat_m61p508057_lon_p78p989594.npy,-61.508057,78.989594,115,120,winter,5,0.5642681221167246
eta_lat_m40p414062_lon_p12p989578.npy,-40.414062,12.989578,165,170,winter,5,0.19051814079284668
eta_lat_m5p545479_lon_p78p989594.npy,-5.545479,78.989594,200,205,winter,5,0.12998163203398386
eta_lat_p58p499409_lon_m52p959564.npy,58.499409,-52.959564,145,150,winter,5,0.11089373628298442
eta_lat_m52p006847_lon_p84p989594.npy,-52.006847,84.989594,180,185,winter,5,0.1773353268702825
eta_lat_m61p508057_lon_m11p010422.npy,-61.508057,-11.010422,165,170,winter,5,0.07070141037305196
eta_lat_m58p574665_lon_p78p989594.npy,-58.574665,78.989594,155,160,winter,5,0.05632570882638296
eta_lat_m52p006847_lon_p126p989594.npy,-52.006847,126.989594,170,175,winter,5,0.17888096471627554
eta_lat_m21p610189_lon_m23p010422.npy,-21.610189,-23.010422,180,185,winter,5,0.08753646910190582
eta_lat_m51p994694_lon_p0p989578.npy,-51.994694,0.989578,200,205,winter,5,0.08626955995957057
eta_lat_p11p027672_lon_m137p010422.npy,11.027672,-137.010422,160,165,winter,5,0.1408300076921781
eta_lat_m36p058659_lon_m131p010422.npy,-36.058659,-131.010422,125,130,winter,5,0.08900812764962514
eta_lat_p36p058659_lon_p156p989563.npy,36.058659,156.989563,135,140,winter,5,0.1859307736158371
eta_lat_m21p610189_lon_p78p989594.npy,-21.610189,78.989594,175,180,winter,5,0.0991642897327741
eta_lat_m52p006847_lon_p30p989578.npy,-52.006847,30.989578,190,195,winter,5,0.09227633972962697
eta_lat_m68p928383_lon_m11p010422.npy,-68.928383,-11.010422,200,205,winter,5,0.3951487938563029
eta_lat_m0p009682_lon_p66p989594.npy,-0.009682,66.989594,135,140,winter,5,0.13834833602110544
eta_lat_p48p374134_lon_m161p010422.npy,48.374134,-161.010422,175,180,winter,5,0.06802031397819519
eta_lat_m64p202515_lon_p78p989594.npy,-64.202515,78.989594,125,130,winter,5,0.2117192397514979
eta_lat_m36p058659_lon_p90p989594.npy,-36.058659,90.989594,200,205,winter,5,0.05967398981253306
eta_lat_p51p994694_lon_m29p010422.npy,51.994694,-29.010422,130,135,winter,5,0.16653499007225037
eta_lat_m72p442223_lon_m113p020538.npy,-72.442223,-113.020538,150,155,winter,5,0.3934297362963359
eta_lat_m48p374134_lon_m149p010422.npy,-48.374134,-149.010422,140,145,winter,5,0.07130587597688039
eta_lat_m44p523903_lon_m47p010422.npy,-44.523903,-47.010422,200,205,winter,5,0.06892857328057289
eta_lat_p31p463802_lon_p144p989563.npy,31.463802,144.989563,180,185,winter,5,0.1111891691883405
eta_lat_m26p641497_lon_p66p989594.npy,-26.641497,66.989594,190,195,winter,5,0.06603669375181198
eta_lat_m11p027672_lon_p72p989594.npy,-11.027672,72.989594,200,205,winter,5,0.09348997225364049
eta_lat_p21p610189_lon_p132p989563.npy,21.610189,132.989563,165,170,winter,5,0.1121417706211408
eta_lat_m16p395037_lon_m101p010414.npy,-16.395037,-101.010414,125,130,winter,5,0.10621013740698497
eta_lat_m26p641497_lon_m173p010422.npy,-26.641497,-173.010422,140,145,winter,5,0.07916442056496938
eta_lat_m5p545479_lon_p90p989594.npy,-5.545479,90.989594,165,170,winter,5,0.13173207143942514
eta_lat_m58p574665_lon_m23p010422.npy,-58.574665,-23.010422,115,120,winter,5,0.15530934433142343
eta_lat_m44p523903_lon_p120p989594.npy,-44.523903,120.989594,160,165,winter,5,0.09588703016440074
eta_lat_m40p414062_lon_m89p010414.npy,-40.414062,-89.010414,195,200,winter,5,0.06699718534946442
eta_lat_m44p523903_lon_p78p989594.npy,-44.523903,78.989594,140,145,winter,5,0.1337604969739914
eta_lat_m55p389462_lon_p36p989578.npy,-55.389462,36.989578,140,145,winter,5,0.08898733307917912
eta_lat_m64p202515_lon_m161p010422.npy,-64.202515,-161.010422,195,200,winter,5,0.07354507098595302
eta_lat_m48p374134_lon_p78p989594.npy,-48.374134,78.989594,150,155,winter,5,0.15287727117538452
eta_lat_m61p508057_lon_p84p989594.npy,-61.508057,84.989594,125,130,winter,5,0.07479240993658702
eta_lat_m68p928383_lon_m47p010422.npy,-68.928383,-47.010422,150,155,winter,5,0.732983926932017
eta_lat_m52p006847_lon_m173p010422.npy,-52.006847,-173.010422,120,125,winter,5,0.0828493336836497
eta_lat_p36p058659_lon_p150p989563.npy,36.058659,150.989563,185,190,winter,5,0.22526360054810843
eta_lat_m61p508057_lon_p24p989578.npy,-61.508057,24.989578,145,150,winter,5,0.05413491030534109
eta_lat_m55p400803_lon_p72p989594.npy,-55.400803,72.989594,145,150,winter,5,0.06750250359376271
eta_lat_m5p545479_lon_m101p010414.npy,-5.545479,-101.010414,170,175,winter,5,0.1376042515039444
eta_lat_m31p463802_lon_m29p010422.npy,-31.463802,-29.010422,140,145,winter,5,0.07654053221146266
eta_lat_p40p414062_lon_m131p010422.npy,40.414062,-131.010422,160,165,winter,5,0.07977401713530223
eta_lat_p48p374134_lon_m17p010422.npy,48.374134,-17.010422,135,140,winter,5,0.08874936898549397
eta_lat_m64p202515_lon_p18p989578.npy,-64.202515,18.989578,120,125,winter,5,0.2344944973786672
eta_lat_m36p058659_lon_m173p010422.npy,-36.058659,-173.010422,115,120,winter,5,0.05988723163803419
eta_lat_m64p202515_lon_p42p989578.npy,-64.202515,42.989578,200,205,winter,5,0.06784137586752574
eta_lat_p40p414062_lon_m173p010422.npy,40.414062,-173.010422,125,130,winter,5,0.11055642118056615
eta_lat_p48p374134_lon_m23p010422.npy,48.374134,-23.010422,190,195,winter,5,0.1146368682384491
eta_lat_m51p994694_lon_m155p010422.npy,-51.994694,-155.010422,185,190,winter,5,0.09033133089542389
eta_lat_m68p928383_lon_m137p010422.npy,-68.928383,-137.010422,130,135,winter,5,0.13906856874624887
eta_lat_p48p374134_lon_m167p010422.npy,48.374134,-167.010422,175,180,winter,5,0.08973168085018794
eta_lat_p48p374134_lon_m41p010422.npy,48.374134,-41.010422,195,200,winter,5,0.12000024070342381
eta_lat_m36p058659_lon_p84p989594.npy,-36.058659,84.989594,185,190,winter,5,0.06744724015394847
eta_lat_m44p523903_lon_p24p989578.npy,-44.523903,24.989578,195,200,winter,5,0.11001707365115483
eta_lat_m61p508057_lon_p132p989563.npy,-61.508057,132.989563,125,130,winter,5,0.09171956280867259
eta_lat_m61p508057_lon_m23p010422.npy,-61.508057,-23.010422,190,195,winter,5,0.08684526632229488
eta_lat_p44p523903_lon_m161p010422.npy,44.523903,-161.010422,185,190,winter,5,0.11797470723589261
eta_lat_m55p400803_lon_p72p989594.npy,-55.400803,72.989594,125,130,winter,5,0.09024166564146678
eta_lat_m55p389462_lon_m113p010414.npy,-55.389462,-113.010414,160,165,winter,5,0.10013532638549805
eta_lat_p31p463802_lon_p156p989563.npy,31.463802,156.989563,195,200,winter,5,0.18830740948518118
eta_lat_p36p058659_lon_m137p010422.npy,36.058659,-137.010422,130,135,winter,5,0.06510396550099055
eta_lat_p36p058659_lon_m59p010422.npy,36.058659,-59.010422,155,160,winter,5,0.14405487477779388
eta_lat_m16p395037_lon_m119p010414.npy,-16.395037,-119.010414,165,170,winter,5,0.06901103506485622
eta_lat_p36p058659_lon_p174p989563.npy,36.058659,174.989563,135,140,winter,5,0.10919281591971715
eta_lat_p5p545479_lon_m107p010414.npy,5.545479,-107.010414,120,125,winter,5,0.10878068208694458
eta_lat_m58p574665_lon_p72p989594.npy,-58.574665,72.989594,145,150,winter,5,0.12096066524585088
eta_lat_m51p994694_lon_m173p010422.npy,-51.994694,-173.010422,190,195,winter,5,0.11748314648866653
eta_lat_m61p508057_lon_p126p989594.npy,-61.508057,126.989594,185,190,winter,5,0.12079174319903056
eta_lat_m72p830154_lon_m142p626068.npy,-72.830154,-142.626068,170,175,winter,5,1.053750475247701
eta_lat_m55p389462_lon_m101p010414.npy,-55.389462,-101.010414,185,190,winter,5,0.12231506158908208
eta_lat_m40p414062_lon_p96p989594.npy,-40.414062,96.989594,115,120,winter,5,0.05648782600959142
eta_lat_p31p463802_lon_m29p010422.npy,31.463802,-29.010422,145,150,winter,5,0.06278898566961288
eta_lat_m44p523903_lon_p108p989594.npy,-44.523903,108.989594,145,150,winter,5,0.09997644772132237
eta_lat_m21p610189_lon_p0p989578.npy,-21.610189,0.989578,125,130,winter,5,0.06500859186053276
eta_lat_m61p508057_lon_p18p989578.npy,-61.508057,18.989578,145,150,winter,5,0.049405988305807114
eta_lat_p48p374134_lon_m29p010422.npy,48.374134,-29.010422,120,125,winter,5,0.09615426013867061
eta_lat_m55p389462_lon_m167p010422.npy,-55.389462,-167.010422,190,195,winter,5,0.10923167318105698
eta_lat_m16p395037_lon_m29p010422.npy,-16.395037,-29.010422,185,190,winter,5,0.059768520295619965
eta_lat_m66p662788_lon_p12p989578.npy,-66.662788,12.989578,145,150,winter,5,0.17923480768998465
eta_lat_m64p202515_lon_p0p989578.npy,-64.202515,0.989578,120,125,winter,5,0.6750439802805582
eta_lat_m16p395037_lon_m89p010414.npy,-16.395037,-89.010414,115,120,winter,5,0.06057650099198023
eta_lat_m11p027672_lon_p84p989594.npy,-11.027672,84.989594,200,205,winter,5,0.10936777790387471
eta_lat_p61p082935_lon_m35p089630.npy,61.082935,-35.08963,175,180,winter,5,0.12682451804478964
eta_lat_m66p662788_lon_m101p010414.npy,-66.662788,-101.010414,190,195,winter,5,0.08812455336252849
eta_lat_m61p508057_lon_m101p010414.npy,-61.508057,-101.010414,175,180,winter,5,0.09095680962006251
eta_lat_m70p821320_lon_m118p983330.npy,-70.82132,-118.98333,135,140,winter,5,0.5298433204491934
eta_lat_m40p414062_lon_p90p989594.npy,-40.414062,90.989594,180,185,winter,5,0.09753534694512685
eta_lat_m61p508057_lon_p42p989578.npy,-61.508057,42.989578,190,195,winter,5,0.07347876578569412
eta_lat_m55p400803_lon_m23p010422.npy,-55.400803,-23.010422,160,165,winter,5,0.059857770800590515
eta_lat_p51p994694_lon_m155p010422.npy,51.994694,-155.010422,175,180,winter,5,0.09656775494416554
eta_lat_m66p662788_lon_m95p010414.npy,-66.662788,-95.010414,130,135,winter,5,0.061267094065745674
eta_lat_m71p011032_lon_m148p947784.npy,-71.011032,-148.947784,115,120,winter,5,0.43233442306518555
eta_lat_m70p818817_lon_m112p992744.npy,-70.818817,-112.992744,120,125,winter,5,0.06299303223689397
eta_lat_m52p006847_lon_m23p010422.npy,-52.006847,-23.010422,165,170,winter,5,0.08739352226257324
eta_lat_m66p662788_lon_p36p989578.npy,-66.662788,36.989578,130,135,winter,5,0.38870275020599365
eta_lat_m61p508057_lon_m95p010414.npy,-61.508057,-95.010414,195,200,winter,5,0.09999155377348264
eta_lat_m61p508057_lon_m95p010414.npy,-61.508057,-95.010414,115,120,winter,5,0.06582115218043327
eta_lat_m61p508057_lon_m137p010422.npy,-61.508057,-137.010422,120,125,winter,5,0.07796674470106761
eta_lat_m61p508057_lon_p48p989578.npy,-61.508057,48.989578,150,155,winter,5,0.0786348929007848
eta_lat_p5p545479_lon_m149p010422.npy,5.545479,-149.010422,145,150,winter,5,0.10438425590594609
eta_lat_m48p374134_lon_m29p010422.npy,-48.374134,-29.010422,170,175,winter,5,0.10485390822092693
eta_lat_m64p202515_lon_m95p010414.npy,-64.202515,-95.010414,115,120,winter,5,0.04566480964422226
eta_lat_m51p994694_lon_p30p989578.npy,-51.994694,30.989578,115,120,winter,5,0.17887272437413534
eta_lat_m68p928383_lon_m119p010414.npy,-68.928383,-119.010414,165,170,winter,5,0.044847335666418076
eta_lat_p21p610189_lon_m119p010414.npy,21.610189,-119.010414,170,175,winter,5,0.08698822557926178
eta_lat_p0p009682_lon_m107p010414.npy,0.009682,-107.010414,200,205,winter,5,0.10114383697509766
eta_lat_m44p523903_lon_p96p989594.npy,-44.523903,96.989594,145,150,winter,5,0.10043200105428696
eta_lat_m68p928383_lon_m23p010422.npy,-68.928383,-23.010422,190,195,winter,5,0.5987357099850973
eta_lat_m61p508057_lon_m137p010422.npy,-61.508057,-137.010422,130,135,winter,5,0.08324053635199864
eta_lat_m48p374134_lon_m173p010422.npy,-48.374134,-173.010422,150,155,winter,5,0.0949220930536588
eta_lat_m36p058659_lon_m173p010422.npy,-36.058659,-173.010422,180,185,winter,5,0.07046217595537503
eta_lat_m73p720367_lon_m47p316681.npy,-73.720367,-47.316681,120,125,winter,5,0.40054358045260113
eta_lat_m52p006847_lon_m113p010414.npy,-52.006847,-113.010414,190,195,winter,5,0.11359216272830963
eta_lat_m55p389462_lon_m17p010422.npy,-55.389462,-17.010422,140,145,winter,5,0.061008818447589874
eta_lat_p68p049988_lon_p6p988419.npy,68.049988,6.988419,195,200,winter,5,0.0827722077568372
eta_lat_m51p994694_lon_p114p989594.npy,-51.994694,114.989594,145,150,winter,5,0.09605094293753307
eta_lat_m61p508057_lon_m29p010422.npy,-61.508057,-29.010422,165,170,winter,5,0.06268401443958282
eta_lat_m55p400803_lon_p12p989578.npy,-55.400803,12.989578,155,160,winter,5,0.07009853546818097
eta_lat_m44p523903_lon_m167p010422.npy,-44.523903,-167.010422,165,170,winter,5,0.08368753145138423
eta_lat_m68p928383_lon_p174p989563.npy,-68.928383,174.989563,200,205,winter,5,0.4322289725144704
eta_lat_m40p414062_lon_m113p010414.npy,-40.414062,-113.010414,175,180,winter,5,0.06196632236242294
eta_lat_p48p374134_lon_m17p010422.npy,48.374134,-17.010422,145,150,winter,5,0.09285600483417511
eta_lat_p36p058659_lon_m41p010422.npy,36.058659,-41.010422,180,185,winter,5,0.09449676424264908
eta_lat_m55p389462_lon_m149p010422.npy,-55.389462,-149.010422,120,125,winter,5,0.08876121044158936
eta_lat_p51p994694_lon_m149p010422.npy,51.994694,-149.010422,130,135,winter,5,0.15349885324637094
eta_lat_p36p058659_lon_m59p010422.npy,36.058659,-59.010422,130,135,winter,5,0.18466268479824066
eta_lat_m44p523903_lon_m113p010414.npy,-44.523903,-113.010414,165,170,winter,5,0.07809787740310033
eta_lat_m5p545479_lon_m11p010422.npy,-5.545479,-11.010422,130,135,winter,5,0.08300140500068665
eta_lat_m58p574665_lon_p84p989594.npy,-58.574665,84.989594,175,180,winter,5,0.13593838115533194
eta_lat_m31p463802_lon_m119p010414.npy,-31.463802,-119.010414,145,150,winter,5,0.07117845863103867
eta_lat_m21p610189_lon_p90p989594.npy,-21.610189,90.989594,200,205,winter,5,0.07808958739042282
eta_lat_m55p389462_lon_p36p989578.npy,-55.389462,36.989578,120,125,winter,5,0.15881601721048355
eta_lat_p40p414062_lon_m143p010422.npy,40.414062,-143.010422,185,190,winter,5,0.06994333863258362
eta_lat_m71p057938_lon_m154p945801.npy,-71.057938,-154.945801,200,205,winter,5,0.19327149291833243
eta_lat_m44p523903_lon_m5p010422.npy,-44.523903,-5.010422,200,205,winter,5,0.0799746960401535
eta_lat_m55p400803_lon_p144p989563.npy,-55.400803,144.989563,170,175,winter,5,0.0637796272834142
eta_lat_m61p508057_lon_p18p989578.npy,-61.508057,18.989578,120,125,winter,5,0.1772653410832087
eta_lat_m52p006847_lon_m113p010414.npy,-52.006847,-113.010414,170,175,winter,5,0.06299358606338501
eta_lat_m61p508057_lon_p6p989578.npy,-61.508057,6.989578,155,160,winter,5,0.06374742090702057
